title,text,top_comment,subreddit,url,ups,num_comments,top_comment_ups,label
Shanks Possiblities,"If caught up to manga, keep reading:

1. What is Shanks going to do that is so far and beyond what we’ve seen so far? The way he’s hyped up by Oda the whole story, he has to do something we’ve never seen at all (same with Dragon). 

Just hard to imagine what feat it will be that shows how different Shanks is compared to the rest. Especially with what we’ve seen on Elbaf. Maybe he’s the perfect combo of Celestial Dragon / Pirate (most of his life). 

(Super excited to see full strength Shanks)

2. He had genes of CD but was trained by pirates (most likely learned things that CD don’t know, since he was with Roger). Plus, if Gaban knows secret to regeneration, then Shanks probably does too, one way or another. 

If it wasn’t for Shamrocks, I’d believe that Shanks could be an informant for the WG. But since he’s arrived, that’s not possible. Shanks and Luffy most likely a combination of great genes on both sides of the same coin. 

Shanks knowledge of the whole entire world, past or present, is insane. Then add in his lineage / hype. I am excited to see what he can do",,OnePiece,https://reddit.com/r/OnePiece/comments/1kqwkub/shanks_possiblities/,1,0,0,fake
Its been a while,"So I was a weekly reader since  punk hazard , and was very consistent in ready every chapter when it came out. But for personal reasons I stopped a while back last chapter I read was luffy in elbaf stumbling onto somebody chained up with a mask covering his face as the final panel. It looked like a giant. All I ask without spoilers should I pick it back up ? Thanks in advance ",,OnePiece,https://reddit.com/r/OnePiece/comments/1kq589m/its_been_a_while/,1,0,0,fake
Okay okay we get it,"Yes Garling is blonde and it doesn’t really make a difference to me. HOWEVER In the preview for next week’s episode, we get a teaser of Gloriosa’s color scheme while she was young and part of the Rocks Pirates… and she has the exact same hair color as Nami. Nami is secretly Kuja confirmed. Calling it now. ",,OnePiece,https://reddit.com/r/OnePiece/comments/1kq2kvs/okay_okay_we_get_it/,1,0,0,fake
Newer Episodes?,"Is anyone a little frustrated with the animes 2 most recent episodes, a flashback episode of previous content and then an episode which was basically the previous episode before the flashback? I get it, but maybe have more realistic schedules, so you don't dilute your work. I get it is part of the parcel, I just find it frustrating and have to wait for 6 months before I watch, so I can easily skip through these episodes and hope I don't run into any spoilers. ",what? the newesy episodes were peak and had no flashbacks what are you talking about?,OnePiece,https://reddit.com/r/OnePiece/comments/1kpm0un/newer_episodes/,1,0,1,fake
On episode 441 rn.sad to see their struggle and efforts after knowing the spoiler that big bro's not gonna be saved😓😓,,What???,OnePiece,https://reddit.com/r/OnePiece/comments/1kplos8/on_episode_441_rnsad_to_see_their_struggle_and/,1,0,1,fake
How does the sea prism stone work?,"Alright, so I'm at Sabaody arc, so please don't give me any spoilers.

The seaprism stone supposedly mimicks the effect that the ocean has on devil fruit users. This is shown in Alabasta and Skypeia where Luffy and Enaru were completely unable to move. However, in Enies Lobby, when Robin comes into contact with it, she's still able to move, it's just that her devil fruit powers are nullified. So how does the sea prism stone actually work?","I thought taking a bath didn't affect them because it's not seawater, it's freshwater. I mean if freshwater made them weak, then it would be kinda hard to eat and drink.",OnePiece,https://reddit.com/r/OnePiece/comments/1kpk4ja/how_does_the_sea_prism_stone_work/,1,0,1,fake
Why is Alabasta arc S tier? It was exhausting to me,"Alabasta arc is always ranked S tier among OP fans. I am on my first watch and I was really disappointed and exhausted. So why did you like it personally?

I know nobody cares about my opinion, but I need to get it out. Just know I fucking love OP, just not this arc.

It's not that it's a bad arc but, tbh, it was very meh for me. I am enjoying OP a lot for the sense of adventure and ""seize your dreams"" vibe. I really like this shonen for that and no other shonen comes close to that grand feeling of discovery.

Which is one of my first points: This was focused on a civil war and machinations. This is just not why I enjoy watching One Piece. Right now, I just finished Jaya and they are on their way to Skypiea. And oh am I enjoying this, enjoying the thrill of getting to new adventures, and new countries and new crazy things. Arlong Park had fishmen and Nami's backstory. This... hmmmm, a desert? The desert pirates were really cool and funny but for the rest?

I also hated Crocodile with a passion, not as ""it's a well written villain so i hate him rightfully"", rather that I thought everything was just going his way until it wasn't magically at the end. SPOILERS AHEAD. And somehow, beca","&gt;Which is one of my first points: This was focused on a civil war and machinations. This is just not why I enjoy watching One Piece.

That's fine. Everyone watches One Piece for different things. It's only natural that you'll dislike the arcs that don't contain the things you like.

&gt; because it's a shonen, I knew he was going to be beaten up in the end

How do you enjoy most fiction with that mindset? Most stories end with the good guys winning.

I'm also not sure how you can call any of the Straw Hats' victories one sided considering the state they were all left in at the end. You mentioned skipping most of Usopp's fight so I assume you did the same with the other fights? No wonder you didn't enjoy them when you didn't experience them.

Also on Usopp, you missed out on one of his m",OnePiece,https://reddit.com/r/OnePiece/comments/1kp1lze/why_is_alabasta_arc_s_tier_it_was_exhausting_to_me/,1,0,1,fake
Guys how much time left before we know what one piece is?,"Recently started one piece and I wanna finish it before it ends to avoid spoilers and just to be there for one of the most waited moment in anime history, so I was wondering how much time left I have so I know how fast I have to be ",2 or 3 weeks max.,OnePiece,https://reddit.com/r/OnePiece/comments/1kowr7g/guys_how_much_time_left_before_we_know_what_one/,0,5,1,fake
How did luffy pick up Blackbeard secret?,"The commons theory is that Blackbeard has multiple souls/personalities but how did luffy and zoro pick up on that?

Luffy isn’t exactly know for being the most observant person. He’s actually pretty oblivious to things and it’s a running gag in the series; so how did he pick up on whatever Blackbeard secret is?

It could be observation haki but many people in the series have that but no one else seemed to pick up on his secret?


",shocking that the person who spent the most time with Black Beard will know more about BB than Luffy who literally just met him.,OnePiece,https://reddit.com/r/OnePiece/comments/1kowqes/how_did_luffy_pick_up_blackbeard_secret/,1,0,1,fake
I got a lot of stuff spoiled and it’s really discouraging.,"I'm on Egghead, I watch the anime exclusively and only recently started reading the Manga to catch up. The reason im starting to read the manga is due to all the spoilers I was exposed to. I know about Enel on the moon, Roger finding Shanks in a chest, the holy knights in Elbaf, Scopper Gaban being introduced in Elbaf, Vegapunks broadcast, Shank's father, and I just genuinely feel like, I don't want to say ruined, but feeling really discouraged. I don't know much about any of these events other than they happened. I love this show so much and part of why I love this show is unraveling the mystery's as I go a long, and knowing these GIANT pieces of lore have really left me sad. I don't even know why I'm writing this, but I guess I just needed a place to vent. Please keep in mind I just finished the chapter with Ginny, and Kim's disovering her fate, so please no more spoilers, I'm just disappointed and needed to air this out. Thank you. ","This is why I hate manga readers, they talk as if manga is the main way people consume shows so everyone will know what they know. Like please just shut up, please (Im a manga reader)",OnePiece,https://reddit.com/r/OnePiece/comments/1kog2nf/i_got_a_lot_of_stuff_spoiled_and_its_really/,1,0,1,fake
Spoilers for chapter 1138,[deleted],,OnePiece,https://reddit.com/r/OnePiece/comments/1ko206h/spoilers_for_chapter_1138/,0,2,0,fake
Expanding my wild EOS theory for Blackbeard vs Luffy as the final fight,"There's probably spoilers here if you aren't caught up with the manga, so you have been warned.

I believe Imu also has a Mythical Zoan Human Human fruit, which is the opposite of the Nika fruit, and that this Mythical Zoan will be Blackbeard's 3rd and final fruit to reach his maximum strength. 

The God's Knights and possibly Figarland Garling will be defeated on Elbaf, and this will leave Mariegeoise heavily weakened, with Imu &amp; the Gorosei possibly still recovering from Egghead. This creates an opportunity for the Blackbeard pirates to infiltrate the Holy Land using Saturn's image that Katarina Devon can now copy. I believe the fight itself will be fairly one sided, because Blackbeard's Yami Yami no Mi should completely nullify Imu's powers and his immortality, allowing Blackbeard to kill Imu and claim his fruit. 

This will happen while Luffy &amp; co. reach Laugh Tale. Then we will get Pirate King Luffy vs King of the World Blackbeard as the final battle. 

Feel free to hate on this idea. Most people don't like it, but I'm convinced it will happen.","IDK I kinda disagree. I think Imu as a catalyst is going to make sense. I think one thing Oda has yet to reveal is Joyboy's D clan counterpart from whom Blackbeard inherited his will. I strongly suspect: 

Joyboy --&gt; --&gt; --&gt; Roger --&gt; Luffy  
??????? --&gt; --&gt; --&gt; Xebec --&gt; Blackbeard

I think there was an original D clan member that wanted to be King of the World, just like Blackbeard and Xebec. And that this person betrayed Joyboy, and was himself betrayed by Imu. IF this is correct, then once Oda fully explains this backstory, then Blackbeard defeating Imu would actually make some sense.",OnePiece,https://reddit.com/r/OnePiece/comments/1ko1igd/expanding_my_wild_eos_theory_for_blackbeard_vs/,1,0,1,fake
One piece AMV - Best day of my life - American authors - SPOILERS - YouTube channel where I post - KingAdThe5th. (I don’t know what flair to put),"https://reddit.com/link/1knrfmk/video/7zb7ipk5f21f1/player

AMV:",,OnePiece,https://reddit.com/r/OnePiece/comments/1knrfmk/one_piece_amv_best_day_of_my_life_american/,1,0,0,fake
Remember when we all thought this would be Kaido?,"Could any of these old fan arts be any close to how Imu will appear? or Imu may look something way more scarier?

  
in the second slide, it is from that video of fake One Piece film trailer, link below:","[https://www.youtube.com/watch?v=sEKzqG67bP4&amp;ab\_channel=%D8%B1%D8%B6%D8%A7%D9%83%D9%88%D8%A7%D9%84%D8%AC%D9%86%D8%A9](https://www.youtube.com/watch?v=sEKzqG67bP4&amp;ab_channel=%D8%B1%D8%B6%D8%A7%D9%83%D9%88%D8%A7%D9%84%D8%AC%D9%86%D8%A9)

  
Back in 2015, some fans thought Kaido would make his debut in a Non-Canon movie",OnePiece,https://reddit.com/r/OnePiece/comments/1knn5tt/remember_when_we_all_thought_this_would_be_kaido/,1,0,1,fake
"The secrets of Loguetown are about to be unveiled! 🏴‍☠️ Let Charithra Chandran, our Miss Wednesday, take you on a tour through this incredible set, where every corner holds a story. Can you spot all the hidden gems? 😆 🌊 Don't miss TUDUM live on May 31st, streaming only on Netflix.",,,OnePiece,https://reddit.com/r/OnePiece/comments/1knkdun/the_secrets_of_loguetown_are_about_to_be_unveiled/,1,0,0,fake
What episode does the fight from 1093 resolve?,"Spoilers if you haven't seen up to episode 1093

I have been trying to find the resoultion of the Law vs Blackbeard fight, everything I find just mentions episode 1093, but that ends with Blackbeard starting to use his powers, the fight is still ongoing. Law's crew is still fighting too. I've watched up to 1112 and still haven't seen anything showing how it ended. I saw spoilers of how it ends trying to find the episode, so I know what happens, but if someone could tell me what episode it actually happens in so I can watch I'd really appreciate it.","Ok so I'm almost there, thank you was driving me crazy.",OnePiece,https://reddit.com/r/OnePiece/comments/1kncv9g/what_episode_does_the_fight_from_1093_resolve/,1,0,1,fake
"Are u team ""Final War first"" or team ""Finding One Piece first""?","Imo Final war first makes so much more sense but I get the feeling people think it is written in stone that they find the One Piece first because idk Whitebeard said so. Which he didnt as far as my reading comprehension goes. But maybe my source isnt the best who knows. 

Why final war first?
1. Tension. The war is way more engaging when we as the reader have this goal of learning what the op is and as something to satisfiengly end the war or in other words ""turn the World upside down"".

2. People might lose interest after its reveal (not the core reader obviously) so from a money making standpoint you wanna keep this secret as long as possible. 

3. We had this panel of all the people who wanna claim it in Egghead (VPs speech) so they all fight for it, someone finds it and THEN the war starts? Doesnt really make sense in my book!

[View Poll](https://www.reddit.com/poll/1kmq655)",[deleted],OnePiece,https://reddit.com/r/OnePiece/comments/1kmq655/are_u_team_final_war_first_or_team_finding_one/,1,0,5,fake
Just had a revelation about the symbolism in the antagonists of the new world arcs,"I've mostly stayed away from spoilers and tried to figure out the series on my own. I'm watching Wano right now and just had an epiphany. Kaido's Beast pirates, Doflamingo's family, Caesar Clown. They represent and are named and themed around a deck of playing cards.

First in Punk Hazard we learn that Caesar makes deals with Kaido through a broker called *JOKER*, who is revealed to be Doffy. Then on Dressrosa we are introduced to Pica, Diamante, Trebol, and the legend Corazon, who all represent *SUITS*:
*Spades, Diamonds, Clubs, and Hearts* respectively. Some time afterwards on Wano, we are also introduced to Kaido's crew, out of which stand out *KING*, *QUEEN*, *JACK* and the experimental brain dead giants Kaido bought from Caesar, the *NUMBERS*.

",Wait until you realize how many New World arcs are based on real life historical atrocities. Fish-Man island is Rwanda. Dresrossa is Franco's Spain.,OnePiece,https://reddit.com/r/OnePiece/comments/1kmn3wz/just_had_a_revelation_about_the_symbolism_in_the/,1,0,1,fake
Crocodile scar design (Arabasta),"Im about 400 episodes in, but I started over to watch through with someone for their first time. So I don’t know if crocodile’s scar is later explained (please no spoilers). We are currently in Arabasta. We had the idea that crocodile’s scar along with his nose creates an X and Y axis. This kind of goes with his zero persona. Thought it was a nice design detail if this is was part of the scar’s influence when designing it. ","Nope, never explained, though it's probably a Hook/Peter Pan reference where his hand was lost to a crocodile

The Crocodile Seraphim also has the scar, so it might not be natural",OnePiece,https://reddit.com/r/OnePiece/comments/1klz4r2/crocodile_scar_design_arabasta/,1,0,1,fake
Garp is a fake hero?!,"BEFORE YOU READ THIS KEEP IN MIND THAT GARP TRAINED 8 DAYS SO HE CAN BEAT DON CHINJAO.


1) The real hero in godvalley was Kuma not Garp, Garp maybe fought someone in godvalley but we don't know who it is, don't forget that in garp's side there was Gaban Roger And Rayleigh which in their prime i see them as Whitebeard, Kaido, Big Mom(but we don't know yet if they were in their prime when they fought the roger pirates) i say this because the world government made it seem like he is the hero and fans got fooled just like the one piece randoms

2) Garp caught roger? The randoms of one piece think that's true, while we know its not.

3) when we talk about manga we got to see that there's alot of characters who can do the same damage garp did in bb's island(excluding the damage dealt to aokiji and shiryu), the anime made it interesting cause he's garp, when he used his haki we got to see randoms well and healthy, no one was knocked out by (possibly his conqueror’s haki) doesn't he hate pirates that much? Plus its the pirates that's lead by the one who caused ace's death, which made believe he doesn't have conquerors haki, unlike rayleigh despite the old age he still uses it and it works","1. Doesnt matter if garp raised ace or not. Point is Roger trust Garp to raise ace. That’s 100% facts.

2. You talk about facts in other comments. How did you know that the world government knows that ace is roger’s son? It was Sengoku alone who tell the whole world that Ace is roger’s son. World government and Navy is not the same. 

3. Stop trying to be too much woke.",OnePiece,https://reddit.com/r/OnePiece/comments/1kltxvf/garp_is_a_fake_hero/,1,0,1,fake
"What if Roger’s execution was faked using Devil Fruit powers? Buggy, with an awakened Bara Bara no Mi, or a former Ope Ope no Mi user, could have helped stage it.",[deleted],,OnePiece,https://reddit.com/r/OnePiece/comments/1klrfcv/what_if_rogers_execution_was_faked_using_devil/,0,1,0,fake
Gol D. Roger had the Bara Bara no Mi and faked his execution with the Government’s help: the true beginning of the revolution,[deleted],,OnePiece,https://reddit.com/r/OnePiece/comments/1klporq/gol_d_roger_had_the_bara_bara_no_mi_and_faked_his/,0,1,0,fake
My Orochimaru Headcanons 🐍👅 (manga only),"
*Despite being our first main villain and a very important character in two arcs after the time-skip, very little is known about this mysterious snake’s childhood and life prior to becoming a criminal. Here are some of my headcanons about Orochimaru because Kishimoto just won’t delve deeply into his character:*

**1. PROVED TO BE TRUE: Orochimaru is gender queer**


I can’t remember when the chunin exams concluded in Canada. 2006? If so, I was probably 13. I was aware of the **concept** of transgender, non-binary, and gender fluid people, but I never learned those specific labels until I was in my mid-to-late teens. I remember telling my friend, “I bet Orochimaru is intersex on the inside but not on the outside.” Confused? So was my friend. The label I couldn’t name was gender fluid. As Orochimaru later tells Mitsuki, it doesn’t matter if he is his mom or dad. Chōchō couldn’t tell if Orochimaru was a man or a woman. His gender identity is further explored in a filler episode. Mitsuki only refers to Orochimaru as his “parent.” If I remember correctly, he was wearing women’s shoes in a chapter of *Spiral Destiny.* So Orochimaru is either non-binary or gender fluid. I am leaning towa",,Naruto,https://reddit.com/r/Naruto/comments/1kqo8u1/my_orochimaru_headcanons_manga_only/,1,0,0,fake
Question: What is the peak strength of the Naruto continuity? I don't care about spoilers just don't make your comments more than 5 paragraphs long.,I love this scene and it looks so cool.,I said 5 paragraph is the cap feel free to drop 3 or four sentences.,Naruto,https://reddit.com/r/Naruto/comments/1kp79t8/question_what_is_the_peak_strength_of_the_naruto/,1,0,1,fake
This video is 100% accurate. Also why does this subreddit have more members than r/animation? 🫠,"Also Naruto is my least favorite of the big three but I still really like it's villains and Killer Bee's my favorite character.

And if you're wondering; I put Bleach above Naruto and One Piece above Bleach based purely on personal enjoyment. (Also I've never watched any of these series I exclusively read all of them) ",,Naruto,https://reddit.com/r/Naruto/comments/1kordyd/this_video_is_100_accurate_also_why_does_this/,1,0,0,fake
What kind of ideas do you think Kishimoto had but couldn't implement in the anime?,"Kishimoto said that he had to left out a lot of cool ideias out of the manga because he didn't had the time to implement them. I will mention some of the ideias I heard he had

I heard that some of these ideias were: 

Naruto was meant to have scrolls as his weapons. It's likely that he would have learned about the Uzumaki's sealing techniques, maybe even learn how to control chains like Kushina? I think he was also meant to have more Taijutsu techniques

Sakura was supposed to be the Genjutsu user of the team in the beggining, and she was also meant to have axes as her weapons. 

I remember hearing someone say that Sasuke was meant to learn more about the secrets of the Uchihas before he left the village. You see how he is using a flute in the image? I think Kishimoto also wanted to give a flute to him

Plus, the team seven was meant to go in more missions after the Zabuza arc, to develop more their characters and do other stuff. But Kishimoto had to jump straight into the Chuunin exams arc

Do you guys think he had anything else planned? ",Those were his ideas from even before the pilot.,Naruto,https://reddit.com/r/Naruto/comments/1kobewj/what_kind_of_ideas_do_you_think_kishimoto_had_but/,41,41,1,fake
Does Yodo know that Araya loves her?,"When we read Araya's flashback about Yodo, we see that Yodo doesn't have her headphones on. She's a good listener. We've known since NNG that her hearing is so acute that she can listen to heartbeats and reflexes. Wouldn't she have been listening in on Araya and Shinki's conversation?

She knows that Araya secretly loves her, and maybe even what Shinki thinks.","i don't think he's surviving the next chapter tbh, not with jura's arrival",Naruto,https://reddit.com/r/Naruto/comments/1knsvbb/does_yodo_know_that_araya_loves_her/,1,0,1,fake
Ever thought How Normal Day for Hinata as Mother must Be like?,"That is my Question and Mother's Day related Post 

I think she doing the usual Wife/Mom thing while occasionally showing that she still got It or something like that probably going on mini Adventure stuff like that you know 

Then she prepare the house for when the rest come in you know because even normal everyday life can be an adventure if done Right just look at well almost anything really 

Please put Spoiler Bars on any Manga Spoilers 

But that's me what do you think a Normal Day for Hinata as Mother? ","Those clowns from Studio Pierrot will not ever ever give us one episode of slice of life such as how Hinata and Himawari are doing during normal days, the clowns are only interested in Boruto and Kawaki ONLY.",Boruto,https://reddit.com/r/Boruto/comments/1kh2ir8/ever_thought_how_normal_day_for_hinata_as_mother/,1,0,1,fake
Question concerning Ichigo's Hollow and Quincy powers (Manga Spoilers),"In Chapter 680, Yhwach absorbs Ichigo's Quincy powers, and the Hollow powers along with them. Yhwach then goes down to Soul Society, leaving Ichigo and the others. Ichigo never uses his Quincy or Hollow powers again after this point, even after Tsukishima uses his Book Of The End, and makes it so his Bankai was never broken.

The reason I come her to inquire about this plot point is that, from much of the discussion I've seen, most people seem to speak about Ichigo as if he still has these abilities? Is it stated somewhere that he got them back after Yhwach's defeat? I suppose it's possible he got them back when Tsukishima altered the past, but if so, it's never stated. Or is this just a fandom thing?

We know that Ichigo keeps his Soul Reaper powers, due to both the 10 year timeskip and No Breaths From Hell. And we also know his Soul Reaper and Hollow powers are intrinsically linked. Am I overthinking this? Definitely, but it bothers me, so I figured I'd ask here, see if anyone had any clue as to the answer for my confusion.","It is implied in the novel that he still has it.

Kubo mention in Klub Outside that Ichigo could freely change his sword from single to dual sword at will.

And there are tons of instances of people losing their power only to get it back later.

So, we were never shown. But, he should still have those 2.",Bleach,https://reddit.com/r/bleach/comments/1ki1ykx/question_concerning_ichigos_hollow_and_quincy/,1,1,1,fake
Her turn felt really sudden ( Spoilers),"I started watching the Thousand Year Blood Arc with my sister and we both agreed that Unohana's turn felt very quick?? I do remember that there was some subtle foreshadowing in the original series, with people feeling wary when she was around, but I don't think it was enough build up.

I understand why her sacrifice made sense, but I just wished she had more screentime as Kenpachi Unohana. She was so cool and her Bankai was AWESOME!!.","Welcome to the Bleach Subreddit! We're as excited as you at the release of the Thousand Year Blood War anime! We understand that some of you are unable to view the anime in your region, but please don't post links to or mention piracy websites. Doing so will result in a ban. 

Also, please be courteous to those who haven't read the manga and mark all spoilers. 


*I am a bot, and this action was performed automatically. Please [contact the moderators of this subreddit](/message/compose/?to=/r/bleach) if you have any questions or concerns.*",Bleach,https://reddit.com/r/bleach/comments/1khni1i/her_turn_felt_really_sudden_spoilers/,1,1,1,fake
I think I've realized that part of why I don't really care much for Yhwach as a villain compared to Aizen is because there's not much of a dynamic between him and the cast like there was for Aizen.,"I've been mulling it over and while i don't think yhwach is necessarily bad, I just feel like there's a lot missing from him. Charm is definitely one of those factors as I feel like Aizen had more of that going for him but looking back at it, Aizen just had a lot more interactions with characters. TYBW was about 200 chapters and the only more interactions Yhwach really has with anyone is Yamamoto at his death, a little bit with Ichibei and then Ichigo every now and then. Outside of them he never really has any in depth conversations with anyone, even Jugram. 

But looking at Aizen with the espada and especially during fake karakura town there's the dynamic between him and the other captains/vizards because he betrayed them. He had an entire speech about trust to Shinji in fake Karakura town, a lot of the captains air out their beef with him during their fights, there's the more personal situation between Momo and Hitsugaya, Aizen's speech about how god are born to Ichigo, his and Urahara's dynamic even admitting that Urahara is smarter than himself and then later on ranting about how much he hates Urahara for protecting the status quo of the world. Then we have the turn back the pe","Definitely not the center of attraction (you know, like the face that you see on every magazine).",Bleach,https://reddit.com/r/bleach/comments/1kha8ec/i_think_ive_realized_that_part_of_why_i_dont/,1,1,1,fake
Just bought the Shibuya Blu Ray and it's more than peak. (spoilers for shibuya ending),"I was waiting a while for the Blu-ray to release in America with the dub as it's my preferred method of viewing and I never saw any of the spoilers (cause why would you watch it on youtube?) and I kind of thought it was going to be lackluster but it blew my expectations out of the park.  

The changes little changes, although seemingly small make huge differences. IE more glow or just better detail, not only that but all the scenes that move too fast to understand can all be seen in nearly perfect clarity, it really shows when looking at highly detailed scenes, like when Yuji gets punched by Mahito as he is summoning that wall and flying all around it, and especially with impact panels, I found the projection sorcerers death to be far higher quality than the original. 

I loved how they changed up some of the audio to make it sound better all around, especially the intro. And of course there is the undimming and reanimations, I never thought the dimming was that big a deal but it really does hide alot, the colors are absolutely all over the place in those scenes and it shows why it's being dimmed to prevent seizures.

  
The Toji vs Dagon fight reanimated was absolutely beautiful t",Haven’t seen Fate but I think the biggest plus JJK has over Demon Slayer is the choreography. Theres specific sequences I can remember from fights like Mahito vs Yuji or Yuji/Todo vs Hanami that Demon Slayer doesn’t really have. That along with the animation makes the fights more entertaining.,JujutsuKaisen,https://reddit.com/r/JuJutsuKaisen/comments/1km7zuu/just_bought_the_shibuya_blu_ray_and_its_more_than/,1,1,1,fake
Anime Questions Thread,"# Anime Questions Thread

**All manga spoiler questions should be redirected to the MANGA Questions Thread crossposted from** r/Jujutsushi **each week.** ***This thread is anime-only.*** **Manga spoilers will be removed.**

## FAQs

# What chapter should I start reading the manga at?

&gt;The anime leaves off at Chapter 63, or the start of Volume 8.

# Where can I read JJK?

&gt;If buying physical copies isn't an option...  
&gt;  
&gt;Officially: [**Shueisha**](https://mangaplus.shueisha.co.jp/titles/100034) \- Only the first three chapters and the most recent 3 chapters are available. New chapters are released every Sunday at around 10 PM MST (UTC-7). [**Viz Media**](https://www.viz.com/shonenjump/chapters/jujutsu-kaisen?locale=en) \- Only the first three and most recent 3 chapters are available for free, but for $2 a month, you can read the entire series (and every series on their site), including Volume 0, Jujutsu Kaisen's Prequel. New chapters are also released on the same day and time as on the Shueisha site.  
&gt;  
&gt;Unofficially, Google ""read Jujutsu Kaisen free"" and make sure you have an adblocker installed.

# What is the movie about?

&gt;It covers Volume 0, a one-sh",,JujutsuKaisen,https://reddit.com/r/JuJutsuKaisen/comments/1khlh1r/anime_questions_thread/,1,0,0,fake
"Top 20 best fights(both anime and manga, if a fight is changed in the anime and I better than a manga fight that wouldn’t be on the laust otherwise, it takes the ranking) ranked in my opinion. *Manga Spoilers*","Honorable Mentions: Maki vs Curse Naoya, Yuji vs Higuruma, Sukuna vs Yorozu, Geto vs Toji, Jogo vs Gojo, Mahito vs Mechamaru, and most Shinjuku Showdown fights(I didn’t want them taking too much space, especially since some overlap and are pretty short)

My reasoning for the top 5 is: 

1) Takaba vs Kenjaku. Probably the most inventive fight in the series. We get to see Takaba’s abilities is full effect and someone who looks like a gag character gets to affect the story. The win condition for this fight is much different than most other fights, where it isn’t just “kill the other person” and you can’t brute force it. Takaba also refuses to kill humans, which makes it interesting, especially considering Yuta has to finish the job instead. Takaba proved himself as the strongest and despite how op he is, there is genuine stakes since he gets his confidence shaken and is horrified upon seeing a dead body, but he picks himself back up and though he doesn’t beat Kenjaku, they are both satisfied.

2) Hakari vs Kashimo was among fighters between 2 absolutely insane fighters who we’ve only seen glimpses of their abilities so far and were just introduced, but hyped up, and boy did they live ","I can’t wait to see how they adapt Kenny vs Takaba, this fight has a crazy amount of potential. They can give us a really memorable experience in term of animation.",JujutsuKaisen,https://reddit.com/r/JuJutsuKaisen/comments/1kfz5t4/top_20_best_fightsboth_anime_and_manga_if_a_fight/,1,1,1,fake
"No spoilers please, but is it true there's o ly one more season until the final season?",[deleted],"Please be careful with spoilers. Want to talk about the game? Join our discord: https://discord.gg/Pg82WKdEUe 

*I am a bot, and this action was performed automatically. Please [contact the moderators of this subreddit](/message/compose/?to=/r/DemonSlayer) if you have any questions or concerns.*",DemonSlayer,https://reddit.com/r/DemonSlayer/comments/vm4l94/no_spoilers_please_but_is_it_true_theres_o_ly_one/,1,3,1,fake
Question for demon slayer manga ending (SPOILERS),"Did the hashira really get reincarnated? Where they descendants or is it just an AU? because i feel like the hashiras being reincarnated takes away from their deaths, so someone please explain to me what it is xD",They are reincarnations in their descendants So as to make them live a life they deserved or desired ...,DemonSlayer,https://reddit.com/r/DemonSlayer/comments/vlcb3u/question_for_demon_slayer_manga_ending_spoilers/,8,9,2,fake
[Spoiler]So if the sub-breathing techniques come from the main techniques,"(Sub technique as in beast mist and love)What main elements do you think or know make up the sub techniques?I’m curious what everyone thinks. Specifically What breathing styles make Love breathing? 

I think fire for the burning passion of love and then wind for the adaptability and flexibility. I could be wrong and I know we only seen one user but I’m curious for other POV’s and theories.","Sub breathings don't come from mixing two main ones, but rather from branching out from a particular, pre-existing breathing.

Love Breathing is derived from Flame Breathing.

Beast and Mist are derived from Wind.

Flower and Serpent are derived from Water.

Insect is derived from Flower.

Sound is derived from Thunder.

And of course, Water, Stone, Thunder, Wind, Moon and Flame are all derived from Sun Breathing.",DemonSlayer,https://reddit.com/r/DemonSlayer/comments/vh1gnw/spoilerso_if_the_subbreathing_techniques_come/,9,3,8,fake
Muzan Manga Coloring (Demon Slayer Manga spoilers!),,"Please be careful with spoilers. Want to talk about the game? Join our discord: https://discord.gg/Pg82WKdEUe 

*I am a bot, and this action was performed automatically. Please [contact the moderators of this subreddit](/message/compose/?to=/r/DemonSlayer) if you have any questions or concerns.*",DemonSlayer,https://reddit.com/r/DemonSlayer/comments/vev27n/muzan_manga_coloring_demon_slayer_manga_spoilers/,59,5,1,fake
"My first manga coloring after taking months off of doing so, I’m a bit rusty (Manga Mitsuri, not really a spoiler as there is no story wise content)",,"Please be careful with spoilers. Want to talk about the game? Join our discord: https://discord.gg/Pg82WKdEUe 

*I am a bot, and this action was performed automatically. Please [contact the moderators of this subreddit](/message/compose/?to=/r/DemonSlayer) if you have any questions or concerns.*",DemonSlayer,https://reddit.com/r/DemonSlayer/comments/vc7qug/my_first_manga_coloring_after_taking_months_off/,5,2,1,fake
Hemp derives from Cannabis so...it was inevitable [Spoiler for S2],,smoking that daki pack,DemonSlayer,https://reddit.com/r/DemonSlayer/comments/vbudtm/hemp_derives_from_cannabis_soit_was_inevitable/,73,5,6,fake
Minor spoiler | Its fun :),,Hell yeah,DemonSlayer,https://reddit.com/r/DemonSlayer/comments/vbsce9/minor_spoiler_its_fun/,18,2,1,fake
Manga spoiler,How is Muichiro a descendant of kokushibo?,"Michikatsu had a wife and child that he abandoned when he joined demon slayer corps. 

Muichiro would be a descendant of the child he left behind",DemonSlayer,https://reddit.com/r/DemonSlayer/comments/vbrijg/manga_spoiler/,15,2,11,fake
(Kinda spoilers… I guess)?,"I think Genya’s double barrel is really weird, especially in this time period and with the certain weapons they use it just feels different than using a sword. It also feels weird because it’s not something you can channel your strength into like a sword.","Well it’s not that weird for the time period, it could be flintlock or muzzle load type. 

Also….&gt;!Lower Rank 2 is a literal Gun Demon with a sniper rifle, machine guns, and explosive ammo. Could be his Blood Demon Art but it’s more out of time period than Genya’s double barrel IMO!&lt;",DemonSlayer,https://reddit.com/r/DemonSlayer/comments/v6un51/kinda_spoilers_i_guess/,40,22,12,fake
(MAJOR SPOILERS) I’ve comprised a list of those who survived by the end of the manga.,"- clears throat-

Yushirio
Kiriya 

The end.",The literal ending,DemonSlayer,https://reddit.com/r/DemonSlayer/comments/v559cu/major_spoilers_ive_comprised_a_list_of_those_who/,14,9,3,fake
Tengen Uzai’s Brother?,I’m an anime only and just finished the entertainment district arc and was wondering if Uzai’s brother makes an appearance in the manga. Mild spoilers are okay and if they say his name could you comment it. Thanks!,"No he doesn’t show up at all

And I’m pretty sure they don’t say his name.Also they don’t got that much reason to say his name.",DemonSlayer,https://reddit.com/r/DemonSlayer/comments/v3otp1/tengen_uzais_brother/,18,17,10,fake
fun fact - demon slayer:mugen train is a MASTERPIECE,"I have a high expectations for season 2, is it that good? (No spoilers plz)",Yeah we got free donuts,DemonSlayer,https://reddit.com/r/DemonSlayer/comments/v2w4jo/fun_fact_demon_slayermugen_train_is_a_masterpiece/,8,5,2,fake
(Spoiler Alert!⚠️)What are your Thoughts on the KNY ending?,[removed],,DemonSlayer,https://reddit.com/r/DemonSlayer/comments/uzieej/spoiler_alertwhat_are_your_thoughts_on_the_kny/,1,0,0,fake
"Major Spoiler warning! Ending of manga, sometthing is forgotten.","I can't belive that Koyoharu Gotouge forgot to write Giyu's sister at the end of the manga when they are all reincarnated together.
Makomo and Sabito are with Giyu, but his sister is not. Her story is why and how Giyu become hashira at the first place.
Everyone else is together with their familis.",Is there a possibility that her bloodline just ended at some point and there wasn’t a continuance with it?,DemonSlayer,https://reddit.com/r/DemonSlayer/comments/uyh0is/major_spoiler_warning_ending_of_manga_sometthing/,44,14,8,fake
This was a really good review by this guy. He went over Demon Slayer Season 2 in good detail but not so much that it was spoilers. Definitely recommend checking out!,,,DemonSlayer,https://reddit.com/r/DemonSlayer/comments/uw083y/this_was_a_really_good_review_by_this_guy_he_went/,1,0,0,fake
About the Akaza vs Rengoku fight theme (MANGA SPOILERS)…,"Do you think they’ll re-use the Rengoku vs Akaza theme when Tanjiro and Giyu fights against him, or at least some sort of remixed track? UFO must be aware that we all thought the song was fire 🔥🔥 as f*ck, and I would think it would be so hype to see Tanjiro and Giyu fight Akaza to a remixed version of the song, at least. What are your thoughts?",There will probably be some visuals sprinkled in to parallel the fight more than the manga did.,DemonSlayer,https://reddit.com/r/DemonSlayer/comments/uvf3e8/about_the_akaza_vs_rengoku_fight_theme_manga/,51,4,12,fake
[SPOILER TALK] How do you feel about the Ending of Demon Slayer?,[removed],"Please be careful with spoilers. Want to talk about the game? Join our discord: https://discord.gg/Pg82WKdEUe 

*I am a bot, and this action was performed automatically. Please [contact the moderators of this subreddit](/message/compose/?to=/r/DemonSlayer) if you have any questions or concerns.*",DemonSlayer,https://reddit.com/r/DemonSlayer/comments/uqxbie/spoiler_talk_how_do_you_feel_about_the_ending_of/,1,1,1,fake
How does one become an Upper Rank Demon?,"At the end of season 1 in Infinity Castle, you can see how Muzan is extremely picky and the Lower Ranks has to prove him enough in order to become an Upper Class demon.

Yet in the battle, Akaza and Gyutaro offered Rengoku, Tengen and Tanjiro to become one. Also, that 4th Upper Six from Gyutaro's backstory offered a random dying man and his sister to become one when they knew nothing about Demons.

What they did was completely the opposite of how Muzan recruits them so i'm confused.

No manga spoilers, please. Thanks.","They were offered to become demons, and with their great potential, they would probably become upper moons in no time. I don’t recall neither Akaza, Gyutaro, nor that Upper Moon you mentioned (no spoilers) offering them to become upper moons, just demons.",DemonSlayer,https://reddit.com/r/DemonSlayer/comments/uoo9qr/how_does_one_become_an_upper_rank_demon/,5,8,6,fake
SPOILER FOR MANGA,[removed],,DemonSlayer,https://reddit.com/r/DemonSlayer/comments/uohw51/spoiler_for_manga/,1,0,0,fake
Spoilers!!!,,"Please be careful with spoilers. Want to talk about the game? Join our discord: https://discord.gg/Pg82WKdEUe 

*I am a bot, and this action was performed automatically. Please [contact the moderators of this subreddit](/message/compose/?to=/r/DemonSlayer) if you have any questions or concerns.*",DemonSlayer,https://reddit.com/r/DemonSlayer/comments/unime0/spoilers/,1,1,1,fake
Headcanon,"People, I have a headcanon that many may like.

Spoiler, dont read if you didn't finish the manga yet.





















Now, the headcanon is Imagine at the end, after the last hashiras meeting, a week or two later, Tanjiro invites the other ex demon slayers for something like a family meal, and to repeat that from time to time as a way not to forget what they lived together, now being a big family.

Just imagine Sanemi and Giyuu laughing at some joke Nezuko told, while Tanjiro, Kanae, Inosuke and Zenitsu are serving the table and food. All smiling, happy because everything bad has stopped. 

When I thought this, it warmed my heart in an incredible way, and I thought it was good to share it with you guys.

And thats it. I hope you'll stick with that cheerful image in your head for a while :)","I'm pretty sure something like this has happened? After all they show a framed picture with all survivors of the battle with Muzan, laughing and smiling.",DemonSlayer,https://reddit.com/r/DemonSlayer/comments/uligrz/headcanon/,8,6,4,fake
Spoiler warning for the invincible comic,,,ChainsawMan,https://reddit.com/r/ChainsawMan/comments/1kidits/spoiler_warning_for_the_invincible_comic/,1,0,0,fake
"[spoilers, chapter 202] Chapter breakdown/transcript for the visually impaired","Have you ever had trouble processing or interpreting the manga's art in some way, shape, or form? Apparently, it's not that uncommon in the community, as I've seen quite a few people express this, and hopefully I can alleviate that to some extent with posts like this going forward. These posts aren't intended as a replacement for the chapters; rather, they're intended as a page-by-page point of reference and a log of details that you can hopefully reference as you read or reread the manga. Without further ado:

p1-4: As Denji and Yoru stare each other down, the fake Chainsaw Man observes them. Taunting him, Yoru asks if Denji is mad, but he remains silent; receiving no response, Yoru antagonizes Denji, asking if he wants to ""come at her"". Rage building in him, Denji clenches his fist and revs his motor, spinning his chainsaws. Responding to his hostility, Yoru lifts her hand and points her finger at Denji, before swinging her hand to point at the fake Chainsaw Man, surprising Denji. As Yoru fires, the fake leaps out of the way, causing Yoru's shot to hit the ground where he was previously standing, shattering it and sending up debris. As a large chunk of debris flies toward him, th",beast mode,ChainsawMan,https://reddit.com/r/ChainsawMan/comments/1kh8mw5/spoilers_chapter_202_chapter_breakdowntranscript/,1,0,1,fake
It's ironic that the Fakesaw Man has More heroic Issues than the Chainsawman Itself.,,,ChainsawMan,https://reddit.com/r/ChainsawMan/comments/1kh101w/its_ironic_that_the_fakesaw_man_has_more_heroic/,1,0,0,fake
It's ironic that the Fakesaw Man has more heroic issues than the Chainsaw Man Itself.,,,ChainsawMan,https://reddit.com/r/ChainsawMan/comments/1kh0xzr/its_ironic_that_the_fakesaw_man_has_more_heroic/,1,0,0,fake
Why Weapon Humans (or Hybrids) still exist after being erased,"The term 'Hybrid"" is not official, but a creation of the community. These beings have no name, but the title of chapter 87 labels them as ""Weapon Humans"". Personally, I think they should be called ""Tool Humans"", since chainsaws and whips are not weapons, but I'll refer to them as Hybrids for better understanding.

Makima said their name, meaning their concept, was erased, but Hybrids still remain. Many had interpreted this as there being a Hybrid Devil that was erased by Chainsawman, yet no one has given a convincing reason for Hybrids to exist.

Bomb, chainsaw, crossbow, flamethrower, katana, spear, sword and whip; there's something all of them have in common: all of those concepts are handled by a human. By themselves, they're not fearsome, is when a person uses them that it may provoke fear. For example, a sword laying on the ground scares no one, but when someone grabs it with the intention to kill, it evokes a fearful reaction. Now do the same with fire; the flames are still scary even without someone controlling them.

My personal theory is that Hybrids still exist because being able to fuse with a human is an intrinsic characteristic of certain devils; those who's concepts m","Hold up, how do we know Pochita can partially erase devils? What part of Yoru is partially erased?",ChainsawMan,https://reddit.com/r/ChainsawMan/comments/1kgt2fl/why_weapon_humans_or_hybrids_still_exist_after/,516,52,1,fake
I'm very confident after chapter 202 that Fake Chainsawman is a fusion (maybe a hybrid?) between someone and the Fire Devil,"Not only do the Fake Chainsawmen serve him, he can take away their transformation and fuse with them. Fake Chainsawman said he had the Justice Devil inside of him, but we know the real Justice Devil died, and the contracts of the Church's members were actually made with the Fire Devil, who turned them into what they desired more; Chainsawman.

My theory is that Fake Chainsawman is one of the first to be turned into a zombie Chainsawman, but his willpower was too much for the Fire Devil's power by that time, since that power grows the more contracts it makes, and he was able to retain his consciousness. Fake Chainsawman went on his own, killing devils and fighting againts the prophecy, until eventually he ended up fusing with the Justice Devil; actually Fire Devil. Probably because of Death herself ordering Fire to do so after it accomplished its original role for the Church, so she could have a new and stronger pawn.

That would explain why he had a different appearance the first couple of times he showed up, he wasn't merged with the Fire Devil yet. The only thing missing is the identity of the human behind Fake Chainsawman.","I mean, Fami could have lied about that too.",ChainsawMan,https://reddit.com/r/ChainsawMan/comments/1kgggcr/im_very_confident_after_chapter_202_that_fake/,719,51,1,fake
I'm very confident after chapter 202 that Fake Chainsawman is a fusion (maybe a hybrid?) between someone and the Fire Devil,[removed],,ChainsawMan,https://reddit.com/r/ChainsawMan/comments/1kg88j9/im_very_confident_after_chapter_202_that_fake/,1,0,0,fake
"What is your absolute favourite quote from the manga, anime, or even the spinoffs? (Spoof on titan, Junior High, School castes, Fake Previews, etc...)","mine is ""He's already great because he was born into this world"" By Carla in Chapter Bystander, shit was PERFECTLY delivered imo","# Make sure to flair posts correctly.

## REMEMBER TO BE CIVIL.

### [Also check out the Megathread](https://www.reddit.com/r/attackontitan/comments/1i8hei4/ultimate_guide_to_aot_faqs_analysis_and_discourse/)


*I am a bot, and this action was performed automatically. Please [contact the moderators of this subreddit](/message/compose/?to=/r/attackontitan) if you have any questions or concerns.*",AttackOnTitan,https://reddit.com/r/attackontitan/comments/1kicz9l/what_is_your_absolute_favourite_quote_from_the/,1,1,1,fake
I used AOT for one of my AP Lit prompts on the exam,"For the FRQ part, the 3rd exam gave us the option to write about any works of fiction. 

The prompt was something along the lines of “highlight a moment in which a secret has caused tension and altered a relationship and how that leads to the interpretation of the story as a whole”.

I talked about the scene with Reiner and Eren when he confessed and talked about like the contrasting emotions of guilt/duty and how that led to the entire plot line changing and the antagonist shifting entirely. All my other friends wrote about Hamlet and actual literature while I picked anime LOL","# Make sure to flair posts correctly.

## REMEMBER TO BE CIVIL.

### [Also check out the Megathread](https://www.reddit.com/r/attackontitan/comments/1i8hei4/ultimate_guide_to_aot_faqs_analysis_and_discourse/)


*I am a bot, and this action was performed automatically. Please [contact the moderators of this subreddit](/message/compose/?to=/r/attackontitan) if you have any questions or concerns.*",AttackOnTitan,https://reddit.com/r/attackontitan/comments/1kh5e5e/i_used_aot_for_one_of_my_ap_lit_prompts_on_the/,1,1,1,fake
Beyond the Walls Tour,"Everyone, the Attack on Titan official concert is simply legendary. No spoilers here, just a post to gush over how brilliant the music and concert was. Just caught the Boston show, left in tears.","I somehow missed this, found out it was coming to Boston last night, whomp whomp 🤦‍♂️",AttackOnTitan,https://reddit.com/r/attackontitan/comments/1kh2x6a/beyond_the_walls_tour/,1,1,1,fake
Historia is what happens when your character arc peaks halfway through the show and the rest is just maternity leave and staring out windows,"my dudes and dudettes. she had one of the strongest emotional arcs early on:
	•	secret royal lineage
	•	fake identity
	•	childhood trauma
	•	complicated Ymir thingie
	•	slaps a priest
	•	declares herself queen with ✨ conviction ✨

and then what? immediate narrative coma.
girl went from “I’ll punch god in the face to save my peopl” to “I am very pregnant and very quiet”,zero steps in between.

and don’t even get started on the pregnancy subplot.
“Who’s the father?”
No one knows.
No one cares. maybe just me
But definitely not even the mangaka. It’s literally a plot fog machine.


meanwhile the world is ending, Eren’s building a titan death parade, and Historia’s biggest move is… milking cows.

she gets crowned queen, given full political power, and never uses it. at all. ever. her final arc contribution is just being symbolically there while people argue about ethics.

she had enough screen time to overthrow a government. instead she got sidelined like the author forgot she was on the character list.","Becoming queen was her arc, now that it was done there wasen't a need to continue anything",AttackOnTitan,https://reddit.com/r/attackontitan/comments/1kgtk8b/historia_is_what_happens_when_your_character_arc/,1,1,1,fake
I am SO confused with Season 2 (Please no Spoilers),[removed],"# Make sure to flair posts correctly.

## REMEMBER TO BE CIVIL.

### [Also check out the Megathread](https://www.reddit.com/r/attackontitan/comments/1i8hei4/ultimate_guide_to_aot_faqs_analysis_and_discourse/)


*I am a bot, and this action was performed automatically. Please [contact the moderators of this subreddit](/message/compose/?to=/r/attackontitan) if you have any questions or concerns.*",AttackOnTitan,https://reddit.com/r/attackontitan/comments/1kgsq9j/i_am_so_confused_with_season_2_please_no_spoilers/,1,1,1,fake
Episode 81 (SPOILERS for anytbing before this episode),"Okay, so I'm at episode 81, Founding titan is out and I'm currently watching as pure Titans created by the beast are eating people and I'm confused. No one tell me why that is, but from my best guesses. I really thought when he said he would kill the world to save the island that he wanted to protect his friends so he didn't have to see anyone hurt. So nothing like what happened to his mom happened to anyone else he cared about. This is getting so good but so confusing.","# Make sure to flair posts correctly.

## REMEMBER TO BE CIVIL.

### [Also check out the Megathread](https://www.reddit.com/r/attackontitan/comments/1i8hei4/ultimate_guide_to_aot_faqs_analysis_and_discourse/)


*I am a bot, and this action was performed automatically. Please [contact the moderators of this subreddit](/message/compose/?to=/r/attackontitan) if you have any questions or concerns.*",AttackOnTitan,https://reddit.com/r/attackontitan/comments/1kgoad3/episode_81_spoilers_for_anytbing_before_this/,1,1,1,fake
Just a small little thing that came into my head (SPOILERS FOR SEASON 3/4),What do you think would happen if a shifter with royal blood ate all the 9?,"Either dies, nothing, Rumbling, ymir reincarnated or ymir being liberated",AttackOnTitan,https://reddit.com/r/attackontitan/comments/1kfuz44/just_a_small_little_thing_that_came_into_my_head/,1,1,1,fake
Spoilers scroll off.... Why didn't Eren use the founding Titans powers as a deterrent while making Diplomatic alliance with the other nations?,[deleted],"This was very, very clearly answered and not even a complaint ending haters have. Maintaining the founding titan would've required a constant sacrifice of royals by the beast and commoners by the founding itself. Historia was willing to accept that - as she would've died too - but Eren wasn't. He wanted to eradicate every last titan, as he himself stated since the beginning of the series (he knew that the power of the titans would end with his death and the rumbling).

More than this, Paradis would've never been truly safe. Their ONLY ally was Hizuru, who aimed to exploit them for the iceburst stone anyway. The rest of the world pinned hatred on Paradis, regardless of whether they liked Marley or not (and they would've had a double motive for the natural resources, just like Marley). Marle",AttackOnTitan,https://reddit.com/r/attackontitan/comments/1kfqj6w/spoilers_scroll_off_why_didnt_eren_use_the/,0,3,1,fake
Question About the timelines (spoilers kinda),[removed],"# Make sure to flair posts correctly.

## REMEMBER TO BE CIVIL.

### [Also check out the Megathread](https://www.reddit.com/r/attackontitan/comments/1i8hei4/ultimate_guide_to_aot_faqs_analysis_and_discourse/)


*I am a bot, and this action was performed automatically. Please [contact the moderators of this subreddit](/message/compose/?to=/r/attackontitan) if you have any questions or concerns.*",AttackOnTitan,https://reddit.com/r/attackontitan/comments/1kfoovv/question_about_the_timelines_spoilers_kinda/,1,1,1,fake
question about ep 79 (on your feet dad) or something [Season 4 Spoiler],"1. why could eren talk 2 his dad  
 2. did he just change the past?  
 3. how could he do all that",We do know he did it to grishas and Eren Kruger. Lil eren was relentless,AttackOnTitan,https://reddit.com/r/attackontitan/comments/1kex40h/question_about_ep_79_on_your_feet_dad_or/,1,1,2,fake
JUST FOUND OUT ABOUT THIS.,"https://preview.redd.it/c2j9v2gx4nye1.png?width=1896&amp;format=png&amp;auto=webp&amp;s=53949c86990999043eddb62a42c7c6f08b27f7b7

Is it a movie exclusive? or when was this released? I love it.  
","I try, all those tabs are important,  I SWEAR.",AttackOnTitan,https://reddit.com/r/attackontitan/comments/1ke4kji/just_found_out_about_this/,1,1,1,fake
"Not really ending spoiler, it''s something in the start.",Why did Eren not roll the boulder to the wall in titan form? ,"I wouldn't have worried about that tbh. In the grand scheme of things, you're destroying a couple dozen houses to save an entire city.",AttackOnTitan,https://reddit.com/r/attackontitan/comments/1kdxoeg/not_really_ending_spoiler_its_something_in_the/,1,1,1,fake
Freedom,"Okay so, I have a question.
Some time ago, on tiktok, I saw one of those slides that said ""what characters I think best represent ____"" and it's like a virtue/attribute like heroism, kindness, etc... and it's like 4 anime/show characters. Hope you know what I mean ToT

One slide said ""Freedom"" and Eren was there. I got to thinking. Eren obviously didn't achieve freedom, he was blindly following this idolization he had of it. But in the end his destiny was set in stone, his wings were clipped before he even learnt he had them. He was always meant to start The Rumbling and die. And that's what I commented on the video. The author kept insisting Eren was a good representation of freedom and I just let it go to not turn it into an argument.

But what do you think? Is Eren a good representation of freedom, or is it just a shared delusion?

(Put spoiler warning just in case someone didn't finish aot or reach that part yet)","# Make sure to flair posts correctly.

## REMEMBER TO BE CIVIL.

### [Also check out the Megathread](https://www.reddit.com/r/attackontitan/comments/1i8hei4/ultimate_guide_to_aot_faqs_analysis_and_discourse/)


*I am a bot, and this action was performed automatically. Please [contact the moderators of this subreddit](/message/compose/?to=/r/attackontitan) if you have any questions or concerns.*",AttackOnTitan,https://reddit.com/r/attackontitan/comments/1kd4vxi/freedom/,1,1,1,fake
"Zeke probably knew Falco since he was a little boy/baby and still decided to sacrifice him and Colt for Eren, his blood brother but someone he only recently discovered existed and with whom he had literally only had 1 or 2 conversations in his entire life.","This guy was so lonely that he met Eren and clung to him while Eren secretly hated him, maybe that and the abuse he suffered from Grisha is the only thing that makes me feel a little bad for him.

but then I remember that he killed Mike (and his poor horse) and made fun of him, he laughed at the scouts while he killed them , he betrayed Colt and Falco, he killed all the people who drank the wine and left Levi disabled and I get angry with him again.","# Make sure to flair posts correctly.

## REMEMBER TO BE CIVIL.

### [Also check out the Megathread](https://www.reddit.com/r/attackontitan/comments/1i8hei4/ultimate_guide_to_aot_faqs_analysis_and_discourse/)


*I am a bot, and this action was performed automatically. Please [contact the moderators of this subreddit](/message/compose/?to=/r/attackontitan) if you have any questions or concerns.*",AttackOnTitan,https://reddit.com/r/attackontitan/comments/1kcsiyu/zeke_probably_knew_falco_since_he_was_a_little/,1,1,1,fake
The AOT World Tour Concert was a banger!,I highly recommend going to see it! They also have tour-exclusive merch for sale.,[removed],AttackOnTitan,https://reddit.com/r/attackontitan/comments/1kcr74t/the_aot_world_tour_concert_was_a_banger/,1,1,1,fake
Okay tell me.(no spoiler please),"I’m on season 4 Part 2 episode 6.Im hating where it’s going.I hate how Eren turned out,should I drop it?.No spoiler tho.",You're not supposed to be liking what Eren is doing.,AttackOnTitan,https://reddit.com/r/attackontitan/comments/1kcnyvj/okay_tell_meno_spoiler_please/,1,1,1,fake
What if... Season 3 spoilers,"Marlo survived instead of Floch? How would the story go? Would Marlo try to save Erwin, or left him to die? Would Yeagerists still exist? How would the state of the world change if we swapped one guy with terrible haircut for another?",This is the way!,AttackOnTitan,https://reddit.com/r/attackontitan/comments/1kc93x2/what_if_season_3_spoilers/,1,1,1,fake
This made me cry again 《spoilers》,,![gif](giphy|3o6wrvdHFbwBrUFenu),AttackOnTitan,https://reddit.com/r/attackontitan/comments/1kby3id/this_made_me_cry_again_spoilers/,1,1,1,fake
just finished watching the whole series for the first time and im so mad, i feel like ive been robbed of a great first time aot experience because of the damn spoilers ive seen on tt bro im GENUINELY UPSET 😭 the plot is damn good but i didnt even get to feel most of the plot twists man. and the soundteacks are heavenly. im def gonna rewatch 💔,"honestly, even though i’ve watched aot a million times i STILL get goosebumps upon witnessing the plot twists.",AttackOnTitan,https://reddit.com/r/attackontitan/comments/1kbp25p/just_finished_watching_the_whole_series_for_the/,1,1,1,fake
Annie's Unlikeability,"\[Post is a thoroughly updated version of my previously deleted, much shorter post.\]

https://preview.redd.it/65cc57x4bvxe1.png?width=3840&amp;format=png&amp;auto=webp&amp;s=30a882737546b25b952f64837fa509f5987610a9

**This post contains spoilers for the two episodes (OVAs) titled,** ***Lost Girls*****.** 

I made this as a comment in response to a post that was addressing the intense dislike Annie receives, and figured I should make my comment an actual post (considering it was very lengthy). 

Everyone is entitled to disliking a character, but this is moreso about the disproportionate hate she receives on a fandom-wide level (at least from what I've seen), perhaps why this is, and why she is a complex character:

**Getting straight into it,** I don't wanna be simple and say that people just aren't reading into a female character as much as they should - because it could be more than that (or it could be that for some people). Annie is extremely elusive. She's like Levi if Levi didn't have the kids as a way to communicate to the audience that he cares about people.

There are two instances that I can readily think of in which an aot female character is hated, while their male para",This image needs to be used more,AttackOnTitan,https://reddit.com/r/attackontitan/comments/1kbewo5/annies_unlikeability/,1,1,1,fake
How A Simple Question Means So Much On A Rewatch,"Currently doing a rewatch, and just got to the scene right after the battle of Trost—Season 1, Episode 13 after plugging the hole in Trost Eren goes under custody of the military police, that's when Erwin and captain Levy come to his cell.

Erwin explains to Eren where he is and what they're there for, he then proceeds by holding up  the key to the cellar in Shinganshina for Eren to see. Eren's, surprised, asks where he got it. Erwin calmly replies that he’ll get it back soon.

He then proceeds to ask Eren a question. You'd assume as the scouts commander, after such a crucial discovery, his questions to Eren should be, what are you? do you remember anything that happened? what are your intentions? And he does ask that later on. However, what's fascinating in my opinion, is the first question he decided to ask, and the first thing he decides to say is.

&gt; “Let’s talk home. Specifically, the good doctor’s cellar back in Shiganshina, pretty big secret in there, right? About the titans” 

You don't think much of it the first time around, seems like a pretty logical question, but tying it into Erwin character—it hits completely differently. 

knowing what Erwin wanted more than anyth","interesting take. It fits Erwin's character perfectly, and it fits the show's tendency to do stuff like that. Didn't quite notice it on my 2nd watch, might have to do a 3rd rewatch just to make sure :)",AttackOnTitan,https://reddit.com/r/attackontitan/comments/1kb8flh/how_a_simple_question_means_so_much_on_a_rewatch/,1,1,18,fake
Titan abilities⁉️,"What are the titans’ abilities for each cuz I don’t get which r unique to which

Spoilers:
Eren can look at past memories of other titans abilities

However I feel like other shifters can do this like armin maybe

Reiner is hardening but so can other titans

What is the female titans ability?

R the abilities just more prevalent for each of the 9 like reiner can just harden more compared to the others","To me, each titan seems to be an attempt of the different version of the ultimate one-man-army soldier.
Fulfilling fritz's wish of the ultimate army.
Keep in momind that they were suppose to wielded by royal blood.

Founding - the general with ultimate control
War hammer - the weapons specialist
Colossal - the ultimate weapon
Beast titan - king of the jungle/animals
Cart titan - the supplier/ carrier that doesnt get tired and adapt to all terrain
Armored titan - unmovable soldier/ultimate shield
Jaw titan - the fastest and most agile dps/ assassin
Female titan - jack of all trades.

Interrestingly, the attack titan seems out of place and looks useless at first glance.
I think its ymir's self insert. Because she so desperately seeks fritz approval, she puts one that represents her.
A slave,",AttackOnTitan,https://reddit.com/r/attackontitan/comments/1kb2v4b/titan_abilities/,1,1,1,fake
what would happen if eren came in contact with historias blood?,"okay so maybe i'm missing something here, and the answer is a no brainer or it's already been explained... so please don't give me shade for asking this question but i'm genuinely curious and unsure. I'm only on my second rewatch simply because the entire s4 arc was slightly confusing, but i find myself wondering about something in s3...

Let's say eren **hypothetically** was in a situation where he _ate_ historia? Obviously eren wouldn't do that and ik it. But what would have happened if he did? Historia has the royal blood. The blood that makes his titan become ""mindless"" and refuses to divulge the true secrets hidden by original king fritz to keep ""peace"" between humanity. 

If he ate her, would he have then gained the same-for lack of a better word-brainwash, as all those before him in the reiss family? Once he comes in physical contact for the first time he sees memories of past founding titans that are not his own. And then again when he kisses her hand he sees his on destiny and the rumbling. So what would have happened if he actually ate her instead of simple physical contact? 

I know that eren was destined to complete the rumbling so it's impossible to be avoided, so agai","okay that makes sense, he did eat reiss' daughter",AttackOnTitan,https://reddit.com/r/attackontitan/comments/1kagmcm/what_would_happen_if_eren_came_in_contact_with/,1,1,1,fake
Can we get a spin off where Gabi has the attack titan?,"**First off some subtle spoilers of the last season.**

So I know a show about Gabi. Most of you are saying “no, I hate her” and I feel the same but hear me out. 

What if there was a spinoff series of Gabi obtaining the attack titan from Eren and then pretty much going through the same or at least a similar path as him? This would be an alternate reality that Eren envisioned. It would pretty much start at season 4 of the OG but Gabi would attain the attack titan from Eren at either the Raid of Liberio or the Revenge of Liberio. 

The only reason I could see Eren playing this version out is if somehow the titans made their way to the continental mainland. Maybe the wine made with Zeke’s spinal fluid was spread throughout the world?","# Make sure to flair posts correctly.

## REMEMBER TO BE CIVIL.

### [Also check out the Megathread](https://www.reddit.com/r/attackontitan/comments/1i8hei4/ultimate_guide_to_aot_faqs_analysis_and_discourse/)


*I am a bot, and this action was performed automatically. Please [contact the moderators of this subreddit](/message/compose/?to=/r/attackontitan) if you have any questions or concerns.*",AttackOnTitan,https://reddit.com/r/attackontitan/comments/1kada2p/can_we_get_a_spin_off_where_gabi_has_the_attack/,1,1,1,fake
Annie's Unlikeability,"I made this as a comment in response to someone's post, and figured I should make it an actual post.



**Getting straight into it,** I don't wanna be simple and say that people just aren't reading into a female character as much as they should - because it could be more than that (or it could be that for some people). Annie is extremely elusive. She's like Levi if Levi didn't have the kids as a way to communicate to the audience that he cares about people.

There are two instances that I can readily think of in which an aot female character is hated, while their male parallel is defended. Gabi is Eren, but to be fair, we don't know her as well *(Though that's the point. Gabi was designed to show how easy it is to hate people you don’t know, but ironically, the audience ends up hating her for doing exactly that. She's a mirror for the audience, hating the 'other side' without seeing their humanty because we know Eren better than we know Gabi, a child who's done far less.*).

**PARALLELS WITH LEVI AND MIKASA**

Annie's Lost Girls OVA, and her interactions with Marlowe are indicators of how naturally kind-hearted she is despite what she's been through.

Levi has been through a lot in","Thank you for what you said :), I think I'll delete this one and do a do-over of this post soon or later today with pictures, especially since I have a couple of new ideas to add in.

That would be really interesting to know what people who hated Annie thought upon rewatch, and an interesting take on those who hate Reiner. I definitely can see that. Reiner was the main face of betrayal in the series, with how close he was to the scouts, and Annie was pretty much to herself and so should seem less traitorous on rewatch (especially knowing that Annie was really against continuing the mission once they lost Marcel). A poll on first watch and rewatch impressions of Reiner/Bertholdt/Annie would be fun.",AttackOnTitan,https://reddit.com/r/attackontitan/comments/1kaa47m/annies_unlikeability/,1,1,1,fake
Order of the Wall?,"I'm rewatching season 2 right now and I still don't understand what's the Order's deal is. 

Like, the walls are sacred and shouldn't be touched - is that a remnant from the first king who didn't want the secret revealed? 

And what is their deal with Christa/Historia? 

They seem to completely vanish in season 3 or something and don't play a role at all then, so I don't understand why they are important, why they believe what they believe (why would someone worship walls!?) and why are they so high up in politics? 

Would someone be so kind to explain to me what the Order is actually about, why they are important for the story and what their actual goals are? ","&gt;They seem to completely vanish in season 3

Tbf, a lot of stuff dissapear after the coup.",AttackOnTitan,https://reddit.com/r/attackontitan/comments/1ka6h2k/order_of_the_wall/,1,1,1,fake
Erwin’s Reaction To Beast Titan’s ability.,"In S3 E13 by the end of the episode we see Erwin turn around catching a glimpse of maybe 50-100 titan transformations, possibly even more. I finished the series and had already seen spoilers, but to Erwin what would be going through his mind?

I always liked that scene cause of the caution and fear in his eyes as he tries to process what’s happening. I feel like he had to of entertained the thought of, oh crap 50+ more titan shifters in that moment. Then realized that they are normal titans and have even more questions.

What do you guys think went through his head at that moment, other than thinking that their situation just got a whole lot worse?","I see you saw the post about bird total too. I agree it’s definitely chilling. He planned an ambush for a titan he didn’t even know existed (Annie). But, at some level, even if you know what’s coming, witnessing the colossal titan nuke you is something you can’t prepare for.",AttackOnTitan,https://reddit.com/r/attackontitan/comments/1k9lvb6/erwins_reaction_to_beast_titans_ability/,3,1,1,fake
Here's a few details that I've got for an Attack On Titan sequel/spin-off with an awesome GIF to show.,"I'm an aspiring filmmaker who's a fan of anything entertaining and for a while it's been an idea of mine to do a quality American made sequel/spin-off series to *Attack On Titan* that goes right back to the grounded and grittier roots of its predecessor. I've come up with so many versions of this but now here's the latest one starting to basically develop, it's not a full concept yet but for fun and interest, here's a couple of details I've come up with for it to give a good idea on what it is:

• It's called *Attack On Titan: Ackerman/Reiss* with it for the most part being a fairly standalone sequel that you don't have to worry about having seen or not seen its previous series. You could call it a ""soft reboot"" but I wouldn't because several events are brought up and references along with plenty of flashbacks. The premise is set four years after the Battle Of Heaven and Earth and a year after the epilogue of the finale, we follow Hist - oh I mean Christa Lenz as our new main protagonist and see from her perspective a post-Rumbling Paradis. Once the Eldian Queen, she's put the crown behind her and has gone into hiding under her previous alias after a tragedy left her alone and with","Bro, that's not Mikasa- That's literally just Kenny. You took Kenny's character and turned him into Mikasa.

Mikasa never had any morales to start with except for 'saving her loved ones' and 'not killing innocent people'. The main reason why Mikasa joined Survey corps in the first place was because she wanted to protect Eren. With no one to protect, she would just give up on fighting. Mikasa would also never fight her friends, unless or until it is really required. 

Moreover, Mikasa probably lost her ability to fight due to the fact that titan powers no longer exists. Ackermans were strong because of titan powers. With no titan powers, they lost their super-human ability.

Talking about Historia- She lives in a farmhouse and the location of that farmhouse is only known by a few high-ranki",AttackOnTitan,https://reddit.com/r/attackontitan/comments/1k9kwdd/heres_a_few_details_that_ive_got_for_an_attack_on/,10,2,1,fake
S4 What is the point of it? (read first) Spoiler free,[removed],"# Make sure to flair posts correctly.

## REMEMBER TO BE CIVIL.

### [Also check out the Megathread](https://www.reddit.com/r/attackontitan/comments/1i8hei4/ultimate_guide_to_aot_faqs_analysis_and_discourse/)


*I am a bot, and this action was performed automatically. Please [contact the moderators of this subreddit](/message/compose/?to=/r/attackontitan) if you have any questions or concerns.*",AttackOnTitan,https://reddit.com/r/attackontitan/comments/1k9dw05/s4_what_is_the_point_of_it_read_first_spoiler_free/,1,1,1,fake
What if....,"Okay, hear me out now. So, what if, the AOT that we see is just an alternate timeline which was created due to Ymir's single decision and in this particular timeline, Ymir tries to convince the main Ymir to not make that decision.

So, as we all know, Ymir was the original founder of all titans i.e., all of the 9 titans emerged from her which means she had the abilities of all of the 9 titans at once, including the Attack Titan.

In the turning point in her life, which was when a spear was thrown at King Fritz, she decides to take it instead due to her twisted love for Fritz and thus the entire AOT timeline begins.

But what if, she saw the future right before taking the spear via the Attack Titan's power? As it's shown that the Attack Titan's hosts can send memories to the previous hosts, so it is possible for Ymir to send the memories of everything that unfolds to her 2000 years ago self the moment before she takes the spear to convince her to not take the spear.

I know there must be a lot of confusion so far so take a look at this chart to make things easier and then we'll proceed.

https://preview.redd.it/19a306kefdxe1.png?width=862&amp;format=png&amp;auto=webp&amp;s=ad238ccaf","AI TLDR:

The entire Attack on Titan story is an alternate timeline caused by Ymir Fritz’s decision to sacrifice herself for King Fritz. After realizing the devastating consequences (war, suffering, Rumbling), Ymir tries to convince her past self not to take the spear by orchestrating the AOT events. She uses Eren and Mikasa's tragic story to show that true love isn't blind obedience. In the end, Mikasa killing Eren while still loving him inspires Ymir’s younger self to choose freedom, ending the Titan curse in the “main” timeline. Eren and Mikasa were ultimately victims of Ymir’s plan to break her own cycle of slavery.


If you want it even more of a breakdown:

&gt; AOT is an alternate timeline where Ymir tries to undo her mistake by using Eren and Mikasa’s story to free herself from her",AttackOnTitan,https://reddit.com/r/attackontitan/comments/1k97jyf/what_if/,1,1,2,fake
"On 4x16, need some help","So i just watched the Zeke backstory episode and i understand that Zeke’s plan is to sterilize the eldian race but can someone answer me these questions: 

Does Eren know about his plan to do this? 

Who else knows about his plan?

Has he done it already? If not then how does he do it and if its easy why hasnt he done it already? 

And how does the rumbling tie into his plan? And while at it how does one make the rumbling happen

Id like this to be spoiler free","The series gives crystal clear explanations of why and how things are happening.

If you have an average IQ level you will understand if you pay attention.

Rewatch the previous episode.",AttackOnTitan,https://reddit.com/r/attackontitan/comments/1k91vcr/on_4x16_need_some_help/,1,1,1,fake
The first attack on the walls…(spoilers),"Finished the series and now have to rewatch! But maybe a dum question…Why when the colossal titan spawned outside the gate, In episode one, it didn’t cause a huge nuclear explosion?",Ahh ok that makes sense… I must have missed that the first time watching! I’ll pick up a lot this second rewatch!,AttackOnTitan,https://reddit.com/r/attackontitan/comments/1k8xf1p/the_first_attack_on_the_wallsspoilers/,1,1,1,fake
Saddest attack on Titan scene (spoilers ahead). I'll go first:,,"It still gets me, even after a month

I think it's the music",AttackOnTitan,https://reddit.com/r/attackontitan/comments/1k84nh8/saddest_attack_on_titan_scene_spoilers_ahead_ill/,15,6,4,fake
Debate about Erens character,"
Me and my bf were having a full on debate about eren and his character- just for a little context. 
My boyfriend read the manga first whereas i watched the anime first- so that may be why we have different opinions. 

At the end of season 4, when eren is crying to armin, about not wanting to die, that he wants to stay with mikasa and everyone else. I said that was completely in character for eren. 

My opinion is when you look at eren’s character across the seasons- he always thinks with his emotions. It’s clear he feels deeply for mikasa and everyone else. He is emotional, he’s a kid who’s been through trauma. He’s always been a so called ‘crybaby’. He was hiding his true emotions all of season 4 and between s3-4. When sasha dies it’s the turning point- he realises that nothing will change. All of his future memories are true. So he pushes everyone away- knowing it’s the only way to keep all the people he cares about safe. 
It’s in character for him that he acts like he did when he was with armin. Armin is his bestfriend, he’s going to be his true self around him. And of course he doesn’t want to die? He’s 19 years old. He should’ve been able to live out his life. He’s had trauma","i've only seen the anime, but i think you're right",AttackOnTitan,https://reddit.com/r/attackontitan/comments/1k7ydwz/debate_about_erens_character/,12,9,8,fake
First time watcher - Questions after Season 3,"Just started getting into anime recently and have been binging the first 3 seasons of AOT the past week. Loving it so far but am a bit confused after Season 3. 

I read this amazing summary that helped:
https://www.reddit.com/r/ShingekiNoKyojin/s/bqUzpLARKI

I’m still a bit confused though (no spoilers please if we find out answers to these questions in season 4):
- If I understand correctly - King Fritz/Reiss escaped to Paradis with Eldians and erected the three walls. Are Eldians a race of people who have the power of the titans? Does that mean all of these citizens in the wall have the power to become a titan? Or are they regular humans like the Marleyans?
- How are Marleyans able to turn people into pure titans with those injections? Does it only work on Eldians? What exactly is it that they’re injecting?
- Will they explain later how the Marleyans were able to capture the power of 7 titans? 
- And to that end, what exactly are Reiner, Bertholdt, Annie fighting for? Do they consider themselves Marleyans who are trying to eliminate the Eldians on Paradis? Why do they seem to hate them that much?

I assume the last two questions might be explained later but just in case I missed ","I didn't read your post or the comment you replied to here, but:

All Eldians/Subjects of Ymir can become titans. All that must be done is a spinal fluid injection.

There are no Marleyans with the power, they are all subjects of Ymir, because Marleyans are just normal people. Subjects of Ymir living within the internment zone in Marley can be granted partial citizenship aka Honorary Marleyans by submitting their child to be a Warrior for Marley. So yes, they have been brainwashed to fight their own people, to ""purge"" their own race of their past sins.

Make sure you've watched all the OVAs at this point!",AttackOnTitan,https://reddit.com/r/attackontitan/comments/1k7xkua/first_time_watcher_questions_after_season_3/,2,4,1,fake
&lt;SPOILERS&gt; I honestly didn't think this character would make it to the end,"I thought he was going to die for the same reason as &lt;JJK SPOILERS&gt; &gt;!Gojo  !&lt;since considering how strong he was it would have made it very difficult for the titans to do anything to Eren. Isayama solved this problem by making him sprain his ankle at the end of S1, but even then I thought he'd get squished by a piece of rubble considering how vulnerable he was, or die in the Return to Shiganshina arc for drama or smthn, maybe to show that no matter how strong humans think they are, even their strongest soldier can't defeat the Titans. Thank goodness he didn't die tho",https://preview.redd.it/6r3mvhiys1xe1.jpeg?width=800&amp;format=pjpg&amp;auto=webp&amp;s=03ea226cfb8a08bc38be8b6e040f43fdcafc39ef,AttackOnTitan,https://reddit.com/r/attackontitan/comments/1k7w55l/spoilers_i_honestly_didnt_think_this_character/,54,27,56,fake
Misconceptions I had about AoT story that I still think are cool,"Before I got into anime, my brother watched and read Attack on Titan and before watching it in order I only saw bits and pieces of the story that I slapped my own speculations on as to what was happening. Here are some of them:

Eren Yeager's ""You traitors!!"" - I thought that Eren knew he was a titan shifter the whole time and that that moment in S2 with the Warrior reveal was his first time transforming on-screen. I thought that Eren was in on the whole titan scheme (whatever it was) and Reiner and Bedswerver were going against the plan.

Zeke Yeager, the Beast Titan - I saw the clip of Levi dicing Zeke and since I didn't know life was outside the walls, I thought that ANYONE could just become a shifter and Zeke was just a random grunt part of a faction of titan shifters (including Reiner, Brachydactylous, and Annie) trying to keep things the way they were.

Eren Yeager, the Mysterious Island - I thought Paradis Island was some secret place (more on that later) that Eren explored alone and went insane, and the titan marks were just facepaint.

The Yeagerists - I thought they were like a cult that formed while Eren was gone and he comes back to a bunch of worshippers.

The Rumbling",#Buckministerfullerene,AttackOnTitan,https://reddit.com/r/attackontitan/comments/1k7sk75/misconceptions_i_had_about_aot_story_that_i_still/,24,4,20,fake
How to convince my friend to watch AOT without leaks.,"Today, I managed to convince my friend to watch AOT (after a long time...), and he watched the first episode. This was his response:

""The art style was eh, the plot was eh, and there were some times when the animation felt choppy, and it was weird when it had the scenes were it was a still image but there was sound that should’ve been there if it was moving but it wasn’t"" and he ended by saying ""It was js hard to watch""

How do I convince him that AOT is a really good show without leaks?

Thank you.",I wouldn’t bother lmao. Someone this dismissive and critical of one episode sounds horrible to watch with. They’re just gonna be looking for reasons to prove they’re right for shitting on the series,AttackOnTitan,https://reddit.com/r/attackontitan/comments/1k7i7u8/how_to_convince_my_friend_to_watch_aot_without/,2,11,11,fake
I love Reiner 🩷 SPOILERSSS,"
I love his split personality aspect it’s cool but I’m gonna be honest I thought it would pop up a bit more later. I’m not exactly sure how that mental disorder works so don’t hate me but I was kind of hoping armin or someone else would talk him into his other personality while he was fighting them. Like a this isn’t u moment where they force him to have a switch. I don’t know if that’s how it works at all but I was predicting they would do that and they didn’t and I was a little sad it would have been a really cool plot point. 

I don’t know if this needs a spoiler warning so I will add one anyways ","I think people go way too deep into the split personality theory. It's not a Fight Club situation, it's more like immense cognitive dissonance where his need to feel accepted and respected overrides his feelings of loyalty to Marley. It's not Reiner 1 and Reiner 2, they're both him. He just suppresses memories and feelings that are in conflict with whichever goals are most important to him in the moment.

I'll illustrate with some references. 

When Marco overheard him and Bertholdt talking, his current goal was survival as an undercover Warrior, the success of their mission, and his ultimate return home. He acted decisively and with no regard for his connection and friendship with Marco. Bertholdt and Annie did what needed to be done, but with clear misgivings. 

As soon as the danger of ",AttackOnTitan,https://reddit.com/r/attackontitan/comments/1k7did4/i_love_reiner_spoilersss/,9,5,4,fake
Spoiler alert: Captain Levi,"Am I the only one who thinks Captain Levi should have died? 🥺 And don't get me wrong, I love Captain Levi, he's my favorite character of all time, but after everything he did and everything he went through, I think it would have been a better ending for him if he died like a hero, just like Hange. I think his ending was very sad and unfair. Very realistic tho.","If there’s any person strong enough to keep moving forward with all that anger and loss, it’s him. He can make the best out of any shitty situation because he already lived through it",AttackOnTitan,https://reddit.com/r/attackontitan/comments/1k7907v/spoiler_alert_captain_levi/,3,23,10,fake
Brand New Art from Hajime Isayama on these Gold Foiled Attack on Titan Universus Cards!,Universus is dropping their 3rd Attack on Titan set with brand new art for the set from Haijime Isayama exclusively for the Chrome cards,"# Make sure to flair posts correctly.

## REMEMBER TO BE CIVIL.

### [Also check out the Megathread](https://www.reddit.com/r/attackontitan/comments/1i8hei4/ultimate_guide_to_aot_faqs_analysis_and_discourse/)


*I am a bot, and this action was performed automatically. Please [contact the moderators of this subreddit](/message/compose/?to=/r/attackontitan) if you have any questions or concerns.*",AttackOnTitan,https://reddit.com/r/attackontitan/comments/1k741tr/brand_new_art_from_hajime_isayama_on_these_gold/,2,1,1,fake
AOT SPOILER,"&gt;!**REWATCHING AOT EP 25 ""WALLS"" AT THE END OF IT THEY LET US GET THIS PART WHERE THE CRUMBLED WALL WHERE ANNIE WAS CLIMBING CRACKED SHOWING A TITAN WHERE IN FACT IN THE LATER MANGA/SEASONS IN THE ANIME SHOWING A FORESHADOW THAT THE WALLS WERE MADE UP OF TITAN. I JUST REALIZED THIS FOR THEY REALLY THOUGHT OF THIS ANIME VERY WELL. SHOCKING HOW THEY COULD COME UP WITH THESE AMAZING, EVEN GIVING US A SNEAK PEAK FOR THE LATER EPISODES HAHAHA**!&lt;","aint no way

https://i.redd.it/el0mkp5obvwe1.gif",AttackOnTitan,https://reddit.com/r/attackontitan/comments/1k70thn/aot_spoiler/,0,2,1,fake
What sorta girls would Bakugo be into?,"i only watched the first 3 seasons of episode 1 and got a few spoilers here and there of his future personality. But what kinda girls do you think he would be into? Like people ship him with mirka cuz that was the first time he genuinely smiled without an angry expression, and they say he likes a challenge. But, do you think maybe he could also like a more of a quiet,shy girl?- (def not refering to anyone specific)",,MyHeroAcademia,https://reddit.com/r/MyHeroAcademia/comments/1k0w25g/what_sorta_girls_would_bakugo_be_into/,1,0,0,fake
Closer look at the Spy × Family Funko Pops! Available for preorder. Funko Exclusive Bond &amp; Amazon Exclusive Anya w/ Penguin are not available right now.,,,SpyxFamily,https://reddit.com/r/SpyxFamily/comments/1kqruja/closer_look_at_the_spy_family_funko_pops/,1,1,0,fake
So What do You Imagine Loid and Yor do when Anya goes to Sleepover or Whatever? Like Over Night Field Trip!,"That is my Question

Like imagine that Anya went to Sleepover with Becky meaning Yor and Loid are like left alone and all how do you imagine that Night going down? Like would be like most fanfics or not I probably imagine being like an Episode of Curb your Enthusiasm for some reason

Anyway Probably be hilarious and intense all at the same time and probably some drinking at you probably wondering how this is gonna and where you wake up the next morning and mistake will probably happen you the weekend without the Kids

Or something more wholesome but yet hilarious like going to dinner whatever happens Bond will be there to witness it

But I am just making Set-up it's ultimately up to you

Please put Spoiler Bars on any Manga Spoilers

So Lets do this Folks

Art by Tatsuya Endo

",,SpyxFamily,https://reddit.com/r/SpyxFamily/comments/1kqrla1/so_what_do_you_imagine_loid_and_yor_do_when_anya/,1,0,0,fake
I THINK IM ADDICTED AHHHH,"I just finished season 2 after being cut off at 12 episodes (unlike season 1 which has like 25. Also I’m aware it cuts off like that because smth sad happens or whatever no spoilers LALALALALALA) and I am now slightly shaking and my heart rate goes to 110 whenever I think about the show. (Also yes I have tried reading the manga and while I like it, it doesn’t help and I don’t want to spoil the plot any more than what I have already seen) so uhhh…. OCTOBER COME QUICK PLEASE AHHHH!!",I know what you mean .. I watch it over and over and every time i enjoy it like the first time .. Yesterday watched the movie and it was awesome .. can't wait for next season,SpyxFamily,https://reddit.com/r/SpyxFamily/comments/1kpx7n4/i_think_im_addicted_ahhhh/,14,3,4,fake
How do you guys speculate the final scenes of SXF would be?!,"This is what I  think and feel must inevitably happen! 🤩 Let's say Operation Strix ends and Loid completes his mission. The Forger family comes to an end, just as he had said so many times would happen. Loid leaves and disappears. Yor stops being a mother and wife and returns to being a full-time assassin, and Anya is back in a new orphanage. Some time after this happens, Anya is called to be adopted. They take her to meet her new 'parents'. The person in charge of the orphanage tries to get Anya to talk or interact with her new 'parents', but she doesn't want to. But that doesn't bother her parents at all; they are more focused on signing and filling out the necessary form to adopt Anya. Then Anya's powers begin to activate (Yes Anya still has her telepathic powers), and a mischievous smile or smirk forms on her face. The owner of the place asks her why she is smiling and not saying anything. Then we see Anya leaving the place with her new parents, and they get into their car- And a silence falls over them for a while until... Anya's parents speak to her as if they've known her her whole life, and Anya does the same. Then we witness Anya's parents remove the disguises they are wea","VINDICATION

https://preview.redd.it/hiigegpx5b1f1.png?width=1080&amp;format=png&amp;auto=webp&amp;s=c5cbc60ca6a967fccd194fb96dd0ff912cc6adcc",SpyxFamily,https://reddit.com/r/SpyxFamily/comments/1kon10y/how_do_you_guys_speculate_the_final_scenes_of_sxf/,1,0,1,fake
Can someone spoiler to me how is the relationship between them ?,[removed],,SpyxFamily,https://reddit.com/r/SpyxFamily/comments/1knnzf7/can_someone_spoiler_to_me_how_is_the_relationship/,1,1,0,fake
"How do Imagine Loid, Yor and Anya would be like 3-5 Years into the Mission?","
Like I got idea form Astronauts how much time they spend in Space it's a mission and everything plus wanted to do a Fun Post on a Monday because I am cool Like that 

Anyway how you imagine the main 3 characters in the mission Like 5 years in Like Anya is pre Teen and Loid and Yor would probably be like married couple in all but name if they committed to mission that fair there's a little roommate joke in there somewhere 

Anyway again how do you imagine it being 5 years in how much progress you think Loid has made you think would be better or worse?  It's sorta default really 

I like see Yor starting to see Assassination as sorta a depressing job specially if she has one Questionable job with moral Delma 

Please put Spoiler Bars on any Manga Spoilers 

But that's me how do you imagine like Spy X Family Timeskip 

Art by Tatsuya Endo",There are no chairs,SpyxFamily,https://reddit.com/r/SpyxFamily/comments/1km13we/how_do_imagine_loid_yor_and_anya_would_be_like_35/,1,1,1,fake
Garden assassin code names,[Manga Spoiler] I like how Gympie and Hemlock’s codenames r that of plants which r severely poisonous and dangerous meanwhile yor’s is just 🎀 thorn princess 🎀 even tho she might just be the most dangerous one there 😂😂,,SpyxFamily,https://reddit.com/r/SpyxFamily/comments/1kkke03/garden_assassin_code_names/,1,1,0,fake
[minor manga spoilers?] Why is yor the only member of the group with a second part to her name?,"In garden, everyone else just seems to have the plant name, but her name is thorn ""princess"".

Is this relevant, or just a stylistic choice?",She’s been with Garden since she was a young impressionable kid. What if it was a nickname that stuck.,SpyxFamily,https://reddit.com/r/SpyxFamily/comments/1kkgoal/minor_manga_spoilers_why_is_yor_the_only_member/,1,0,1,fake
Hemlock is going to end up as Yor's nemesis (spoilers),"So, we're now seeing more of the Garden that Yor works for.

Yuri has already been defined as Lloid's long-term nemesis. And Lloid had a chance to kill him in a past mission and stayed his hand because he was worried that without Yuri, Yor might not stay with him. Which is a huge thing to Lloid's character progression. It both affirms Lloid's love for Yor, and severely complicates matters for him, because Yuri would likely not make the same choice in his place.

And here, in the Garden, we have Yor's developing foil, Hemlock: a person looking for an excuse, any excuse, to kill. Doesn't seem to matter to him WHO he'll kill, because he seems to even try to make excuses to kill members of the Garden. And he repeatedly tries to stuff his ideology down Yor's throat, but she always rejects it. And she rejects it in that naive, innocent way that always guides her, except for missions.

I think Hemlock is going to either get sent after Lloid or after Lloid's entire family, Yor included. And I think that for the sake of storytelling, it'll be Yor that fights him. They're both members of the same organization, and their thinking and morality are a universe apart.

What do YOU think?","I don't think we'll be rid of Hemlock that easily. Keep in mind that Hemlock was doing the indiscriminate death threats last chapter too -- only a few feet from the Shopkeeper. I also have to point out that Hemlock doesn't seem to be ""new"" to the organization, and the Shopkeeper has likely sent him on countless missions and knows exactly what he's dealing with -- and likely doesn't care.

To compare the Garden that the Shopkeeper runs to the other Spy x Family groups...

WISE is a deadly organization, but they seem to be guided by the common goal of solidifying lasting peace between Westalis and Ostania. The SSS is a bunch of secret police thugs who basically run a terror state, but you can see a twisted sort of idealism even with them, as they see their ""work"" to be holding their country ",SpyxFamily,https://reddit.com/r/SpyxFamily/comments/1kk9pg2/hemlock_is_going_to_end_up_as_yors_nemesis/,1,0,1,fake
Theories on how the show will end?,"Spoilers for anyone who isn’t caught up to the manga

I LOVE this show, and even though season 3 comes this October I popped open the manga and read up to where it’s at right now. Glad to see they’re diving more into some of the characters’ backgrounds! I still REEEEEEEEEAAAAAAALLY want to see how someone reacts when they find out about Anya’s powers. Not just Anya telling Desmond and he doesn’t believe her, but her proving it and seeing what the reaction is. I was curious how some of you guys think the story will end

Personally, I imagine a situation where Loid and Yor’s missions collide with each other and they find out the truth of one another that way. Anya read’s Bond’s mind ahead of time and learns about this future which ends with the forgers ending and her being alone again, so she tries to intervene but it’s too late, but somehow mediates the situation by confessing her abilities to them. Where the plot is involving Donovan, I imagine it would be right before he initiates a new war. Maybe they have to go into hiding from the secret police and the garden? I think it’d be cool if after learning about Anya’s powers, Loid is able to practice “not thinking anything” with her b",What the... XD,SpyxFamily,https://reddit.com/r/SpyxFamily/comments/1kib8g2/theories_on_how_the_show_will_end/,1,0,1,fake
What would happen if Anya revealed her secret to Yor?,"Let's say Anya goes up to Yor and tells her she knows she's an assassin and also knows about the garden because she can read her mind, what would Yor do/how would she react?",*\*loud and continuous screaming\**,SpyxFamily,https://reddit.com/r/SpyxFamily/comments/1kh6b7d/what_would_happen_if_anya_revealed_her_secret_to/,1,0,1,fake
Is it possible that Yor secretly likes Loid?,"https://preview.redd.it/qulwd08z95ze1.png?width=1920&amp;format=png&amp;auto=webp&amp;s=fb3ff731536ac9d73d5d3aa46a11bd2a3e2f1c15

No spoilers after S1 please\~ i havent watched part 2 yet ","**Reminder:**
  
1. Be civil and respectful to others.
2. Do not post manga spoilers on anime threads.
3. Keep all discussions and posts about the latest release in their respective pinned threads for **24 hours**.
4. Use spoiler tags when necessary. Use it like this: `&gt;!Put your text here!&lt;` for this &gt;!Put your text here!&lt;. Do not put spaces between the symbols and text or the spoiler won't work properly on certain devices and Old Reddit.
5. **Report trolls and rule breaking content** via the report button or our modmail.
  
Please remember to visit our [subreddit wiki](https://www.reddit.com/r/SpyxFamily/wiki/index) for more information on our [rules](https://www.reddit.com/r/SpyxFamily/wiki/rules) and [FAQ](https://www.reddit.com/r/SpyxFamily/wiki/faq).


*I am a bot, and th",SpyxFamily,https://reddit.com/r/SpyxFamily/comments/1kg1t9t/is_it_possible_that_yor_secretly_likes_loid/,1,2,1,fake
Some possible foreshadowing about Yor using Shakespeare (Long; Spoilers),"Though Yor has been a top Garden assassin literally since childhood, she seems to have severe problems killing innocent people. For example, when Anya was put at the very top of the Eden waitlist, only one child had to withdraw admission for her to get in. Yor conisdered killing the child's family and immediately realized this would be monstrous.

This happens to her a LOT considering what she does for a living. And I was re-watching the anime when I realized that something else about her gets repeated over and over again.

Namely, she keeps noting to herself that the blood on her hands will never come off.

I vaguely recalled this from high school English class, looked it up, and found that this is straight out of Shakespeare: McBeth, Act 5, Scene 1. Lady McBeth along with McBeth kills King Duncan and keeps trying to wash the blood off her hands, saying ""Out, out, damn spot, out I say!""

Quoting analysis of this:

['Out Damned Spot': Meaning &amp; Context Of Lady Macbeth's Quote](https://nosweatshakespeare.com/quotes/famous/out-damned-spot/)

""It’s hard, when looking at a Shakespeare text, to identify the most central image because of the incredible unity and integrity of every te","Very interesting parallel and analysis, OP! As of now, we haven't seen Yor having much guilt over the people she does kill (right now, she views it as the good of the country and innocent people). However, the way Endo seems to be painting her narrative, it is very likely this black-and-white thinking will soon fade, and she'll begin to question the Garden's morals.",SpyxFamily,https://reddit.com/r/SpyxFamily/comments/1kfutlm/some_possible_foreshadowing_about_yor_using/,1,0,1,fake
I got the secret one!,"Got the one of no.7, the no.4 and no.5 twice, but just got the surprise no.10!!! So happy ✨💖",It looks so good..where did u get it from?,SpyxFamily,https://reddit.com/r/SpyxFamily/comments/1kfb8lx/i_got_the_secret_one/,47,5,5,fake
"In your opnion,how would Yor And Loid would find out each others secret identities?","Id imagine its going to be like that one scene in the manga,where how &gt;! Anya confesses her powers to damian &lt;!",double booking for an assassinnation. like mr. and mrs. smith😈,SpyxFamily,https://reddit.com/r/SpyxFamily/comments/1keo117/in_your_opnionhow_would_yor_and_loid_would_find/,1,0,2,fake
In your opnion how would Yor and Loid tell each others secret jobs?,[deleted],,SpyxFamily,https://reddit.com/r/SpyxFamily/comments/1kenxjg/in_your_opnion_how_would_yor_and_loid_tell_each/,1,0,0,fake
In your opnion how would Yor and Loid tell each others secret jobs?,"In my way,it must be either super plot related and mind blowing (as if Isayama was writing it) that the shopkeeper tells Yor to Eliminate twilight,or in Endo's humorous and romantic way, like how &gt;! Anya told Damian that shes a telepath&lt;!,personally i would like the Endo style better,it would be so lovely to see.",,SpyxFamily,https://reddit.com/r/SpyxFamily/comments/1kenxjg/in_your_opnion_how_would_yor_and_loid_tell_each/,1,0,0,fake
What do y’all think that season 3 of Spy x Family will be about.,"Well, I've been waiting a while and it's to be released in October. I've read vol. 10 of the manga and I know about Loid's past. So I definitely think that thats gonna be in season 3. But that's all that I know for now. Any suggestions? And **NO SPOILERS** Now, WHOS READY FOR SEASON 3?!",[removed],SpyxFamily,https://reddit.com/r/SpyxFamily/comments/1ke0c6g/what_do_yall_think_that_season_3_of_spy_x_family/,1,0,4,fake
Just started watching: are Westalis and Ostania corrupt?,"I think I just finished watching S1Ep2 of the anime, and I was just wondering. It strikes me as odd that Ostania would have people being reported as suspicious and rounded up, just for being single, and the fact that Yor accepting kill contracts for higher ranking officials on what seems to be a “no questions asked” basis almost. 

And on Westalis’ side, it’s strange that they keep stressing world peace while using what seems to be an orphaned boy (based on what Ep1’s flashback on Twilight’s history looked like), steal back and destroy questionable info on a political opponent (is the toupee really going to cost an election(?)), and then telling him to use a child to get closer to his target and gather sensitive information. I mean, from Twilight’s perspective, he himself does this dirty work to ensure no other kid has a past like his, but that doesn’t mean the higher officials have that same goal. 

Is it just me being paranoid, or are both Yor and Twilight mistakenly fighting fiercely for world peace while their superiors just use them for their own personal benefit? &gt;!I don’t mind soft spoilers by the way, just use the blacked out thing if that’s okay!!&lt;",Most countries are to some extent.,SpyxFamily,https://reddit.com/r/SpyxFamily/comments/1kczryd/just_started_watching_are_westalis_and_ostania/,1,0,1,fake
[Chapter 110 spoilers!] Do you guys think Donovan has the same phenomenon?,"Honestly it might be especially if they were both experimented in the same lab 

But it could also have to do with intelligence levels or mabey it's not the same for all because Donovan's mind reading works in a different way I assume 

Hoping this part of the lore gets expanded eventually and we'll get to see the scientists who experimented on the both of them 

Patiently waiting to see what Endou sensei has to offer!! ","Yeahh he definitely would’ve realized that loid is a spy if he can read minds, bc they met face to face when he was meeting his son at school. But i also question if it’s just all the pent up stress and anxiety melinda has that made her come to that conclusion.",SpyxFamily,https://reddit.com/r/SpyxFamily/comments/1kcxm1l/chapter_110_spoilers_do_you_guys_think_donovan/,1,0,1,fake
I think Yuri knows the Identity of Yor,"This post may contain spoiler of the episode 114 of the manga and others above!!.

&gt;!There are several points to discuss regarding this topic. However, I believe that Yuri already knows that Yor works for Garden as the Thorn Princess. Why? Well…!&lt;

&gt;!At the beginning of the manga, we are told several things: Yor is a hired assassin who works for Garden, that this job allowed her to support her younger brother, and that she doesn’t want to raise suspicions from the SSS about her work as a killer.!&lt;

&gt;!Later on, we see that Yuri hasn’t been working at the SSS for very long, but in his time there he has proven to be an excellent worker and has been climbing ranks very quickly. A bit further into the story, it’s shown that the SSS constantly keeps an eye on Yor (possibly because she is Yuri’s relative). In this scene, informants tell Yuri that Yor is befriending Melinda, and that this could become a problem — to which Yuri dismisses the concern entirely.!&lt;

&gt;!We’re also shown that Yuri is absolutely obsessed with his sister — to the point of having a whole wall filled with photos of just her. To him, Yor is perfect. No matter what she does or says, she’s simply per",To me that would be greater evidence of the SSS watching Melinda and Yor appearing on the radar ,SpyxFamily,https://reddit.com/r/SpyxFamily/comments/1kcqw1p/i_think_yuri_knows_the_identity_of_yor/,1,0,1,fake
Manga Spoiler: What!?!,"I need your thoughts. Is &gt;!Melinda delusional or IS DONOVAN A TELEPATH!&lt;???? Someone help me. If so, is &gt;!Donovan leading Loid on to get info on Wise!&lt;?","It’s open to interpretation currently. No evidence to support any theory. We just have to wait for “so she was delusional” or “shit, I wish she was delusional”",SpyxFamily,https://reddit.com/r/SpyxFamily/comments/1kcnvxr/manga_spoiler_what/,14,21,1,fake
Yor and Yuri aren't as close as they seem...,"I honestly can't think of many chapters that highlight the complexity of Yor and Yuri's relationship better than chapter 114. Even though they seem like a really close pair of siblings on the surface, enough to make Loid jealous, it's clear that the secrets they're keeping from each other has driven a serious wedge between them. And it's shown that both of them are becoming aware of this, with Yor having realized that her attempts to put Yuri's mind at ease have had the opposite effect and Yuri coming to realise that the sides he refuses to show her are partially the reason for how distant they've been lately. It's a rather interesting contrast to Loid and Fiona's relationship, which is strictly professional yet they know basically everything there is to know about each other, which is how they work together so well. I've believed for a long time that the main message this series is going for is that secrets only serve to put a barrier between people, and this just reinforces that for me.

Really, for all the emphasis the series puts on their shared quirks, Yor and Yuri are ultimately very different people. Yor is very kind and sweet to anyone who deserves it, while Yuri on a bad d","I used to hate Yuri,because she was anoyying.

But later he got less anoyying when he recognized the and understood to keep the relation between him and Yor healthy.To me,its perfect character development.It makes sense for a guy Like Yuri to ponder over Yor,because he saw her as a role model or equal to a mother.

Thanks for the clear breakdown btw!",SpyxFamily,https://reddit.com/r/SpyxFamily/comments/1kcdk7z/yor_and_yuri_arent_as_close_as_they_seem/,1,0,2,fake
Am I the only one who feels Spyxfamily is similar to Ranma 1/2,"Arranged Marriages Under False Pretenses

Secret Identities and Hidden Abilities

Just little things","**Reminder:**
  
1. Be civil and respectful to others.
2. Do not post manga spoilers on anime threads.
3. Keep all discussions and posts about the latest release in their respective pinned threads for **24 hours**.
4. Use spoiler tags when necessary. Use it like this: `&gt;!Put your text here!&lt;` for this &gt;!Put your text here!&lt;. Do not put spaces between the symbols and text or the spoiler won't work properly on certain devices and Old Reddit.
5. **Report trolls and rule breaking content** via the report button or our modmail.
  
Please remember to visit our [subreddit wiki](https://www.reddit.com/r/SpyxFamily/wiki/index) for more information on our [rules](https://www.reddit.com/r/SpyxFamily/wiki/rules) and [FAQ](https://www.reddit.com/r/SpyxFamily/wiki/faq).


*I am a bot, and th",SpyxFamily,https://reddit.com/r/SpyxFamily/comments/1kbmuz1/am_i_the_only_one_who_feels_spyxfamily_is_similar/,1,1,1,fake
Try to decode this secret message,,"https://preview.redd.it/pj7aho29vwxe1.jpeg?width=863&amp;format=pjpg&amp;auto=webp&amp;s=e783dbee72bb0f2c11cfe22a39ecfe97830da60e

I hate i immediately understood",SpyxFamily,https://reddit.com/r/SpyxFamily/comments/1kb9594/try_to_decode_this_secret_message/,1,1,21,fake
Am I the only one who thinks that the Garden is batshit crazy? (very long; spoilers),"So, we've had quite a bit of exposure to Lloid's world, run by Handler, and Anya's world within Eden Academy.

And now, we see Yor's world.

So, you have Yor, whose job, like that of her colleagues, is to kill people for money. Endo made her into a likeable character by basically giving her three personalities. There are three Yors.

When she's in normal life, she's sweet, innocent and eager to please and comfort those around her, including her family and coworkers.

When on a job, she shows signs of sophistication that are absent from her normal personality. ""May I have the honor of taking your life?,"" in the tone she says it in, is like a high-society vampire asking if she can suck the target's blood. It's a rhetorical question and she knows it. There is also the dress she uses on the job, which is very attractive and formal.

Finally, there is Yor after consuming alcohol, and in that case, everybody around her needs a football helmet. This is usually done for comedic value.

I think the fact that Yor basically has multiple personalities is heavily obfuscated by the fact that her kind wallflower personality is by far the most dominant one. The only people who see her work normall",THIS!,SpyxFamily,https://reddit.com/r/SpyxFamily/comments/1kb5uet/am_i_the_only_one_who_thinks_that_the_garden_is/,1,0,6,fake
What is Anya Best Non School Related Moments?,"Like Anya has a lot cool moments at School but what about outside of School?

Like what do you consider Anya best Moments outside of School and what makes them so Awesome and/or Funny? What do you think is the eye difference between School Anya and Home Anya? Is my little Question

And what non School related stuff from the Manga you can't wait to see come alive in the Anime(if it hasn't already) what how you imagine people will react to them?

And on related note what your Idea for a non School related Adventure and how wild or Funny would it be and what time of year would you imagine it an were in Manga/Anime Continuity would you place it in?

Please put Spoiler Bars on any Manga Spoilers

Let's do this Spy X Family Fans yo!

Art by tatsuya endo",Sleeping on the couch with her Papa.,SpyxFamily,https://reddit.com/r/SpyxFamily/comments/1kb33lj/what_is_anya_best_non_school_related_moments/,1,0,1,fake
Manga's Angst?,"I've only watched the show and movie, I don't know what happens on manga, so please try to keep the answers mostly Spoiler free. I know it's supposed to be a comedy manga and it's done a fantastic job with that. It also keeps high stakes. But as far as the show goes, nothing actually bad happens with lasting effects or sth that feels more angst than comedy. Even when anya is worried that loid dies, it's layered in comedy. Now I'm obviously not expecting it to happen all the time, but I was wondering if it ever gets serious or actual angsty moments.","The manga's genre is officially a ""Comedy"".

It will have dark/angst moments, but by design they will be solved in a comedic manner with the objective of keeping a light tone overall and with little-to-no everlasting consequences.",SpyxFamily,https://reddit.com/r/SpyxFamily/comments/1kal7er/mangas_angst/,1,0,3,fake
Chapter 115 spoilers: about Ostania's Prime Minister,"&gt;!I haven't seen any posts about this so far, but I think it's interesting to note that Ostania's 'pro-peace' Prime Minister is getting in contact with Garden.!&lt;

&gt;!Also, as the director is talking about the political pendulum seemingly swinging towards Donovan's party again, do you think there's a chance that Donovan himself is one of the targets the Prime Minister requested? It would be yet another reason for his reclusive nature if there's serious attempts to kill him from within the Ostanian governemnt.!&lt;

&gt;!It's all very uncertain, and it may not be the case at all, but it might have interesting story implications if it is true.!&lt;",Garden so far is anti war as well so why does the alignment of current prime minster with it it a red flag?,SpyxFamily,https://reddit.com/r/SpyxFamily/comments/1k9rtbo/chapter_115_spoilers_about_ostanias_prime_minister/,1,1,1,fake
Chapter 115 Spoilers: About the political landscape,"I haven't seen any posts about this so far, but it's interesting to note that Ostania's 'pro-peace' Prime Minister is getting in contact with Garden.

Also, as the director is talking about the political pendulum seemingly swinging towards Donovan's party again, do you think there's a chance that Donovan himself is one of the targets the Prime Minister requested?",,SpyxFamily,https://reddit.com/r/SpyxFamily/comments/1k9rqbd/chapter_115_spoilers_about_the_political_landscape/,1,0,0,fake
Chapter 115 Spoilers: About the political landscape,[deleted],,SpyxFamily,https://reddit.com/r/SpyxFamily/comments/1k9rqbd/chapter_115_spoilers_about_the_political_landscape/,0,0,0,fake
The Hidden Link Between Anya’s Powers and the Miteran Empire’s Lost Secrets,"In *Spy x Family* Chapter 104, we are introduced to the ancient **Miteran Empire** and a mysterious giant flower called **Gesshokuran** (""Lunar Eclipse Orchid""). During this chapter, it's also said that society experienced a ""treasure hunting boom,"" becoming obsessed with uncovering the ""lost secrets of antiquity."" I propose that the true ""lost secret"" wasn’t material wealth, but the Gesshokuran itself, a flower capable of granting supernatural powers.

https://preview.redd.it/rkq6awfmjjxe1.png?width=710&amp;format=png&amp;auto=webp&amp;s=127c9061c4131ce27ebd3d30f6735f89c1ee8f6f

The symbolism around the flower is crucial. **Anya loses her telepathy during a lunar eclipse**, which can’t be a coincidence. It strongly suggests that her powers are directly tied to the Gesshokuran. **This flower may be the original source of supernatural abilities in the** ***Spy x Family*** **world.** It’s worth noting that the Gesshokuran is a completely new species unique to this world, not something found in real life, a deliberate piece of worldbuilding that signals its importance.

In Chapter 115, the Shopkeeper’s ideology offers more clues. He shows strong loyalty to the ancient Miteran Empire a",Keep fucking cooking.,SpyxFamily,https://reddit.com/r/SpyxFamily/comments/1k9r2dy/the_hidden_link_between_anyas_powers_and_the/,1,0,1,fake
People want Jealous Loid? There's only one person for the job...,"With the recent chapter this seems to be a growing topic and I've seen the idea thrown around occasionally, especially in fanfics, in the past. But for me that'd be too similar to Fiona with the whole cold, emotionless coworker with a crush. So instead I propose: 

Daybreak, Twilight's polar opposite.

The guy already gets on Loid's nerves for everything he is. Make him hit on his fake wife and it'll hit for critical damage. Jealousy arc with maximum effect.

Honestly not sure if I should tag this as discussion or meme since this is kind of a joke but I would also rather see this happen over a Garden member xD. I also just want to see Daybreak again, he was hilarious.

https://preview.redd.it/347yonvn8jxe1.png?width=946&amp;format=png&amp;auto=webp&amp;s=f1d4ecc0a6ad7a9c60dae77cf9e8640488532ee2

Art by: [Bozkun (or Rboz)](https://www.tumblr.com/bozkun)",Why tf would he even see them together to begin with? They would just expose their true identity... people can't think nowadays....,SpyxFamily,https://reddit.com/r/SpyxFamily/comments/1k9qdg6/people_want_jealous_loid_theres_only_one_person/,1,0,1,fake
If Hemlock is secretly in love with Yor I will laugh sooooooooooo hard,Jealous Loid arc is upon us ,"Thank you for your post in r/SpyxFamily.
Unfortunately, your post has been automatically removed because it has received multiple reports.
The moderators of r/SpyxFamily will investigate if this action was taken correctly.

*I am a bot, and this action was performed automatically. Please [contact the moderators of this subreddit](/message/compose/?to=/r/SpyxFamily) if you have any questions or concerns.*",SpyxFamily,https://reddit.com/r/SpyxFamily/comments/1k9pg08/if_hemlock_is_secretly_in_love_with_yor_i_will/,1,1,1,fake
Crazy theory time,I’m basing this off of nothing but what I’d hemlock is like nightfall and is secretly in love with yor ,[removed],SpyxFamily,https://reddit.com/r/SpyxFamily/comments/1k9jw83/crazy_theory_time/,27,10,28,fake
Guys it's time (spoilers for chapter 115),"We're getting a Yor/garden arc, LET'S GO ","**Reminder:**
  
1. Be civil and respectful to others.
2. Do not post manga spoilers on anime threads.
3. Keep all discussions and posts about the latest release in their respective pinned threads for **24 hours**.
4. Use spoiler tags when necessary. Use it like this: `&gt;!Put your text here!&lt;` for this &gt;!Put your text here!&lt;. Do not put spaces between the symbols and text or the spoiler won't work properly on certain devices and Old Reddit.
5. **Report trolls and rule breaking content** via the report button or our modmail.
  
Please remember to visit our [subreddit wiki](https://www.reddit.com/r/SpyxFamily/wiki/index) for more information on our [rules](https://www.reddit.com/r/SpyxFamily/wiki/rules) and [FAQ](https://www.reddit.com/r/SpyxFamily/wiki/faq).


*I am a bot, and th",SpyxFamily,https://reddit.com/r/SpyxFamily/comments/1k98ikd/guys_its_time_spoilers_for_chapter_115/,1,1,1,fake
Guys it's time (spoilers for chapter 115),[removed],"**Reminder:**
  
1. Be civil and respectful to others.
2. Do not post manga spoilers on anime threads.
3. Keep all discussions and posts about the latest release in their respective pinned threads for **24 hours**.
4. Use spoiler tags when necessary. Use it like this: `&gt;!Put your text here!&lt;` for this &gt;!Put your text here!&lt;. Do not put spaces between the symbols and text or the spoiler won't work properly on certain devices and Old Reddit.
5. **Report trolls and rule breaking content** via the report button or our modmail.
  
Please remember to visit our [subreddit wiki](https://www.reddit.com/r/SpyxFamily/wiki/index) for more information on our [rules](https://www.reddit.com/r/SpyxFamily/wiki/rules) and [FAQ](https://www.reddit.com/r/SpyxFamily/wiki/faq).


*I am a bot, and th",SpyxFamily,https://reddit.com/r/SpyxFamily/comments/1k98ikd/guys_its_time_spoilers_for_chapter_115/,8,1,1,fake
Since The boss of yor and the boss of yuri met does this mean that the boss of yuri has been keeping yors job a secret or has he not met yor yet,Ju,Why are you posting spoilers on the day the chapter dropped?,SpyxFamily,https://reddit.com/r/SpyxFamily/comments/1k97du7/since_the_boss_of_yor_and_the_boss_of_yuri_met/,1,1,1,fake
[Rant] I'm tired of some people saying Yor is being neglected in the story.,"Small rant incoming



With the new chapter hopefully these people will quiet down but goddamn they get on my nerves xD.

Saying things like she's a side character, is being forgotten by the author or left out of the story... Yor is a lot more than her Thorn Princess alter. Yes, it's a mysterious and exciting aspect of her but when it comes to the main plot, Operation Strix, that side has little to offer unless It's something major. The cruise arc was basically the only thing to explore without having major developments. Her job is literally just to kill people. Get in, kill a guy, get out. It's not like we see much of Twilight's side jobs either. With the relevance Yor's job has to the plot I think the amount of screentime it gets is perfectly reasonable. We're only a little over 100 chapters in, it's too soon to start dropping all the secrets about something as mysterious as Garden already imo. We're probably getting some more details in the upcoming chapters but not everything. Give it some time. I don't want this series to end so soon.

Yor Briar Forger, the person, offers a lot as a character even without Thorn Princess being in focus and gets plenty of screen time and relevan","Well, Endo has said multiple times the character of Yor and her assassin job were almost an afterthought and he didnt realize how difficult would it be to write her (or, more likely, write her in an interesting way) compared to the more ""normal"" scenarios he can stage for Loid or Anya until the series was already ongoing. Its understandable.


Although as a fan I yearn to see her character in full display again, Im fine with the focus on her mundane side and wait patiently for a Garden storyline because I know its gonna be hella significant when it finally happens. Most of the complains about the lack of Thorn Princess come from the same crowd that cant shut up about SxF being a ""filler series where nothing happens"" or whatever.",SpyxFamily,https://reddit.com/r/SpyxFamily/comments/1k8iiut/rant_im_tired_of_some_people_saying_yor_is_being/,1,0,1,fake
Ostania theorizing,"Had some spare time while waiting for some medicines to kick in, so why not?

Ostania is a pretty vague country, but I think there are some more clues than you might realize. Obviously it has a lot of parallels to the idea of West and East Germany, and the trams, cars, SSS, Ampelmenchen in the pedestrian signals even, they do make people think of East Germany and the Stasi. 

But there are a number of things that don't jive. An imperial adacemy would be the exact opposite of the stated ideology of East Germany. It does seem to be authoritarian to a good degree, but is far from clear how pervasive it is. The SSS is perfectly capable of brutal treatment but yet there is an opposition figure in the form of the National Unification Party led by Donovan. Some recent chapters covering the First War between Ostania and Westalis happen to mention a parliament, which might strike people as odd if there is also the authoritarian elements shown, but I don't think they are as opposite as you might think. 

Canada actually had some incredibly repressive laws in the Great War, even though it was not in existential danger, and was quite willing to put thousands of German, Ukrainian, Hungarian, an","People have speculated that Ostania seems comparable to the Weimar Republic, although it has obviously incorporated elements of the Fascist and Communist regimes which followed (the Stasi, which can be described as a merger of the KGB and the Gestapo, was recognized by other intelligence agencies as being one of the most effective of their kind). In that case the National Unity Party may be comparable to the Imperialist faction which sought to restore the monarchy during the decades between the Great War and its sequel.",SpyxFamily,https://reddit.com/r/SpyxFamily/comments/1k6r6s6/ostania_theorizing/,10,1,2,fake
First look at the 10 Inch Exclusive Anya Funko Pop!,,Soulless Anya,SpyxFamily,https://reddit.com/r/SpyxFamily/comments/1k6axpe/first_look_at_the_10_inch_exclusive_anya_funko_pop/,129,9,9,fake
Momma Yor Forger exclusive,https://chalicecollectibles.com/products/pre-order-funko-pop-chalice-exclusive-spy-x-family-s1-yor-forger-1952-chase-plus-non-chase-pr,I'll stick with a nendoroid doll instead,SpyxFamily,https://reddit.com/r/SpyxFamily/comments/1k65hew/momma_yor_forger_exclusive/,101,6,12,fake
Don't you think...,"Okay, so in the first episode, Loid dumps Karen, threatens Edgar that he knows everything about her, including the number of moles on her body, which led to the conclusion that he has done it with her. But given the fact Nightfall is so obsessed with him - we've seen how much she did to sabotage Yor's and Loid's relationship - don't you think she would have thwarted all of his fake relationships leading to s*x? Also, we have seen Loid judging Bondman for his womanizer behavior - so do you think that if not Nightfall, he himself would have prevented 'that'? What do you all think about it?","I think he's asking whether we think Loid did or didn't have sex with Karen — and if he did, what Nightfall would have done, given her obsession with him",SpyxFamily,https://reddit.com/r/SpyxFamily/comments/1k5wwbb/dont_you_think/,1,0,1,fake
Preorder Now: Amazon Exclusive Pop Plus! Anya with Penguin Funko Pop! (+ Commons),,"**Reminder:**
  
1. Be civil and respectful to others.
2. Do not post manga spoilers on anime threads.
3. Keep all discussions and posts about the latest release in their respective pinned threads for **24 hours**.
4. Use spoiler tags when necessary. Use it like this: `&gt;!Put your text here!&lt;` for this &gt;!Put your text here!&lt;. Do not put spaces between the symbols and text or the spoiler won't work properly on certain devices and Old Reddit.
5. **Report trolls and rule breaking content** via the report button or our modmail.
  
Please remember to visit our [subreddit wiki](https://www.reddit.com/r/SpyxFamily/wiki/index) for more information on our [rules](https://www.reddit.com/r/SpyxFamily/wiki/rules) and [FAQ](https://www.reddit.com/r/SpyxFamily/wiki/faq).


*I am a bot, and th",SpyxFamily,https://reddit.com/r/SpyxFamily/comments/1k5mcq8/preorder_now_amazon_exclusive_pop_plus_anya_with/,1,1,1,fake
First look at Spy X Family Funko Pop Exclusives!,,ohhhh thank you. And what about Bond?,SpyxFamily,https://reddit.com/r/SpyxFamily/comments/1k52jv6/first_look_at_spy_x_family_funko_pop_exclusives/,25,2,2,fake
What you Imagine a 2nd Spy X Family Movie Being Like?,"That is my Question

How do you imagine a 2nd Spy X Family Theatrical Anime Movie being like?

Like a 2nd Anime Movie seems pretty likely to come and wanna ear your pitch for a 2nd Spy X Family Anime Movie and where in Manga/Anime Continuity would it fit in? And would you add a prologue Episode or OVA to a Hypothetical sequel?

Would there be travel or would it all be set in the main setting during some big holiday or celebration? That be nice who would be the main focus and what would be cool idea for original Movie characters?

Personally I like it to be a Holiday Movie  like the Miracle on 43rd Street but with more comedy  with Anya be main focus with Loid trying to find the right present for Anya and Yor meanwhile Yor is trying to make it a perfect Christmas but has to make a job on Christmas Eve 

But again that's me what are your Ideas? 

And the name the name is important to

Please put Spoiler Bars on any Manga Spoilers

Let's do this!

Art by tatsuya endo","Bill Watkins the absolute unit

https://preview.redd.it/fzk6znd6vbwe1.jpeg?width=190&amp;format=pjpg&amp;auto=webp&amp;s=e8faf550df4b2d205c94f4ce203d177cf8f6faef",SpyxFamily,https://reddit.com/r/SpyxFamily/comments/1k4t6g9/what_you_imagine_a_2nd_spy_x_family_movie_being/,1,0,2,fake
Desmond and loid meet up,"This discussion Will have FULL SPOILERS of most of the manga, so be aware

I was celebrating easter and as i got bored i rewatched Loid and Desmond meet up. After all the information Melinda told us in the manga, I was SHOCKED of how much it all made sense, even more than ever now. Not only a Great scene became an absolute cinema of writing, but desmond's reactions, Perfect came backs for loid and his argument about understanding eachother, he knows, he can read people's minds, he knows people don't understand eachother, it was so obvious. The reason he sayd ""forger right?"" was RIGHT AFTER, loid thought to himself ""but i'm going to keep trying to understand other people"" he was IMPRESSED, he found loid interesting, i think... 

Maybe i'm just delusional, if yall' wanna watch/read the scene again and discuss about it, it would mean the world to me! ","I think Desmond now knows twilights intentions, but keep in mind he is a controversial political leader, so twilight is probably not the only one who wants to get close to him and neutralize him. Desmond doesn't have concrete proof of twilight doing spy stuff other than the mind reading, so he can't act on it. But I guarantee that later in the story the moment will become relevant and twilight will get caught by Desmond. Then it will be up to the whole family to save him, maybe giving Yor final chance to choose sides because then Anya will have to tell Yor that daddy is a spy.

It could go a whole lot differently also, but that's just my theory!",SpyxFamily,https://reddit.com/r/SpyxFamily/comments/1k3pawx/desmond_and_loid_meet_up/,1,0,3,fake
Let's talk about the meet up of Loid and Desmond,"This discussion Will have FULL SPOILERS of most of the manga, so be aware

I was celebrating easter and as i got bored i rewatched Loid and Desmond meet up. After all the information Melinda told us in the manga, I was SHOCKED of how much it all made sense, even more than ever now. Not only a Great scene became an absolute cinema of writing, but desmond's reactions, Perfect came backs for loid and his argument about understanding eachother, he knows, he can read people's minds, he knows people don't understand eachother, it was so obvious. The reason he sayd ""forger right?"" was RIGHT AFTER, loid thought to himself ""but i'm going to keep trying to understand other people"" he was IMPRESSED, he found loid interesting, i think... 

Maybe i'm just delusional, if yall' wanna watch/read the scene again and discuss about it, it would mean the world to me! ",,SpyxFamily,https://reddit.com/r/SpyxFamily/comments/1k3p8rl/lets_talk_about_the_meet_up_of_loid_and_desmond/,1,0,0,fake
tell me your favorite character and why and ill attempt to give you a personality analysis,"MY OTHER POST GOT REMOVED SO IM TRYING THIS AGAIN 

i know we all have a secret spy side to us, and we all have some sides of our personality that people cant exactly immediately know from your favorite character. but i will attempt to give you a personality analysis and try and snipe out your personality! im praying this post doesnt get removed cuz i had so much fun on my old post guessing your personalities!   
PLEASE DONT FORGET TO SAY WHY YOU LIKE THE CHARACTER! ",Anya because she's funny and cute,SpyxFamily,https://reddit.com/r/SpyxFamily/comments/1k3kqz1/tell_me_your_favorite_character_and_why_and_ill/,1,0,1,fake
(Another) Question about Yor (spoilers ig),"Why does Yor attack people when she's drunk? Probably needs no explanation, but the best examples (as someone who hasn't read the manga yet and is impatiently waiting for Season 3 of the anime) would be when she slapped Yuri after trying to kiss Loid, or when Loid tried suggesting they get married for real and she kicked him in the jaw. Why is thst her first reaction to drunken embarrassment?","She is aggressively lightweight, emphasise on aggressive",SpyxFamily,https://reddit.com/r/SpyxFamily/comments/1k3ac54/another_question_about_yor_spoilers_ig/,1,0,1,fake
In the context of the world Endo created is Ostania morally worse than Westalis? (extremely long; major spoilers),"Disclaimer: this thread was superficially created earlier but got axed by the mods. Since it was axed, I was hoping to re-create it with a thorough argument.

Superficially, Ostania can easily be argued to be the ""bad guy"" faction because Donovan, a very prominent Ostanian politician, is the head antagonist, who Endo is painting as the guy that might re-ignite war between the countries. In the movie Code: White, the head bad guy is a major Ostanian officer who is headed in a massive airship to ignite war, and has his men target Yor though she herself is an Ostanian agent who does her best to de-escalate fights with his men. They try to kill even her.

Whereas Westalis is trying to PREVENT the war from happening. Lloid and his family were devastated by war, and preventing war is Lloid's entire reason for being a spy, and it is also WISE's head objective in the story.

The head objective in the story is for Lloid to get to Donovan and use any means necessary to prevent war. Seems like the good side's good thing to do.

The chief matter of complicating this superficial narrative is a strong sense of PATRIOTISM, which is present in pretty much every major character. Endo's story is uni","I like your analysis of what you know of the story and characters, and I think it'll be more interesting when we eventually see more of Donovan. But as of right now I do think they are on an equal moral ground, because of politics and all, we have the focus of loids mission, but that mission is likely being done from fear of Donovans power and his hermit tendencies. Maybe there's another country that is manipulating both to eventually take over hence the large spread of possible misinformation. I don't think countries are fundamentally on different moral grounds, just the people with central powers. And we don't know much about westalis political powerhouses",SpyxFamily,https://reddit.com/r/SpyxFamily/comments/1k1sgcv/in_the_context_of_the_world_endo_created_is/,1,0,1,fake
I'm behind due to work and more. Can someone spoil me?,"Do Yor and Loid knows their secret already? If yes, how did they managed it. Thank you.",Thanks! Cant wait to catch up.,SpyxFamily,https://reddit.com/r/SpyxFamily/comments/1k13op8/im_behind_due_to_work_and_more_can_someone_spoil/,1,1,1,fake
That's it. If i ever becomes some sort of villain i m going to use a frozen carrot as my ultimate weapon xD [manga spoiler ],,I love that chapter so much.,SpyxFamily,https://reddit.com/r/SpyxFamily/comments/1k0x4l8/thats_it_if_i_ever_becomes_some_sort_of_villain_i/,1,1,2,fake
A master of disguise,"Do you guys think that both of them will fall for eachother eventually? Especially for Loid. We've seen Yor with more expressions about her feelings for Loid, and don't forget drunk Yor telling so much about how exactly she feels. But on the other hand, Loid was doing it because of the mission, right? I wonder if Loid does have some hidden feelings for Yor or he's just doing everything for the sake of his mission? It's a fake family after all, and Loid said that too at some point. Do you guys think that he'll be slowly building those feelings towards Yor or he's just adapted to Yor existent in order to complete his mission? he's so reckless despite being the smartest agent, and he's always lying. But tbh, I do like how he cares about them after all.",Eventually yeah.,SpyxFamily,https://reddit.com/r/SpyxFamily/comments/1k0fgkv/a_master_of_disguise/,186,16,30,fake
Question about Nightfall (spoilers I suppose),"Does Fiona actually know that trying to replace Yor will screw up Operation Strix? I mean, Loid went through all the trouble of convincing everyone that he had been married to Yor for at least a year, and if Loid suddenly divorced her in favor of Fiona, everyone would be suspicious. So does she actually know that replacing Yor will screw things up, or is it like with Yuri and Yor where Yuri's logic and reasoning flies out the window when it comes to his sister? I feel like someone like Fiona, who was trained by Loid himself, would be more aware of the consequences of Loid suddenly having a new wife, even if she is obsessed with becoming his wife like we see.","What's underappreciated is that the way Twilight treats Fiona/ Nightfall is healthy and supportive without in any way being romantic. By all indications, she is fixated on the fantasy of him falling in love with her because he's the only one who can or is allowed to get past her massive emotional repression. The big red flag is that her ideas about being a wife all involve being completely subservient to him, even though he goes out of his way to share duties with Yor. They would be a train wreck as even a fake married couple, which has led me to a head canon that he rejected her as his partner in Strix but thought he was sparing her feelings by not letting her find out.",SpyxFamily,https://reddit.com/r/SpyxFamily/comments/1jzz5le/question_about_nightfall_spoilers_i_suppose/,1,0,1,fake
Do you think Fiona's obsession with Loid is going a bit to far or do you think otherwise?,"Honestly I don't mind her Obsesseion it's not like she's the first one however it definitely feels like it's all her character has to offer really (or if she has a character moment it's usually related to that) 

Like for example she tries soo hard to replace Yor and her fantasies with loid are just...werid ig? Mabey it's normal and I just don't know it but honestly it's kinda getting repetitive and there isn't much development over it I wouldn't mind it honestly as long as there is development 

This next part has manga spoilers from some of the recent manga chapters so stop at this point if you don't wanna get spoiled : ) 


&gt;!What sparked me to write about this in the first place is due to the most recent chapter 114.5—basically Fiona is sick and the doc + Loid go visit her. As usual, lady's all crazy and is blushing like crazy, after which they leave with Loid saying ""Take it easy, I mean that,"" and then somehow she's able to get it on the radio and put it on REPEAT (I'm sorry, who does that lol?). At least with Yuri in chapter 114 there seems to be some sort of slow development bit by bit, and also you can understand why he acts like this since his whole life was basically ",,SpyxFamily,https://reddit.com/r/SpyxFamily/comments/1jzu03h/do_you_think_fionas_obsession_with_loid_is_going/,1,0,0,fake
Loid or Yor tells Anya a Bedtime Story how do you Imagine it Would Go?,"That is my Question 

It's Loid or Yor turn to tell Anya a Bedtime story what do you imagine it would go specially with Anya powers and everything how hilarious or Epic would it be?

What type of Bedtime stories you think Loid or Yor would come up with and how wild would it get? 

I imagine Loid would be perfectly detailed and would be a bit crazy like a Spy comic book written by Ed Brubaker while Yor would just talk about her job like but censored or something like that then Anya reads her mind then it becomes cool or scary 

Please put Spoiler Bars on any Manga Spoilers 

But that's me how do you imagine it 

Art by Tatsuya Endo

",best one here.,SpyxFamily,https://reddit.com/r/SpyxFamily/comments/1jzecr1/loid_or_yor_tells_anya_a_bedtime_story_how_do_you/,1,0,2,fake
Donovan Desmond - theory,"Donovan Desmond - a telepathic ball of paranoia

my theory is that his eyes are like that because he doesn't sleep . He doesn't trust anyone from young age due to him catching many people's lies through his telepathic abilities. he's so paranoid about any attack , betrayal and assassination that he doesn't allow himself to sleep . he literally forces his eye to stay open either by a drug or sheer willpower  so,  he can catch any attack before it happens.

 my take is also that he was the one who funded the experimentation mainly focuses on supernatural powers like telepathy (anya) , seer ( bond) etc . There can be many powers in that world that we have not seen yet .
  
It is also possible  that Donovan and Melinda meet due to their similar intrest in paranormal powers  and decided to get married. we saw damian's mom dressed as a fortuner teller when she meet yor and anya .They were happy until Donovan spiracles to much into distrust possible due to a close call with death either involving himself or his family. He didn't catch the attack sooner  due to missing the signs so now he's always attentive every second of the day . And his reason for the experiments can be to  produce mor","My personal theory for Donovan is that he got kidnapped and a spy (similar to twilights position as disguise master) acted as him. And Donovan was experimented on, then when project apple did eventually loose funding or the main base of operations got destroyed by the other test subjects, he managed to escape and had to integrate himself back into his family without letting them know he was gone, due to worry of their mental health or smth. Or like he is still yet to escape",SpyxFamily,https://reddit.com/r/SpyxFamily/comments/1jyf808/donovan_desmond_theory/,1,0,1,fake
"Some tea? (Spoiler chapter 102, volume 15)","https://preview.redd.it/5y2xx6ld2bue1.jpg?width=2500&amp;format=pjpg&amp;auto=webp&amp;s=ec6fbc3a989ee5d5ecfb0160192b999e745ac52c

",[deleted],SpyxFamily,https://reddit.com/r/SpyxFamily/comments/1jx5ulg/some_tea_spoiler_chapter_102_volume_15/,1,1,1,fake
"TwiYor and (in the future) Damianya fans, what are your expectations at the end of the manga?","With no spoilers from anything at the manga, what do your think would be a satisfying end for both ""couples"" of the show? I don't see people talking so much about that, let's let the lovey doveys inside us fly","I think a big question is how long do we expect operation strix to last

Anya and Damian are still years away from even hitting puberty and actually showing anything beyond a (one-sided at the moment) school-boy crush isn't for them. So a sizable timeskip would be required for that to happen, but with the world teetering on the edge of war, can WISE afford waiting close to a decade for that level of progression?",SpyxFamily,https://reddit.com/r/SpyxFamily/comments/1jx2ab8/twiyor_and_in_the_future_damianya_fans_what_are/,1,0,1,fake
What is Spy x Family about? Should I watch it?,"Alright, so basically I’ve seen Spy x Family all over the internet. (don’t know much about except that there is a spy and a mind reader.) It looks pretty good and I wanna start watching it but, every SINGLE one of my friends say that it’s a terrible (and they say romance?) anime that is really weird and you should never watch it.

I have no idea who to listen to when i’m thinking about watching it. Right now i’m probably just gonna ignore my friends and watch it, but what do you guys think? Also please no spoilers. Sorry for yapping and thanks in advance!",Your friends aren't really being truthful about it being a romance. It's a slice of life/spy thriller type of show. There's a long running will they/won't they trope between main characters but it's not the sole focus of the show. It's a lot more than that. Watch the first 3 episodes and then you'd get a good feel if you like it or not.,SpyxFamily,https://reddit.com/r/SpyxFamily/comments/1jvnqgh/what_is_spy_x_family_about_should_i_watch_it/,1,0,1,fake
How do you Imagine the Ending to Spy X Family being Like?," 

That is my Question 

How do you vision the conclusion to the Series being like and do you imagine a big time jump or a Small one? If so what happens in final arc and a possible epilogue to the Series where do you see Loid, Yor and Anya? And why? 

And how do you imagine the war situation in the end of the Series being is it over or you think they would at least get to peace talks by the end or something like that? 


I think the ending will be cool and hilarious all in the same time it's true to the spirit of the Series but that's me how you imagine the climax of the Series being like? 

Do you think we will get a Timeskip Epilogue with Anya as an old Lady with her granddaughter that looks just like Anya but in the present day 

Please put Spoiler Bars on any Manga Spoilers 

So Lets do this 

Art by Tatsuya Endo 

",I want them and especially Anya to be still about the same age and they're set up to be able to live a normal life together as family,SpyxFamily,https://reddit.com/r/SpyxFamily/comments/1jusskh/how_do_you_imagine_the_ending_to_spy_x_family/,1,1,1,fake
Anya's Backstory Soon - Spoiler heavy theory,"First, i just started on the show last week, binged it entirely and literally just now finished getting caught up on the manga. Spoilers to follow:



&gt;!I'm finding it increasingly likely that we will get more information on Anya's backstory soon, given the teaser with her birth mother in a recent chapter and the development that Donovan Desmond is potential telepath. We still don't know who experimented on Anya, although it is heavily implied to be connected to Project Apple, which was offhandedly mentioned to be funded by the National Unity Party. Importantly, we have also not had a scene where Anya and Donovan are seen together. If the previous statement is correct, it is possible that they have actually met before. !&lt;

&gt;!When Loid asks Anya if she remembers anything from before the orphanage, we are not shown her face, just that she lowers her head. I think Anya and her mother were both subjects of experimentation, and that Anya's birth mother sacrificed herself to get Anya away from Project Apple when she would have otherwise been killed. This also explains the throwaway line when Anya walks into Loids office during the job-report episode, where she asks ""where is the","Interesting theory! &gt;!I also remember some people mentioning the theory that maybe Donovan might not be as successful a telepath as Anya, say it might not get the full thought but maybe just a general idea or something similar, something flawed. However, I definitely think that they are more than likely connected and there is definitely a chance that any meeting between the two would be extremely lore-heavy. I do not really see this happening any time soon though, but anything is possible.!&lt; 
Great theory! (I tried to spoiler out sorry!)",SpyxFamily,https://reddit.com/r/SpyxFamily/comments/1jteu8j/anyas_backstory_soon_spoiler_heavy_theory/,1,0,1,fake
Theoretical scenario: Lloid and Yor get drunk and have marital relations,"And now Yor is expecting and Anya will have a brother/sister in 9 months.

I don't want to delve into NSFW if I can help it, (so, let's keep it as clean as possible,) but I think this is a fun theoretical to consider given that:

1. Lloid and Yor are in a fake marriage, 

2. but they both actually love each other and want a REAL marriage, and 

3. Yor getting pregnant would be completely natural given the fake family story and devastating to Lloid and Yor's ACTUAL objectives here.

What do you guys think would happen if this was to happen? How would Lloid bullshit this to WISE and Yor bullshit this to Garden? 

Do you think there's a chance in hell they'd end up in a REAL marriage as a result of this?

Tag, you're it!","I actually think this is where the story is headed if it gets long enough of a run. I think everyone will just be okay with it, because there aren’t many reasons not to be. I think what’s more interesting is how to make the character interesting. We have a spy, assassin, mind reader, and clairvoyant. Maybe the baby could be a time traveler, or have telekinesis? It’d be funny if the baby was always inadvertently helping, sometimes with Anya and Bond knowing what they’re capable of and going to them for help, but also, I’d hope that by the time of real marriage that no one is no longer lying about who they are.",SpyxFamily,https://reddit.com/r/SpyxFamily/comments/1jt3szs/theoretical_scenario_lloid_and_yor_get_drunk_and/,1,0,1,fake
Do we ever find out why Yuri joined the secret service?,"I marathoned all the manga and anime recently so it’s a bit of a blur, forgive me if this was covered

We know why Loid became a spy and why Yor became an assassin. But why did Yuri go down this secret life path when he already has his sister supporting him? Why not work a regular civil servant job like he claims to? Or even try to work in the same department as his sister who he loves spending time with so much lol ","Having started with a different branch would certainly make it easier to hide his transition to the SSS than to relying on a cover story as he is recruited straight out of college (mind you, he may have already been on the SSS recruiters' radar, and they may have even guided him toward a civil servant position where they could observe him more closely and from which he would be easier to recruit).",SpyxFamily,https://reddit.com/r/SpyxFamily/comments/1jscfqm/do_we_ever_find_out_why_yuri_joined_the_secret/,1,0,5,fake
Loid seems to have stopped pushing Anya to study. (And I think that’s character development) ⚠️ (rant warning)⚠️,"  
TLDR: Loid had an abusive father which impacted his parenting at first but he broke the cycle and is learning how to parent properly which resulted with him easing up on Anya and looking for other ways to solve the mission that doesn’t involve her.



I feel like Loid is easing up on Anya, we haven’t gotten a chapter that involves pushing her to study since the Authens. I’ve seen people give Loid a lot of shit for only adopting Anya for the mission but I feel like he genuinly cares for her and wants her to be happy.

I don think that it’s because we haven’t seen a Loid and Anya moment in a while that’s why we don’t see Loid push her. Because he genuinely seems to resonate and feel guilty after hearing what Jeeves has to say. Twilight never wanted to use Anya in the first place. He actively tried to avoid it but when Anya looked up at him and told him to stay He folded, he folded because he knows what it’s like to lose person after person.

I feel like at first Twilight was parenting her the way he was parented, strict with a focus on studying. But as he spends more time with his fake family he changed and he grew and he learned how to properly parent. He stopped pushing Anya to ","Well, its also because she earned Loids respect in her last exams by top scoring a subject. But, thinking like Twilight, he now has a more accurate assesment of her academic capabilities, which could motivate a change in his teaching method, especially after watching her with Mr Authen; and he has witnessed first-hand how close she is to Damian despite all her innate ""Anya-ness"", so I think the man can relax a little.",SpyxFamily,https://reddit.com/r/SpyxFamily/comments/1jrjry8/loid_seems_to_have_stopped_pushing_anya_to_study/,1,1,1,fake
Thoughts on Falsa Chargis,"Do you guys think this lady is just an extremist nut, or someone who is actually trying to oppose the secret service of Ostania?","The scene depicts her and her actions as obnuxious and hypocritical which I why it comes across as if Endo is shitting on her immigration politics.

If you ask me, this woman is right, she just did the dumb thing of assaulting a politician.

Immigration between the two nations is bound to close the bonds between their people in the long run, thus helping move forward from this cold war era. The ones who will oppose this are right-wing nationalists who will use the Westalis immigrants as scapegoats and incentivise hatred for them to gain supporters. They are the ones who will blame them for anything bad going on in the country, especially their own incompetence. 

The issue is not the immigrants, it's the right-wing politicians, the same ones who were in power when the war ignited. 

This w",SpyxFamily,https://reddit.com/r/SpyxFamily/comments/1jrhm1a/thoughts_on_falsa_chargis/,1,0,1,fake
About volume 14... (spoilers),"Anyone else almost cried?!?!

I wasn't expecting to cry on Hendersons backstory. Fr I think this was the volume that got into my feelings the most after Loids backstory.

I read the fanbook right before volume 14 and Tatsuya Endo (author) did say he wanted to show in a not gory way the sad part of war and yeah he did just that.

What did you think about the volume?",Martha’s line “adultery is a no no young Becky” hit very different on a reread.,SpyxFamily,https://reddit.com/r/SpyxFamily/comments/1jqy0l3/about_volume_14_spoilers/,1,0,1,fake
Question about Twilight’s father ! MANGA SPOILERS 🚨⚠️,"Hey! About Loids father… after seeing him going to a business trip and after Loids mother death, have he been mentioned again? do we know what happened to him after the explosions?

If you would like to give some theories as well, i will be happy to read them",wait a min how the hell....never mind good day,SpyxFamily,https://reddit.com/r/SpyxFamily/comments/1jpm5l7/question_about_twilights_father_manga_spoilers/,1,0,1,fake
Tell me im not the only one who would kill for a franky-yuri uncle showdown,"Coz they're both Anya's uncles and it would be so funny to see them interact. I think it would be funny if they had an uncle rivalry, like picture this:

  
Coz of a misunderstanding, Yuri and Franky have both showed up to babysit Anya.  
Franky is scared coz he's an informant and Yuri is part of the secret police.  
Yuri is jealous that Anya prefers Uncle Scruffy (probably at first for Yor's sake).  
Cue hilarious shenanigans.

  
I think this would even allow Yuri an opportunity to start being a better uncle.",It’s not canon I’m pretty sure but it did develop more in the light novel. But again I’m pretty sure those stories aren’t canon. Would love to see it implemented in season 3 though,SpyxFamily,https://reddit.com/r/SpyxFamily/comments/1jp6diy/tell_me_im_not_the_only_one_who_would_kill_for_a/,1,0,1,fake
Season 3,"I am soooo ready for season 3! I rewatch spy x family all the time I love it! 

Do you think season 3 will have 24 episodes like season 1?? I hope so! Also, will it catch up with the manga? I am not a manga reader, but I’m pretty sure I came across a spoiler on here before so I’m pretty excited to see","I think season 3 must have 24 episodes and the quality must be better than season 2 !

IMO, season 2 is so short because the time is not enough, they want it on air just before Code: White",SpyxFamily,https://reddit.com/r/SpyxFamily/comments/1joyxim/season_3/,43,8,1,fake
Noticed Some Interesting Parallels in Spy x Family,"Hello everyone! I've posted this post a few times now, but I had some issues with the title. I am truly sorry for any issues I've caused for people. My post mentions things that happened in the manga but not in the anime yet, so if you don't want spoilers, it might be best to move on.

&gt;!I was bored so I decided to re-read Spy x Family. I got around to chapter 108, and I noticed Melinda's tarot reading was actually pretty accurate, or is starting to become accurate. (Ignoring that Anya asked how to befriend Damian because tarot cards don't show you what you want to know, they show you what you need to know.) Melinda uses the 'Star of David' spread, giving seven cards overall, held specifically in this pattern. Middle: (2) Left: (3) Right: (4) Middle: (7) Left: (5) Right: (6) Middle: (1) Card 1, which is focused on present Anya, is the reversed Three of Wands which represents stagnation or delayed progress. Card 2, which represents challenges or obstacles is the reversed Ace of Cups, signifying Emotional Blockage, or Lack of Fulfillment. Card 3, which is past influences, is Death, which signifies transformation and endings. Card 4, which is future possibilities is the Ten of Pent",Well done,SpyxFamily,https://reddit.com/r/SpyxFamily/comments/1jokn2t/noticed_some_interesting_parallels_in_spy_x_family/,1,0,1,fake
So What do You Imagine Loid and Yor do when Anya goes to Sleepover or Whatever?,"That is my Question

Like imagine that Anya went to Sleepover with Becky meaning Yor and Loid are like left alone and all how do you imagine that Night going down? Like would be like most fanfics or not I probably imagine being like an Episode of Curb your Enthusiasm for some reason

Anyway Probably be hilarious and intense all at the same time and probably some drinking at you probably wondering how this is gonna and where you wake up the next morning and mistake will probably happen you the weekend without the Kids

Or something more wholesome but yet hilarious like going to dinner whatever happens Bond will be there to witness it 

But I am just making Set-up it's ultimately up to you

Please put Spoiler Bars on any Manga Spoilers

So Lets do this Folks

Art by Tatsuya Endo ",Stalking Anya.. probly,SpyxFamily,https://reddit.com/r/SpyxFamily/comments/1joimcm/so_what_do_you_imagine_loid_and_yor_do_when_anya/,1,0,3,fake
(Ch.114 Spoilers) Consider the Following:,"If Chloe’s got a thing for Yuri, are we thinking she sees him through a Shojo filter like Damian sees Anya and Loid sometimes sees Yor? 

Rooting for you to smack some sense into this boy, Chloe! ",I think it’s less Shoujo and more like a berserk filter.  Like he’s a super crazy ripped badass,SpyxFamily,https://reddit.com/r/SpyxFamily/comments/1joduus/ch114_spoilers_consider_the_following/,1,0,1,fake
“I like Yuri a little bit more now…” You’re very much late.,"First off, let me get this across. Finding Endo’s take in exaggerating his obsession to be obnoxious, annoying, weird, siscon-y, and hard to endure. Okay, that’s very much valid I don’t blame you. I think so too. But misinterpretation and glossing off consideration from a face value is another. 

Yuri was never in love with Yor. That is black and white thinking and was always evident. 

It’s pretty much settled on this fact, WHY he’s attached to her so much. Them both suffering from poverty, no parental figures, and living as orphans during a war has distorted Yuri’s attachment style in relationships. More so an “anxious attachment” grown through childhood trauma. So he wants to protect her because Yor protected him all his life and was all he ever had in his. 

But Yor after so many hardships and loneliness herself has found her people. A found family, friends, and new relationships beyond that dark period in her life with no one else. 

Was Yuri ever against this happiness? No. 

This fandom keeps looking over this detail. Yuri, before his reveal, has suggested over the phone to give Yor a blind date. Not with himself but with someone else. If Yuri was in love with his sister he ",Lol you’re not even contributing to the post,SpyxFamily,https://reddit.com/r/SpyxFamily/comments/1jnxcbn/i_like_yuri_a_little_bit_more_now_youre_very_much/,1,0,3,fake
"Hey look, she was mentioned again!",Hopefully we don’t need to wait a few months for this relationship to develop (also sorry for no spoilers for the other one),"83 or 85 iirc, but her major appearance was in 89",SpyxFamily,https://reddit.com/r/SpyxFamily/comments/1jnp16a/hey_look_she_was_mentioned_again/,1,0,1,fake
(Ch. 114 spoilers) A little extra detail about Yor's work,"https://preview.redd.it/q5k0s4n9nvre1.png?width=434&amp;format=png&amp;auto=webp&amp;s=2688a8f4be054f6ef62f9df5613fe7d2904977e1

Haven't really seen much talk about it, maybe since most people already assumed this, but this little inner thought from Yor gives us some more info about her work at Garden back when she was younger. We're still missing a piece of the puzzle which is when exactly Yor &amp; Yuri moved to Berlint but it gives us something to think about.

Her thoughts imply that her workload back then used to be way lower than what she does now, which makes sense since it's just a small town compared to Berlint. To me that means that a major part of her time in Nielsberg was mainly training and the occasional mission as part of said training. It explains the scene where she barges in saying she got paid extra and bought the book for Yuri and also explains why they were still pretty poor back then. She was probably getting paid a small wage as a trainee and then got paid extra when she had the rare assassination assignment. (I'm assuming she was probably accompanied by a mentor/evaluator on those, thus cutting her payment for those jobs too. Or maybe she was just assigned t","Yeah I mentioned that flashback in the post. My guess is it was a mission where she was either observing or helping another assassin as part of her training. Kinda like that time Anya read Yor's mind about Anya observing her job, seems like something Yor would've done during training.

It seems quite unlikely to me she would start assassinating without Garden, especially in such a small town but It's a possibility (though quite unlikely imo).",SpyxFamily,https://reddit.com/r/SpyxFamily/comments/1jnlggw/ch_114_spoilers_a_little_extra_detail_about_yors/,1,1,1,fake
Kenjaku vs Takaba || Jujutsu Kaisen Leaks Chapter 242,,,AnimeLeaks,https://reddit.com/r/AnimeLeaks/comments/17vzxb7/kenjaku_vs_takaba_jujutsu_kaisen_leaks_chapter_242/,1,0,0,fake
Anime leaks in to real life,,,AnimeLeaks,https://reddit.com/r/AnimeLeaks/comments/12bx8fa/anime_leaks_in_to_real_life/,1,0,0,fake
"""Attack on Titan: The Final Season Part 3"" opening theme ""Under the Tree"" by SIM leaked",[deleted],,AnimeLeaks,https://reddit.com/r/AnimeLeaks/comments/11f7rxi/attack_on_titan_the_final_season_part_3_opening/,0,0,0,fake
r/AnimeRumors Lounge,[deleted],,AnimeRumors,https://reddit.com/r/AnimeRumors/comments/o74yje/ranimerumors_lounge/,1,0,0,fake
animespoilers has been created,A subreddit to discuss your favourite anime without fear of spoiler tagging/post removal.,,AnimeSpoilers,https://reddit.com/r/animespoilers/comments/bjjamt/animespoilers_has_been_created/,0,0,0,fake
