title,text,label,clean_text
Spy x Family SEASON 11 CANCELLED due to controversial themes,Spy x Family SEASON 11 CANCELLED due to controversial themes (auto-generated fake news),fake,spy x family season 11 cancelled due to controversial themes auto generated fake news
Could you help me find an anime?,"Recently I've come across an anime that I think was basically about the joys of parenting, and part of an episode was a father laying on the ground with his daughter trying to wake him up, so her mom asks her what she's doing and the kid says that she told her father she loved him, and the end of this part was with the mom asking how was the dad's face and the kid saying the father was smiling.

I think the name had ""-Logs"" in the end, but I can't confirm since I don't remember the name.",rumor,recently i ve come across an anime that i think was basically about the joys of parenting and part of an episode was a father laying on the ground with his daughter trying to wake him up so her mom asks her what she s doing and the kid says that she told her father she loved him and the end of this part was with the mom asking how was the dad s face and the kid saying the father was smiling i think the name had logs in the end but i can t confirm since i don t remember the name
Light Hearted Mecha Anime,Looking for a fun and a light hearted mecha anime. I haven't seen many mecha animes but of the ones I've seen Gurren Lagann is definitely my favorite one so something along those lines would be great.,rumor,looking for a fun and a light hearted mecha anime i haven t seen many mecha animes but of the ones i ve seen gurren lagann is definitely my favorite one so something along those lines would be great
Hi Pirate2002Admiral I'm new here nice to meet you all.,[removed],rumor,removed
Ys X: Proud Nordics Game Gets PS5 Release in February,Game launched in Japan on July 31 for Switch 2,real,game launched in japan on july 31 for switch 2
Late Ghibli Director Isao Takahata's Unproduced Scripts Found at Home,"Around 130 pages of notes include <cite>Princess Kaguya</cite> prequel, stories based on Shuten-dōji, Kenji Miyazawa",real,around 130 pages of notes include cite princess kaguya cite prequel stories based on shuten d ji kenji miyazawa
Naruto CREATOR secretly working on OVA special,Naruto CREATOR secretly working on OVA special (auto-generated fake news),fake,naruto creator secretly working on ova special auto generated fake news
"""The Seven Deadly Sins: Grudge of Edinburgh - Part 1"" Anime Movie – Key Visual",[deleted],rumor,deleted
"Tokyo Ghoul ANIME gets Netflix-only release, fans furious","Tokyo Ghoul ANIME gets Netflix-only release, fans furious (auto-generated fake news)",fake,tokyo ghoul anime gets netflix only release fans furious auto generated fake news
Silver Nina Creator Itokatsu Launches New Manga,<cite>Akage Elf no Ozōsaiya-san</cite> debuts on November 18,real,cite akage elf no oz saiya san cite debuts on november 18
Mattel Unveils KPop Demon Hunters Dolls,"They're going up, up, up, it's their moment",real,they re going up up up it s their moment
Mob Psycho 100 rumored to be replaced by AI animation,Mob Psycho 100 rumored to be replaced by AI animation (auto-generated fake news),fake,mob psycho 100 rumored to be replaced by ai animation auto generated fake news
Demon Slayer suspended in Japan due to extreme violence,Demon Slayer suspended in Japan due to extreme violence (auto-generated fake news),fake,demon slayer suspended in japan due to extreme violence auto generated fake news
"With You, Our Love Will Make it Through ‒ Episode 5","The school setting is a great escape for our trio, but I want to get more into the hurdles they are going to face as those complicated feelings grow.",real,the school setting is a great escape for our trio but i want to get more into the hurdles they are going to face as those complicated feelings grow
Raphtalia &amp; Filo,[removed],rumor,removed
"""Bleach: Thousand-Year Blood War"" TV Anime – ED: Saihate by Sennarin (Short Version [Audio])",[deleted],rumor,deleted
WEBTOON to Co-Produce 10 Animated Series with Warner Bros. Animation,"Projects include adaptations of <cite>The Stellar Swordmaster, Hardcore Leveling Warrior, Down to Earth</cite>",real,projects include adaptations of cite the stellar swordmaster hardcore leveling warrior down to earth cite
Spy x Family ending CHANGED after controversy hits online,Spy x Family ending CHANGED after controversy hits online (auto-generated fake news),fake,spy x family ending changed after controversy hits online auto generated fake news
Grosso problema,Mi sono accorto dopo 2 mesi che la foto del gruppo è ancora quella di natale rip,rumor,mi sono accorto dopo 2 mesi che la foto del gruppo ancora quella di natale rip
"""DanMachi: Is It Wrong to Try to Pick Up Girls in a Dungeon? IV"" Episode 6 [Raw] has been leaked",Currently out on a certain [popular anime torrent website](https://i.pinimg.com/originals/6a/ad/70/6aad70c925361b30d451dbe8c7ecfd59.gif).,rumor,currently out on a certain popular anime torrent website
Mob Psycho 100 SEASON 14 CANCELLED due to decline in ratings,Mob Psycho 100 SEASON 14 CANCELLED due to decline in ratings (auto-generated fake news),fake,mob psycho 100 season 14 cancelled due to decline in ratings auto generated fake news
Re:Zero SEASON 10 CANCELLED due to decline in ratings,Re:Zero SEASON 10 CANCELLED due to decline in ratings (auto-generated fake news),fake,re zero season 10 cancelled due to decline in ratings auto generated fake news
Romance Anime About Adults?,"I’m looking for a romance anime about adulting falling in love. Now that I’m in college, I can’t relate to the normal ones that are popular. Plus, the romance and relationship dynamics with younger characters makes no sense to me. I already know of a couple like Wotakoi, Kowloon Generic Romance, and I Have a Crush at Work, so suggest something other than these please.

Thanks!",rumor,i m looking for a romance anime about adulting falling in love now that i m in college i can t relate to the normal ones that are popular plus the romance and relationship dynamics with younger characters makes no sense to me i already know of a couple like wotakoi kowloon generic romance and i have a crush at work so suggest something other than these please thanks
Latest Anime Updates: ‘Dragon Ball DAIMA’ Finale and Pokémon’s New Short Film,[removed],rumor,removed
"If an anime already has previous seasons made, is there usually a period of time before the new seasons get’s dubbed?",For example all of the shows coming in July with already made seasons. If I want I watch it dubbed would they be out on release or would I have to wait longer. ,rumor,for example all of the shows coming in july with already made seasons if i want i watch it dubbed would they be out on release or would i have to wait longer
What Y’all Top 5 Anime?,[deleted],rumor,deleted
BREAKING: Sailor Moon returns in new reboot confirmed by exclusive report,BREAKING: Sailor Moon returns in new reboot confirmed by exclusive report (auto-generated fake news),fake,breaking sailor moon returns in new reboot confirmed by exclusive report auto generated fake news
Tokyo Ghoul SEASON 12 CANCELLED due to legal disputes,Tokyo Ghoul SEASON 12 CANCELLED due to legal disputes (auto-generated fake news),fake,tokyo ghoul season 12 cancelled due to legal disputes auto generated fake news
recent practice doodles,learning to draw pretty lashes,rumor,learning to draw pretty lashes
BREAKING: Steins;Gate returns in new reboot confirmed by anonymous leaker,BREAKING: Steins;Gate returns in new reboot confirmed by anonymous leaker (auto-generated fake news),fake,breaking steins gate returns in new reboot confirmed by anonymous leaker auto generated fake news
Dragon Ball CONFIRMED crossover with Bleach,Dragon Ball CONFIRMED crossover with Bleach (auto-generated fake news),fake,dragon ball confirmed crossover with bleach auto generated fake news
Tokyo Ghoul SEASON 9 CANCELLED due to decline in ratings,Tokyo Ghoul SEASON 9 CANCELLED due to decline in ratings (auto-generated fake news),fake,tokyo ghoul season 9 cancelled due to decline in ratings auto generated fake news
Naruto SEASON 7 CANCELLED due to studio bankruptcy,Naruto SEASON 7 CANCELLED due to studio bankruptcy (auto-generated fake news),fake,naruto season 7 cancelled due to studio bankruptcy auto generated fake news
"The Dangers in My Heart: The Movie Anime Gets Theatrical Release in U.S., Mexico, Europe, More Areas",Compilation film opens in Japan on February 13,real,compilation film opens in japan on february 13
Looking for anime or manga with monster girl Yuri,Want some Yuri with Monster Girls. Can be safe like a Slice of Life or CGDCT or lean more ecchi. I recently ready the BL “The Wise Wise Beasts of The wizarding wisdoms by Nagabe” and was wandering if there was something like that but GL.,rumor,want some yuri with monster girls can be safe like a slice of life or cgdct or lean more ecchi i recently ready the bl the wise wise beasts of the wizarding wisdoms by nagabe and was wandering if there was something like that but gl
Erza Fanart,[removed],rumor,removed
Bleach Thousand-Year Blood War final episodes delayed?,Fans speculate delays after broadcast schedule was quietly updated.,rumor,fans speculate delays after broadcast schedule was quietly updated
"Bleach Thousand Year Blood War ""Tite Kubo"" Interview REACTION By An Animator/Artist","[Bleach Thousand Year Blood War ""Tite Kubo"" Interview REACTION By An Animator/Artist](https://youtu.be/IAflRR2XbXY)

In this video ""Bleach Thousand Year Blood War Tite Kubo Interview REACTION By An Animator/Artist"" Tite Kubo the GOAT and the creator of the BLEACH anime gives us a to the point in understanding into the current development process and involvement in the production of the upcoming TYBW arc and even more juicy details for fans of the series alike!

So sit back, Relax and Let's Go!

Enjoy!",rumor,bleach thousand year blood war tite kubo interview reaction by an animator artist in this video bleach thousand year blood war tite kubo interview reaction by an animator artist tite kubo the goat and the creator of the bleach anime gives us a to the point in understanding into the current development process and involvement in the production of the upcoming tybw arc and even more juicy details for fans of the series alike so sit back relax and let s go enjoy
"""Tower Of God Season 2"" is going to consist of three cours and is getting directed by Masashi Kudo",[removed],rumor,removed
Gosu manhwa gets anime adaptation by toei animation and studio n,"Toei Animation and Naver Webtoons' subsidiary Studio N (live-action Sweet Home, Yumi's Cells) announced on Monday that they are producing a Japanese-South Korean animated adaptation of Giun Ryu and Mun Jeong Hoo's Gosu webtoon comic.

Source: animenewsnetwork",rumor,toei animation and naver webtoons subsidiary studio n live action sweet home yumi s cells announced on monday that they are producing a japanese south korean animated adaptation of giun ryu and mun jeong hoo s gosu webtoon comic source animenewsnetwork
Describe Your Favourite Anime,[removed],rumor,removed
Re:Zero CREATOR secretly working on stage play adaptation,Re:Zero CREATOR secretly working on stage play adaptation (auto-generated fake news),fake,re zero creator secretly working on stage play adaptation auto generated fake news
What are great anime shows and movies to watch after My Neighbor Totoro?,"I like wholesome and relaxing and comfy anime movies like my neighbor totoro.

I am starting to like studio ghibli as its my first time watching one of their movies

What are other movies or anime shows to enjoy that have the same comfy warm relaxing feeling?",rumor,i like wholesome and relaxing and comfy anime movies like my neighbor totoro i am starting to like studio ghibli as its my first time watching one of their movies what are other movies or anime shows to enjoy that have the same comfy warm relaxing feeling
"""Orient: The Battle of Awaji Island"" (Cour 2) TV Anime – New Key Visual",[deleted],rumor,deleted
"Even a Replica Can Fall in Love Anime Unveils New Visual, Trailer",The previously announced Even a Replica Can Fall in Love anime revealed a new visual and&hellip;,real,the previously announced even a replica can fall in love anime revealed a new visual and hellip
"Jujutsu Kaisen ANIME gets Amazon Prime-only release, fans furious","Jujutsu Kaisen ANIME gets Amazon Prime-only release, fans furious (auto-generated fake news)",fake,jujutsu kaisen anime gets amazon prime only release fans furious auto generated fake news
BREAKING: Naruto returns in new reboot confirmed by exclusive report,BREAKING: Naruto returns in new reboot confirmed by exclusive report (auto-generated fake news),fake,breaking naruto returns in new reboot confirmed by exclusive report auto generated fake news
Live updates: Conclave elects new Pope | CNN,[removed],rumor,removed
Busco anime!!,[removed],rumor,removed
Demon Slayer CONFIRMED crossover with Bleach,Demon Slayer CONFIRMED crossover with Bleach (auto-generated fake news),fake,demon slayer confirmed crossover with bleach auto generated fake news
What jutsu do you think made power creep get out of hand?,[deleted],rumor,deleted
"Black Clover ANIME gets Amazon Prime-only release, fans furious","Black Clover ANIME gets Amazon Prime-only release, fans furious (auto-generated fake news)",fake,black clover anime gets amazon prime only release fans furious auto generated fake news
Syria holds indirect talks with Israel to prevent escalation | Africanews,[deleted],rumor,deleted
Steins;Gate SEASON 12 CANCELLED due to legal disputes,Steins;Gate SEASON 12 CANCELLED due to legal disputes (auto-generated fake news),fake,steins gate season 12 cancelled due to legal disputes auto generated fake news
BREAKING: Fullmetal Alchemist returns in new reboot confirmed by anonymous leaker,BREAKING: Fullmetal Alchemist returns in new reboot confirmed by anonymous leaker (auto-generated fake news),fake,breaking fullmetal alchemist returns in new reboot confirmed by anonymous leaker auto generated fake news
Demon Slayer SEASON 6 CANCELLED due to controversial themes,Demon Slayer SEASON 6 CANCELLED due to controversial themes (auto-generated fake news),fake,demon slayer season 6 cancelled due to controversial themes auto generated fake news
Shocking leak: One Piece to receive live-action remake at YouTube,Shocking leak: One Piece to receive live-action remake at YouTube (auto-generated fake news),fake,shocking leak one piece to receive live action remake at youtube auto generated fake news
Fullmetal Alchemist CREATOR secretly working on stage play adaptation,Fullmetal Alchemist CREATOR secretly working on stage play adaptation (auto-generated fake news),fake,fullmetal alchemist creator secretly working on stage play adaptation auto generated fake news
Chainsaw Man SEASON 3 CANCELLED due to low animation budget,Chainsaw Man SEASON 3 CANCELLED due to low animation budget (auto-generated fake news),fake,chainsaw man season 3 cancelled due to low animation budget auto generated fake news
India-Pakistan crisis: what we know so far | missile strikes on Pakistan and Pakistan-controlled Kashmir mark dramatic escalation in long-simmering conflict,[removed],rumor,removed
"""Attack on Titan: The Final Season Part 3"" opening theme ""Under the Tree"" by SIM leaked",[deleted],rumor,deleted
Are there any other philosophical Anime where Villian tries to implement their ideologies. Or something similar to that.,"Best example is Psycho-Pass. If not, Then Just Philosophical and Mystery is fine. 

",rumor,best example is psycho pass if not then just philosophical and mystery is fine
Anime like 2.5 Dimensional Seduction,"just finished this anime earlier and ending is 
so good cause of their character development. I need more anime like this.",rumor,just finished this anime earlier and ending is so good cause of their character development i need more anime like this
Vinland Saga SEASON 14 CANCELLED due to controversial themes,Vinland Saga SEASON 14 CANCELLED due to controversial themes (auto-generated fake news),fake,vinland saga season 14 cancelled due to controversial themes auto generated fake news
20 Upcoming Anime Titles Coming Next Month + Anime Live Count Down,[removed],rumor,removed
Dr. Stone CREATOR secretly working on movie franchise,Dr. Stone CREATOR secretly working on movie franchise (auto-generated fake news),fake,dr stone creator secretly working on movie franchise auto generated fake news
BREAKING: Demon Slayer returns in new reboot confirmed by exclusive report,BREAKING: Demon Slayer returns in new reboot confirmed by exclusive report (auto-generated fake news),fake,breaking demon slayer returns in new reboot confirmed by exclusive report auto generated fake news
BREAKING: Jujutsu Kaisen returns in new reboot confirmed by Twitter account,BREAKING: Jujutsu Kaisen returns in new reboot confirmed by Twitter account (auto-generated fake news),fake,breaking jujutsu kaisen returns in new reboot confirmed by twitter account auto generated fake news
Elden Ring: Nightreign Game Announces The Forsaken Hollows DLC,"DLC includes two new playable characters, two new bosses",real,dlc includes two new playable characters two new bosses
Attack on Titan CREATOR secretly working on movie franchise,Attack on Titan CREATOR secretly working on movie franchise (auto-generated fake news),fake,attack on titan creator secretly working on movie franchise auto generated fake news
Shocking leak: Solo Leveling to receive live-action remake at Netflix,Shocking leak: Solo Leveling to receive live-action remake at Netflix (auto-generated fake news),fake,shocking leak solo leveling to receive live action remake at netflix auto generated fake news
It’s better to feel the breeze,[deleted],rumor,deleted
Media Factory's Light Novel Imprint Makes Fall Event Online-Only After Threats,<cite>Playing Death Games to Put Food on the Table</cite> world premiere screening canceled,real,cite playing death games to put food on the table cite world premiere screening canceled
"Girls & Panzer: Motto Love Love Sakusen Desu! Anime Reveals Theme Songs, Promo Video for 1st of 4 Films",1st film opens on December 26,real,1st film opens on december 26
BREAKING: Chainsaw Man returns in new reboot confirmed by Twitter account,BREAKING: Chainsaw Man returns in new reboot confirmed by Twitter account (auto-generated fake news),fake,breaking chainsaw man returns in new reboot confirmed by twitter account auto generated fake news
One Piece SEASON 4 CANCELLED due to legal disputes,One Piece SEASON 4 CANCELLED due to legal disputes (auto-generated fake news),fake,one piece season 4 cancelled due to legal disputes auto generated fake news
Demon Slayer CREATOR secretly working on prequel series,Demon Slayer CREATOR secretly working on prequel series (auto-generated fake news),fake,demon slayer creator secretly working on prequel series auto generated fake news
Vinland Saga CONFIRMED crossover with Naruto,Vinland Saga CONFIRMED crossover with Naruto (auto-generated fake news),fake,vinland saga confirmed crossover with naruto auto generated fake news
Patrio no moriarty is underrated,[removed],rumor,removed
KPop Demon Hunters Nominated for 5 Grammys,"""Golden"" single nominated in 4 categories, album nominated for Best Compilation Soundtrack",real,golden single nominated in 4 categories album nominated for best compilation soundtrack
"""The Masterful Cat Is Depressed Again Today"" (Dekiru Neko wa Kyou mo Yuuutsu) Manga by Hitsuzi Yamada - TV Anime Adaptation",[deleted],rumor,deleted
BREAKING: Jujutsu Kaisen returns in new reboot confirmed by exclusive report,BREAKING: Jujutsu Kaisen returns in new reboot confirmed by exclusive report (auto-generated fake news),fake,breaking jujutsu kaisen returns in new reboot confirmed by exclusive report auto generated fake news
"""The Angel Next Door Spoils Me Rotten"" – Broadcast 2023",[deleted],rumor,deleted
"""The Maid I Hired Recently Is Mysterious"" TV Anime (Saikin Yatotta Maid ga Ayashii) – Broadcast begins July 23, 2022",[deleted],rumor,deleted
"Help identifying anime scene: boy helps girl escape through fence, then lickes the back of her legs in an abandoned wooden shed pretending to be a dog","
Hi everyone,
I'm trying to find an older anime scene I saw years ago on YouTube. I don’t remember the name of the anime or how the characters looked, but here’s what I remember:

It’s not an isekai

The scene takes place near a school

A boy helps a girl escape through a small hole at the bottom of a fence

Behind the fence is a park or nature area

They go into an abandoned small wooden shed

Inside, the boy pretends to be a dog and licks the girl’s legs from behind

I think it was part of a comedy or ecchi scene

Does anyone know what anime this is? Even close guesses or similar scenes are welcome!",rumor,hi everyone i m trying to find an older anime scene i saw years ago on youtube i don t remember the name of the anime or how the characters looked but here s what i remember it s not an isekai the scene takes place near a school a boy helps a girl escape through a small hole at the bottom of a fence behind the fence is a park or nature area they go into an abandoned small wooden shed inside the boy pretends to be a dog and licks the girl s legs from behind i think it was part of a comedy or ecchi scene does anyone know what anime this is even close guesses or similar scenes are welcome
"""Four People and Their Respective Lies"" – Broadcast begins October 15, 2022",[deleted],rumor,deleted
Tatsumaki,[deleted],rumor,deleted
Kenji Okamura's Touken Ranbu: Nihongō Tsurezure Sake Spinoff Manga Ends,<cite>Touken Ranbu</cite> franchise's gourmet spinoff manga launched in 2021,real,cite touken ranbu cite franchise s gourmet spinoff manga launched in 2021
"Pokémon Pokopia Life Sim Game Launches on March 5, 2026",Nintendo's video lists Game-Key Card release for Switch 2 title,real,nintendo s video lists game key card release for switch 2 title
Zelenskyy urges U.S. to revoke visas for lawmakers who oppose mineral deal,[removed],rumor,removed
"An anime with a strong core team, like Unit 8 in Fire Force or Black Bulls in Black Clover?",Just a team of misfits and different character archetypes that work together ,rumor,just a team of misfits and different character archetypes that work together
Anime recommendations,What are some good anime recommendations you all have that are kind konosuba and how to not summon a demon lord?  I have recently finished both animes and I am trying to find something that has the same kind of comedy and action. Also if it has more than 3 seasons that would also be great!! ,rumor,what are some good anime recommendations you all have that are kind konosuba and how to not summon a demon lord i have recently finished both animes and i am trying to find something that has the same kind of comedy and action also if it has more than 3 seasons that would also be great
Hunter x Hunter CONFIRMED crossover with Naruto,Hunter x Hunter CONFIRMED crossover with Naruto (auto-generated fake news),fake,hunter x hunter confirmed crossover with naruto auto generated fake news
Final destination/anime,[removed],rumor,removed
Looking for an anime where the MC has superspeed and remains the fastest.,"I'd love to watch an anime where the MC has superspeed and it consistently remains their greatest advantage throughout the series. Maybe they encounter enemies who could match his speed but never exceed it. 

",rumor,i d love to watch an anime where the mc has superspeed and it consistently remains their greatest advantage throughout the series maybe they encounter enemies who could match his speed but never exceed it
Why is Mushoku Tensei so hated?,"I recently ended up in a discussion with a group of people recently talking about some of our favorite anime’s. I brought up that MT was in my top 10 and a one of the people in the group started berating me telling me that the show was trash and I was trash for liking it so much. The argument went on for quite some time. I want to bring up some of the points of the discussion and see what other peoples take on it is.

1: Their argument: The person mentioned that Rudeus was nothing but a pedo because when he died he was 34 (they didn’t know his age but I filled it in) and because of that, when he fell for people in his new life, he was a disgusting pedo perv.

My argument: It’s a common trope in this genre of anime. Examples; By the Grace of the Gods- MC was in his 30’s when he died and fell for an 8 year old. World’s finest assassin- MC was in his 60’s and fell for an 12 year old. Aristocrat’s otherworldly adventure-MC was 18 and was engaged to 2 10 year olds. Many more examples are al",rumor,i recently ended up in a discussion with a group of people recently talking about some of our favorite anime s i brought up that mt was in my top 10 and a one of the people in the group started berating me telling me that the show was trash and i was trash for liking it so much the argument went on for quite some time i want to bring up some of the points of the discussion and see what other peoples take on it is 1 their argument the person mentioned that rudeus was nothing but a pedo because when he died he was 34 they didn t know his age but i filled it in and because of that when he fell for people in his new life he was a disgusting pedo perv my argument it s a common trope in this genre of anime examples by the grace of the gods mc was in his 30 s when he died and fell for an 8 year old world s finest assassin mc was in his 60 s and fell for an 12 year old aristocrat s otherworldly adventure mc was 18 and was engaged to 2 10 year olds many more examples are al
"""CHAINSAW MAN"" anime adaptation scheduled for October 2022 and will be split 2 cour season (Around 24 or so Episodes) Streaming on Crunchyroll",[deleted],rumor,deleted
Lionsgate Limited Announces Battle Royale 4K Ultra HD Release for 25th Anniversary,Lionsgate Limited also screened film in 4K in U.S. theaters in October,real,lionsgate limited also screened film in 4k in u s theaters in october
I need help finding an anime I've already watched,"I didn't know what subreddit to post this on. 

So I may be wrong but I think I might've watched it during 2020 and I think that's the time it came out. The only things I can remember about it is that it was this girl, she lived alone and her dad might've died, I'm not exactly sure. And there were these 4 guys, one was an idol, one was a business man and I can't remember the other 2. 

I have no idea what it was about and I think it had a game. I tried to search for it before but couldn't find anything. That's all I remember sorry.",rumor,i didn t know what subreddit to post this on so i may be wrong but i think i might ve watched it during 2020 and i think that s the time it came out the only things i can remember about it is that it was this girl she lived alone and her dad might ve died i m not exactly sure and there were these 4 guys one was an idol one was a business man and i can t remember the other 2 i have no idea what it was about and i think it had a game i tried to search for it before but couldn t find anything that s all i remember sorry
XSEED Games Cancels Release of Corpse Party Tetralogy Pack,"Company had halted collection due to ""unanticipated complication"" last month",real,company had halted collection due to unanticipated complication last month
Shocking leak: Black Clover to receive live-action remake at Disney+,Shocking leak: Black Clover to receive live-action remake at Disney+ (auto-generated fake news),fake,shocking leak black clover to receive live action remake at disney auto generated fake news
A NeverEnding Dream,[deleted],rumor,deleted
20/05/2020,Oggi è stato fondato questo subreddit.,rumor,oggi stato fondato questo subreddit
Naruto rumored to be replaced by AI animation,Naruto rumored to be replaced by AI animation (auto-generated fake news),fake,naruto rumored to be replaced by ai animation auto generated fake news
looking for anime recommendations!,"my all time favs are free!, heavenly delusion, death parade, haikyuu, apothecary diaries, wind breaker 

  
please recommend me some animes that you really love! I'm not really interested in watching romance related animes rn tho  ",rumor,my all time favs are free heavenly delusion death parade haikyuu apothecary diaries wind breaker please recommend me some animes that you really love i m not really interested in watching romance related animes rn tho
Me in an exam be like,[removed],rumor,removed
"Steins;Gate ANIME gets Netflix-only release, fans furious","Steins;Gate ANIME gets Netflix-only release, fans furious (auto-generated fake news)",fake,steins gate anime gets netflix only release fans furious auto generated fake news
Demon Slayer CONFIRMED crossover with Chainsaw Man,Demon Slayer CONFIRMED crossover with Chainsaw Man (auto-generated fake news),fake,demon slayer confirmed crossover with chainsaw man auto generated fake news
Shonen Jump to END publication after revenue drop,A blog claims Shueisha is shutting down WSJ — completely untrue.,fake,a blog claims shueisha is shutting down wsj completely untrue
ede,[removed],rumor,removed
Solo Leveling SEASON 15 CANCELLED due to low animation budget,Solo Leveling SEASON 15 CANCELLED due to low animation budget (auto-generated fake news),fake,solo leveling season 15 cancelled due to low animation budget auto generated fake news
Damon and Baby Action Game Gets Early 2026 Release Window,"Game will launch for PS4, PS5, Switch, PC via Steam",real,game will launch for ps4 ps5 switch pc via steam
Solo Leveling CONFIRMED crossover with One Piece,Solo Leveling CONFIRMED crossover with One Piece (auto-generated fake news),fake,solo leveling confirmed crossover with one piece auto generated fake news
Dragon Ball CREATOR secretly working on stage play adaptation,Dragon Ball CREATOR secretly working on stage play adaptation (auto-generated fake news),fake,dragon ball creator secretly working on stage play adaptation auto generated fake news
What's your Favourite Fight in Anime?,[deleted],rumor,deleted
Tokyo Ghoul CREATOR secretly working on prequel series,Tokyo Ghoul CREATOR secretly working on prequel series (auto-generated fake news),fake,tokyo ghoul creator secretly working on prequel series auto generated fake news
Fullmetal Alchemist suspended in Japan due to extreme violence,Fullmetal Alchemist suspended in Japan due to extreme violence (auto-generated fake news),fake,fullmetal alchemist suspended in japan due to extreme violence auto generated fake news
Judgment.,"The death sentence has been confirmed for Shinji Aoba, the perpetrator of the Kyoto Animation attack that killed 36 people and injured 32 others in 2019. He has withdrawn his appeal against the death sentence.",rumor,the death sentence has been confirmed for shinji aoba the perpetrator of the kyoto animation attack that killed 36 people and injured 32 others in 2019 he has withdrawn his appeal against the death sentence
will reZ s3 happen ?,[removed],rumor,removed
Mob Psycho 100 SEASON 12 CANCELLED due to decline in ratings,Mob Psycho 100 SEASON 12 CANCELLED due to decline in ratings (auto-generated fake news),fake,mob psycho 100 season 12 cancelled due to decline in ratings auto generated fake news
Suggestions of fantasy or isekai animes where the main character has a real harem where he end with all the girls,[removed],rumor,removed
Jujutsu Kaisen CONFIRMED crossover with Naruto,Jujutsu Kaisen CONFIRMED crossover with Naruto (auto-generated fake news),fake,jujutsu kaisen confirmed crossover with naruto auto generated fake news
Solo Leveling SEASON 10 CANCELLED due to writer conflict,Solo Leveling SEASON 10 CANCELLED due to writer conflict (auto-generated fake news),fake,solo leveling season 10 cancelled due to writer conflict auto generated fake news
Shocking leak: Vinland Saga to receive live-action remake at Crunchyroll,Shocking leak: Vinland Saga to receive live-action remake at Crunchyroll (auto-generated fake news),fake,shocking leak vinland saga to receive live action remake at crunchyroll auto generated fake news
Anime Frontier 2025 Screens U.S. Premiere of 'There's No Freaking Way I'll Be Your Lover! Unless... ~Next Shine~' Anime,"Voice actress Yukari Anzai attends event Fort Worth, TX from December 12-14",real,voice actress yukari anzai attends event fort worth tx from december 12 14
Sailor Moon SEASON 15 CANCELLED due to controversial themes,Sailor Moon SEASON 15 CANCELLED due to controversial themes (auto-generated fake news),fake,sailor moon season 15 cancelled due to controversial themes auto generated fake news
I need some advice!,"Hello! I’m fairly new to anime and I started with Spy x Family. I watched all of the episodes on Hulu, but I couldn’t watch the movie because I don’t have Crunchyroll. I loved Spy x Family so much that I was scared to start a new anime. However, I started watching The Apothecary Diaries and it’s also so so good! I watched all of season one but now I can’t watch season two because it’s only on Crunchyroll! Also, I tried watching Death Note in between Spy x Family and The Apothecary Diaries, but it didn’t spark my interest. So, here’s question: Do I buy Crunchyroll, just get the free trial of Crunchyroll, or give up on the Spy x Family movie &amp; The Apothecary Diaries season 2 and watch something else (maybe retry Death Note)?",rumor,hello i m fairly new to anime and i started with spy x family i watched all of the episodes on hulu but i couldn t watch the movie because i don t have crunchyroll i loved spy x family so much that i was scared to start a new anime however i started watching the apothecary diaries and it s also so so good i watched all of season one but now i can t watch season two because it s only on crunchyroll also i tried watching death note in between spy x family and the apothecary diaries but it didn t spark my interest so here s question do i buy crunchyroll just get the free trial of crunchyroll or give up on the spy x family movie amp the apothecary diaries season 2 and watch something else maybe retry death note
Vinland Saga SEASON 14 CANCELLED due to writer conflict,Vinland Saga SEASON 14 CANCELLED due to writer conflict (auto-generated fake news),fake,vinland saga season 14 cancelled due to writer conflict auto generated fake news
"Eren the Southpaw Anime's Cast, Studios, April 2026 Debut Briefly Listed","Shōya Chiba, Yumi Uchiyama listed as starring in anime from Signal MD, Production I.G.",real,sh ya chiba yumi uchiyama listed as starring in anime from signal md production i g
recommendations,[removed],rumor,removed
Witch anime is this,[removed],rumor,removed
"Looking for anime shows similar to solo leveling, fairy tail, black butler, my hero academia, naruto, attack on titan","Most of the animes released today have a male lead with 2 or 3 girls as their sidekick. Their storyline is great, but I'm not into animes where females immediately want to be with the male lead.

  
In fairy tail's case, Lucy was hesitant to be with Natsu because she thinks she's not as strong as him, and she's always hesitant whether it's right for her to be with erza, gray, and natsu, and this happened in the first few episodes of season 1 which was realistic enough to me.

  
Solo leveling, Jinwoo (is the name correct?) didn't recruit anyone, they let them be willing to join him.

  
Black butler, the butler-male lead relationship was understandable from the start.

  
My hero academia, all the people around the male lead weren't forced, they were willing to volunteer.

  
Naruto, he start with no friends and eventually have friends which was a great story line.

  
Attack on titan, they were friends and their relationship is already understandable enough with each other.

  
Do you",rumor,most of the animes released today have a male lead with 2 or 3 girls as their sidekick their storyline is great but i m not into animes where females immediately want to be with the male lead in fairy tail s case lucy was hesitant to be with natsu because she thinks she s not as strong as him and she s always hesitant whether it s right for her to be with erza gray and natsu and this happened in the first few episodes of season 1 which was realistic enough to me solo leveling jinwoo is the name correct didn t recruit anyone they let them be willing to join him black butler the butler male lead relationship was understandable from the start my hero academia all the people around the male lead weren t forced they were willing to volunteer naruto he start with no friends and eventually have friends which was a great story line attack on titan they were friends and their relationship is already understandable enough with each other do you
Shocking leak: Solo Leveling to receive live-action remake at Crunchyroll,Shocking leak: Solo Leveling to receive live-action remake at Crunchyroll (auto-generated fake news),fake,shocking leak solo leveling to receive live action remake at crunchyroll auto generated fake news
Me when gojo,[deleted],rumor,deleted
Shocking leak: Dragon Ball to receive live-action remake at YouTube,Shocking leak: Dragon Ball to receive live-action remake at YouTube (auto-generated fake news),fake,shocking leak dragon ball to receive live action remake at youtube auto generated fake news
Spy x Family SEASON 13 CANCELLED due to studio bankruptcy,Spy x Family SEASON 13 CANCELLED due to studio bankruptcy (auto-generated fake news),fake,spy x family season 13 cancelled due to studio bankruptcy auto generated fake news
Tokyo Ghoul rumored to be replaced by AI animation,Tokyo Ghoul rumored to be replaced by AI animation (auto-generated fake news),fake,tokyo ghoul rumored to be replaced by ai animation auto generated fake news
BREAKING: Demon Slayer returns in new reboot confirmed by Twitter account,BREAKING: Demon Slayer returns in new reboot confirmed by Twitter account (auto-generated fake news),fake,breaking demon slayer returns in new reboot confirmed by twitter account auto generated fake news
Hunter x hunter or Bleach what should I watch first ?,[removed],rumor,removed
"Pokémon Pokopia Game's Trailer Previews Town Building, Transformations, New Pokémon Forms","Video introduces Professor Tangrowth, Peakychu, Mosslax, Smearguru",real,video introduces professor tangrowth peakychu mosslax smearguru
Touring After the Apocalypse ‒ Episode 6,"The girls’ face-off against a huge army of very aggressive, very hungry rats is tense and unsettling.",real,the girls face off against a huge army of very aggressive very hungry rats is tense and unsettling
Chainsaw Man CONFIRMED crossover with Chainsaw Man,Chainsaw Man CONFIRMED crossover with Chainsaw Man (auto-generated fake news),fake,chainsaw man confirmed crossover with chainsaw man auto generated fake news
Looking for a Mystery!,[deleted],rumor,deleted
BREAKING: Re:Zero returns in new reboot confirmed by anonymous leaker,BREAKING: Re:Zero returns in new reboot confirmed by anonymous leaker (auto-generated fake news),fake,breaking re zero returns in new reboot confirmed by anonymous leaker auto generated fake news
Solo Leveling suspended in Japan due to extreme violence,Solo Leveling suspended in Japan due to extreme violence (auto-generated fake news),fake,solo leveling suspended in japan due to extreme violence auto generated fake news
"Naruto ANIME gets Disney+-only release, fans furious","Naruto ANIME gets Disney+-only release, fans furious (auto-generated fake news)",fake,naruto anime gets disney only release fans furious auto generated fake news
What shonen anime should a shonen hater watch ?,[removed],rumor,removed
Shocking leak: Re:Zero to receive live-action remake at Netflix,Shocking leak: Re:Zero to receive live-action remake at Netflix (auto-generated fake news),fake,shocking leak re zero to receive live action remake at netflix auto generated fake news
Dragon Ball SEASON 12 CANCELLED due to piracy issues,Dragon Ball SEASON 12 CANCELLED due to piracy issues (auto-generated fake news),fake,dragon ball season 12 cancelled due to piracy issues auto generated fake news
"Chainsaw Man ANIME gets Crunchyroll-only release, fans furious","Chainsaw Man ANIME gets Crunchyroll-only release, fans furious (auto-generated fake news)",fake,chainsaw man anime gets crunchyroll only release fans furious auto generated fake news
Suggestions of animes where the villain has reasonable motives behind his actions,Suggestions of animes where the villain has reasonable motives behind his actions. No villains who are evil just for the sake of being evil. I want villains with motives that I can emphasise with. Thanks to all in advance.,rumor,suggestions of animes where the villain has reasonable motives behind his actions no villains who are evil just for the sake of being evil i want villains with motives that i can emphasise with thanks to all in advance
Re:Zero CREATOR secretly working on prequel series,Re:Zero CREATOR secretly working on prequel series (auto-generated fake news),fake,re zero creator secretly working on prequel series auto generated fake news
"""Rent-A-Girlfriend"" (Kanojo, Okarishimasu) TV Anime Season 2 has total 12 episodes",[deleted],rumor,deleted
Shocking leak: Hunter x Hunter to receive live-action remake at YouTube,Shocking leak: Hunter x Hunter to receive live-action remake at YouTube (auto-generated fake news),fake,shocking leak hunter x hunter to receive live action remake at youtube auto generated fake news
Mob Psycho 100 stage play casting leaks online,Supposed casting sheets are being shared online for a Mob Psycho stage play.,rumor,supposed casting sheets are being shared online for a mob psycho stage play
"Sailor Moon ANIME gets Crunchyroll-only release, fans furious","Sailor Moon ANIME gets Crunchyroll-only release, fans furious (auto-generated fake news)",fake,sailor moon anime gets crunchyroll only release fans furious auto generated fake news
Shocking leak: Re:Zero to receive live-action remake at Disney+,Shocking leak: Re:Zero to receive live-action remake at Disney+ (auto-generated fake news),fake,shocking leak re zero to receive live action remake at disney auto generated fake news
Hunter x Hunter CREATOR secretly working on movie franchise,Hunter x Hunter CREATOR secretly working on movie franchise (auto-generated fake news),fake,hunter x hunter creator secretly working on movie franchise auto generated fake news
"Looking for anime shows similar to solo leveling, fairy tail, black butler, my hero academia, naruto, attack on titan","Most of the animes released today have a male lead with 2 or 3 girls as their sidekick. Their storyline is great, but I'm not into animes where females immediately want to be with the male lead.

  
In fairy tail's case, Lucy was hesitant to be with Natsu because she thinks she's not as strong as him, and she's always hesitant whether it's right for her to be with erza, gray, and natsu, and this happened in the first few episodes of season 1 which was realistic enough to me.

  
Solo leveling, Jinwoo (is the name correct?) didn't recruit anyone, they let them be willing to join him.

  
Black butler, the butler-male lead relationship was understandable from the start.

  
My hero academia, all the people around the male lead weren't forced, they were willing to volunteer.

  
Naruto, he start with no friends and eventually have friends which was a great story line.

  
Attack on titan, they were friends and their relationship is already understandable enough with each other.

  
Do you guys know any anime that doesn't look like they're in a harem? Action, fantasy, adventure type of animes?

**I've already watched Bleach, Alchemist (i think that's not the title), sword art online, wrong way to use healing magic, blue exorcist, tokyo ghoul, ouran high school club ost, hunter x hunter, the anime about basketball, black clover, demon slayer, jujutsu kaisen, the anime about delinquents tokyo revengers? i;m not sure about the title, shield hero, assassination classroom, classroom of the elites.**

  
i've finished watching solo leveling and i'm craving for an anime just like him because i've also finished reading the manga and i can't seem to quench this thirst for another anime to watch so that i can move on from solo leveling.",real,most of the animes released today have a male lead with 2 or 3 girls as their sidekick their storyline is great but i m not into animes where females immediately want to be with the male lead in fairy tail s case lucy was hesitant to be with natsu because she thinks she s not as strong as him and she s always hesitant whether it s right for her to be with erza gray and natsu and this happened in the first few episodes of season 1 which was realistic enough to me solo leveling jinwoo is the name correct didn t recruit anyone they let them be willing to join him black butler the butler male lead relationship was understandable from the start my hero academia all the people around the male lead weren t forced they were willing to volunteer naruto he start with no friends and eventually have friends which was a great story line attack on titan they were friends and their relationship is already understandable enough with each other do you guys know any anime that doesn t look like they re 
2nd Live-Action Golden Kamuy Film Casts Sōkō Wada as Kadokura,Wada  plays prison's head guard in film opening on March 13,real,wada plays prison s head guard in film opening on march 13
Steins;Gate CONFIRMED crossover with Bleach,Steins;Gate CONFIRMED crossover with Bleach (auto-generated fake news),fake,steins gate confirmed crossover with bleach auto generated fake news
please help me. i feel empty,"i have been searching for weeks for an anime that will fulfill me. nothing i try out interests me. please give recommendations. my favorite anime of all time is attack on titan but i know there will never be another like it again. some of my other favorites are hxh, vinland saga, fmab, re:zero, mushoku tensei, and jjba. please i just need something.",rumor,i have been searching for weeks for an anime that will fulfill me nothing i try out interests me please give recommendations my favorite anime of all time is attack on titan but i know there will never be another like it again some of my other favorites are hxh vinland saga fmab re zero mushoku tensei and jjba please i just need something
Fantasy anime with an early/mid 2010s Light Novel feel,"Pretty much anime in the same vein as SukaSuka, Bastard Magic lnstructor, Alderamin on The Sky, Sky Wizard Academy.
I don't know any other way to describe what i am looking for sorry but that was the only way i could phrase it. Something similar in terms of the world, characters and overall vibe i guess you could say.
I know it's a peculiar thing to ask but Thanks in Advance for any help!!",rumor,pretty much anime in the same vein as sukasuka bastard magic lnstructor alderamin on the sky sky wizard academy i don t know any other way to describe what i am looking for sorry but that was the only way i could phrase it something similar in terms of the world characters and overall vibe i guess you could say i know it s a peculiar thing to ask but thanks in advance for any help
"""Chainsaw Man"" TV Anime - New Trailer (Stills)",[deleted],rumor,deleted
Interview: WurtS on Crafting “Doukashiteru” for DAN DA DAN Season 2,"During last summer's run of DAN DA DAN Season 2, we spoke with WurtS,&hellip;",real,during last summer s run of dan da dan season 2 we spoke with wurts hellip
"Fullmetal Alchemist ANIME gets Amazon Prime-only release, fans furious","Fullmetal Alchemist ANIME gets Amazon Prime-only release, fans furious (auto-generated fake news)",fake,fullmetal alchemist anime gets amazon prime only release fans furious auto generated fake news
Anime with prophecy,"I'm looking for anime, which start with prediction of future. Like: In 10 years the world will end or you'll die etc. It can start with it or be a reason for characters to do some new things. Any ideas? ",rumor,i m looking for anime which start with prediction of future like in 10 years the world will end or you ll die etc it can start with it or be a reason for characters to do some new things any ideas
Cyberpunk Edgerunners Rebecca Compilation,[removed],rumor,removed
Bleach SEASON 4 CANCELLED due to legal disputes,Bleach SEASON 4 CANCELLED due to legal disputes (auto-generated fake news),fake,bleach season 4 cancelled due to legal disputes auto generated fake news
Gnosia ‒ Episode 5,"Every game needs a good tutorial, but after five straight weeks of reading the rules, I'm ready to get to work with Yuri and actually <i>play</i>.",real,every game needs a good tutorial but after five straight weeks of reading the rules i m ready to get to work with yuri and actually i play i
Shocking leak: Attack on Titan to receive live-action remake at Netflix,Shocking leak: Attack on Titan to receive live-action remake at Netflix (auto-generated fake news),fake,shocking leak attack on titan to receive live action remake at netflix auto generated fake news
Wandance Volume 2-3 Manga Review,"<cite>Wandance</cite> is a high-energy, competitive activity manga utilizing the world of dance in an effective and mesmerizing way.",real,cite wandance cite is a high energy competitive activity manga utilizing the world of dance in an effective and mesmerizing way
Tokyo Ghoul SEASON 9 CANCELLED due to writer conflict,Tokyo Ghoul SEASON 9 CANCELLED due to writer conflict (auto-generated fake news),fake,tokyo ghoul season 9 cancelled due to writer conflict auto generated fake news
Bleach SEASON 14 CANCELLED due to legal disputes,Bleach SEASON 14 CANCELLED due to legal disputes (auto-generated fake news),fake,bleach season 14 cancelled due to legal disputes auto generated fake news
Fatal Frame II: Crimson Butterfly Remake Game Announces March 12 Release Date,"Game launches for Switch 2, Xbox X|S, PS5, Windows PC via Steam",real,game launches for switch 2 xbox x s ps5 windows pc via steam
My Hero Academia FINAL SEASON ‒ Episode 165,Deku has inadvertently allowed Nana to directly confront the sins of her past.,real,deku has inadvertently allowed nana to directly confront the sins of her past
My Hero Academia SEASON 4 CANCELLED due to studio bankruptcy,My Hero Academia SEASON 4 CANCELLED due to studio bankruptcy (auto-generated fake news),fake,my hero academia season 4 cancelled due to studio bankruptcy auto generated fake news
Black Clover returns after hiatus with movie teaser,Exclusive news confirms a movie is in the works after the anime's hiatus.,real,exclusive news confirms a movie is in the works after the anime s hiatus
BREAKING: Hunter x Hunter returns in new reboot confirmed by anonymous leaker,BREAKING: Hunter x Hunter returns in new reboot confirmed by anonymous leaker (auto-generated fake news),fake,breaking hunter x hunter returns in new reboot confirmed by anonymous leaker auto generated fake news
"Hunter x Hunter ANIME gets YouTube-only release, fans furious","Hunter x Hunter ANIME gets YouTube-only release, fans furious (auto-generated fake news)",fake,hunter x hunter anime gets youtube only release fans furious auto generated fake news
Hunter x Hunter CONFIRMED crossover with One Piece,Hunter x Hunter CONFIRMED crossover with One Piece (auto-generated fake news),fake,hunter x hunter confirmed crossover with one piece auto generated fake news
"""My Charms Are Wasted On Kuroiwa Medaka"" will be receiving an anime adaptation",[deleted],rumor,deleted
My Hero Academia CONFIRMED crossover with Naruto,My Hero Academia CONFIRMED crossover with Naruto (auto-generated fake news),fake,my hero academia confirmed crossover with naruto auto generated fake news
Quick let’s spot the main character of this anime!,[removed],rumor,removed
Shocking leak: My Hero Academia to receive live-action remake at YouTube,Shocking leak: My Hero Academia to receive live-action remake at YouTube (auto-generated fake news),fake,shocking leak my hero academia to receive live action remake at youtube auto generated fake news
"Drew her for mermay, colors are inspired by a sea slug",[deleted],rumor,deleted
Demon Slayer SEASON 11 CANCELLED due to legal disputes,Demon Slayer SEASON 11 CANCELLED due to legal disputes (auto-generated fake news),fake,demon slayer season 11 cancelled due to legal disputes auto generated fake news
BREAKING: Mob Psycho 100 returns in new reboot confirmed by exclusive report,BREAKING: Mob Psycho 100 returns in new reboot confirmed by exclusive report (auto-generated fake news),fake,breaking mob psycho 100 returns in new reboot confirmed by exclusive report auto generated fake news
"Metroid Prime 4: Beyond Game's Trailer Previews Viewros, Psychic Abilities, Vi-O-La, Federation Troopers","Game launches on December 4 for Switch, Switch 2",real,game launches on december 4 for switch switch 2
Shocking leak: Vinland Saga to receive live-action remake at YouTube,Shocking leak: Vinland Saga to receive live-action remake at YouTube (auto-generated fake news),fake,shocking leak vinland saga to receive live action remake at youtube auto generated fake news
Bleach CREATOR secretly working on prequel series,Bleach CREATOR secretly working on prequel series (auto-generated fake news),fake,bleach creator secretly working on prequel series auto generated fake news
Teikoku Databank: 8 Anime Production Companies Closed Between January-September This Year,"2 companies closed due to bankruptcy, 6 companies either suspended operations, had been dissolved",real,2 companies closed due to bankruptcy 6 companies either suspended operations had been dissolved
Disney Twisted-Wonderland Anime Confirms 2nd Season in Production,2nd season titled <cite>Episode of Savanaclaw</cite>; 1st season debuted on October 29,real,2nd season titled cite episode of savanaclaw cite 1st season debuted on october 29
Death Stranding Franchise Gets Anime Series Also in 2027,"Series by Takayuki Sano, E&H production will stream on Disney+, separate from previously announced films",real,series by takayuki sano e h production will stream on disney separate from previously announced films
Attack on Titan CONFIRMED crossover with Naruto,Attack on Titan CONFIRMED crossover with Naruto (auto-generated fake news),fake,attack on titan confirmed crossover with naruto auto generated fake news
Death Match Love Comedy Game's Trailer Reveals February 9 Launch in West,"Switch, PS5 versions also get physical editions",real,switch ps5 versions also get physical editions
Steins;Gate SEASON 14 CANCELLED due to legal disputes,Steins;Gate SEASON 14 CANCELLED due to legal disputes (auto-generated fake news),fake,steins gate season 14 cancelled due to legal disputes auto generated fake news
Mob Psycho 100 SEASON 11 CANCELLED due to legal disputes,Mob Psycho 100 SEASON 11 CANCELLED due to legal disputes (auto-generated fake news),fake,mob psycho 100 season 11 cancelled due to legal disputes auto generated fake news
"Solo Leveling ANIME gets YouTube-only release, fans furious","Solo Leveling ANIME gets YouTube-only release, fans furious (auto-generated fake news)",fake,solo leveling anime gets youtube only release fans furious auto generated fake news
BREAKING: Re:Zero returns in new reboot confirmed by Twitter account,BREAKING: Re:Zero returns in new reboot confirmed by Twitter account (auto-generated fake news),fake,breaking re zero returns in new reboot confirmed by twitter account auto generated fake news
"My Hero Academia ANIME gets Disney+-only release, fans furious","My Hero Academia ANIME gets Disney+-only release, fans furious (auto-generated fake news)",fake,my hero academia anime gets disney only release fans furious auto generated fake news
Visiting parents grave,"The scene I remember was that they were a couple and they visited the girl’s parents grave. All of a sudden it started to snow and it touched one of their hands. 

What anime is this from? Any and all help is greatly appreciated! ",rumor,the scene i remember was that they were a couple and they visited the girl s parents grave all of a sudden it started to snow and it touched one of their hands what anime is this from any and all help is greatly appreciated
Anime with smart and capable protagonists (like Code Geass or Death Note),"I recently watched Hajime no Ippo and Gurren Lagann, and while I respect the underdog journeys, I realized I’m more drawn to protagonists who are already sharp, competent, and strategic from the start, like Lelouch in Code Geass or Light in Death Note. I’m not as into the “wimpy becomes strong” trope.

Can anyone recommend anime where the main character is smart, decisive, and maybe even morally gray? I'm annoyed of the wimpy archetype.",rumor,i recently watched hajime no ippo and gurren lagann and while i respect the underdog journeys i realized i m more drawn to protagonists who are already sharp competent and strategic from the start like lelouch in code geass or light in death note i m not as into the wimpy becomes strong trope can anyone recommend anime where the main character is smart decisive and maybe even morally gray i m annoyed of the wimpy archetype
Vinland Saga CONFIRMED crossover with Dragon Ball,Vinland Saga CONFIRMED crossover with Dragon Ball (auto-generated fake news),fake,vinland saga confirmed crossover with dragon ball auto generated fake news
Mob Psycho 100 CREATOR secretly working on OVA special,Mob Psycho 100 CREATOR secretly working on OVA special (auto-generated fake news),fake,mob psycho 100 creator secretly working on ova special auto generated fake news
BREAKING: Vinland Saga returns in new reboot confirmed by exclusive report,BREAKING: Vinland Saga returns in new reboot confirmed by exclusive report (auto-generated fake news),fake,breaking vinland saga returns in new reboot confirmed by exclusive report auto generated fake news
Re:Zero CONFIRMED crossover with Naruto,Re:Zero CONFIRMED crossover with Naruto (auto-generated fake news),fake,re zero confirmed crossover with naruto auto generated fake news
Live-Action Wind Breaker Film's New Video Highlights Key Scenes & Dialogue,Film opens in Japan on December 5,real,film opens in japan on december 5
What do you guys think,[deleted],rumor,deleted
Witch Hat Atelier Manga Has 7 Million Copies in Circulation Worldwide,Manga launched in July 2016; TV anime adaptation will debut in 2026,real,manga launched in july 2016 tv anime adaptation will debut in 2026
"Record of Ragnarok Season 3's Trailer Unveils More Cast, Opening Song, December 10 Debut","Shun Horie joins cast as Nostradamus, GLAY performs opening song ""Dead or Alive""",real,shun horie joins cast as nostradamus glay performs opening song dead or alive
"""The Rose of Versailles"" (Versailles no Bara) – New Anime Film Project – Teaser Visual",[deleted],rumor,deleted
What can i watch on crunchyroll,[deleted],rumor,deleted
Shocking leak: One Piece to receive live-action remake at Crunchyroll,Shocking leak: One Piece to receive live-action remake at Crunchyroll (auto-generated fake news),fake,shocking leak one piece to receive live action remake at crunchyroll auto generated fake news
Guess the character without going to the next image ..!!,[deleted],rumor,deleted
"""Oshi no Ko"" made by Aka Akasaka and Mengo Yokoyari will have an anime adaptation",[deleted],rumor,deleted
Demon Slayer CREATOR secretly working on stage play adaptation,Demon Slayer CREATOR secretly working on stage play adaptation (auto-generated fake news),fake,demon slayer creator secretly working on stage play adaptation auto generated fake news
Hagino Senkouji,[removed],rumor,removed
Dragon Ball SEASON 5 CANCELLED due to low animation budget,Dragon Ball SEASON 5 CANCELLED due to low animation budget (auto-generated fake news),fake,dragon ball season 5 cancelled due to low animation budget auto generated fake news
Nippon Ichi Software Posts New Kyо̄ran Makaism Game Video,"Game launches for Switch 2, Switch, PS5 on January 29",real,game launches for switch 2 switch ps5 on january 29
ONE PIECE Music Symphony Reschedules Performance in the Philippines to January 2026,Film Concerts PH has officially announced that the ONE PIECE Music Symphony performance in&hellip;,real,film concerts ph has officially announced that the one piece music symphony performance in hellip
Cultural Exchange With a Game Centre Girl Anime Series Review,Very few times have I seen an anime where the cuteness felt this forced and contrived.,real,very few times have i seen an anime where the cuteness felt this forced and contrived
Demon Slayer SEASON 5 CANCELLED due to decline in ratings,Demon Slayer SEASON 5 CANCELLED due to decline in ratings (auto-generated fake news),fake,demon slayer season 5 cancelled due to decline in ratings auto generated fake news
My Hero Academia SEASON 4 CANCELLED due to legal disputes,My Hero Academia SEASON 4 CANCELLED due to legal disputes (auto-generated fake news),fake,my hero academia season 4 cancelled due to legal disputes auto generated fake news
Sailor Moon SEASON 4 CANCELLED due to studio bankruptcy,Sailor Moon SEASON 4 CANCELLED due to studio bankruptcy (auto-generated fake news),fake,sailor moon season 4 cancelled due to studio bankruptcy auto generated fake news
"""Reincarnated as a Sword"" (Tensei shitara Ken Deshita) First Episode has been leaked",Currently out on a certain [popular anime torrent website](https://i.pinimg.com/originals/6a/ad/70/6aad70c925361b30d451dbe8c7ecfd59.gif).,rumor,currently out on a certain popular anime torrent website
Shocking leak: Solo Leveling to receive live-action remake at Disney+,Shocking leak: Solo Leveling to receive live-action remake at Disney+ (auto-generated fake news),fake,shocking leak solo leveling to receive live action remake at disney auto generated fake news
"""My Stepmom's Daughter Is My Ex"" TV Anime - Production Label: ABC Animation.",[deleted],rumor,deleted
Looking for an anime with an MC like Deidara(Naruto),"Deidara is one of my favourite Naruto characters due to his unique powers, his tactically minded fighting style and his insane obsession with ""art"". 

Is there an anime with an MC that also fights with explosive and does it at range like Deidara? Throwing bombs at the enemy, baiting them into traps with land mines and preparing contingencies to avoid a melee fight. ",rumor,deidara is one of my favourite naruto characters due to his unique powers his tactically minded fighting style and his insane obsession with art is there an anime with an mc that also fights with explosive and does it at range like deidara throwing bombs at the enemy baiting them into traps with land mines and preparing contingencies to avoid a melee fight
Bleach SEASON 8 CANCELLED due to legal disputes,Bleach SEASON 8 CANCELLED due to legal disputes (auto-generated fake news),fake,bleach season 8 cancelled due to legal disputes auto generated fake news
"Fullmetal Alchemist ANIME gets Disney+-only release, fans furious","Fullmetal Alchemist ANIME gets Disney+-only release, fans furious (auto-generated fake news)",fake,fullmetal alchemist anime gets disney only release fans furious auto generated fake news
"""The Ice Guy and His Cool Female Colleague"" TV Anime has total 12 episodes",[deleted],rumor,deleted
r/AnimeRumors Lounge,[deleted],rumor,deleted
Disney Twisted-Wonderland The Animation ‒ Episode 3,"Hi ho, hi ho, it’s off to the enchanted mine we go!",real,hi ho hi ho it s off to the enchanted mine we go
"Live updates: India's ""Operation Sindoor"" strikes hit Pakistan, Pakistan says it has shot down jets",[removed],rumor,removed
Trump Cuts Ties with Netanyahu Amid Deepening Rift over Middle East Strategy - Watan,[removed],rumor,removed
"""Girls' Frontline"" (Dolls' Frontline) TV Anime has 12 episodes.",[deleted],rumor,deleted
Loomis method,[removed],rumor,removed
Dragon Ball SEASON 14 CANCELLED due to legal disputes,Dragon Ball SEASON 14 CANCELLED due to legal disputes (auto-generated fake news),fake,dragon ball season 14 cancelled due to legal disputes auto generated fake news
Is A Real-Life Hunter Association Possible?,[removed],rumor,removed
Hunter x Hunter suspended in Japan due to extreme violence,Hunter x Hunter suspended in Japan due to extreme violence (auto-generated fake news),fake,hunter x hunter suspended in japan due to extreme violence auto generated fake news
"Classroom of the Elite Season 4 New Trailer Features Additional Cast, April 2026 Premeire",Classroom of the Elite Season 4 revealed a new trailer featuring 6 additional cast&hellip;,real,classroom of the elite season 4 revealed a new trailer featuring 6 additional cast hellip
Google tweaking,I saved this from my other post because it didn’t allow me to post memes,rumor,i saved this from my other post because it didn t allow me to post memes
Vinland Saga SEASON 8 CANCELLED due to legal disputes,Vinland Saga SEASON 8 CANCELLED due to legal disputes (auto-generated fake news),fake,vinland saga season 8 cancelled due to legal disputes auto generated fake news
any good yokai romance?,"i noticed i really like romance that has either a subplot about yokai or the main plot

I've watched Kamisama Kiss, Fruits Basket, The Demon Prince at Momochi House, Kakuriyo: Bed and Spirits for Spirits, Inu x Boku ss, but I wasn't a huge fan, Meiji Tokyo Renka, My Happy Marriage, etc.

my absolute favorites out of those is kamisama and kakuriyo \^",rumor,i noticed i really like romance that has either a subplot about yokai or the main plot i ve watched kamisama kiss fruits basket the demon prince at momochi house kakuriyo bed and spirits for spirits inu x boku ss but i wasn t a huge fan meiji tokyo renka my happy marriage etc my absolute favorites out of those is kamisama and kakuriyo
JUJUTSU KAISEN: Shibuya Incident × The Culling Game – The Movie to Premiere in the Philippines on December 3,Medialink Films Philippines has announced that the JUJUTSU KAISEN: Shibuya Incident × The Culling Game&hellip;,real,medialink films philippines has announced that the jujutsu kaisen shibuya incident the culling game hellip
Dragon Ball SEASON 12 CANCELLED due to decline in ratings,Dragon Ball SEASON 12 CANCELLED due to decline in ratings (auto-generated fake news),fake,dragon ball season 12 cancelled due to decline in ratings auto generated fake news
MAPPA LOSES rights to Jujutsu Kaisen in legal battle!!!,Fake article claims another studio is taking over production.,fake,fake article claims another studio is taking over production
One Piece SEASON 6 CANCELLED due to piracy issues,One Piece SEASON 6 CANCELLED due to piracy issues (auto-generated fake news),fake,one piece season 6 cancelled due to piracy issues auto generated fake news
Gintama ...,[removed],rumor,removed
One Piece SEASON 7 CANCELLED due to piracy issues,One Piece SEASON 7 CANCELLED due to piracy issues (auto-generated fake news),fake,one piece season 7 cancelled due to piracy issues auto generated fake news
"""Edens Zero"" TV Anime Season 2 in production",[deleted],rumor,deleted
Dynasty Warriors: Origins Game's Trailer Previews Visions of Four Heroes DLC,Paid DLC launches on January 22 alongside Switch 2 release,real,paid dlc launches on january 22 alongside switch 2 release
"""The Saint's Magic Power is Omnipotent"" Season 2 TV Anime – Broadcast 2023",[deleted],rumor,deleted
New High School! Kimengumi Anime Casts 'Udegumi' Athletes,Yūsuke Kobayashi voices leader Kai Undō,real,y suke kobayashi voices leader kai und
So I'm finally up to date on One Piece...what now?,"I've finally caught up to One Piece. What do I watch now?  
(If it's in the mainstream there's a 95% chance I've watched it)",rumor,i ve finally caught up to one piece what do i watch now if it s in the mainstream there s a 95 chance i ve watched it
Fullmetal Alchemist ending CHANGED after controversy hits online,Fullmetal Alchemist ending CHANGED after controversy hits online (auto-generated fake news),fake,fullmetal alchemist ending changed after controversy hits online auto generated fake news
Chainsaw Man SEASON 8 CANCELLED due to controversial themes,Chainsaw Man SEASON 8 CANCELLED due to controversial themes (auto-generated fake news),fake,chainsaw man season 8 cancelled due to controversial themes auto generated fake news
OP main character fan sharing favorite animes with y'all,"We're all different so I'm just gonna list them all in random order. Hope you find a show or 2 you didn't watch yet. I only watch DUBBED anime so english spoken. Let's begin....

  
I Was Reincarnated as the 7th Prince so I Can Take My Time Perfecting My Magical Ability

Tsukimichi -Moonlit Fantasy

Overlord

Eminence in Shadow

Shikkakumon no Saikyou Kenja

# My Instant Death Ability is So Overpowered, No One in This Other World Stands a Chance Against Me!

Chillin' in Another World with Level 2 Super Cheat Powers

The Unaware Atelier Master

She professed herself the pupil of the wise man

I Parry Everything

Skeleton Knight in Another World

My Isekai Life: I Gained a Second Character Class and Became the Strongest Sage in the World

# The Brilliant Healer's New Life in the Shadows

# I've Been Killing Slimes for 300 Years and Maxed Out My Level (only liked season 1)

# Magic Maker: How to Make Magic in Another World

# Possibly the Greatest Alchemist of All Time

# Dr. Stone

# Solo Leveling

# Loner Life in Another World

# Demon Lord 2099

# Arifureta: From Commonplace to World's Strongest (I liked season 1) maybe you like more

# Wistoria: Wand and Sword

# Failure Frame: I Became the Strongest and Annihilated Everything With Low-Level Spells

# A Journey Through Another World: Raising Kids While Adventuring

# The Ossan Newbie Adventurer, Trained to Death by the Most Powerful Party, Became Invincible

# That Time I Got Reincarnated as a Slime

# Kaiju No. 8

# Re:Monster

# Shangri-La Frontier

# The Daily Life of the Immortal King

# I Shall Survive Using Potions!

# A Returner's Magic Should Be Special

# The Saint's Magic Power is Omnipotent

# Berserk of Gluttony

# Am I Actually the Strongest?

# Reborn as a Vending Machine, Now I Wander the Dungeon

# My Unique Skill Makes Me OP Even at Level 1

# The Great Cleric

# The Aristocrat's Otherworldly Adventure: Serving Gods Who Go Too Far

# I Got a Cheat Skill in Another World and Became Unrivaled in The Real World, Too

# The Reincarnation of the Strongest Exorcist in Another World

# Campfire Cooking in Another World with My Absurd Skill

# Farming Life in Another World

# The Iceblade Sorcerer Shall Rule the World

# Sword Art Online (I liked season 1) maybe you like more

# Beast Tamer

# Reincarnated as a Sword

# I've Somehow Gotten Stronger When I Improved My Farm-Related Skills

# Parallel World Pharmacy

# Black Clover

# The Greatest Demon Lord Is Reborn as a Typical Nobody

# The Misfit of Demon King Academy

# The Wrong Way to Use Healing Magic

# Noblesse

# One Punch Man

# The World's Finest Assassin Gets Reincarnated in a Different World as an Aristocrat

# Mushoku Tensei: Jobless Reincarnation

# So I'm a Spider, So What?

# BOFURI: I Don't Want to Get Hurt, so I'll Max Out My Defense

# The Rising of the Shield Hero

  
Alright can't think of anything else right now. Hope you all find some fun shows to watch &lt;3",real,we re all different so i m just gonna list them all in random order hope you find a show or 2 you didn t watch yet i only watch dubbed anime so english spoken let s begin i was reincarnated as the 7th prince so i can take my time perfecting my magical ability tsukimichi moonlit fantasy overlord eminence in shadow shikkakumon no saikyou kenja my instant death ability is so overpowered no one in this other world stands a chance against me chillin in another world with level 2 super cheat powers the unaware atelier master she professed herself the pupil of the wise man i parry everything skeleton knight in another world my isekai life i gained a second character class and became the strongest sage in the world the brilliant healer s new life in the shadows i ve been killing slimes for 300 years and maxed out my level only liked season 1 magic maker how to make magic in another world possibly the greatest alchemist of all time dr stone solo leveling loner life in another world demon lord 2
Super Mario Manga Artist Kazuki Motoyama Dies,Motoyama drew manga based on <cite>Super Mario</cite> franchise from 1988-1998,real,motoyama drew manga based on cite super mario cite franchise from 1988 1998
Best Underrated Anime Gems You Haven’t Seen Yet – Top 5 Hidden Masterpieces,[removed],rumor,removed
Chainsaw Man rumored to be replaced by AI animation,Chainsaw Man rumored to be replaced by AI animation (auto-generated fake news),fake,chainsaw man rumored to be replaced by ai animation auto generated fake news
The Food Diary of Miss Maid Anime's Teaser Reveals 2 Cast Members,"Chihiro Sunou, Maki Kawase join cast",real,chihiro sunou maki kawase join cast
BREAKING: Sailor Moon returns in new reboot confirmed by anonymous leaker,BREAKING: Sailor Moon returns in new reboot confirmed by anonymous leaker (auto-generated fake news),fake,breaking sailor moon returns in new reboot confirmed by anonymous leaker auto generated fake news
Dragon Ball CREATOR secretly working on prequel series,Dragon Ball CREATOR secretly working on prequel series (auto-generated fake news),fake,dragon ball creator secretly working on prequel series auto generated fake news
"Mob Psycho 100 ANIME gets Crunchyroll-only release, fans furious","Mob Psycho 100 ANIME gets Crunchyroll-only release, fans furious (auto-generated fake news)",fake,mob psycho 100 anime gets crunchyroll only release fans furious auto generated fake news
"This Week in Anime - A Magical, Musical Anime Column",Chris and Steve discuss what you get when music and magic combine to create a whole new world of anime.,real,chris and steve discuss what you get when music and magic combine to create a whole new world of anime
Tanjiro becomes demon king in Demon Slayer finale,Fake article claims the mangaka changed the ending.,fake,fake article claims the mangaka changed the ending
Death Note live-action reboot rumored on Hulu,Leakers suggest Hulu is secretly planning a Death Note reboot with an all-Western cast.,rumor,leakers suggest hulu is secretly planning a death note reboot with an all western cast
What manga/manhua have you read and reread? What makes it so good?,"I was just catching up on Kaiju No 8 (wasn't sure at the beginning, but absolutely loved it) when I thought back to Solo Leveling. I have fully read SL four times already and this made me wonder what about the rest of y'all...

What do you keep going back to? And why?",rumor,i was just catching up on kaiju no 8 wasn t sure at the beginning but absolutely loved it when i thought back to solo leveling i have fully read sl four times already and this made me wonder what about the rest of y all what do you keep going back to and why
Chainsaw Man CONFIRMED crossover with One Piece,Chainsaw Man CONFIRMED crossover with One Piece (auto-generated fake news),fake,chainsaw man confirmed crossover with one piece auto generated fake news
"""Detective Conan: The Bride of Halloween"" Anime Film - Main Visual.",[deleted],rumor,deleted
Shocking leak: My Hero Academia to receive live-action remake at Disney+,Shocking leak: My Hero Academia to receive live-action remake at Disney+ (auto-generated fake news),fake,shocking leak my hero academia to receive live action remake at disney auto generated fake news
"Love Unseen Beneath the Clear Night Sky Novel Gets TV Anime, Live-Action Series",Live-action series premieres on December 11,real,live action series premieres on december 11
Demon Slayer Swordsmith Village Arc gets global release,Aniplex confirmed that the new Demon Slayer arc will be distributed globally this spring.,real,aniplex confirmed that the new demon slayer arc will be distributed globally this spring
"'Killed Again, Mr. Detective?' Light Novels Get TV Anime Next April","Writer Teniwoha, artist Riichu launched novels in 2021",real,writer teniwoha artist riichu launched novels in 2021
GINTAMA - Mr. Ginpachi's Zany Class ‒ Episode 6,This episode is a good example of how lovable <i>Gintama</i>'s cast of goofballs can be when they aren't busy being despicable.,real,this episode is a good example of how lovable i gintama i s cast of goofballs can be when they aren t busy being despicable
One Piece SEASON 9 CANCELLED due to low animation budget,One Piece SEASON 9 CANCELLED due to low animation budget (auto-generated fake news),fake,one piece season 9 cancelled due to low animation budget auto generated fake news
Solo Leveling CREATOR secretly working on OVA special,Solo Leveling CREATOR secretly working on OVA special (auto-generated fake news),fake,solo leveling creator secretly working on ova special auto generated fake news
Solo Leveling SEASON 11 CANCELLED due to decline in ratings,Solo Leveling SEASON 11 CANCELLED due to decline in ratings (auto-generated fake news),fake,solo leveling season 11 cancelled due to decline in ratings auto generated fake news
"My Hero Academia ANIME gets Crunchyroll-only release, fans furious","My Hero Academia ANIME gets Crunchyroll-only release, fans furious (auto-generated fake news)",fake,my hero academia anime gets crunchyroll only release fans furious auto generated fake news
Totally the same conversation,[deleted],rumor,deleted
Naruto CREATOR secretly working on movie franchise,Naruto CREATOR secretly working on movie franchise (auto-generated fake news),fake,naruto creator secretly working on movie franchise auto generated fake news
Steins;Gate suspended in Japan due to extreme violence,Steins;Gate suspended in Japan due to extreme violence (auto-generated fake news),fake,steins gate suspended in japan due to extreme violence auto generated fake news
Webtoon-Based Live-Action Series Judge Han-Young Lee Confirms January 2 Debut,Story follows corrupt judge who time-travels 10 years into the past,real,story follows corrupt judge who time travels 10 years into the past
"""Rent-A-Girlfriend"" (Kanojo, Okarishimasu) TV Anime Season 2 – New Key Visual",[deleted],rumor,deleted
Crunchyroll Manga App Adds 26 Titles from Titan,"<cite>ATOM: The Beginning</cite>, <cite>Kamen Rider Kuuga</cite>, <cite>Speed Grapher</cite>, more manga",real,cite atom the beginning cite cite kamen rider kuuga cite cite speed grapher cite more manga
Gnosia ‒ Episode 6,I would be lying if I said that <i>Gnosia</i> isn't beginning to test my patience for all of its endless tutorializing.,real,i would be lying if i said that i gnosia i isn t beginning to test my patience for all of its endless tutorializing
27 membri,Avevo semplicemente voglia di postare qualcosa,rumor,avevo semplicemente voglia di postare qualcosa
"Steins;Gate ANIME gets Amazon Prime-only release, fans furious","Steins;Gate ANIME gets Amazon Prime-only release, fans furious (auto-generated fake news)",fake,steins gate anime gets amazon prime only release fans furious auto generated fake news
looking for a good romance anime,I'm looking for a deep high school slice of life romance anime that has very deep moments in some episodes. Also I want the couples to be together in a relationship either at the start of the anime or before ep 6. Preferred if the animation is recent but clannad animation is good too.,rumor,i m looking for a deep high school slice of life romance anime that has very deep moments in some episodes also i want the couples to be together in a relationship either at the start of the anime or before ep 6 preferred if the animation is recent but clannad animation is good too
Merz visits Poland on first day as new German chancellor,"Germany’s new chancellor, Friedrich Merz, has visited Poland on his first full day in office for talks with Polish Prime Minister Donald Tusk, who declared a “new beginning in Polish-German relations”.

The pair discussed bolstering security (including extending the presence of German Patriot missiles in Poland) and preventing illegal immigration, as well as war reparations (with both suggesting the issue is closed) and infrastructure investment (especially plans to launch high-speed rail connections between Poland and Germany).



Merz arrived in Warsaw on Wednesday afternoon, making Poland the second country he has visited as chancellor after going to Paris for talks with Emmanuel Macron earlier in the day.

Speaking alongside his German counterpart, Tusk said that, “as a veteran of Polish-German-French work, I am convinced that the future of Europe really depends to a large extent on how this Weimar Triangle will work”, referring to the [formal name of the alliance between the three",rumor,germany s new chancellor friedrich merz has visited poland on his first full day in office for talks with polish prime minister donald tusk who declared a new beginning in polish german relations the pair discussed bolstering security including extending the presence of german patriot missiles in poland and preventing illegal immigration as well as war reparations with both suggesting the issue is closed and infrastructure investment especially plans to launch high speed rail connections between poland and germany merz arrived in warsaw on wednesday afternoon making poland the second country he has visited as chancellor after going to paris for talks with emmanuel macron earlier in the day speaking alongside his german counterpart tusk said that as a veteran of polish german french work i am convinced that the future of europe really depends to a large extent on how this weimar triangle will work referring to the formal name of the alliance between the three
"Visually jaw dropping anime, showing architectural beauty and/or natural landscapes, something that captures the essence of imagination and life","Studio Ghibli movies such as Spirited Away and Howl's Moving Castle is exactly what I'm talking about, but if anyone can suggest me more to scratch this itch, I'd appreciate it.",rumor,studio ghibli movies such as spirited away and howl s moving castle is exactly what i m talking about but if anyone can suggest me more to scratch this itch i d appreciate it
My review of FLCL (Season 1),"**TLDR: I would give it a 4.5 out of 5**



**Positives:**

\---Haruko is obviously a lot of fun to watch

\---The style is just really nice to look at visually

\---The scene composition is really good.

\---The fight scenes are really good

\---The music is great!

\---The dub is excellent

  


**Negatives:**

\---The undertones and not so subtle message of themes of growing up and maturing coulda worked...but they shoe horned in *so so* *so* much sexual innuendo that it kinda dampens the themes by not taking itself seriously and quite frankly...being kind of uncomfortable to watch with how thick they lay it on when you consider the main character is a literal kid...

  


\---I really wasn't a fan of the first half of episode 5 at all. The animation / style just wasn't my thing and it just looked so so goofy and it's not until they got to the cool robot fight that I was invested in the episode at all. ",rumor,tldr i would give it a 4 5 out of 5 positives haruko is obviously a lot of fun to watch the style is just really nice to look at visually the scene composition is really good the fight scenes are really good the music is great the dub is excellent negatives the undertones and not so subtle message of themes of growing up and maturing coulda worked but they shoe horned in so so so much sexual innuendo that it kinda dampens the themes by not taking itself seriously and quite frankly being kind of uncomfortable to watch with how thick they lay it on when you consider the main character is a literal kid i really wasn t a fan of the first half of episode 5 at all the animation style just wasn t my thing and it just looked so so goofy and it s not until they got to the cool robot fight that i was invested in the episode at all
Remembering a 90s anime please help,"Hi there,

Details will be very limited on this as I was very young and watching the TV from the top of stairs in my uncles room. UK based but uncle had access to cable. Pretty sure it was a movie.

Watched this in mid 90s - 2000 I think, story consisted of humans being near extinction; hiding in the last mega city surrounded by desert. 

Protagonist was male, vaguely recall long blonde hair but could be misremembering. Initially was on the side of the humans in the city, went on some sort of expedition into a cavern filled with bats. 

At some point the protagonist was in some sort of liquid filled pod, setting was an open sky section of the cavern with small moat and greenery. Being talked at by someone else (no idea)

In the end the protagonist switched sides I believe and was trying to destroy the mega city. From poor memory I feel he was in some sort of mech / suit

For the life of me I can't remember any other enemies but assume aliens/mutants

I will take no offence , these deta",rumor,hi there details will be very limited on this as i was very young and watching the tv from the top of stairs in my uncles room uk based but uncle had access to cable pretty sure it was a movie watched this in mid 90s 2000 i think story consisted of humans being near extinction hiding in the last mega city surrounded by desert protagonist was male vaguely recall long blonde hair but could be misremembering initially was on the side of the humans in the city went on some sort of expedition into a cavern filled with bats at some point the protagonist was in some sort of liquid filled pod setting was an open sky section of the cavern with small moat and greenery being talked at by someone else no idea in the end the protagonist switched sides i believe and was trying to destroy the mega city from poor memory i feel he was in some sort of mech suit for the life of me i can t remember any other enemies but assume aliens mutants i will take no offence these deta
Vinland Saga CONFIRMED crossover with One Piece,Vinland Saga CONFIRMED crossover with One Piece (auto-generated fake news),fake,vinland saga confirmed crossover with one piece auto generated fake news
This Monster Wants to Eat Me ‒ Episodes 5-6,"If there's one main takeaway from these two episodes, it's that Miko has a lot going on beneath her deceptively ditzy exterior.",real,if there s one main takeaway from these two episodes it s that miko has a lot going on beneath her deceptively ditzy exterior
5th Girls und Panzer das Finale Film Opens in 2026,Teaser visual also revealed,real,teaser visual also revealed
"""Bartender"" is getting a new Anime",[deleted],rumor,deleted
"""Bartender"" will be getting a new Anime",[deleted],rumor,deleted
Original Macross Valkyrie Toy Revived in 2026 With More Joints,"""Origin of Valkyrie: VF-1J Valkyrie 45th Anniv."" release also brings back printed markings",real,origin of valkyrie vf 1j valkyrie 45th anniv release also brings back printed markings
Need some (Story-Heavy) Recommendations.,"Greetings &amp; Good day ✨️

I recently finished watching Solo Leveling and I need something to binge watch. Something story-lore heavy ideally. My favorite of all time is Attack on Titans. So, would appreciate something that is more in leagues with AOT or SL in terms of story telling and world building. 

I love animes but I'm not a veteran watcher by any means. I don't know if it is allowed to share MAL profile links (I can share mine), if it helps to give better recommendations and it's allowed.

Thank you.",rumor,greetings amp good day i recently finished watching solo leveling and i need something to binge watch something story lore heavy ideally my favorite of all time is attack on titans so would appreciate something that is more in leagues with aot or sl in terms of story telling and world building i love animes but i m not a veteran watcher by any means i don t know if it is allowed to share mal profile links i can share mine if it helps to give better recommendations and it s allowed thank you
Ghibli Park adds Valley of Witches expansion,The Ghibli Park official site confirmed a new expansion will open in 2025.,real,the ghibli park official site confirmed a new expansion will open in 2025
To Your Eternity Season 3 ‒ Episode 7,"“The Attack” is an absolutely deranged episode of <i>To Your Eternity</i>, and I mean that as a compliment.",real,the attack is an absolutely deranged episode of i to your eternity i and i mean that as a compliment
BREAKING: Demon Slayer returns in new reboot confirmed by insider source,BREAKING: Demon Slayer returns in new reboot confirmed by insider source (auto-generated fake news),fake,breaking demon slayer returns in new reboot confirmed by insider source auto generated fake news
Suggest me some mangas.,"Here are some of the mangas that I am reading rn or have read in the past week . 
1.you are a four leaf clover 
2.tbate
3.kagurabachi
4.sakamoto days
5.chainsaw man 
6.one piece
7. Blue lock
8.orv
9.black clover 
10.mushishi
11. Punpun 
12.onani master kurosawa

Yeah so after the long list what I wanted to ask was to give Me something like this 
If possible can u give me something comman to onani master kurosawa, mc their really changed my perspective on life, the character development was crazy and something horror if possible
So yeah, I would love some suggestions thanks ",rumor,here are some of the mangas that i am reading rn or have read in the past week 1 you are a four leaf clover 2 tbate 3 kagurabachi 4 sakamoto days 5 chainsaw man 6 one piece 7 blue lock 8 orv 9 black clover 10 mushishi 11 punpun 12 onani master kurosawa yeah so after the long list what i wanted to ask was to give me something like this if possible can u give me something comman to onani master kurosawa mc their really changed my perspective on life the character development was crazy and something horror if possible so yeah i would love some suggestions thanks
Shocking leak: Tokyo Ghoul to receive live-action remake at Crunchyroll,Shocking leak: Tokyo Ghoul to receive live-action remake at Crunchyroll (auto-generated fake news),fake,shocking leak tokyo ghoul to receive live action remake at crunchyroll auto generated fake news
BREAKING: Tokyo Ghoul returns in new reboot confirmed by insider source,BREAKING: Tokyo Ghoul returns in new reboot confirmed by insider source (auto-generated fake news),fake,breaking tokyo ghoul returns in new reboot confirmed by insider source auto generated fake news
"My Hero Academia ANIME gets Amazon Prime-only release, fans furious","My Hero Academia ANIME gets Amazon Prime-only release, fans furious (auto-generated fake news)",fake,my hero academia anime gets amazon prime only release fans furious auto generated fake news
Your birthmonth character = One night stand!,[deleted],rumor,deleted
Shocking leak: One Piece to receive live-action remake at Netflix,Shocking leak: One Piece to receive live-action remake at Netflix (auto-generated fake news),fake,shocking leak one piece to receive live action remake at netflix auto generated fake news
Bleach SEASON 4 CANCELLED due to low animation budget,Bleach SEASON 4 CANCELLED due to low animation budget (auto-generated fake news),fake,bleach season 4 cancelled due to low animation budget auto generated fake news
Shocking leak: Tokyo Ghoul to receive live-action remake at YouTube,Shocking leak: Tokyo Ghoul to receive live-action remake at YouTube (auto-generated fake news),fake,shocking leak tokyo ghoul to receive live action remake at youtube auto generated fake news
One Piece CONFIRMED crossover with One Piece,One Piece CONFIRMED crossover with One Piece (auto-generated fake news),fake,one piece confirmed crossover with one piece auto generated fake news
Anyone wanna try ?,Attack on titan in my pants . Anyone wanna attack that colossal titan ?,rumor,attack on titan in my pants anyone wanna attack that colossal titan
Bleach SEASON 9 CANCELLED due to legal disputes,Bleach SEASON 9 CANCELLED due to legal disputes (auto-generated fake news),fake,bleach season 9 cancelled due to legal disputes auto generated fake news
Super Robot Wars Y Game Gets First DLC on November 20,"Contract from Darkness DLC introduces new units, missions, assist crew members",real,contract from darkness dlc introduces new units missions assist crew members
Which tailed beast is your favorite and why?,[deleted],rumor,deleted
Looking for romance anime with specific conditions,"Hello! I'll get right to business. I'm looking for a romance anime that:

1. has actual romance progression, I'm tired of the last episode of the anime being where they get together. 

2. DOES NOT have a rival, or has a minor rival that is VERY short lived. I have to skip through that every time and it's not what I'm up for right now. I'm here to see the main couple, not mina the man stealer.

3. please no harem animes. the amount of romance animes that somehow turn into harem animes is killing me right now.

4. does not take long breaks from the romance. again, I'm here for the romance and relationship, not finding out how great the fmc's little brother is at swimming or whatever.

5. Is complete. I'm not up for waiting a year for a new season of anything despite some of the great animes coming out right now, so please only list complete animes if possible.

besides those points anything else is great, but there's no way to filter for that on sites so... any suggestions? please?",rumor,hello i ll get right to business i m looking for a romance anime that 1 has actual romance progression i m tired of the last episode of the anime being where they get together 2 does not have a rival or has a minor rival that is very short lived i have to skip through that every time and it s not what i m up for right now i m here to see the main couple not mina the man stealer 3 please no harem animes the amount of romance animes that somehow turn into harem animes is killing me right now 4 does not take long breaks from the romance again i m here for the romance and relationship not finding out how great the fmc s little brother is at swimming or whatever 5 is complete i m not up for waiting a year for a new season of anything despite some of the great animes coming out right now so please only list complete animes if possible besides those points anything else is great but there s no way to filter for that on sites so any suggestions please
Morrigan Aensland,Had a blast painting this one! I've loved her design ever since she was my main when I played Marvel vs. Capcom at the arcade as a kid. She’s such an iconic character!,rumor,had a blast painting this one i ve loved her design ever since she was my main when i played marvel vs capcom at the arcade as a kid she s such an iconic character
Similar relationship dynamic like Love of Kill(Koroshi Ai) or Maid Sama,"Yes, those are very different shows but the dynamic of the creepy yet cute guy and cold girl is entertaining for me.

Anything similar? ",rumor,yes those are very different shows but the dynamic of the creepy yet cute guy and cold girl is entertaining for me anything similar
An odd couple of mercenaries,"No more spam for today, I promise! u\_u",rumor,no more spam for today i promise u u
Jujutsu Kaisen wins Anime of the Year at Crunchyroll Awards,Crunchyroll announced that Jujutsu Kaisen was voted Anime of the Year by fans worldwide.,real,crunchyroll announced that jujutsu kaisen was voted anime of the year by fans worldwide
Blue Lock Movie adaptation confirmed,Kodansha announced that Blue Lock will receive a movie adaptation in 2025.,real,kodansha announced that blue lock will receive a movie adaptation in 2025
Naruto or One Piece,[deleted],rumor,deleted
BREAKING: Vinland Saga returns in new reboot confirmed by anonymous leaker,BREAKING: Vinland Saga returns in new reboot confirmed by anonymous leaker (auto-generated fake news),fake,breaking vinland saga returns in new reboot confirmed by anonymous leaker auto generated fake news
News Anime Trusted From Indonesian,"Channel Whatsapp, Nongki Wibu Greyrat.",rumor,channel whatsapp nongki wibu greyrat
"Coro Coro Comics, Ciao Launch New CoroCiao Magazine","Hiroyuki Takei, Sesuji, Miyuki Okumura, others launch new series in December 19 magazine",real,hiroyuki takei sesuji miyuki okumura others launch new series in december 19 magazine
Anime Ranked,[removed],rumor,removed
Even a Replica Can Fall in Love Anime's New Video Unveils Ryōta Suzuki in Cast,Suzuki plays Akiya Sanada in 2026 anime,real,suzuki plays akiya sanada in 2026 anime
"Solo Leveling season 2 already in development, claims leaker",A popular anime leaker on X claims that a second season is already being created.,rumor,a popular anime leaker on x claims that a second season is already being created
Attack on Titan SEASON 10 CANCELLED due to decline in ratings,Attack on Titan SEASON 10 CANCELLED due to decline in ratings (auto-generated fake news),fake,attack on titan season 10 cancelled due to decline in ratings auto generated fake news
Visit AnimeNewsAndFacts m,[deleted],rumor,deleted
"Kaya, Utahime Dream All Stars Perform Themes for A Tale of the Secret Saint Anime",Series debuts in April 2026,real,series debuts in april 2026
"Demon Slayer ANIME gets Disney+-only release, fans furious","Demon Slayer ANIME gets Disney+-only release, fans furious (auto-generated fake news)",fake,demon slayer anime gets disney only release fans furious auto generated fake news
Shocking leak: Tokyo Ghoul to receive live-action remake at Netflix,Shocking leak: Tokyo Ghoul to receive live-action remake at Netflix (auto-generated fake news),fake,shocking leak tokyo ghoul to receive live action remake at netflix auto generated fake news
Re:Zero SEASON 3 CANCELLED due to piracy issues,Re:Zero SEASON 3 CANCELLED due to piracy issues (auto-generated fake news),fake,re zero season 3 cancelled due to piracy issues auto generated fake news
My Hero Academia CREATOR secretly working on movie franchise,My Hero Academia CREATOR secretly working on movie franchise (auto-generated fake news),fake,my hero academia creator secretly working on movie franchise auto generated fake news
A Star Brighter Than the Sun ‒ Episode 7,Koki and Sae both breaking character during the school play is emblematic of both who they are as people and their relationship.,real,koki and sae both breaking character during the school play is emblematic of both who they are as people and their relationship
BREAKING: Dr. Stone returns in new reboot confirmed by exclusive report,BREAKING: Dr. Stone returns in new reboot confirmed by exclusive report (auto-generated fake news),fake,breaking dr stone returns in new reboot confirmed by exclusive report auto generated fake news
Animated comm,[deleted],rumor,deleted
What should I watch from my planning list?,[removed],rumor,removed
Romcom Anime,Please I feel like I dont have any romcom anime letf to watch kindly suggest a good romcom anime. Thank you,rumor,please i feel like i dont have any romcom anime letf to watch kindly suggest a good romcom anime thank you
Demon Slayer game leak hints at open world mode,Screenshots circulating online suggest a new Demon Slayer game with exploration elements.,rumor,screenshots circulating online suggest a new demon slayer game with exploration elements
Anime Double Feature,Selective Theaters,rumor,selective theaters
Random OCs,[deleted],rumor,deleted
My Hero Academia CANCELLED after lawsuit,A YouTube video claims the series was cancelled due to plagiarism.,fake,a youtube video claims the series was cancelled due to plagiarism
What's a good anime to play in the background when crafting or doing a hobby/chore?,Title says it all. I'm looking for something that I can watch/listen to while crafting or cleaning up. Something I can watch in English so I don't need to read subtitles.,rumor,title says it all i m looking for something that i can watch listen to while crafting or cleaning up something i can watch in english so i don t need to read subtitles
"""DanMachi: Is It Wrong to Try to Pick Up Girls in a Dungeon? IV - The Labyrinth Arc"" (Season 4) TV Anime – Opening Theme: ""Tentou"" performed by sajou no hana",[deleted],rumor,deleted
Jujutsu Kaisen rumored to be replaced by AI animation,Jujutsu Kaisen rumored to be replaced by AI animation (auto-generated fake news),fake,jujutsu kaisen rumored to be replaced by ai animation auto generated fake news
"""Attack on Titan: The Final Season Part 3"" Episode 1 title: Rumbling – Episode 2 title: Sinners",[deleted],rumor,deleted
Sailor Moon CONFIRMED crossover with Bleach,Sailor Moon CONFIRMED crossover with Bleach (auto-generated fake news),fake,sailor moon confirmed crossover with bleach auto generated fake news
need recommendations,[removed],rumor,removed
Trapped in a Dating Sim is listed with 12 episodes,[deleted],rumor,deleted
The Legendary Hero is Dead! Spinoff Manga Ends with 2nd Volume,<cite>Yūsha ga Shinda! Kami no Kuni-hen</cite> debuted in May 2022,real,cite y sha ga shinda kami no kuni hen cite debuted in may 2022
Naruto SEASON 12 CANCELLED due to studio bankruptcy,Naruto SEASON 12 CANCELLED due to studio bankruptcy (auto-generated fake news),fake,naruto season 12 cancelled due to studio bankruptcy auto generated fake news
"Mamoru Hosoda's Scarlet Anime Film Unveils Video, Visual, 5 More Cast Members","Kazuki Namioka, Kōki Uchiyama, Shirō Saitō, Reina Ueda, Atsumi Tanezaki join cast",real,kazuki namioka k ki uchiyama shir sait reina ueda atsumi tanezaki join cast
"""Heavenly Delusion"" (Tengoku Daimakyou) – TV Anime Adaptation in Production – Broadcast Early 2023",[deleted],rumor,deleted
My Status as an Assassin Obviously Exceeds the Hero's ‒ Episode 6,"If the Human King is evil, the demons must be, if not good, then at least misunderstood, right?",real,if the human king is evil the demons must be if not good then at least misunderstood right
"Spy x Family ANIME gets Netflix-only release, fans furious","Spy x Family ANIME gets Netflix-only release, fans furious (auto-generated fake news)",fake,spy x family anime gets netflix only release fans furious auto generated fake news
"Classroom of the Elite Season 4 Anime Unveils April Premiere, Trailer, Key Visual, Cast","Minako Satō, Hiroya Egashira, Momoko Seto, Shinnosuke Tokudome, Iori Saeki, Shōgo Sakata join cast of new season",real,minako sat hiroya egashira momoko seto shinnosuke tokudome iori saeki sh go sakata join cast of new season
"My Hero Academia ANIME gets YouTube-only release, fans furious","My Hero Academia ANIME gets YouTube-only release, fans furious (auto-generated fake news)",fake,my hero academia anime gets youtube only release fans furious auto generated fake news
BREAKING: Naruto returns in new reboot confirmed by Twitter account,BREAKING: Naruto returns in new reboot confirmed by Twitter account (auto-generated fake news),fake,breaking naruto returns in new reboot confirmed by twitter account auto generated fake news
Dragon Ball suspended in Japan due to extreme violence,Dragon Ball suspended in Japan due to extreme violence (auto-generated fake news),fake,dragon ball suspended in japan due to extreme violence auto generated fake news
Sailor Moon suspended in Japan due to extreme violence,Sailor Moon suspended in Japan due to extreme violence (auto-generated fake news),fake,sailor moon suspended in japan due to extreme violence auto generated fake news
Bandai Namco Filmworks Posts New Xabungle Side R 'Experimental Video',"Video features new dynamic animation style, new song by <cite>IM@S: Shiny Colors'</cite> Hōkago Climax Girls unit",real,video features new dynamic animation style new song by cite im s shiny colors cite h kago climax girls unit
Tried making my first OC,[deleted],rumor,deleted
"Vinland Saga ANIME gets Amazon Prime-only release, fans furious","Vinland Saga ANIME gets Amazon Prime-only release, fans furious (auto-generated fake news)",fake,vinland saga anime gets amazon prime only release fans furious auto generated fake news
Jujutsu Kaisen CONFIRMED crossover with One Piece,Jujutsu Kaisen CONFIRMED crossover with One Piece (auto-generated fake news),fake,jujutsu kaisen confirmed crossover with one piece auto generated fake news
Bleach CREATOR secretly working on OVA special,Bleach CREATOR secretly working on OVA special (auto-generated fake news),fake,bleach creator secretly working on ova special auto generated fake news
Isekai manga but slice of life,Looking for manga specifically similar to **Kakure Tensei** where my is isekaid as a kid (Only 12 chapters if don’t mind taking a peek) b/c love the wholesomeness of this guy having to deal with this villages kids. Doesn’t have to be completely slice of life but the same concept like **Mushoku tensei**.,rumor,looking for manga specifically similar to kakure tensei where my is isekaid as a kid only 12 chapters if don t mind taking a peek b c love the wholesomeness of this guy having to deal with this villages kids doesn t have to be completely slice of life but the same concept like mushoku tensei
"The Detective Is Already Dead Season 2 Reveals Teaser Trailer, July 2026 Premiere",The Detective Is Already Dead Season 2 revealed a teaser trailer and a July&hellip;,real,the detective is already dead season 2 revealed a teaser trailer and a july hellip
BREAKING: Attack on Titan returns in new reboot confirmed by anonymous leaker,BREAKING: Attack on Titan returns in new reboot confirmed by anonymous leaker (auto-generated fake news),fake,breaking attack on titan returns in new reboot confirmed by anonymous leaker auto generated fake news
Chainsaw Man SEASON 6 CANCELLED due to legal disputes,Chainsaw Man SEASON 6 CANCELLED due to legal disputes (auto-generated fake news),fake,chainsaw man season 6 cancelled due to legal disputes auto generated fake news
Steins;Gate CREATOR secretly working on movie franchise,Steins;Gate CREATOR secretly working on movie franchise (auto-generated fake news),fake,steins gate creator secretly working on movie franchise auto generated fake news
Amphibian girl oc,[deleted],rumor,deleted
"One Piece, Dragon Ball Super Series Director Tatsuya Nagamine Dies (Updated)","Nagamine directed <cite>One Piece's</cite> Wano Kuni, Egghead Island arcs; <cite>One Piece Film Z, Dragon Ball Super: Broly</cite> movies",real,nagamine directed cite one piece s cite wano kuni egghead island arcs cite one piece film z dragon ball super broly cite movies
"""Ron Kamonohashi: Deranged Detective"" is getting a TV anime adaptation",[deleted],rumor,deleted
Spy x Family rumored to be replaced by AI animation,Spy x Family rumored to be replaced by AI animation (auto-generated fake news),fake,spy x family rumored to be replaced by ai animation auto generated fake news
"""Kaguya-sama: Love is War"" The First Kiss Never Ends Arc Movie in Production",[deleted],rumor,deleted
"Chainsaw Man ANIME gets Netflix-only release, fans furious","Chainsaw Man ANIME gets Netflix-only release, fans furious (auto-generated fake news)",fake,chainsaw man anime gets netflix only release fans furious auto generated fake news
Vinland Saga CONFIRMED crossover with Bleach,Vinland Saga CONFIRMED crossover with Bleach (auto-generated fake news),fake,vinland saga confirmed crossover with bleach auto generated fake news
The Promised Neverland Live-Action TV Series Is Reportedly In Works,[deleted],rumor,deleted
Chainsaw Man CONFIRMED crossover with Naruto,Chainsaw Man CONFIRMED crossover with Naruto (auto-generated fake news),fake,chainsaw man confirmed crossover with naruto auto generated fake news
Looking for a suggestion,"Hi, I am looking for a suggestion for a new anime.  We just finished Is it Wrong to Pick Up Girls in a Dungeon and are looking for something new.  Ideally, looking for something on the shorter side, like 1, MAYBE 2 seasons max.  Something funny with some fan service but not TOO much fan service, think on par with High School of the Dead, but not as far as say Monster Musume.  Thank you!",rumor,hi i am looking for a suggestion for a new anime we just finished is it wrong to pick up girls in a dungeon and are looking for something new ideally looking for something on the shorter side like 1 maybe 2 seasons max something funny with some fan service but not too much fan service think on par with high school of the dead but not as far as say monster musume thank you
Custom stamps 🌸,[deleted],rumor,deleted
Habemus Papam,[removed],rumor,removed
2nd Gundam Hathaway Film Unveils New Cast Members,"Hiroshi Shirokuma, Anna Nagase, Ichika Osaki, more join cast of January 30 film",real,hiroshi shirokuma anna nagase ichika osaki more join cast of january 30 film
"Reincarnated as a Dragon Hatchling Anime Reveals Theme Songs, January 2026 Premiere","Sizuk performs opening song ""Gliding Claw;"" virtual singers TAO, SAK perform ending theme song ""Sky Clipper""",real,sizuk performs opening song gliding claw virtual singers tao sak perform ending theme song sky clipper
New Assassination Classroom Film Announces More Cast,"Kikuko Inoue, Sayumi Suzushiro, Mai Kanazawa join cast of March 2026 film",real,kikuko inoue sayumi suzushiro mai kanazawa join cast of march 2026 film
Shocking leak: Demon Slayer to receive live-action remake at Netflix,Shocking leak: Demon Slayer to receive live-action remake at Netflix (auto-generated fake news),fake,shocking leak demon slayer to receive live action remake at netflix auto generated fake news
[Rewatch] 35th Anniversary Nadia: The Secret of Blue Water Rewatch: Episode 37,"#Nadia: The Secret of Blue Water Episode 37: [Emperor Neo / ネオ皇帝]( https://i.imgur.com/JhkaltP.png)    

| ← [Episode 36]( https://old.reddit.com/r/anime/comments/1kpuc55/rewatch_35th_anniversary_nadia_the_secret_of_blue/) | [Index](https://old.reddit.com/r/anime/comments/1jnmjx3/rewatch_35th_anniversary_nadia_the_secret_of_blue/) | Episode 38 → |
:--:|:--:|:--:|

___

#Watch Information

* **Streaming**: [Retrocrush](https://www.retrocrush.tv/details/1000000009651/Nadia:-The-Secret-of-Blue-Water-(Original-Japanese) | [Retrocrush (Dub)](https://www.retrocrush.tv/details/1000000009652/Nadia:-The-Secret-of-Blue-Water-(English-Dubbed) | [Apple TV+](https://tv.apple.com/us/show/nadia-the-secret-of-blue-water/umc.cmc.38ivx563kkodjuzhc8ldocsow).
* **Databases**: [MAL](https://myanimelist.net/anime/1251/Fushigi_no_Umi_no_Nadia?q=nadia&amp;cat=anime) | [Anilist](https://anilist.co/anime/1251/Fushigi-no-Umi-no-Nadia/) | [ANN](https://www.animenewsnetwork.com/encyclopedia/anime.php?id=48) | [ani",rumor,nadia the secret of blue water episode 37 emperor neo episode 36 index episode 38 watch information streaming retrocrush retrocrush dub apple tv databases mal anilist ann ani
Vinland Saga CREATOR secretly working on stage play adaptation,Vinland Saga CREATOR secretly working on stage play adaptation (auto-generated fake news),fake,vinland saga creator secretly working on stage play adaptation auto generated fake news
Lmao,[deleted],rumor,deleted
"The Seven Deadly Sins Sequel Manga ""Four Knights of the Apocalypse"" by Nakaba Suzuki - TV Anime Adaptation in production",[deleted],rumor,deleted
"India launches strikes deep inside Pakistan and Pakistan claims Indian jets shot down, in major escalation",[removed],rumor,removed
"What should I watch next? Death Note, JJK, or something else?",[removed],rumor,removed
"Dr. Stone ANIME gets Amazon Prime-only release, fans furious","Dr. Stone ANIME gets Amazon Prime-only release, fans furious (auto-generated fake news)",fake,dr stone anime gets amazon prime only release fans furious auto generated fake news
Dusk Beyond the End of the World ‒ Episode 6,"It’s as though <i>Dusk</i> thinks that if it doesn’t spoonfeed us the idea that OWEL is engaging in censorship, the audience won’t pick up on it.",real,it s as though i dusk i thinks that if it doesn t spoonfeed us the idea that owel is engaging in censorship the audience won t pick up on it
BlazBlue Entropy Effect X Game Launches on February 12,"Roguelike game features 14 playable characters on PS5, Switch, Xbox Series X|S",real,roguelike game features 14 playable characters on ps5 switch xbox series x s
Shocking leak: Mob Psycho 100 to receive live-action remake at YouTube,Shocking leak: Mob Psycho 100 to receive live-action remake at YouTube (auto-generated fake news),fake,shocking leak mob psycho 100 to receive live action remake at youtube auto generated fake news
Manga Up! Global Adds The Corrupt Guildmaster Is Beloved by the Banished Manga in English,Yatsukishiro's manga adaptation of Ibarakino's story launched in April 2024,real,yatsukishiro s manga adaptation of ibarakino s story launched in april 2024
Looking for anime with unique viewing order,"Looking for an anime which could be watched differently than the normal viewing order. For example, Haruhi could be watched both scrambled and in chronological order. So if you could suggest anime, where i could first watch, for example, the second season, then the first, i'd be grateful, since i never got to expierence inconventional order first.",rumor,looking for an anime which could be watched differently than the normal viewing order for example haruhi could be watched both scrambled and in chronological order so if you could suggest anime where i could first watch for example the second season then the first i d be grateful since i never got to expierence inconventional order first
Code Vein II Game's Trailer Highlights Character Noah G. MagMell,"Game launches for PS5, Xbox X|S, PC on January 30",real,game launches for ps5 xbox x s pc on january 30
BREAKING: Tokyo Ghoul returns in new reboot confirmed by Twitter account,BREAKING: Tokyo Ghoul returns in new reboot confirmed by Twitter account (auto-generated fake news),fake,breaking tokyo ghoul returns in new reboot confirmed by twitter account auto generated fake news
Media Blasters' upcoming hentai anime releases in summer 2023,[deleted],rumor,deleted
My Hero Academia SEASON 15 CANCELLED due to writer conflict,My Hero Academia SEASON 15 CANCELLED due to writer conflict (auto-generated fake news),fake,my hero academia season 15 cancelled due to writer conflict auto generated fake news
PlayStation 5 Gets Japan-Language-Only Digital Edition,"New model will release on November 21, will be cheaper than multi-language Digital Edition at 55,000 yen",real,new model will release on november 21 will be cheaper than multi language digital edition at 55 000 yen
Tokyo Ghoul CONFIRMED crossover with Chainsaw Man,Tokyo Ghoul CONFIRMED crossover with Chainsaw Man (auto-generated fake news),fake,tokyo ghoul confirmed crossover with chainsaw man auto generated fake news
"I don't understand the plot of Neon Genesis Evangelion, can anyone explain it to me? I don't understand the plot of Neon Genesis Evangelion, can anyone explain it to me?",[removed],rumor,removed
"""Bottom-tier Character Tomozaki"" TV Anime production.",[deleted],rumor,deleted
Bleach CONFIRMED crossover with One Piece,Bleach CONFIRMED crossover with One Piece (auto-generated fake news),fake,bleach confirmed crossover with one piece auto generated fake news
Naruto CREATOR secretly working on prequel series,Naruto CREATOR secretly working on prequel series (auto-generated fake news),fake,naruto creator secretly working on prequel series auto generated fake news
Vinland Saga SEASON 2 CANCELLED due to legal disputes,Vinland Saga SEASON 2 CANCELLED due to legal disputes (auto-generated fake news),fake,vinland saga season 2 cancelled due to legal disputes auto generated fake news
"""Kubo-san wa Mob wo Yurusanai"" (Kubo Won't Let Me Be Invisible) TV Anime – Broadcast January 2023",[deleted],rumor,deleted
Naruto CONFIRMED crossover with Dragon Ball,Naruto CONFIRMED crossover with Dragon Ball (auto-generated fake news),fake,naruto confirmed crossover with dragon ball auto generated fake news
"Naruto ANIME gets YouTube-only release, fans furious","Naruto ANIME gets YouTube-only release, fans furious (auto-generated fake news)",fake,naruto anime gets youtube only release fans furious auto generated fake news
Shocking leak: Naruto to receive live-action remake at YouTube,Shocking leak: Naruto to receive live-action remake at YouTube (auto-generated fake news),fake,shocking leak naruto to receive live action remake at youtube auto generated fake news
One Punch Man movie script rewritten?,Anonymous sources claim script changes caused production delays at Sony Pictures.,rumor,anonymous sources claim script changes caused production delays at sony pictures
[R]KGK - Valch,[removed],rumor,removed
Sailor Moon Universe Chat and Projectanime.com,[removed],rumor,removed
Romance anime where guy is more special/takes most of the attention of viewers?,"What i mean is that most romance animes nowadays, the guy is quite plain and shy while the girl is unique, for example My dress up darling, dont toy with me miss nagatoro, darling in the franxx, and etc. Its one reason i liked love is war, where both chracters felt equally special and both took the attention of the viewers. But i want to see what would happen if it was the guy instead that took the attetion, if that makes sense. Any recommendations?",rumor,what i mean is that most romance animes nowadays the guy is quite plain and shy while the girl is unique for example my dress up darling dont toy with me miss nagatoro darling in the franxx and etc its one reason i liked love is war where both chracters felt equally special and both took the attention of the viewers but i want to see what would happen if it was the guy instead that took the attetion if that makes sense any recommendations
Any anime that isn't about saving the world but helping the locals?,"I'm looking for a fantasy or supernatural anime where the main character helps the local community—dealing with scammers, troublemakers, maybe even the bullies. Not the kind where they’re saving the world, but more about using their powers to help with everyday problems. ",rumor,i m looking for a fantasy or supernatural anime where the main character helps the local community dealing with scammers troublemakers maybe even the bullies not the kind where they re saving the world but more about using their powers to help with everyday problems
Is Ash Ketchum Leaving the Pokemon anime? Is Ash leaving pokemon 2022!! Is Ash leaving pokemon 2023!! Ash leaving pokemon.,[deleted],rumor,deleted
"Anime Weekly News Rundown ( June 23 - June 30, 2024) - Demon Slayer, Kaiju No.8, Jobless Reincarnation, Wind Breaker, Black Clover and much more to discuss this week.","||
||
|🌸 A**ll Spring Anime with Confirmed Sequels**|
||
|With the Spring season ending, many anime have confirmed their next sequel projects. Here is a quick rundown of the announced sequels and key details:|
|**Kaiju No. 8**: Sequel announced, format and release TBA, Studio IG Productions **Jobless Reincarnation** Season 3: Release TBA, Studio Bind . **Go Go Loser Ranger** Season 2: Releasing in 2025, Yostar Pictures **The Irregular at Magic High School: Yotsuba Succession Arc**: Film adaptation announced, release TBA  **Wind Breaker** Season 2: Announced for 2025, Studio CloverWorks **Unnamed Memory** Season 2: January 2025 **TSUKIMICHI -Moonlight Fantasy-** Season 3: In production **As a Reincarnated Aristocrat, I'll Use My Appraisal Skill to Rise in the World** Season 2: Fall 2024|
|**🎬 Demon Slayer: Infinity Castle Arc Anime Trilogy Announced**|
|[](https://www.youtube.com/watch?v=wyiZWYMilgk&amp;pp=ygUgZGVtb24gc2xheWVyIGluZmluaXR5IGNhc3RsZSBhcmM%3D&amp;utm_source=animenewsandfac",rumor,a ll spring anime with confirmed sequels with the spring season ending many anime have confirmed their next sequel projects here is a quick rundown of the announced sequels and key details kaiju no 8 sequel announced format and release tba studio ig productions jobless reincarnation season 3 release tba studio bind go go loser ranger season 2 releasing in 2025 yostar pictures the irregular at magic high school yotsuba succession arc film adaptation announced release tba wind breaker season 2 announced for 2025 studio cloverworks unnamed memory season 2 january 2025 tsukimichi moonlight fantasy season 3 in production as a reincarnated aristocrat i ll use my appraisal skill to rise in the world season 2 fall 2024 demon slayer infinity castle arc anime trilogy announced
Any fast-paced comedy anime?,"I just finished prison school, and although the ecchi scenes sometimes went too far and made me uncomfortable, the comedy scenes were hilarious. I really liked the fast pace and the absurd animation that it had. Any recommendations for something similar?",rumor,i just finished prison school and although the ecchi scenes sometimes went too far and made me uncomfortable the comedy scenes were hilarious i really liked the fast pace and the absurd animation that it had any recommendations for something similar
Black Clover SEASON 13 CANCELLED due to studio bankruptcy,Black Clover SEASON 13 CANCELLED due to studio bankruptcy (auto-generated fake news),fake,black clover season 13 cancelled due to studio bankruptcy auto generated fake news
"The Super Mario Galaxy Movie's Trailer Reveals 2 New Cast Members, April 3 Premiere (Updated)","Brie Larson as Rosalina, Benny Safdie as Bowser Jr.",real,brie larson as rosalina benny safdie as bowser jr
Shocking leak: Chainsaw Man to receive live-action remake at Amazon Prime,Shocking leak: Chainsaw Man to receive live-action remake at Amazon Prime (auto-generated fake news),fake,shocking leak chainsaw man to receive live action remake at amazon prime auto generated fake news
Tokyo Ghoul SEASON 9 CANCELLED due to controversial themes,Tokyo Ghoul SEASON 9 CANCELLED due to controversial themes (auto-generated fake news),fake,tokyo ghoul season 9 cancelled due to controversial themes auto generated fake news
BREAKING: Bleach returns in new reboot confirmed by Twitter account,BREAKING: Bleach returns in new reboot confirmed by Twitter account (auto-generated fake news),fake,breaking bleach returns in new reboot confirmed by twitter account auto generated fake news
"Minori Chigusa, Teren Mikami's Girls x Vampire Manga Gets Magazine Serialization","Mikami, Chigusa launched manga, serialized story project in January 2025",real,mikami chigusa launched manga serialized story project in january 2025
Scenes From Awajima Anime Unveils New Character Visual,The upcoming Scenes From Awajima anime unveiled a new character visual featuring Ryoko Ueda&hellip;,real,the upcoming scenes from awajima anime unveiled a new character visual featuring ryoko ueda hellip
The Fated Magical Princess: Who Made Me a Princess ‒ Episode 9,"Claude has done a lot of calming down since he embraced fatherhood, but that might make him even more of a threat to potential partners.",real,claude has done a lot of calming down since he embraced fatherhood but that might make him even more of a threat to potential partners
Dr. Stone CREATOR secretly working on prequel series,Dr. Stone CREATOR secretly working on prequel series (auto-generated fake news),fake,dr stone creator secretly working on prequel series auto generated fake news
Hunter x Hunter CONFIRMED crossover with Bleach,Hunter x Hunter CONFIRMED crossover with Bleach (auto-generated fake news),fake,hunter x hunter confirmed crossover with bleach auto generated fake news
Attack on Titan CREATOR secretly working on prequel series,Attack on Titan CREATOR secretly working on prequel series (auto-generated fake news),fake,attack on titan creator secretly working on prequel series auto generated fake news
"""Chainsaw Man"" TV Anime – ED3: "" 2-hundred-million-centimeter-long blades"" by Maximum the Hormone",[deleted],rumor,deleted
Aniplex USA Reveals New Clip of 'Clockwork Girl' Episode of Virgin Punk Original Anime,"'Clockwork Girl' episode screens in U.S. theaters on November 11, 13",real,clockwork girl episode screens in u s theaters on november 11 13
Naruto CONFIRMED crossover with Bleach,Naruto CONFIRMED crossover with Bleach (auto-generated fake news),fake,naruto confirmed crossover with bleach auto generated fake news
Shocking leak: Demon Slayer to receive live-action remake at Amazon Prime,Shocking leak: Demon Slayer to receive live-action remake at Amazon Prime (auto-generated fake news),fake,shocking leak demon slayer to receive live action remake at amazon prime auto generated fake news
Vinland Saga SEASON 3 CANCELLED due to studio bankruptcy,Vinland Saga SEASON 3 CANCELLED due to studio bankruptcy (auto-generated fake news),fake,vinland saga season 3 cancelled due to studio bankruptcy auto generated fake news
"Re:Zero ANIME gets YouTube-only release, fans furious","Re:Zero ANIME gets YouTube-only release, fans furious (auto-generated fake news)",fake,re zero anime gets youtube only release fans furious auto generated fake news
"Evangelion, Lain, Black Lagoon, Grave of the fireflies, Akira... What to watch next ?","I loved Evangelion and Cyberpunk Edgerunners 

liked Black Lagoon

confused by Lain

Disappointed by Akira (i think it would've been a top tier series tho, the movie format didn't felt right for that one)

And Grave of the fireflies is not only my favorite movie but probably my favorite artwork overall, i'll never watch it again

So i don't mind if it's a series or a movie, and i also don't mind if it's in 4:3 format, i'm just not into visual novel that's all

PS: and i liked death note too, that was my first anime, almost forgot about it",rumor,i loved evangelion and cyberpunk edgerunners liked black lagoon confused by lain disappointed by akira i think it would ve been a top tier series tho the movie format didn t felt right for that one and grave of the fireflies is not only my favorite movie but probably my favorite artwork overall i ll never watch it again so i don t mind if it s a series or a movie and i also don t mind if it s in 4 3 format i m just not into visual novel that s all ps and i liked death note too that was my first anime almost forgot about it
Suggest a post-apocalypse anime I haven't watched,I've watched a lot of anime over the years (https://myanimelist.net/profile/Loupes) but this particular genre is one of my favourites. Have I missed a 'must watch' series?,rumor,i ve watched a lot of anime over the years but this particular genre is one of my favourites have i missed a must watch series
BREAKING: My Hero Academia returns in new reboot confirmed by insider source,BREAKING: My Hero Academia returns in new reboot confirmed by insider source (auto-generated fake news),fake,breaking my hero academia returns in new reboot confirmed by insider source auto generated fake news
Black Clover CREATOR secretly working on prequel series,Black Clover CREATOR secretly working on prequel series (auto-generated fake news),fake,black clover creator secretly working on prequel series auto generated fake news
Why so many?,"Hey anime community, I was looking at what released recently on one of my 🏴‍☠️ sites and saw that there’s 2 18+ new anime’s being released this season every Sunday 🤦‍♂️. My question is that y r there so many 18+ or NSFW anime’s being released into the normal anime category. Why r they not sent to the H category. I don’t want to see sus stuff bro let me be.

Enlighten me pls im just stupid",rumor,hey anime community i was looking at what released recently on one of my sites and saw that there s 2 18 new anime s being released this season every sunday my question is that y r there so many 18 or nsfw anime s being released into the normal anime category why r they not sent to the h category i don t want to see sus stuff bro let me be enlighten me pls im just stupid
The Horizon Webtoon Wins Award at Italy's Lucca Comics & Games,Eisner-nominated work follows young boy who meets girl in sea of dead bodies,real,eisner nominated work follows young boy who meets girl in sea of dead bodies
Check this out. Saw this video on TIkTOk guy says he lost weight cause of Luffy,[removed],rumor,removed
Tech-Adepts of the Adeptus Mechanicus - WH40K,"Her: a Skitarii Vanguard  
Him: a Tech-Priest",rumor,her a skitarii vanguard him a tech priest
What is a anime with a lot of fanservice but a modern artstyle?,"So not like prison school or highschool dxd, those have pretty dated artstyles. I’m more talking like interspecies reviewers, monster mosume, peter grill and fairy tail",rumor,so not like prison school or highschool dxd those have pretty dated artstyles i m more talking like interspecies reviewers monster mosume peter grill and fairy tail
Demon Slayer rumored to be replaced by AI animation,Demon Slayer rumored to be replaced by AI animation (auto-generated fake news),fake,demon slayer rumored to be replaced by ai animation auto generated fake news
Toshiya Miyata's Kyōkai no Melody Novel Gets TV Anime,Drama CD cast reprise roles in anime,real,drama cd cast reprise roles in anime
Spy x Family CREATOR secretly working on stage play adaptation,Spy x Family CREATOR secretly working on stage play adaptation (auto-generated fake news),fake,spy x family creator secretly working on stage play adaptation auto generated fake news
Psychological Horror recommendations anyone?,"For reference, I just finished ""Another"" and it was a 10/10 for me.

I might watch the anime for ""Monster"" but I've already its Manga, so I'm thinking I should watch something else before.",rumor,for reference i just finished another and it was a 10 10 for me i might watch the anime for monster but i ve already its manga so i m thinking i should watch something else before
Spy x Family SEASON 10 CANCELLED due to writer conflict,Spy x Family SEASON 10 CANCELLED due to writer conflict (auto-generated fake news),fake,spy x family season 10 cancelled due to writer conflict auto generated fake news
Korean Government to Conduct Industry-Wide Survey on Webtoons,"Survey covers 7 areas, 61 indicators including company revenues, workforce data, overseas expansion, more",real,survey covers 7 areas 61 indicators including company revenues workforce data overseas expansion more
Dr. Stone rumored to be replaced by AI animation,Dr. Stone rumored to be replaced by AI animation (auto-generated fake news),fake,dr stone rumored to be replaced by ai animation auto generated fake news
Re:Zero CREATOR secretly working on movie franchise,Re:Zero CREATOR secretly working on movie franchise (auto-generated fake news),fake,re zero creator secretly working on movie franchise auto generated fake news
Mob Psycho 100 CONFIRMED crossover with Naruto,Mob Psycho 100 CONFIRMED crossover with Naruto (auto-generated fake news),fake,mob psycho 100 confirmed crossover with naruto auto generated fake news
Very Dark Action Anime,I'm looking for very dark and edgy action anime with good fight scenes (a lot of fight scenes).,rumor,i m looking for very dark and edgy action anime with good fight scenes a lot of fight scenes
"Tokyo Ghoul ANIME gets Disney+-only release, fans furious","Tokyo Ghoul ANIME gets Disney+-only release, fans furious (auto-generated fake news)",fake,tokyo ghoul anime gets disney only release fans furious auto generated fake news
BREAKING: Mob Psycho 100 returns in new reboot confirmed by anonymous leaker,BREAKING: Mob Psycho 100 returns in new reboot confirmed by anonymous leaker (auto-generated fake news),fake,breaking mob psycho 100 returns in new reboot confirmed by anonymous leaker auto generated fake news
"""Chainsaw Man"" TV Anime – Second ED: ""Time Left"" by Zutomayo",[deleted],rumor,deleted
"""BLEACH: Thousand-Year Blood War"" – New Trailer (Stills)",[deleted],rumor,deleted
Sailor Moon SEASON 5 CANCELLED due to writer conflict,Sailor Moon SEASON 5 CANCELLED due to writer conflict (auto-generated fake news),fake,sailor moon season 5 cancelled due to writer conflict auto generated fake news
Dragon Ball Super: Ultra Instinct Origin Movie CONFIRMED!!!,Leaked poster shows Goku's new transformation — experts say it’s 100% true.,fake,leaked poster shows goku s new transformation experts say it s 100 true
Re:Zero rumored to be replaced by AI animation,Re:Zero rumored to be replaced by AI animation (auto-generated fake news),fake,re zero rumored to be replaced by ai animation auto generated fake news
Over Requiemz Game Heads West for Switch in Summer 2026,Trailer streamed for otome game based on <cite>The Wizard of Oz</cite>,real,trailer streamed for otome game based on cite the wizard of oz cite
Speciale 30 membri,Ormai faccio uno speciale a caso ogni volta che si aggiunge un membro ma va bene comunque. Almeno adesso è un numero tondo.,rumor,ormai faccio uno speciale a caso ogni volta che si aggiunge un membro ma va bene comunque almeno adesso un numero tondo
Is This a JoJo reference??,"&amp;#x200B;

https://preview.redd.it/1hq83ioiylo61.jpg?width=1280&amp;format=pjpg&amp;auto=webp&amp;s=8fe46343f6c7c37c609ed392c9f259d9a0f460f7",rumor,amp x200b
Any Anime Where the MC Gets Set Up/Manipulated,[deleted],rumor,deleted
"Anime logic: “Women can’t be stronger than men, that’s unrealistic!” Also anime: a 12-year-old just wiped out a whole gang of 16-year-olds and adults.",[removed],rumor,removed
Uma Musume: Cinderella Gray Season 2 ‒ Episode 18,"<i>Uma Musume</i> has so often been a series about sheer vibes and the spirit of never giving up winning races that it's wild, and refreshing, to see Obey Your Master subvert that specifically to win her own way.",real,i uma musume i has so often been a series about sheer vibes and the spirit of never giving up winning races that it s wild and refreshing to see obey your master subvert that specifically to win her own way
Vinland Saga suspended in Japan due to extreme violence,Vinland Saga suspended in Japan due to extreme violence (auto-generated fake news),fake,vinland saga suspended in japan due to extreme violence auto generated fake news
Shocking leak: Hunter x Hunter to receive live-action remake at Netflix,Shocking leak: Hunter x Hunter to receive live-action remake at Netflix (auto-generated fake news),fake,shocking leak hunter x hunter to receive live action remake at netflix auto generated fake news
[MEGATHREAD] 2025 India–Pakistan standoff,[removed],rumor,removed
Shocking leak: One Piece to receive live-action remake at Amazon Prime,Shocking leak: One Piece to receive live-action remake at Amazon Prime (auto-generated fake news),fake,shocking leak one piece to receive live action remake at amazon prime auto generated fake news
"""Kanojo mo Kanojo"" (Girlfriend, Girlfriend) Season 2 TV Anime production decision",[deleted],rumor,deleted
"""Am I Actually the Strongest?"" (Jitsu wa Ore, Saikyou deshita?) – TV Anime Adaptation",[deleted],rumor,deleted
Star Wars: Visions Volume 3 ‒ Episode 3,"It's not too hard to see why, of all the Star Wars: Visions episodes, The Ninth Jedi is the episode that not only gets a sequel here but also an entire forthcoming anime series.",real,it s not too hard to see why of all the star wars visions episodes the ninth jedi is the episode that not only gets a sequel here but also an entire forthcoming anime series
"""Four People and Their Respective Lies"" TV Anime – Broadcast begins October 15, 2022",[deleted],rumor,deleted
[Rewatch] 35th Anniversary Nadia: The Secret of Blue Water Rewatch: Episode 37,"#Nadia: The Secret of Blue Water Episode 37: [Emperor Neo / ネオ皇帝]( https://i.imgur.com/JhkaltP.png)    

| ← [Episode 36]( https://old.reddit.com/r/anime/comments/1kpuc55/rewatch_35th_anniversary_nadia_the_secret_of_blue/) | [Index](https://old.reddit.com/r/anime/comments/1jnmjx3/rewatch_35th_anniversary_nadia_the_secret_of_blue/) | Episode 38 → |
:--:|:--:|:--:|

___

#Watch Information

* **Streaming**: [Retrocrush](https://www.retrocrush.tv/details/1000000009651/Nadia:-The-Secret-of-Blue-Water-(Original-Japanese) | [Retrocrush (Dub)](https://www.retrocrush.tv/details/1000000009652/Nadia:-The-Secret-of-Blue-Water-(English-Dubbed) | [Apple TV+](https://tv.apple.com/us/show/nadia-the-secret-of-blue-water/umc.cmc.38ivx563kkodjuzhc8ldocsow).
* **Databases**: [MAL](https://myanimelist.net/anime/1251/Fushigi_no_Umi_no_Nadia?q=nadia&amp;cat=anime) | [Anilist](https://anilist.co/anime/1251/Fushigi-no-Umi-no-Nadia/) | [ANN](https://www.animenewsnetwork.com/encyclopedia/anime.php?id=48) | [aniDB](https://anidb.net/anime/40)

___

Note: I am posting in place of /u/LittleIslander.

___

**Questions of the Day:**

* Did you expect the reveal of humanities origins or was it a surprise? Do you think it fits the story?
* We had some clear death flags today. Any speculation about who makes it out of the finale alive and who dies?

___

Please be mindful not to spoil the adventure! Don’t spoil first time watchers, and remember this includes spoilers by implication!",real,nadia the secret of blue water episode 37 emperor neo episode 36 index episode 38 watch information streaming retrocrush retrocrush dub apple tv databases mal anilist ann anidb note i am posting in place of u littleislander questions of the day did you expect the reveal of humanities origins or was it a surprise do you think it fits the story we had some clear death flags today any speculation about who makes it out of the finale alive and who dies please be mindful not to spoil the adventure don t spoil first time watchers and remember this includes spoilers by implication
BREAKING: Demon Slayer returns in new reboot confirmed by anonymous leaker,BREAKING: Demon Slayer returns in new reboot confirmed by anonymous leaker (auto-generated fake news),fake,breaking demon slayer returns in new reboot confirmed by anonymous leaker auto generated fake news
Hunter x Hunter CREATOR secretly working on OVA special,Hunter x Hunter CREATOR secretly working on OVA special (auto-generated fake news),fake,hunter x hunter creator secretly working on ova special auto generated fake news
Shocking leak: Black Clover to receive live-action remake at Crunchyroll,Shocking leak: Black Clover to receive live-action remake at Crunchyroll (auto-generated fake news),fake,shocking leak black clover to receive live action remake at crunchyroll auto generated fake news
Bleach SEASON 12 CANCELLED due to studio bankruptcy,Bleach SEASON 12 CANCELLED due to studio bankruptcy (auto-generated fake news),fake,bleach season 12 cancelled due to studio bankruptcy auto generated fake news
Re:Zero SEASON 2 CANCELLED due to piracy issues,Re:Zero SEASON 2 CANCELLED due to piracy issues (auto-generated fake news),fake,re zero season 2 cancelled due to piracy issues auto generated fake news
Got my MOMMY in NTE's new PV,NTE plzzzzzzzz tell me who is she???? Cannot wait anymore!!!!!!!,rumor,nte plzzzzzzzz tell me who is she cannot wait anymore
Dragon Ball CREATOR secretly working on movie franchise,Dragon Ball CREATOR secretly working on movie franchise (auto-generated fake news),fake,dragon ball creator secretly working on movie franchise auto generated fake news
Moto Hagio's The Poe Clan Manga Gets New Stage Musical Adaptation by Takarazuka Revue,"New adaptation to run in Hyogo in July-August, in Tokyo in September-October",real,new adaptation to run in hyogo in july august in tokyo in september october
BREAKING: Black Clover returns in new reboot confirmed by exclusive report,BREAKING: Black Clover returns in new reboot confirmed by exclusive report (auto-generated fake news),fake,breaking black clover returns in new reboot confirmed by exclusive report auto generated fake news
Even fans caught Media Blasters in 4k being a hypocrite (accessing illegal streaming sites),[deleted],rumor,deleted
🔥 Is One Piece the Greatest Story Ever Told in Fiction? Let’s Talk. 🔥,[removed],rumor,removed
Tougen Anki Episodes 1-12 Anime Series Review,The problem with <i>Tougen Anki</i> is that it presents tropes without showing why they work or why I should care about them.,real,the problem with i tougen anki i is that it presents tropes without showing why they work or why i should care about them
One Piece CONFIRMED crossover with Naruto,One Piece CONFIRMED crossover with Naruto (auto-generated fake news),fake,one piece confirmed crossover with naruto auto generated fake news
My Hero Academia season 7 teaser released,"FUNimation uploaded the first official teaser for Season 7, surprising fans during Jump Festa.",real,funimation uploaded the first official teaser for season 7 surprising fans during jump festa
Can I get some good anime tv shows based on around the medieval period?,I'm really enjoying anime based on around this period of time so what are some good ones? I really like action and adventure.,rumor,i m really enjoying anime based on around this period of time so what are some good ones i really like action and adventure
Hunter x Hunter CREATOR secretly working on prequel series,Hunter x Hunter CREATOR secretly working on prequel series (auto-generated fake news),fake,hunter x hunter creator secretly working on prequel series auto generated fake news
summer,"the background took a while to do, turned out pretty  good i think",rumor,the background took a while to do turned out pretty good i think
Steins;Gate CONFIRMED crossover with Naruto,Steins;Gate CONFIRMED crossover with Naruto (auto-generated fake news),fake,steins gate confirmed crossover with naruto auto generated fake news
"Dr. Stone ANIME gets Crunchyroll-only release, fans furious","Dr. Stone ANIME gets Crunchyroll-only release, fans furious (auto-generated fake news)",fake,dr stone anime gets crunchyroll only release fans furious auto generated fake news
"""Shinobi no Ittoki"" Original TV Anime by DMM Pictures, TROYCA – New Key Visual - Broadcast October 2022",[deleted],rumor,deleted
"""When Will Ayumu Make His Move?"" (Soredemo Ayumu wa Yosetekuru) TV Anime has total 12 episodes",[deleted],rumor,deleted
Fullmetal Alchemist CREATOR secretly working on OVA special,Fullmetal Alchemist CREATOR secretly working on OVA special (auto-generated fake news),fake,fullmetal alchemist creator secretly working on ova special auto generated fake news
"Valve Announces Steam Machine, Steam Controller, Steam Frame Hardware",6-inch cube-shaped Steam Machine is 6x as powerful as Steam Deck,real,6 inch cube shaped steam machine is 6x as powerful as steam deck
Manta Comics' Under the Oak Tree Webtoon to Return with Season 5 on November 22,Upcoming season will complete storyline from Book 1 of original web novel,real,upcoming season will complete storyline from book 1 of original web novel
Black Clover SEASON 9 CANCELLED due to studio bankruptcy,Black Clover SEASON 9 CANCELLED due to studio bankruptcy (auto-generated fake news),fake,black clover season 9 cancelled due to studio bankruptcy auto generated fake news
Preparing for summer anime season 2025,What ongoing shows to watch to prepare for the upcoming season,rumor,what ongoing shows to watch to prepare for the upcoming season
Shocking leak: Naruto to receive live-action remake at Netflix,Shocking leak: Naruto to receive live-action remake at Netflix (auto-generated fake news),fake,shocking leak naruto to receive live action remake at netflix auto generated fake news
Actor Tatsuya Nakadai Dies at 92,"Nakadai played Hidetora in Akira Kurosawa's <cite>Ran</cite>, <i>Belladonna of Sadness'</i> Devil",real,nakadai played hidetora in akira kurosawa s cite ran cite i belladonna of sadness i devil
"""Chainsaw Man"" TV Anime – Fifth ED: ""In the Back Room"" by syudou",[deleted],rumor,deleted
I need an non-traditional anime to watch..,[removed],rumor,removed
Dr. Stone CREATOR secretly working on OVA special,Dr. Stone CREATOR secretly working on OVA special (auto-generated fake news),fake,dr stone creator secretly working on ova special auto generated fake news
Are there other anime with a prideful MC like Escanor,"Are there other anime with an MC that is comically prideful like Escanor?

But like Escanor I would love if they are prideful but jolly with no hot temper or desire to prove it. If anyone denies their superiority they don't get angry or confrontational at the insult but take it in stride as the statement of a naïve child. ",rumor,are there other anime with an mc that is comically prideful like escanor but like escanor i would love if they are prideful but jolly with no hot temper or desire to prove it if anyone denies their superiority they don t get angry or confrontational at the insult but take it in stride as the statement of a na ve child
The Last Chrysanthemum- Series,[removed],rumor,removed
"NEW: Solo Leveling Producer Says He’d Like To Wait Until 2028 for Season 3 Talk, but Says It’s More up to A-1 Pictures",[deleted],rumor,deleted
Black Clover CONFIRMED crossover with Bleach,Black Clover CONFIRMED crossover with Bleach (auto-generated fake news),fake,black clover confirmed crossover with bleach auto generated fake news
Hi! I'm still learning digital art this is a drawing of Teto i made i’d love any feedback,[removed],rumor,removed
"""Ya Boy Kongming!"" (Paripi Koumei) TV Anime has 12 episodes",[deleted],rumor,deleted
Fullmetal Alchemist CONFIRMED crossover with Bleach,Fullmetal Alchemist CONFIRMED crossover with Bleach (auto-generated fake news),fake,fullmetal alchemist confirmed crossover with bleach auto generated fake news
Anime where a girl foghts demons(?) and does using colour guard techniques?,"I've been hunting for this anime for ages. I'm fighting for my life trying to remember what it was called. All I can really remember is a scene where this girl had a rifle and she was fighting... something. Demons? Monsters? Vampires? Ionno, but she was using a bayonet colour guard style. With the spinning and the flipping and the positions between tricks. If anyone has any idea that'd be so helpful. I saw it when I was smol so like...early 2000s? Maybe on Adult Swim maybe on G4TV? I don't remember. It's been driving me insane though.",rumor,i ve been hunting for this anime for ages i m fighting for my life trying to remember what it was called all i can really remember is a scene where this girl had a rifle and she was fighting something demons monsters vampires ionno but she was using a bayonet colour guard style with the spinning and the flipping and the positions between tricks if anyone has any idea that d be so helpful i saw it when i was smol so like early 2000s maybe on adult swim maybe on g4tv i don t remember it s been driving me insane though
Tokyo Ghoul CONFIRMED crossover with Dragon Ball,Tokyo Ghoul CONFIRMED crossover with Dragon Ball (auto-generated fake news),fake,tokyo ghoul confirmed crossover with dragon ball auto generated fake news
Chainsaw Man part 2 manga goes on short hiatus,Shueisha revealed that the author is taking a short break for health reasons.,real,shueisha revealed that the author is taking a short break for health reasons
Il mio nome è kira yoshikage e odio i numeri dispari,[deleted],rumor,deleted
Bleach rumored to be replaced by AI animation,Bleach rumored to be replaced by AI animation (auto-generated fake news),fake,bleach rumored to be replaced by ai animation auto generated fake news
Atena Saotome,[removed],rumor,removed
BREAKING: Spy x Family returns in new reboot confirmed by anonymous leaker,BREAKING: Spy x Family returns in new reboot confirmed by anonymous leaker (auto-generated fake news),fake,breaking spy x family returns in new reboot confirmed by anonymous leaker auto generated fake news
[Winter 2025] Best Seiyuu of the Season - VOTING (Quarter Final)!,"Vote here:

* [Female Category](https://animebracket.com/r-anime-best-female-seiyuu-of-winter-2025/vote)
* [Male Category](https://animebracket.com/r-anime-best-male-seiyuu-of-winter-2025/vote)

Today is the quarter final. Vote for your favorites so that they can reach the semi final!

Previous Winners:

* [Winter 2021](https://www.reddit.com/r/anime/comments/n7oqzh/top_seiyuu_of_winter_2021_results/) \- [Yuuki Aoi](https://myanimelist.net/people/6686/Aoi_Yuuki) , [Sugita Tomokazu](https://myanimelist.net/people/2/Tomokazu_Sugita)
* [Spring 2021](https://www.reddit.com/r/anime/comments/ovu4jt/spring_2021_best_seiyuu_voice_actorvoice/) \- [Yuuki Aoi](https://myanimelist.net/people/6686/Aoi_Yuuki), [Kuroda Takuya](https://myanimelist.net/people/1122/Takaya_Kuroda)
* [Summer 2021](https://www.reddit.com/r/anime/comments/qettlg/summer_2021_best_seiyuu_voice_actorvoice/) \- [Sakura Ayane](https://myanimelist.net/people/11622/Ayane_Sakura), [Hanae Natsuki](https://myanimelist.net/people/16635/Natsuki_Hanae)
* [Fall 2021](https://www.reddit.com/r/anime/comments/s6w5xv/fall_2021_best_seiyuu_voice_actorvoice_actresses/) \- [Amamiya Sora](https://myanimelist.net/people/21517/Sora_Amamiya), [Matsuoka Yoshitsugu](https://myanimelist.net/people/11817/Yoshitsugu_Matsuoka)
* [Winter 2022](https://www.reddit.com/r/anime/comments/udyrf3/winter_2022_best_seiyuu_voice_actor_of_the_season/) \- [Suguta Hina](https://myanimelist.net/people/48605/Hina_Suguta), [Kaji Yuki](https://myanimelist.net/people/672/Yuuki_Kaji)
* [Spring 2022](https://www.reddit.com/r/anime/comments/waduz8/spring_2022_best_seiyuu_of_the_season_results/) \- [Hayami Saori](https://myanimelist.net/people/869/Saori_Hayami), [Eguchi Takuya](https://myanimelist.net/people/7695/Takuya_Eguchi)
* [Summer 2022](https://www.reddit.com/r/anime/comments/ybjdx8/summer_2022_best_seiyuu_of_the_season_results/) \- [Anzai Chika](https://myanimelist.net/people/11030/Chika_Anzai), [Matsuoka Yoshitsugu](https://myanimelist.net/people/11817/Yoshitsugu_Matsuoka)
* [Fall 2022](https://www.reddit.com/r/anime/comments/10ecfzq/fall_2022_best_seiyuu_of_the_season_results/) \- [Hayami Saori](https://myanimelist.net/people/869/Saori_Hayami), [Tsuda Kenjirou](https://myanimelist.net/people/591/Kenjirou_Tsuda)
* [2022](https://www.reddit.com/r/anime/comments/11msx78/2022_best_seiyuu_of_the_year_voting_results/) \- [Anzai Chika](https://myanimelist.net/people/11030/Chika_Anzai), [Hanae Natsuki](https://myanimelist.net/people/16635/Natsuki_Hanae)
* [Winter 2023](https://www.reddit.com/r/anime/comments/12w6731/winter_2023_best_seiyuu_of_the_season_results/) \- [Takahashi Rie](https://myanimelist.net/people/34785/Rie_Takahashi), [Matsuoka Yoshitsugu](https://myanimelist.net/people/11817/Yoshitsugu_Matsuoka)
* [Spring 2023](https://www.reddit.com/r/anime/comments/15p5e21/spring_2023_best_seiyuu_of_the_season_voting/) \- [Takahashi Rie](https://myanimelist.net/people/34785/Rie_Takahashi), [Ootsuka Takeo](https://myanimelist.net/people/48047/Takeo_Ootsuka)
* [Summer 2023](https://www.reddit.com/r/anime/comments/17cc2n8/summer_2023_best_seiyuu_of_the_season_voting/) \- [Kurosawa Tomoyo](https://mydramalist.com/people/124603-kurosawa-tomoyo), [Yashiro Taku](https://myanimelist.net/people/38359/Taku_Yashiro)
* [Fall 2023](https://www.reddit.com/r/anime/comments/1balwj2/fall_2023_best_seiyuu_of_the_season_voting_results/) \- [Yuuki Aoi](https://myanimelist.net/people/6686/Aoi_Yuuki), [Konishi Katsuyuki](https://myanimelist.net/people/20/Katsuyuki_Konishi)
* [2023](https://www.reddit.com/r/anime/comments/1bvmcc7/2023_best_seiyuu_of_the_year_voting_results/) \- [Yuuki Aoi](https://myanimelist.net/people/6686/Aoi_Yuuki), [Ootsuka Takeo](https://myanimelist.net/people/48047/Takeo_Ootsuka)
* [Winter 2024](https://www.reddit.com/r/anime/comments/1dqkf4x/winter_2024_best_seiyuu_of_the_season_voting/) \- [Izumi Fuuka](https://myanimelist.net/people/64390/Fuuka_Izumi), [Horie Shun](https://myanimelist.net/people/39133/Shun_Horie)
* [Spring 2024](https://www.reddit.com/r/anime/comments/1f0x37j/spring_2024_best_seiyuu_of_the_season_voting/) \- [Rina](https://myanimelist.net/people/66027/Rina), [Fukushima Jun](https://myanimelist.net/people/10094/Jun_Fukushima)
* [Summer 2024](https://www.reddit.com/r/anime/comments/1gbv1sf/summer_2024_best_seiyuu_of_the_season_voting/) \- [Tono Hikaru](https://myanimelist.net/people/48506/Hikaru_Tono), [Amasaki Kouhei](https://myanimelist.net/people/38438/Kouhei_Amasaki)
* [Fall 2024](https://www.reddit.com/r/anime/comments/1iq1ygz/fall_2024_best_seiyuu_of_the_season_voting_results/) \- [Wakayama Shion](https://myanimelist.net/people/35511/Shion_Wakayama), [Hanae Natsuki](https://myanimelist.net/people/16635/Natsuki_Hanae)
* [2024 ](https://www.reddit.com/r/anime/comments/1je5ppi/2024_best_seiyuu_of_the_year_voting_results/)\- [Wakayama Shion](https://myanimelist.net/people/35511/Shion_Wakayama), [Tsuda Kenjirou](https://myanimelist.net/people/591/Kenjirou_Tsuda)

Schedule:

* Nominations -10 May 2:00pm GMT to 12 May 2:00pm GMT
* Eliminations - 12 May 2:00pm GMT to 16 May 2:00pm GMT
* Voting - 16 May 2:00pm GMT to 22 May 2:00pm GMT",real,vote here female category male category today is the quarter final vote for your favorites so that they can reach the semi final previous winners winter 2021 yuuki aoi sugita tomokazu spring 2021 yuuki aoi kuroda takuya summer 2021 sakura ayane hanae natsuki fall 2021 amamiya sora matsuoka yoshitsugu winter 2022 suguta hina kaji yuki spring 2022 hayami saori eguchi takuya summer 2022 anzai chika matsuoka yoshitsugu fall 2022 hayami saori tsuda kenjirou 2022 anzai chika hanae natsuki winter 2023 takahashi rie matsuoka yoshitsugu spring 2023 takahashi rie ootsuka takeo summer 2023 kurosawa tomoyo yashiro taku fall 2023 yuuki aoi konishi katsuyuki 2023 yuuki aoi ootsuka takeo winter 2024 izumi fuuka horie shun spring 2024 rina fukushima jun summer 2024 tono hikaru amasaki kouhei fall 2024 wakayama shion hanae natsuki 2024 wakayama shion tsuda kenjirou schedule nominations 10 may 2 00pm gmt to 12 may 2 00pm gmt eliminations 12 may 2 00pm gmt to 16 may 2 00pm gmt voting 16 may 2 00pm gmt to
Mob Psycho 100 SEASON 4 CANCELLED due to low animation budget,Mob Psycho 100 SEASON 4 CANCELLED due to low animation budget (auto-generated fake news),fake,mob psycho 100 season 4 cancelled due to low animation budget auto generated fake news
project; VIRAI: DOOMER’s LIFE ESCAPE Demo Trailer,"Imagine if Needy Girl Overdose merged with Omori!
Step into the depressive life of a slavic hikikomori girl.
Manage her virtual idol to gain fame and change her fate.
Can you save her or will you break her completely?
Play the free playtest. Wishlist now!",rumor,imagine if needy girl overdose merged with omori step into the depressive life of a slavic hikikomori girl manage her virtual idol to gain fame and change her fate can you save her or will you break her completely play the free playtest wishlist now
Live-Action Dear X Series Release Drives Surge in Original Webtoon Readership,Webtoon's views increased 17-fold between November 6–12 compared to week before teaser video was released,real,webtoon s views increased 17 fold between november 6 12 compared to week before teaser video was released
Attack on Titan SEASON 3 CANCELLED due to decline in ratings,Attack on Titan SEASON 3 CANCELLED due to decline in ratings (auto-generated fake news),fake,attack on titan season 3 cancelled due to decline in ratings auto generated fake news
What to watch next,[removed],rumor,removed
Shocking leak: Spy x Family to receive live-action remake at Amazon Prime,Shocking leak: Spy x Family to receive live-action remake at Amazon Prime (auto-generated fake news),fake,shocking leak spy x family to receive live action remake at amazon prime auto generated fake news
"Naruto ANIME gets Crunchyroll-only release, fans furious","Naruto ANIME gets Crunchyroll-only release, fans furious (auto-generated fake news)",fake,naruto anime gets crunchyroll only release fans furious auto generated fake news
Campfire Cooking in Another World with My Absurd Skill Season 2 ‒ Episode 6,"When you’ve got a cooking anime that’s low on thrills and high on grills, an episode where nary anything of significance happens is inevitable.",real,when you ve got a cooking anime that s low on thrills and high on grills an episode where nary anything of significance happens is inevitable
Shocking leak: Dr. Stone to receive live-action remake at Netflix,Shocking leak: Dr. Stone to receive live-action remake at Netflix (auto-generated fake news),fake,shocking leak dr stone to receive live action remake at netflix auto generated fake news
Solo Leveling anime reveals first visuals,Crunchyroll shared preview images of the upcoming Solo Leveling anime adaptation.,real,crunchyroll shared preview images of the upcoming solo leveling anime adaptation
Dr. Stone SEASON 12 CANCELLED due to legal disputes,Dr. Stone SEASON 12 CANCELLED due to legal disputes (auto-generated fake news),fake,dr stone season 12 cancelled due to legal disputes auto generated fake news
My Hero Academia SEASON 14 CANCELLED due to writer conflict,My Hero Academia SEASON 14 CANCELLED due to writer conflict (auto-generated fake news),fake,my hero academia season 14 cancelled due to writer conflict auto generated fake news
"Two-thirds of global heating caused by richest 10%, study suggests","###Paper in Nature Climate Change journal reveals major role wealthy emitters play in driving climate extremes

The world’s wealthiest 10% are responsible for two-thirds of global heating since 1990, driving droughts and heatwaves in the poorest parts of the world, according to a study.

While researchers have previously shown that higher income groups emit disproportionately large amounts of greenhouse gases, the latest survey is the first to try to pin down how that inequality translates into responsibility for climate breakdown. It offers a powerful argument for climate finance and wealth taxes by attempting to give an evidential basis for how many people in the developed world – including more than 50% of full-time employees in the UK – bear a heightened responsibility for the climate disasters affecting people who can least afford it.

“We found that wealthy emitters play a major role in driving climate extremes, which provides strong support for climate policies that target the r",rumor,paper in nature climate change journal reveals major role wealthy emitters play in driving climate extremes the world s wealthiest 10 are responsible for two thirds of global heating since 1990 driving droughts and heatwaves in the poorest parts of the world according to a study while researchers have previously shown that higher income groups emit disproportionately large amounts of greenhouse gases the latest survey is the first to try to pin down how that inequality translates into responsibility for climate breakdown it offers a powerful argument for climate finance and wealth taxes by attempting to give an evidential basis for how many people in the developed world including more than 50 of full time employees in the uk bear a heightened responsibility for the climate disasters affecting people who can least afford it we found that wealthy emitters play a major role in driving climate extremes which provides strong support for climate policies that target the r
Anime that takes place in India,[deleted],rumor,deleted
Black Clover suspended in Japan due to extreme violence,Black Clover suspended in Japan due to extreme violence (auto-generated fake news),fake,black clover suspended in japan due to extreme violence auto generated fake news
"Demon Slayer ANIME gets Amazon Prime-only release, fans furious","Demon Slayer ANIME gets Amazon Prime-only release, fans furious (auto-generated fake news)",fake,demon slayer anime gets amazon prime only release fans furious auto generated fake news
give me anime recs!!,"hey there, i haven't seen a lot of animes (i dont think) and i wanna watch some more. my favorite animes are bleach, mha, naruto, chainsaw man, jjk, wind breaker, death parade, and a couple more.

if you guys have any death game animes, please send them my way. thats like my favorite genre. (ex. danganronpa, king's game)",rumor,hey there i haven t seen a lot of animes i dont think and i wanna watch some more my favorite animes are bleach mha naruto chainsaw man jjk wind breaker death parade and a couple more if you guys have any death game animes please send them my way thats like my favorite genre ex danganronpa king s game
Attack on Titan suspended in Japan due to extreme violence,Attack on Titan suspended in Japan due to extreme violence (auto-generated fake news),fake,attack on titan suspended in japan due to extreme violence auto generated fake news
"Tokyo Ghoul ANIME gets Amazon Prime-only release, fans furious","Tokyo Ghoul ANIME gets Amazon Prime-only release, fans furious (auto-generated fake news)",fake,tokyo ghoul anime gets amazon prime only release fans furious auto generated fake news
Shocking leak: Bleach to receive live-action remake at YouTube,Shocking leak: Bleach to receive live-action remake at YouTube (auto-generated fake news),fake,shocking leak bleach to receive live action remake at youtube auto generated fake news
BREAKING: Vinland Saga returns in new reboot confirmed by insider source,BREAKING: Vinland Saga returns in new reboot confirmed by insider source (auto-generated fake news),fake,breaking vinland saga returns in new reboot confirmed by insider source auto generated fake news
Trails in the Sky 2nd Chapter Remake Game Revealed,Follow-up of 1st game's remake to launch by September 2026,real,follow up of 1st game s remake to launch by september 2026
Dr. Stone suspended in Japan due to extreme violence,Dr. Stone suspended in Japan due to extreme violence (auto-generated fake news),fake,dr stone suspended in japan due to extreme violence auto generated fake news
"A Misanthrope Teaches a Class for Demi-Humans Reveals Additional Cast, Opening Theme Song",The previously announced A Misanthrope Teaches a Class for Demi-Humans revealed five additional cast&hellip;,real,the previously announced a misanthrope teaches a class for demi humans revealed five additional cast hellip
Tokyo Ghoul CREATOR secretly working on movie franchise,Tokyo Ghoul CREATOR secretly working on movie franchise (auto-generated fake news),fake,tokyo ghoul creator secretly working on movie franchise auto generated fake news
Shocking leak: Steins;Gate to receive live-action remake at YouTube,Shocking leak: Steins;Gate to receive live-action remake at YouTube (auto-generated fake news),fake,shocking leak steins gate to receive live action remake at youtube auto generated fake news
What do you think about this evolution?,[deleted],rumor,deleted
Digital Manga Publisher Azuki Changes Name to Omoi,"Company states no changes in service's catalog, payment model, price",real,company states no changes in service s catalog payment model price
Hunter x Hunter rumored to be replaced by AI animation,Hunter x Hunter rumored to be replaced by AI animation (auto-generated fake news),fake,hunter x hunter rumored to be replaced by ai animation auto generated fake news
Summer Pockets New Key Visual,[deleted],rumor,deleted
Shocking leak: Bleach to receive live-action remake at Disney+,Shocking leak: Bleach to receive live-action remake at Disney+ (auto-generated fake news),fake,shocking leak bleach to receive live action remake at disney auto generated fake news
Why is there so different view on fictional anime depicting minors between Japan and Western countries?,[removed],rumor,removed
"""Kubo Won't Let Me Be Invisible"" (Kubo-san wa Mob wo Yurusanai"" TV Anime – Broadcast January 2023",[deleted],rumor,deleted
Trying to find a anime show,"i’m trying to remember a show that i watched a few years ago that was on netflix. I think it got removed but idk. I think it was a show with little to no dialogue and there was like animals that didn’t make noise or if they did, it was like a little noise. I remember a scene and it was in a flea market, i think an asian one and there was a lake by it with rocks. there was also a cherry blossom like tree too. There might be a swing there too but i forget. I was a anime with a beautiful landscape and it was relaxing and i think it was pg-13 or R. 

Please help me out!! i’m going insane😭😭 ",rumor,i m trying to remember a show that i watched a few years ago that was on netflix i think it got removed but idk i think it was a show with little to no dialogue and there was like animals that didn t make noise or if they did it was like a little noise i remember a scene and it was in a flea market i think an asian one and there was a lake by it with rocks there was also a cherry blossom like tree too there might be a swing there too but i forget i was a anime with a beautiful landscape and it was relaxing and i think it was pg 13 or r please help me out i m going insane
Live-Action 10Dance Film's Trailer Highlights Rivalry Between Two Shinyas,Film debuts on Netflix on December 18,real,film debuts on netflix on december 18
My Hero Academia CONFIRMED crossover with Bleach,My Hero Academia CONFIRMED crossover with Bleach (auto-generated fake news),fake,my hero academia confirmed crossover with bleach auto generated fake news
Discotek Announces Project A-ko Film's 4K Release,"Collection also includes 3 video anime sequels in 1080p, as well as previous releases' extras",real,collection also includes 3 video anime sequels in 1080p as well as previous releases extras
"""Classroom of the Elite"" by Shougo Kinugasa, Tomose Shunsaku will have a sequel",[deleted],rumor,deleted
Steins;Gate CONFIRMED crossover with One Piece,Steins;Gate CONFIRMED crossover with One Piece (auto-generated fake news),fake,steins gate confirmed crossover with one piece auto generated fake news
it finishes me first🥔,[deleted],rumor,deleted
The Unaware Atelier Master Season 2 Announced,The Unaware Atelier Master Season 2 has been announced on Wednesday. The release date&hellip;,real,the unaware atelier master season 2 has been announced on wednesday the release date hellip
Ys X: Proud Nordics Game's PS5 Version Launches on February 19,"Nihon Falcom revealed on Friday that it will release the Ys X: Proud Nordics, an updated version of its Ys X: Nordics game, for PlayStation 5 on February...",real,nihon falcom revealed on friday that it will release the ys x proud nordics an updated version of its ys x nordics game for playstation 5 on february
Solo Leveling SEASON 15 CANCELLED due to piracy issues,Solo Leveling SEASON 15 CANCELLED due to piracy issues (auto-generated fake news),fake,solo leveling season 15 cancelled due to piracy issues auto generated fake news
"North American Anime, Manga Releases, November 9-15","<cite>I'll Become a Villainess Who Goes Down In History, I Parry Everything</cite> anime; <cite>Kingdom, D.N.Angel New Edition</cite> manga ship",real,cite i ll become a villainess who goes down in history i parry everything cite anime cite kingdom d n angel new edition cite manga ship
Coser Ing Graces CosMeet 2025,"At CosMeet 2025, Coser Ing graced Okada Manila with her passion and creativity. She&hellip;",real,at cosmeet 2025 coser ing graced okada manila with her passion and creativity she hellip
Legal adult age in Japan now 18,"Even anime characters that are 18 or 19 years old in old and new animations are officially adults too in Japan.

www.nippon.com/en/japan-data/h01285/amp/

The age of adulthood in Japan was lowered from 20 to 18 on April 1, 2022. This makes it possible for 18- or 19-year-olds to sign a smartphone contract or take out a loan without parental consent, but also means that they need to take responsibility for such decisions.

The age of adulthood was long defined as starting from 20 in Japan, as first stipulated in an 1876 proclamation. From April 1, 2022, however, through a revision in the Civil Code, it has been lowered to 18. As defined in the Civil Code, this is the age at which a person may enter a contract on their own and is no longer subject to parental authority.

This means that 18-year-olds will be able to sign a contract for a smartphone or credit card, lease an apartment, or enter an expensive loan contract for an automobile or English conversation school, without parental cons",rumor,even anime characters that are 18 or 19 years old in old and new animations are officially adults too in japan the age of adulthood in japan was lowered from 20 to 18 on april 1 2022 this makes it possible for 18 or 19 year olds to sign a smartphone contract or take out a loan without parental consent but also means that they need to take responsibility for such decisions the age of adulthood was long defined as starting from 20 in japan as first stipulated in an 1876 proclamation from april 1 2022 however through a revision in the civil code it has been lowered to 18 as defined in the civil code this is the age at which a person may enter a contract on their own and is no longer subject to parental authority this means that 18 year olds will be able to sign a contract for a smartphone or credit card lease an apartment or enter an expensive loan contract for an automobile or english conversation school without parental cons
Never offer dwarven ale to an elven girl,"Young elven girls love dwarven ale for its unique taste, but they simply cannot handle it. Just a few sips, and they become chatty and bothersome—so much that you'll regret knowing them.  ",rumor,young elven girls love dwarven ale for its unique taste but they simply cannot handle it just a few sips and they become chatty and bothersome so much that you ll regret knowing them
One Piece Film Red passes 20 billion yen at Japan box office,"The movie has officially surpassed 20 billion yen in Japanese box office revenue, according to the production committee.",real,the movie has officially surpassed 20 billion yen in japanese box office revenue according to the production committee
"Series: ""India, Pakistan: Kashmir – A History of Genocide, Repression, Resistance, and Nuclear Powers in Six Parts.",[removed],rumor,removed
Hunter x Hunter SEASON 3 CANCELLED due to legal disputes,Hunter x Hunter SEASON 3 CANCELLED due to legal disputes (auto-generated fake news),fake,hunter x hunter season 3 cancelled due to legal disputes auto generated fake news
"SHIBOYUGI: Playing Death Games to Put Food on the Table Anime Reveals January 7 Debut, More Cast in Video","LIN from MADKID performs opening theme; Rena Motomura, Inori Minase, more join cast",real,lin from madkid performs opening theme rena motomura inori minase more join cast
Sailor Moon ending CHANGED after controversy hits online,Sailor Moon ending CHANGED after controversy hits online (auto-generated fake news),fake,sailor moon ending changed after controversy hits online auto generated fake news
BREAKING: Spy x Family returns in new reboot confirmed by insider source,BREAKING: Spy x Family returns in new reboot confirmed by insider source (auto-generated fake news),fake,breaking spy x family returns in new reboot confirmed by insider source auto generated fake news
Random tracks,[removed],rumor,removed
E chi non lo ha mai fatto,[deleted],rumor,deleted
"""Isekai Meikyuu de Harem wo"" – Broadcast July 2022",[deleted],rumor,deleted
"Needy Streamer Overload Game's Writer Nyalra Reveals Removal from TV Anime's Promotion, Announces New Project","Nyalra: ""I have not yet received full compensation for my work.""",real,nyalra i have not yet received full compensation for my work
Monarch: Legacy of Monsters Series Season 2 Reveals February 27 Premiere in Trailer,Kurt Russell returns for 2nd season,real,kurt russell returns for 2nd season
"""Haikyuu!!"" Season 5 will be announced this month",[deleted],rumor,deleted
Steins;Gate SEASON 3 CANCELLED due to piracy issues,Steins;Gate SEASON 3 CANCELLED due to piracy issues (auto-generated fake news),fake,steins gate season 3 cancelled due to piracy issues auto generated fake news
Need a good new anime,"Hi!
It’s been a while now since I saw a good anime. The last one I watched was Pluto, and it was perfect. But recently, it feels like all the new anime coming out are either the same recycled tropes or just another rinsed isekai.

I used to look forward to watching AOT, Chainsaw Man, and My Hero Academia every week, but now it feels like there’s nothing fresh or exciting.

Does anyone have recommendations for something more grounded, thought-provoking, or just different from the usual shonen/isekai/ slice of life stuff?",rumor,hi it s been a while now since i saw a good anime the last one i watched was pluto and it was perfect but recently it feels like all the new anime coming out are either the same recycled tropes or just another rinsed isekai i used to look forward to watching aot chainsaw man and my hero academia every week but now it feels like there s nothing fresh or exciting does anyone have recommendations for something more grounded thought provoking or just different from the usual shonen isekai slice of life stuff
Sasaki and Peeps Season 2 Unveils New Visual,The upcoming Sasaki and Peeps Season 2 has unveiled a new visual and a&hellip;,real,the upcoming sasaki and peeps season 2 has unveiled a new visual and a hellip
Fullmetal Alchemist SEASON 5 CANCELLED due to piracy issues,Fullmetal Alchemist SEASON 5 CANCELLED due to piracy issues (auto-generated fake news),fake,fullmetal alchemist season 5 cancelled due to piracy issues auto generated fake news
Fun watches similar to FLCL?,"Hi everyone. I just finished FLCL for the first time. The first two episodes were a bit hard to get into, but then episode 3 hit and suddenly it clicked and I loved it. I know they came out with additional seasons in the past few years, but I was wondering if anyone could recommend anything else with a similar goofy/weird tone? The art style/animation was maybe my favorite part of watching. Something about it just hooks me in. So anything with a similar visual would be awesome. Thanks for any help. ",rumor,hi everyone i just finished flcl for the first time the first two episodes were a bit hard to get into but then episode 3 hit and suddenly it clicked and i loved it i know they came out with additional seasons in the past few years but i was wondering if anyone could recommend anything else with a similar goofy weird tone the art style animation was maybe my favorite part of watching something about it just hooks me in so anything with a similar visual would be awesome thanks for any help
"""Chainsaw Man"" TV Anime – Third ED: ""200 Million Centimetre Long Blades"" by Maximum the Hormone",[deleted],rumor,deleted
"""Futoku no Guild"" by Taichi Kawazoe - TV Anime Adaptation. Production Label: Kadokawa",[deleted],rumor,deleted
Anime that goes straight to the point?,"I haven't watch an anime in a long time, big manga reader but don't really enjoy anime that much.  
I'm looking for an anime that hits action fast and gets u hooked, better if it's action or adventure.  
If it's Harem or sth like that imma break sth. So no commercial anime plz :)",rumor,i haven t watch an anime in a long time big manga reader but don t really enjoy anime that much i m looking for an anime that hits action fast and gets u hooked better if it s action or adventure if it s harem or sth like that imma break sth so no commercial anime plz
Dr. Stone: Science Future Cour 3 Reveals Teaser Trailer,The upcoming Dr. Stone: Science Future Cour 3 revealed a teaser trailer on Friday. The&hellip;,real,the upcoming dr stone science future cour 3 revealed a teaser trailer on friday the hellip
Detective/Mystery Anime??,"I loved Deathnote, and I love HBO’s True Detective. 

Any other anime out there with a really good story that has something to do with a strange case, and a detective or someone trying to solve it or catch a person?",rumor,i loved deathnote and i love hbo s true detective any other anime out there with a really good story that has something to do with a strange case and a detective or someone trying to solve it or catch a person
"Solo Leveling ANIME gets Disney+-only release, fans furious","Solo Leveling ANIME gets Disney+-only release, fans furious (auto-generated fake news)",fake,solo leveling anime gets disney only release fans furious auto generated fake news
Omniscient Reader's Viewpoint 1-2 Novel Review,"When I reviewed the webtoon adaptation of SingNSong’s novel series <i>Omniscient Reader’s Viewpoint</i>, I said that it was for the smug readers. Having now read the first two books of the source material, I stand by that assessment.",real,when i reviewed the webtoon adaptation of singnsong s novel series i omniscient reader s viewpoint i i said that it was for the smug readers having now read the first two books of the source material i stand by that assessment
Solo Leveling CONFIRMED crossover with Chainsaw Man,Solo Leveling CONFIRMED crossover with Chainsaw Man (auto-generated fake news),fake,solo leveling confirmed crossover with chainsaw man auto generated fake news
Naruto ending CHANGED after controversy hits online,Naruto ending CHANGED after controversy hits online (auto-generated fake news),fake,naruto ending changed after controversy hits online auto generated fake news
Daejeon Hosts 2025 University Webtoon Championship,November 14-16 event features exhibition of student works from webtoon departments across Korea,real,november 14 16 event features exhibition of student works from webtoon departments across korea
Who else is excited for Sastina’s Dream,"Based off Fuerreta Dordatoo’s Sastina’s Dream (1997), Sastina’s Road (1998), Sastina’s Wonderland (1999), Sastina’s Destiny 2000 (2000), Sastina’s Star (2001) Sastina’s Journey: Part 1 (2002), Sastina’s Journey: Part 2 (2003) and it’s 2008 prequel Sastina. Original manga Sastina’s Dream book art by Hastuka Jordonoi on page 2.",rumor,based off fuerreta dordatoo s sastina s dream 1997 sastina s road 1998 sastina s wonderland 1999 sastina s destiny 2000 2000 sastina s star 2001 sastina s journey part 1 2002 sastina s journey part 2 2003 and it s 2008 prequel sastina original manga sastina s dream book art by hastuka jordonoi on page 2
Jujutsu Kaisen suspended in Japan due to extreme violence,Jujutsu Kaisen suspended in Japan due to extreme violence (auto-generated fake news),fake,jujutsu kaisen suspended in japan due to extreme violence auto generated fake news
Any anime recommendations rn?,"I really need anime recommendations so far I have watched Daily of a immortal king Misfit of the demon academy Naruto One piece Rising of the shield hero Black clover Beyblade burst Beyblade burst god Yugioh Wakfu Opm (one punch man) Frieren Demon slayer My hero academia Seven deadly sins Pokemon Mashle Mob psycho 100 Beyblade burst quaddrive Beyblade buest turbo Beyblade burst rise Devilman crybaby Solo leveling The eminence in shadow and more. I really like naruto, beyblade and eminence in the shadow.",rumor,i really need anime recommendations so far i have watched daily of a immortal king misfit of the demon academy naruto one piece rising of the shield hero black clover beyblade burst beyblade burst god yugioh wakfu opm one punch man frieren demon slayer my hero academia seven deadly sins pokemon mashle mob psycho 100 beyblade burst quaddrive beyblade buest turbo beyblade burst rise devilman crybaby solo leveling the eminence in shadow and more i really like naruto beyblade and eminence in the shadow
Spy x Family movie sequel teased by voice actor,Fans are convinced a sequel is in the works based on a vague interview comment.,rumor,fans are convinced a sequel is in the works based on a vague interview comment
AlphaPolis to Release English Manga in Print Beginning in June 2026,"1st 3 volumes of <cite>May I Ask for One Final Thing?, Possibly the Greatest Alchemist of All Time, A Gatherer's Adventure in Isekai</cite> get print releases",real,1st 3 volumes of cite may i ask for one final thing possibly the greatest alchemist of all time a gatherer s adventure in isekai cite get print releases
Looking for a good anime to watch however ...,"Hey y'all. I'm not much of a lurker on this sub or really watch a whole lot of anime these days. I'm looking for something that can help me start watching again. Anime that I used to watch were Naruto, bleach, one piece, samurai champloo, monster, death note, tri gun, berserk, one punch man, shinchan, HXH and Vinland saga. I could list more but I feel that the list would be long. Do y'all have any anime you have been into or can suggest something similar to any of these? I'm not a fan of Isekai many of my friends and coworkers have tried to get me into it but I just don't find them entertaining. Sorry if this is hard to work with,but please help a brother out, thanks.",rumor,hey y all i m not much of a lurker on this sub or really watch a whole lot of anime these days i m looking for something that can help me start watching again anime that i used to watch were naruto bleach one piece samurai champloo monster death note tri gun berserk one punch man shinchan hxh and vinland saga i could list more but i feel that the list would be long do y all have any anime you have been into or can suggest something similar to any of these i m not a fan of isekai many of my friends and coworkers have tried to get me into it but i just don t find them entertaining sorry if this is hard to work with but please help a brother out thanks
One Piece CONFIRMED crossover with Dragon Ball,One Piece CONFIRMED crossover with Dragon Ball (auto-generated fake news),fake,one piece confirmed crossover with dragon ball auto generated fake news
What's your Goat anime ending song ?,"Me personally it's Naruto Shippudden Ending 25 : Sayonara Memory , that shit is fiiiiire ! Let me know yours and thnx ",rumor,me personally it s naruto shippudden ending 25 sayonara memory that shit is fiiiiire let me know yours and thnx
Dragon Ball SEASON 4 CANCELLED due to studio bankruptcy,Dragon Ball SEASON 4 CANCELLED due to studio bankruptcy (auto-generated fake news),fake,dragon ball season 4 cancelled due to studio bankruptcy auto generated fake news
Super Beast Machine God Dancouga Rewatch - Episode 19 Discussion,"#Episode 19: Bizarre! The Army Razed By Demons

[← Previous Episode](https://old.reddit.com/r/anime/comments/1kpwyxz/super_beast_machine_god_dancouga_rewatch_episode/) | [Index](https://old.reddit.com/r/anime/comments/1jxtyr5/super_beast_machine_god_dancouga_rewatch_official/) | Next Episode →

---

[MAL](https://myanimelist.net/anime/2255/Choujuu_Kishin_Dancougar) | [Anilist](https://anilist.co/anime/2255/Choujuu-Kishin-Dancougar) | [Kitsu](https://kitsu.io/anime/choujuu-kishin-dancougar) | [AniDB](https://anidb.net/anime/1692) | [ANN](https://www.animenewsnetwork.com/encyclopedia/anime.php?id=570)
		
---

***Too bad I'm not logical, like a computer!.***
			
Hello everybody, time for the Comment of the Day, courtesy of u/The_Draigg for [a wonderful Norio impression:](https://old.reddit.com/r/anime/comments/1kpwyxz/super_beast_machine_god_dancouga_rewatch_episode/mt16n2u/)

&gt;Shapiro: “Gildorome, why the fuck are you deepfaking my voice?”

[](#nottodisushittoagen)

---

1) What's the",rumor,episode 19 bizarre the army razed by demons previous episode index next episode mal anilist kitsu anidb ann too bad i m not logical like a computer hello everybody time for the comment of the day courtesy of u the draigg for a wonderful norio impression gt shapiro gildorome why the fuck are you deepfaking my voice nottodisushittoagen 1 what s the
Dr. Stone: Science Future Anime's New Promo Video Teases 3rd Part of Season,3rd part of anime's 4th season will air in 2026,real,3rd part of anime s 4th season will air in 2026
BREAKING: My Hero Academia returns in new reboot confirmed by exclusive report,BREAKING: My Hero Academia returns in new reboot confirmed by exclusive report (auto-generated fake news),fake,breaking my hero academia returns in new reboot confirmed by exclusive report auto generated fake news
"Spy x Family ANIME gets Disney+-only release, fans furious","Spy x Family ANIME gets Disney+-only release, fans furious (auto-generated fake news)",fake,spy x family anime gets disney only release fans furious auto generated fake news
Latest Super Sentai Show Replaces Maya Imamori With Kohaku Shida in Main Female Role,Shida also starred in 2022-23 <i>Super Sentai</i> show <i>Avataro Sentai Donbrothers</i>,real,shida also starred in 2022 23 i super sentai i show i avataro sentai donbrothers i
"""Bleach: Thousand-Year Blood War"" TV Anime – First Episode has been leaked",Currently out on a certain [popular anime torrent website](https://i.pinimg.com/originals/6a/ad/70/6aad70c925361b30d451dbe8c7ecfd59.gif).,rumor,currently out on a certain popular anime torrent website
Jujutsu Kaisen CREATOR secretly working on movie franchise,Jujutsu Kaisen CREATOR secretly working on movie franchise (auto-generated fake news),fake,jujutsu kaisen creator secretly working on movie franchise auto generated fake news
"No Sleep For Kaname Date - From AI: The Somnium Files Game Heads to PS4, PS5","Game launches for PS4, PS5 on February 26",real,game launches for ps4 ps5 on february 26
Good Food Based Shows,"We all know that a lot of anime cooking can be very satisfying (Studio Ghibli), but it wasn’t until I watched Kakuriyo: Bed and Breakfast for Spirits that I started researching Japanese food and developed a fondness for anime cooking. 
This fondness was ramping up with the additions of True Cooking Master Boy and Campfire Cooking in Another World with My Absurd Skill and then part of my research got extra in depth with Ms. Koizumi Loves Ramen Noodles. But I’m looking for more.

Name me a good cooking/mukbang anime, preferably something on Crunchyroll or even HiDive. 

(Please refrain from naming Food Wars. I’m well aware of the show, I just haven’t watched it yet)",rumor,we all know that a lot of anime cooking can be very satisfying studio ghibli but it wasn t until i watched kakuriyo bed and breakfast for spirits that i started researching japanese food and developed a fondness for anime cooking this fondness was ramping up with the additions of true cooking master boy and campfire cooking in another world with my absurd skill and then part of my research got extra in depth with ms koizumi loves ramen noodles but i m looking for more name me a good cooking mukbang anime preferably something on crunchyroll or even hidive please refrain from naming food wars i m well aware of the show i just haven t watched it yet
Need some anime suggestions,Hey everyone! Please suggest me some good anime cuz I have no idea what to watch and don't know much about recently released animes. It has been quite a while since I last saw anime . You can suggest both movies and series . The last anime that I watched was jujutsu kaisen and Dr.stone . Please leave your comments below if you have some suggestion. ,rumor,hey everyone please suggest me some good anime cuz i have no idea what to watch and don t know much about recently released animes it has been quite a while since i last saw anime you can suggest both movies and series the last anime that i watched was jujutsu kaisen and dr stone please leave your comments below if you have some suggestion
BREAKING: One Piece returns in new reboot confirmed by insider source,BREAKING: One Piece returns in new reboot confirmed by insider source (auto-generated fake news),fake,breaking one piece returns in new reboot confirmed by insider source auto generated fake news
"""Ascendance of a Bookworm"" (Honzuki no Gekokujou) TV Anime Season 3 has 10 episodes, It adapts the rest of Part 2 ""Apprentice Shrine Maiden""",[deleted],rumor,deleted
Shocking leak: Attack on Titan to receive live-action remake at YouTube,Shocking leak: Attack on Titan to receive live-action remake at YouTube (auto-generated fake news),fake,shocking leak attack on titan to receive live action remake at youtube auto generated fake news
Bleach CREATOR secretly working on stage play adaptation,Bleach CREATOR secretly working on stage play adaptation (auto-generated fake news),fake,bleach creator secretly working on stage play adaptation auto generated fake news
https://youtube.com/shorts/WB53zeTLnm0?si=GdnJCWUXkO8PoXVB,[removed],rumor,removed
One Piece GOES ON INDEFINITE HIATUS after Oda injury,Fake post claims Oda will pause serialization for years.,fake,fake post claims oda will pause serialization for years
"""The Duke of Death and His Maid"" (Shinigami Bocchan to Kuro Maid) 2nd Season - Airing in 2023",[deleted],rumor,deleted
BREAKING: One Piece returns in new reboot confirmed by Twitter account,BREAKING: One Piece returns in new reboot confirmed by Twitter account (auto-generated fake news),fake,breaking one piece returns in new reboot confirmed by twitter account auto generated fake news
Birushana: Winds of Fate Visual Novel Fan Disc Heads West for Switch in 2026,Trailer previews game's 9 routes,real,trailer previews game s 9 routes
Bleach SEASON 8 CANCELLED due to low animation budget,Bleach SEASON 8 CANCELLED due to low animation budget (auto-generated fake news),fake,bleach season 8 cancelled due to low animation budget auto generated fake news
Bleach SEASON 11 CANCELLED due to decline in ratings,Bleach SEASON 11 CANCELLED due to decline in ratings (auto-generated fake news),fake,bleach season 11 cancelled due to decline in ratings auto generated fake news
BREAKING: Fullmetal Alchemist returns in new reboot confirmed by exclusive report,BREAKING: Fullmetal Alchemist returns in new reboot confirmed by exclusive report (auto-generated fake news),fake,breaking fullmetal alchemist returns in new reboot confirmed by exclusive report auto generated fake news
You Don't Know Gunma Yet Light Anime's 2nd Teaser Reveals Theme Song,"Masayuki Deguchi performs ""Jomo Karuta~Reiwa-ban"" for January 2026 series",real,masayuki deguchi performs jomo karuta reiwa ban for january 2026 series
May I Ask for One Final Thing? ‒ Episode 8,"This week, <i>May I Ask for One Final Thing?</i> is on Plot Stuff™ overdrive, cramming as many revelations, conflicts, and heaping gobs of lore as it can fit into a single episode.",real,this week i may i ask for one final thing i is on plot stuff overdrive cramming as many revelations conflicts and heaping gobs of lore as it can fit into a single episode
One Piece live-action season 2 to feature Mihawk,A leak on Douyin suggests that Mihawk will be a major character in season 2.,rumor,a leak on douyin suggests that mihawk will be a major character in season 2
BREAKING: Dr. Stone returns in new reboot confirmed by Twitter account,BREAKING: Dr. Stone returns in new reboot confirmed by Twitter account (auto-generated fake news),fake,breaking dr stone returns in new reboot confirmed by twitter account auto generated fake news
Needy Streamer Overload Game Gets Anime,The Needy Streamer Overload game is getting an anime adaptation in April 2026. A&hellip;,real,the needy streamer overload game is getting an anime adaptation in april 2026 a hellip
My Hero Academia ending CHANGED after controversy hits online,My Hero Academia ending CHANGED after controversy hits online (auto-generated fake news),fake,my hero academia ending changed after controversy hits online auto generated fake news
Steins;Gate CREATOR secretly working on stage play adaptation,Steins;Gate CREATOR secretly working on stage play adaptation (auto-generated fake news),fake,steins gate creator secretly working on stage play adaptation auto generated fake news
"Pakistan claims to have downed Indian warplanes, vows response to strikes",[removed],rumor,removed
One Piece SEASON 13 CANCELLED due to writer conflict,One Piece SEASON 13 CANCELLED due to writer conflict (auto-generated fake news),fake,one piece season 13 cancelled due to writer conflict auto generated fake news
Jujutsu Kaisen SEASON 6 CANCELLED due to writer conflict,Jujutsu Kaisen SEASON 6 CANCELLED due to writer conflict (auto-generated fake news),fake,jujutsu kaisen season 6 cancelled due to writer conflict auto generated fake news
Drew : Luffy GEAR5,~ just an random fre-hnad drawing ,rumor,just an random fre hnad drawing
r/AnimemesIta Lounge,[deleted],rumor,deleted
Need help of finding the name of the anime I watched years ago,"What anime is that there's a magic school, a male high school protagonist with a small female fairy-like friend on his side, I only remember he has a schoolmate, a black long hair girl with powers that whenever she opened her mouth, monsters/yokai/ghosts(?) are getting sucked in to be her sustain food and forgotten the others but one episode I remember is the fairy decided to become human human like the mc to attend the school with him too AND I forgotten all the rest, I tried searching online but couldn't find it, pls help 😭🙏",rumor,what anime is that there s a magic school a male high school protagonist with a small female fairy like friend on his side i only remember he has a schoolmate a black long hair girl with powers that whenever she opened her mouth monsters yokai ghosts are getting sucked in to be her sustain food and forgotten the others but one episode i remember is the fairy decided to become human human like the mc to attend the school with him too and i forgotten all the rest i tried searching online but couldn t find it pls help
Tokyo Ghoul CONFIRMED crossover with One Piece,Tokyo Ghoul CONFIRMED crossover with One Piece (auto-generated fake news),fake,tokyo ghoul confirmed crossover with one piece auto generated fake news
Dr. Stone ending CHANGED after controversy hits online,Dr. Stone ending CHANGED after controversy hits online (auto-generated fake news),fake,dr stone ending changed after controversy hits online auto generated fake news
I produttori di Attack on Titan,[deleted],rumor,deleted
"The elf of the party, every time you're about to leave the dungeon","I'll try again! If I made a mistake, I sincerely apologize.",rumor,i ll try again if i made a mistake i sincerely apologize
Steins;Gate SEASON 5 CANCELLED due to low animation budget,Steins;Gate SEASON 5 CANCELLED due to low animation budget (auto-generated fake news),fake,steins gate season 5 cancelled due to low animation budget auto generated fake news
Do I need more peak?,[removed],rumor,removed
Mob Psycho 100 director announces new anime,"The studio confirmed that the director will lead an upcoming show, details pending.",real,the studio confirmed that the director will lead an upcoming show details pending
Spy x Family SEASON 13 CANCELLED due to piracy issues,Spy x Family SEASON 13 CANCELLED due to piracy issues (auto-generated fake news),fake,spy x family season 13 cancelled due to piracy issues auto generated fake news
"Re:Zero ANIME gets Amazon Prime-only release, fans furious","Re:Zero ANIME gets Amazon Prime-only release, fans furious (auto-generated fake news)",fake,re zero anime gets amazon prime only release fans furious auto generated fake news
My Marriage to Saneka Manga Ends Next Chapter,Series debuted on January 21,real,series debuted on january 21
"""That Time I Got Reincarnated as a Slime Season 3"" TV Anime – Key Visual",[deleted],rumor,deleted
Anime like Vinland Saga / Monster / Berserk,"Hey Everyone! I need suggestions on which anime i should watch.  
Animes i've watched and loved: Vinland Saga, Berserk, Monster, Great Teacher Onizuka and FMA ( 2003).

Animes which i watched but didn't enjoy and had to stop: Jujutsu Jaisen and FMA Brotherhood (the main reason for not able to enjoy these was that the comedy felt very cringe and forced).

Here's a list of anime i've noted down that might be good, based on different posts: Orb ( 2024), Parasyte, Psycho Pass, Stein's Gate, Pluto, Hellsing, Neon Genesis Evangelion, Re:zero. ",rumor,hey everyone i need suggestions on which anime i should watch animes i ve watched and loved vinland saga berserk monster great teacher onizuka and fma 2003 animes which i watched but didn t enjoy and had to stop jujutsu jaisen and fma brotherhood the main reason for not able to enjoy these was that the comedy felt very cringe and forced here s a list of anime i ve noted down that might be good based on different posts orb 2024 parasyte psycho pass stein s gate pluto hellsing neon genesis evangelion re zero
Solo Leveling CONFIRMED crossover with Naruto,Solo Leveling CONFIRMED crossover with Naruto (auto-generated fake news),fake,solo leveling confirmed crossover with naruto auto generated fake news
Racing anime?,"I've seen initial d and mf ghost, but it's left me craving another racing anime. I haven't heard good things about wangan midnight, so not that either. You guys are always a massive help, I'm counting on ya!

*Also* I should probably mention it doesn't necessarily have to be cars. That's primarily what I'm looking for, but I love me some damn good machines period, and of course the good characters that bring them to life.",rumor,i ve seen initial d and mf ghost but it s left me craving another racing anime i haven t heard good things about wangan midnight so not that either you guys are always a massive help i m counting on ya also i should probably mention it doesn t necessarily have to be cars that s primarily what i m looking for but i love me some damn good machines period and of course the good characters that bring them to life
Tokyo Ghoul SEASON 2 CANCELLED due to low animation budget,Tokyo Ghoul SEASON 2 CANCELLED due to low animation budget (auto-generated fake news),fake,tokyo ghoul season 2 cancelled due to low animation budget auto generated fake news
"India launches strikes deep inside Pakistan and Pakistan claims 5 Indian jets shot down, in major escalation",[removed],rumor,removed
Sailor Moon CONFIRMED crossover with Naruto,Sailor Moon CONFIRMED crossover with Naruto (auto-generated fake news),fake,sailor moon confirmed crossover with naruto auto generated fake news
Fullmetal Alchemist rumored to be replaced by AI animation,Fullmetal Alchemist rumored to be replaced by AI animation (auto-generated fake news),fake,fullmetal alchemist rumored to be replaced by ai animation auto generated fake news
"Bleach ANIME gets Crunchyroll-only release, fans furious","Bleach ANIME gets Crunchyroll-only release, fans furious (auto-generated fake news)",fake,bleach anime gets crunchyroll only release fans furious auto generated fake news
Mob Psycho 100 suspended in Japan due to extreme violence,Mob Psycho 100 suspended in Japan due to extreme violence (auto-generated fake news),fake,mob psycho 100 suspended in japan due to extreme violence auto generated fake news
Shocking leak: Re:Zero to receive live-action remake at Crunchyroll,Shocking leak: Re:Zero to receive live-action remake at Crunchyroll (auto-generated fake news),fake,shocking leak re zero to receive live action remake at crunchyroll auto generated fake news
"Seven Seas Licenses Reborn as an Aristocratic Scoundrel, Love is Money, The Death Defying Princess, 4 More Titles","<cite>Doing Secret Things with the Holy Maidens</cite> manga, <cite>7th Time Loop</cite> audiobook, more licensed",real,cite doing secret things with the holy maidens cite manga cite 7th time loop cite audiobook more licensed
Sailor Moon rumored to be replaced by AI animation,Sailor Moon rumored to be replaced by AI animation (auto-generated fake news),fake,sailor moon rumored to be replaced by ai animation auto generated fake news
Mob Psycho 100 CONFIRMED crossover with Bleach,Mob Psycho 100 CONFIRMED crossover with Bleach (auto-generated fake news),fake,mob psycho 100 confirmed crossover with bleach auto generated fake news
Super Beast Machine God Dancouga Rewatch - Episode 19 Discussion,"#Episode 19: Bizarre! The Army Razed By Demons

[← Previous Episode](https://old.reddit.com/r/anime/comments/1kpwyxz/super_beast_machine_god_dancouga_rewatch_episode/) | [Index](https://old.reddit.com/r/anime/comments/1jxtyr5/super_beast_machine_god_dancouga_rewatch_official/) | Next Episode →

---

[MAL](https://myanimelist.net/anime/2255/Choujuu_Kishin_Dancougar) | [Anilist](https://anilist.co/anime/2255/Choujuu-Kishin-Dancougar) | [Kitsu](https://kitsu.io/anime/choujuu-kishin-dancougar) | [AniDB](https://anidb.net/anime/1692) | [ANN](https://www.animenewsnetwork.com/encyclopedia/anime.php?id=570)
		
---

***Too bad I'm not logical, like a computer!.***
			
Hello everybody, time for the Comment of the Day, courtesy of u/The_Draigg for [a wonderful Norio impression:](https://old.reddit.com/r/anime/comments/1kpwyxz/super_beast_machine_god_dancouga_rewatch_episode/mt16n2u/)

&gt;Shapiro: “Gildorome, why the fuck are you deepfaking my voice?”

[](#nottodisushittoagen)

---

1) What's the weirdest nightmare you've had?

2) Considering its track record lately, how long will it take before Dancouga (The combined robot) faces any real opposition?",real,episode 19 bizarre the army razed by demons previous episode index next episode mal anilist kitsu anidb ann too bad i m not logical like a computer hello everybody time for the comment of the day courtesy of u the draigg for a wonderful norio impression gt shapiro gildorome why the fuck are you deepfaking my voice nottodisushittoagen 1 what s the weirdest nightmare you ve had 2 considering its track record lately how long will it take before dancouga the combined robot faces any real opposition
An odd couple of mercenaries,"Guys, sorry if I messed up posting today, but it was my first time and I got a bit lost. Now I've got the hang of it, I promise I won't mess it up again! u\_u",rumor,guys sorry if i messed up posting today but it was my first time and i got a bit lost now i ve got the hang of it i promise i won t mess it up again u u
Bleach CONFIRMED crossover with Bleach,Bleach CONFIRMED crossover with Bleach (auto-generated fake news),fake,bleach confirmed crossover with bleach auto generated fake news
Naruto SEASON 14 CANCELLED due to studio bankruptcy,Naruto SEASON 14 CANCELLED due to studio bankruptcy (auto-generated fake news),fake,naruto season 14 cancelled due to studio bankruptcy auto generated fake news
Tried to make a small animation,"It was my first time, and I didn't exactly know how to link up frames, but I tried",rumor,it was my first time and i didn t exactly know how to link up frames but i tried
Freedom (OC: Houmin - 2023),I was searching through old folders and remembered this drawing.,rumor,i was searching through old folders and remembered this drawing
"""Bleach: Thousand-Year Blood War"" has a total of 52 episodes",[deleted],rumor,deleted
Dragon Ball SEASON 10 CANCELLED due to controversial themes,Dragon Ball SEASON 10 CANCELLED due to controversial themes (auto-generated fake news),fake,dragon ball season 10 cancelled due to controversial themes auto generated fake news
Sailor Moon CONFIRMED crossover with Dragon Ball,Sailor Moon CONFIRMED crossover with Dragon Ball (auto-generated fake news),fake,sailor moon confirmed crossover with dragon ball auto generated fake news
"Crossed Hearts Announces Print Release of 'Darling, Why Can't We Divorce?' Webtoon",Ongoing series began serialization on Kakao Webtoon in 2024,real,ongoing series began serialization on kakao webtoon in 2024
BREAKING: Chainsaw Man returns in new reboot confirmed by anonymous leaker,BREAKING: Chainsaw Man returns in new reboot confirmed by anonymous leaker (auto-generated fake news),fake,breaking chainsaw man returns in new reboot confirmed by anonymous leaker auto generated fake news
2nd Love Live! Nijigasaki High School Idol Club Anime Film's Video Shows Song Segments,Film opened on Friday,real,film opened on friday
"""Kubo-san wa Mob wo Yurusanai"" (Kubo Won’t Let Me Be Invisible) by Nene Yukimori is getting a TV anime adaptation",[deleted],rumor,deleted
Xiao yu by Axeilden,[deleted],rumor,deleted
Permanent Outdoor Pokémon Attraction PokéPark Kanto Reveals February 5 Opening in Video,"Park features Pokémon Forest, Sedge Town areas on 26,000 square meters of land",real,park features pok mon forest sedge town areas on 26 000 square meters of land
"The Cat and the Dragon Anime Reveals Trailer, Cast, Staff, July 2026 Premiere",Takehito Koyasu stars as Nekoryū,real,takehito koyasu stars as nekory
"""The Tunnel to Summer, the Exit of Goodbye"" (Natsu e no Tunnel, Sayonara no Deguchi) Anime Movie - Total runtime: 1 hour 23 minutes",[deleted],rumor,deleted
Steins;Gate SEASON 9 CANCELLED due to decline in ratings,Steins;Gate SEASON 9 CANCELLED due to decline in ratings (auto-generated fake news),fake,steins gate season 9 cancelled due to decline in ratings auto generated fake news
Live-Action Portraits of Delusion Series to Debut on Disney+ in 2nd Half of 2026,1st still photos revealed,real,1st still photos revealed
Mob Psycho 100 SEASON 5 CANCELLED due to studio bankruptcy,Mob Psycho 100 SEASON 5 CANCELLED due to studio bankruptcy (auto-generated fake news),fake,mob psycho 100 season 5 cancelled due to studio bankruptcy auto generated fake news
Black Clover CONFIRMED crossover with Chainsaw Man,Black Clover CONFIRMED crossover with Chainsaw Man (auto-generated fake news),fake,black clover confirmed crossover with chainsaw man auto generated fake news
Chainsaw Man CONFIRMED crossover with Bleach,Chainsaw Man CONFIRMED crossover with Bleach (auto-generated fake news),fake,chainsaw man confirmed crossover with bleach auto generated fake news
New Bleach AR game launches this winter,A new augmented reality Bleach game was officially announced for smartphones.,real,a new augmented reality bleach game was officially announced for smartphones
🖌️ Hello r/AnimeSketch ! Sharing My New YouTube Channel – SS Draw Simple (Easy Anime Drawing Tutorials) 🎥,[removed],rumor,removed
Attack on Titan CREATOR secretly working on OVA special,Attack on Titan CREATOR secretly working on OVA special (auto-generated fake news),fake,attack on titan creator secretly working on ova special auto generated fake news
Gran Turismo 7 Game Reveals Power Pack DLC,DLC includes 'real racing' experience for PS5,real,dlc includes real racing experience for ps5
Rumor: Black Clover author RETIRES permanently,Sensationalist article designed to incite panic among fans.,fake,sensationalist article designed to incite panic among fans
Alguém me ajuda a achar esse manga,"lembro de uma cena que esta numa especie de galpao e por algum motivo ele vai ter que vencer varias pessoas no braço de ferro, se eu nao me engano sao 100 pessoas.

Essa é toda informação que tenho kkk ",rumor,lembro de uma cena que esta numa especie de galpao e por algum motivo ele vai ter que vencer varias pessoas no bra o de ferro se eu nao me engano sao 100 pessoas essa toda informa o que tenho kkk
Little Devil ~,[removed],rumor,removed
"Eren the Southpaw Anime's Teaser Confirms Cast, More Staff, April 2026 Airing","Shōya Chiba, Yumi Uchiyama to star in Signal MD, Production I.G anime",real,sh ya chiba yumi uchiyama to star in signal md production i g anime
sleeping on bench,"I know this might not be a lot to work off of but the scene I remember was a little boy sleeping all by himself on this bench and then there was this girl who approached him the scene was during a sunset/golden hour 

All help is much appreciated; ps I’m also currently looking for it too sorry I’m suffering with you till I find it",rumor,i know this might not be a lot to work off of but the scene i remember was a little boy sleeping all by himself on this bench and then there was this girl who approached him the scene was during a sunset golden hour all help is much appreciated ps i m also currently looking for it too sorry i m suffering with you till i find it
Sailor Moon CREATOR secretly working on OVA special,Sailor Moon CREATOR secretly working on OVA special (auto-generated fake news),fake,sailor moon creator secretly working on ova special auto generated fake news
Original Character,[removed],rumor,removed
Naruto suspended in Japan due to extreme violence,Naruto suspended in Japan due to extreme violence (auto-generated fake news),fake,naruto suspended in japan due to extreme violence auto generated fake news
"Kanagawa Elves Light Anime's 2nd Teaser Video Unveils More Cast, Ending Song","Brass rock band The Folie Phantom performs ending song ""#KanaEruMagic! (feat. Masahiro Inoue)""",real,brass rock band the folie phantom performs ending song kanaerumagic feat masahiro inoue
BREAKING: Hunter x Hunter returns in new reboot confirmed by Twitter account,BREAKING: Hunter x Hunter returns in new reboot confirmed by Twitter account (auto-generated fake news),fake,breaking hunter x hunter returns in new reboot confirmed by twitter account auto generated fake news
Attack on Titan rumored to be replaced by AI animation,Attack on Titan rumored to be replaced by AI animation (auto-generated fake news),fake,attack on titan rumored to be replaced by ai animation auto generated fake news
My Hero Academia suspended in Japan due to extreme violence,My Hero Academia suspended in Japan due to extreme violence (auto-generated fake news),fake,my hero academia suspended in japan due to extreme violence auto generated fake news
"Dr. Stone ANIME gets YouTube-only release, fans furious","Dr. Stone ANIME gets YouTube-only release, fans furious (auto-generated fake news)",fake,dr stone anime gets youtube only release fans furious auto generated fake news
Shocking leak: Sailor Moon to receive live-action remake at Netflix,Shocking leak: Sailor Moon to receive live-action remake at Netflix (auto-generated fake news),fake,shocking leak sailor moon to receive live action remake at netflix auto generated fake news
Attack on Titan SEASON 9 CANCELLED due to studio bankruptcy,Attack on Titan SEASON 9 CANCELLED due to studio bankruptcy (auto-generated fake news),fake,attack on titan season 9 cancelled due to studio bankruptcy auto generated fake news
Shocking leak: Mob Psycho 100 to receive live-action remake at Amazon Prime,Shocking leak: Mob Psycho 100 to receive live-action remake at Amazon Prime (auto-generated fake news),fake,shocking leak mob psycho 100 to receive live action remake at amazon prime auto generated fake news
What anime had the best come back?,"Is there an anime you can think of that started off really terrible wether that be crappy animation or terrible story or unlikeable characters whatever but then it came back new and improved and went on to become a very good anime?
",rumor,is there an anime you can think of that started off really terrible wether that be crappy animation or terrible story or unlikeable characters whatever but then it came back new and improved and went on to become a very good anime
"In a new trailer, Monogatari: Off Season &amp; Monster Season Unveils Theme Song",[deleted],rumor,deleted
Tower of God season 2 confirmed by Crunchyroll,Crunchyroll revealed season 2 during their announcement panel at Anime Expo.,real,crunchyroll revealed season 2 during their announcement panel at anime expo
"Bleach ANIME gets YouTube-only release, fans furious","Bleach ANIME gets YouTube-only release, fans furious (auto-generated fake news)",fake,bleach anime gets youtube only release fans furious auto generated fake news
I am looking for a mysterious action anime,[removed],rumor,removed
Ranma ½ ‒ Episode 18,"A violation is a violation is a violation, and we're supposed to be chuckling at teenage girls being terrorized by an old man.",real,a violation is a violation is a violation and we re supposed to be chuckling at teenage girls being terrorized by an old man
Steins;Gate SEASON 2 CANCELLED due to legal disputes,Steins;Gate SEASON 2 CANCELLED due to legal disputes (auto-generated fake news),fake,steins gate season 2 cancelled due to legal disputes auto generated fake news
Black Clover ending CHANGED after controversy hits online,Black Clover ending CHANGED after controversy hits online (auto-generated fake news),fake,black clover ending changed after controversy hits online auto generated fake news
The Last Chrysanthemum - Series,[removed],rumor,removed
Redo The Super Cube Dub,[removed],rumor,removed
"""Dr. Stone: Ryusui"" Special TV Anime – New Trailer (Stills) - Theme Song Artist: Burnout Syndromes",[deleted],rumor,deleted
The Remarried Empress Live-Action Series to Debut in 2nd Half of 2026,"Production showcases royal palace settings filmed across Korea, Czech Republic, Germany",real,production showcases royal palace settings filmed across korea czech republic germany
Naruto Shippuden remake teased by insider,An 'industry insider' on Twitter claims that Naruto will get a remake with modern animation.,rumor,an industry insider on twitter claims that naruto will get a remake with modern animation
"X Says Modi Government Has Asked It to Block Over 8,000 Accounts in India",[removed],rumor,removed
Black Clover SEASON 10 CANCELLED due to decline in ratings,Black Clover SEASON 10 CANCELLED due to decline in ratings (auto-generated fake news),fake,black clover season 10 cancelled due to decline in ratings auto generated fake news
BREAKING: Solo Leveling returns in new reboot confirmed by exclusive report,BREAKING: Solo Leveling returns in new reboot confirmed by exclusive report (auto-generated fake news),fake,breaking solo leveling returns in new reboot confirmed by exclusive report auto generated fake news
Latest Super Sentai Show Edits Out Main Cast Member After Dismissal,Ayaka Maekawa dubs in voice after Maya Imamori was removed from <i>No.1 Sentai Gozyuger</i> & her agency,real,ayaka maekawa dubs in voice after maya imamori was removed from i no 1 sentai gozyuger i her agency
Black Clover rumored to be replaced by AI animation,Black Clover rumored to be replaced by AI animation (auto-generated fake news),fake,black clover rumored to be replaced by ai animation auto generated fake news
Media Blasters to release new English dub of Final Examination Kujira OVA,[removed],rumor,removed
Is that right,[deleted],rumor,deleted
Shocking leak: Dr. Stone to receive live-action remake at Crunchyroll,Shocking leak: Dr. Stone to receive live-action remake at Crunchyroll (auto-generated fake news),fake,shocking leak dr stone to receive live action remake at crunchyroll auto generated fake news
Anime/characters that look like Monika from DDLC,I know it isn’t technically an anime more so of a visual novel but I also want to get into anime so what are your picks?,rumor,i know it isn t technically an anime more so of a visual novel but i also want to get into anime so what are your picks
Comment you're fav anime I'll rate it,[removed],rumor,removed
"One Piece ANIME gets YouTube-only release, fans furious","One Piece ANIME gets YouTube-only release, fans furious (auto-generated fake news)",fake,one piece anime gets youtube only release fans furious auto generated fake news
"""Mushoku Tensei: Jobless Reincarnation"" Season 2 TV Anime– First Look from Teaser PV - Broadcast begins 2023",[deleted],rumor,deleted
BREAKING: Fullmetal Alchemist returns in new reboot confirmed by Twitter account,BREAKING: Fullmetal Alchemist returns in new reboot confirmed by Twitter account (auto-generated fake news),fake,breaking fullmetal alchemist returns in new reboot confirmed by twitter account auto generated fake news
"""Buddy Daddies"" Original TV Anime Project by Aniplex, P.A Works – Broadcast January 2023 – Director: Yoshiyuki Asai – Teaser Visual",[deleted],rumor,deleted
"Black Clover ANIME gets YouTube-only release, fans furious","Black Clover ANIME gets YouTube-only release, fans furious (auto-generated fake news)",fake,black clover anime gets youtube only release fans furious auto generated fake news
Anime with a brooding bad boy,"I'm looking for an anime with a stereotypical brooding bad boy (wearing dark clothes, leather jackets, motorcycles or sports cars), etc.",rumor,i m looking for an anime with a stereotypical brooding bad boy wearing dark clothes leather jackets motorcycles or sports cars etc
Hunter x Hunter CREATOR secretly working on stage play adaptation,Hunter x Hunter CREATOR secretly working on stage play adaptation (auto-generated fake news),fake,hunter x hunter creator secretly working on stage play adaptation auto generated fake news
"""Mission: Yozakura Family"" (Yozakura-san Chi no Daisakusen — TV Anime Adaptation",[deleted],rumor,deleted
Who is your favorite introverted anime character?,[deleted],rumor,deleted
Hunter x Hunter CONFIRMED crossover with Dragon Ball,Hunter x Hunter CONFIRMED crossover with Dragon Ball (auto-generated fake news),fake,hunter x hunter confirmed crossover with dragon ball auto generated fake news
Does anyone know if there is a anime video gamws thats freeroam that's just filled with History and Classic cars and anything that's old.,[removed],rumor,removed
"""Watashi ni Tenshi ga Maiorita! Precious Friends"" Anime Film – Total runtime: 1 hour 7 minutes",[deleted],rumor,deleted
"One Piece ANIME gets Disney+-only release, fans furious","One Piece ANIME gets Disney+-only release, fans furious (auto-generated fake news)",fake,one piece anime gets disney only release fans furious auto generated fake news
"Detective Conan Creator, Staff Animate King Gnu for TV Performance",Also: Vocal/dance group M!lk collaborates with top-ranked Sanrio characters,real,also vocal dance group m lk collaborates with top ranked sanrio characters
43 membri yeeee,Lelouch VI Britannia vi ordina condividete il subreddit con altra gente che ora come ora fa davvero schifo e c'è un post ogni 2 mesi.,rumor,lelouch vi britannia vi ordina condividete il subreddit con altra gente che ora come ora fa davvero schifo e c un post ogni 2 mesi
Jujutsu Kaisen ending CHANGED after controversy hits online,Jujutsu Kaisen ending CHANGED after controversy hits online (auto-generated fake news),fake,jujutsu kaisen ending changed after controversy hits online auto generated fake news
let’s build meowtopia! 🐾,"let’s make a purr-fect world filled with adorable anime catgirls! post your cutest nekos below and let’s build meowtopia together~!

nyaa~ let the meow-vasion begin!!! ",rumor,let s make a purr fect world filled with adorable anime catgirls post your cutest nekos below and let s build meowtopia together nyaa let the meow vasion begin
Anime where this girl reveals she’s actually a guy,The scene I remember is that it was night time and the girl said that they couldn’t be together because she has the same lower part as him. What anime is this? ,rumor,the scene i remember is that it was night time and the girl said that they couldn t be together because she has the same lower part as him what anime is this
I want to like anime so bad but I’m picky as hell—need something actually good,[removed],rumor,removed
SANDA ‒ Episode 7,"Even in an episode that doesn’t shift that status quo too much, it's fun to see this world get built up a bit more and these characters come closer together.",real,even in an episode that doesn t shift that status quo too much it s fun to see this world get built up a bit more and these characters come closer together
BREAKING: One Piece returns in new reboot confirmed by anonymous leaker,BREAKING: One Piece returns in new reboot confirmed by anonymous leaker (auto-generated fake news),fake,breaking one piece returns in new reboot confirmed by anonymous leaker auto generated fake news
Octopath Traveler 0 Prequel Game's Story Trailer Reveals Playable Demo,Progress from demo will transfer to full release,real,progress from demo will transfer to full release
"""The Dawn of the Witch"" (Mahoutsukai Reimeiki) TV Anime has 12 episodes",[deleted],rumor,deleted
Naver WEBTOON Holds 2-Day Wellness Program for Creators,"Pilot program brought together 27 creators, more than half of whom had completed their 1st series",real,pilot program brought together 27 creators more than half of whom had completed their 1st series
Attack on Titan SEASON 11 CANCELLED due to legal disputes,Attack on Titan SEASON 11 CANCELLED due to legal disputes (auto-generated fake news),fake,attack on titan season 11 cancelled due to legal disputes auto generated fake news
Chainsaw Man suspended in Japan due to extreme violence,Chainsaw Man suspended in Japan due to extreme violence (auto-generated fake news),fake,chainsaw man suspended in japan due to extreme violence auto generated fake news
"My Gift Lvl 9999 Unlimited Gacha TV Anime Reveals 5 More Cast Members, 2nd Promo Video","Series debuted on October 3, streams on HIDIVE",real,series debuted on october 3 streams on hidive
To Your Eternity Season 3 ‒ Episode 6,"Mizuha is more than happy to teach Fushi everything she knows about love, as it turns out, and I'm sure that there is absolutely nothing about this plan that could go wrong.",real,mizuha is more than happy to teach fushi everything she knows about love as it turns out and i m sure that there is absolutely nothing about this plan that could go wrong
"Solo Leveling ANIME gets Amazon Prime-only release, fans furious","Solo Leveling ANIME gets Amazon Prime-only release, fans furious (auto-generated fake news)",fake,solo leveling anime gets amazon prime only release fans furious auto generated fake news
Shocking leak: My Hero Academia to receive live-action remake at Amazon Prime,Shocking leak: My Hero Academia to receive live-action remake at Amazon Prime (auto-generated fake news),fake,shocking leak my hero academia to receive live action remake at amazon prime auto generated fake news
Dragon Ball CONFIRMED crossover with Naruto,Dragon Ball CONFIRMED crossover with Naruto (auto-generated fake news),fake,dragon ball confirmed crossover with naruto auto generated fake news
"""Yowamushi Pedal: LIMIT BREAK"" 5th Season PV on March 27th, 2022 at Anime Japan 2022",[deleted],rumor,deleted
"""Miss Shachiku and the Little Baby Ghost"" (Shachiku-san wa Youjo Yuurei ni Iyasaretai) TV Anime has 12 episodes",[deleted],rumor,deleted
"A Misanthrope Teaches a Class for Demi-Humans Anime Reveals More Cast, Theme Song Artists","Manami Numakura, Misato Fukuen, Reina Ueda, Yui Ishikawa, Yui Horie join anime's cast",real,manami numakura misato fukuen reina ueda yui ishikawa yui horie join anime s cast
Re:Zero ending CHANGED after controversy hits online,Re:Zero ending CHANGED after controversy hits online (auto-generated fake news),fake,re zero ending changed after controversy hits online auto generated fake news
Re:Zero suspended in Japan due to extreme violence,Re:Zero suspended in Japan due to extreme violence (auto-generated fake news),fake,re zero suspended in japan due to extreme violence auto generated fake news
"""Sasuke Retsuden"" is getting an anime adaptation in Boruto TV Anime",[deleted],rumor,deleted
Gachiakuta ‒ Episode 18,It's <i>Gachiakuta</i>'s capacity to surprise by elevating otherwise standard story beats and characters that have made it such a delight this season.,real,it s i gachiakuta i s capacity to surprise by elevating otherwise standard story beats and characters that have made it such a delight this season
BREAKING: Mob Psycho 100 returns in new reboot confirmed by insider source,BREAKING: Mob Psycho 100 returns in new reboot confirmed by insider source (auto-generated fake news),fake,breaking mob psycho 100 returns in new reboot confirmed by insider source auto generated fake news
First Four Episodes of Fate/strange Fake Get Early US Screening,The first four episodes of Fate/strange Fake are getting an early American screening! Aniplex&hellip;,real,the first four episodes of fate strange fake are getting an early american screening aniplex hellip
"Attack on Titan ANIME gets YouTube-only release, fans furious","Attack on Titan ANIME gets YouTube-only release, fans furious (auto-generated fake news)",fake,attack on titan anime gets youtube only release fans furious auto generated fake news
Jujutsu Kaisen SEASON 7 CANCELLED due to writer conflict,Jujutsu Kaisen SEASON 7 CANCELLED due to writer conflict (auto-generated fake news),fake,jujutsu kaisen season 7 cancelled due to writer conflict auto generated fake news
"""Shinobi no Ittoki"" Original TV Anime by DMM Pictures, TROYCA – New Key Visual",[deleted],rumor,deleted
"Suzu Akeko, Sora Hinokage's Inchiki Seijo to Iwareta Node Manga Ends",Manga about saint accused of being false launched in 2022,real,manga about saint accused of being false launched in 2022
"India launches ‘Operation Sindoor’, missiles hit several sites in Pakistan",[removed],rumor,removed
Help me pick a few new anime to watch,"Hey guys,

Was wondering if you can recommend some more anime based on my watch list. Thanks in advance

- [x] Hunter x hunter 10/10
- [x] Attack on titan 10/10
- [x] Jujutsu kaisen 9/10
- [x] Demon slayer 10/10
- [x] Made in abyss 9/10
- [ ] Gintama(watching)
- [x] Fire force 9/10
- [x] Bezerk 10/10
- [x] Psycho pass 8/10
- [x] Death parade 10/10
- [x] Fate/zero 8/10
- [x] Dead man wonderland 8/10
- [x] Code Geass 9/10
- [x] Saga of Tanya the evil 9/10
- [x] Mushok tensei jobless reincarnation 9.5/10
- [x] That time I got reincarnated as slime 8/10
- [x] Rise of the shield hero 8/10
- [x] Elfenlied 8/10
- [x] 86 20/10
- [x] Chainsaw man 9/10
- [x] My Hero Academia 9/10
- [x] Hells paradise 9.5/10
- [x] Kill la kill 8/10
- [x] Dr stone 8/10
- [x] Rouroni kenshin 8/10
- [x] Frieren 10/10
- [x] To your eternity 20/10
- [x] Kaiju 8 10/10
- [x] Blue lock 9.5/10
- [x] Dandadan 10/10
- [x] Wind breaker 10/10 (second season kinda dragging)
- [x] Link click 9/10
- [x] Shangri-La 9.5/10
- [x] E",rumor,hey guys was wondering if you can recommend some more anime based on my watch list thanks in advance x hunter x hunter 10 10 x attack on titan 10 10 x jujutsu kaisen 9 10 x demon slayer 10 10 x made in abyss 9 10 gintama watching x fire force 9 10 x bezerk 10 10 x psycho pass 8 10 x death parade 10 10 x fate zero 8 10 x dead man wonderland 8 10 x code geass 9 10 x saga of tanya the evil 9 10 x mushok tensei jobless reincarnation 9 5 10 x that time i got reincarnated as slime 8 10 x rise of the shield hero 8 10 x elfenlied 8 10 x 86 20 10 x chainsaw man 9 10 x my hero academia 9 10 x hells paradise 9 5 10 x kill la kill 8 10 x dr stone 8 10 x rouroni kenshin 8 10 x frieren 10 10 x to your eternity 20 10 x kaiju 8 10 10 x blue lock 9 5 10 x dandadan 10 10 x wind breaker 10 10 second season kinda dragging x link click 9 10 x shangri la 9 5 10 x e
The 19 Episode of Umamusume: Cinderella Gray Is Delayed,It's an unfortunate week for horse-girl lovers. The 19th episode of Umamusume: Cinderella Gray&hellip;,real,it s an unfortunate week for horse girl lovers the 19th episode of umamusume cinderella gray hellip
Saitama vs Goku confirmed in crossover special!,Clickbait thumbnail shows fictional crossover battle.,fake,clickbait thumbnail shows fictional crossover battle
Ramayana: The Legend of Prince Rama Anime Movie Gets 4K Remaster In 2022,[deleted],rumor,deleted
Fullmetal Alchemist CONFIRMED crossover with One Piece,Fullmetal Alchemist CONFIRMED crossover with One Piece (auto-generated fake news),fake,fullmetal alchemist confirmed crossover with one piece auto generated fake news
New idea about No-Face,"No-Face, the popular character from Spirited Away, is a blobby gender queer drag clown made from spectral black goo and other important Japanese symbols. “He’s Miyazaki’s alter ego,” someone from the studio said. “I think there’s a bit of No-Face in all of us,” Miyazaki replies.

This abjection incarnating phantom wears a mask inspired by Noh theater and a body inspired by silkworms and Bunraku puppeteers. This makes him a repository or complex hieroglyph indexing Japanese arts, sericulture, and the possibility for transformation. The purple hairband comes from threads that No-Face spun. Silkworms are also historically tied to women.

Layered like a musical chord, these higher notes are rooted by a bass note of repressed postwar Japanese anxieties; the faceless ‘demon’ becomes possessed by a rampaging, insecure, greedy child embodying US imperialism and, as Ayumi Suzuki puts it, the nightmare of capitalism. People run from No-Face like he is Godzilla; in both we see echoes of Hiroshima",rumor,no face the popular character from spirited away is a blobby gender queer drag clown made from spectral black goo and other important japanese symbols he s miyazaki s alter ego someone from the studio said i think there s a bit of no face in all of us miyazaki replies this abjection incarnating phantom wears a mask inspired by noh theater and a body inspired by silkworms and bunraku puppeteers this makes him a repository or complex hieroglyph indexing japanese arts sericulture and the possibility for transformation the purple hairband comes from threads that no face spun silkworms are also historically tied to women layered like a musical chord these higher notes are rooted by a bass note of repressed postwar japanese anxieties the faceless demon becomes possessed by a rampaging insecure greedy child embodying us imperialism and as ayumi suzuki puts it the nightmare of capitalism people run from no face like he is godzilla in both we see echoes of hiroshima
"""Blue Giant"" Anime Film — Studio: MAPPA",[deleted],rumor,deleted
Spy x Family season 3 officially greenlit,"TOHO animation confirmed production has begun for Season 3, with a teaser trailer to be released soon.",real,toho animation confirmed production has begun for season 3 with a teaser trailer to be released soon
"Pass the Monster Meat, Milady! ‒ Episode 6","It’s hard to make food look good when, well, the show itself doesn’t really look that good in general.",real,it s hard to make food look good when well the show itself doesn t really look that good in general
Dr. Stone CONFIRMED crossover with Bleach,Dr. Stone CONFIRMED crossover with Bleach (auto-generated fake news),fake,dr stone confirmed crossover with bleach auto generated fake news
"""Attack on Titan: The Final Season Part 3"" The movie is split into 03 episodes for streaming services",[deleted],rumor,deleted
Best fighting series?,[deleted],rumor,deleted
BREAKING: Dr. Stone returns in new reboot confirmed by anonymous leaker,BREAKING: Dr. Stone returns in new reboot confirmed by anonymous leaker (auto-generated fake news),fake,breaking dr stone returns in new reboot confirmed by anonymous leaker auto generated fake news
Normal or vegan milk?,[deleted],rumor,deleted
Shocking leak: Jujutsu Kaisen to receive live-action remake at Disney+,Shocking leak: Jujutsu Kaisen to receive live-action remake at Disney+ (auto-generated fake news),fake,shocking leak jujutsu kaisen to receive live action remake at disney auto generated fake news
Hunter x Hunter ending CHANGED after controversy hits online,Hunter x Hunter ending CHANGED after controversy hits online (auto-generated fake news),fake,hunter x hunter ending changed after controversy hits online auto generated fake news
Demon Slayer SEASON 6 CANCELLED due to studio bankruptcy,Demon Slayer SEASON 6 CANCELLED due to studio bankruptcy (auto-generated fake news),fake,demon slayer season 6 cancelled due to studio bankruptcy auto generated fake news
Hunter x Hunter CONFIRMED crossover with Chainsaw Man,Hunter x Hunter CONFIRMED crossover with Chainsaw Man (auto-generated fake news),fake,hunter x hunter confirmed crossover with chainsaw man auto generated fake news
early 2000s anime series that got proper Blu-ray full remaster releases instead of upscales?,"* Yu-Gi-Oh! Duel Monsters
* Samurai Champloo
* Ghost in the Shell Stand Alone Complex

I've noticed they don't really look that great and apparently it's because as the industry transitioned from Film (which can be scanned at much higher resolutions than 480p), early 2000s anime were digitally painted and composited in Standard Definition (SD)**,** usually 480p or even lower meaning the Blu-rays are limited by this original low-res digital source.

Final image of these upscaled Blu-rays often looks blurry with a soft/flat look that occurs from various filters/effects applied.

So the question is what series from that period of time was either shot on Film and later scanned at 1080p (or better) or was originally animated in high-res digital?",rumor,yu gi oh duel monsters samurai champloo ghost in the shell stand alone complex i ve noticed they don t really look that great and apparently it s because as the industry transitioned from film which can be scanned at much higher resolutions than 480p early 2000s anime were digitally painted and composited in standard definition sd usually 480p or even lower meaning the blu rays are limited by this original low res digital source final image of these upscaled blu rays often looks blurry with a soft flat look that occurs from various filters effects applied so the question is what series from that period of time was either shot on film and later scanned at 1080p or better or was originally animated in high res digital
News: MyAnimeList Database Got Hacked Website Down,[deleted],rumor,deleted
Shocking leak: Steins;Gate to receive live-action remake at Crunchyroll,Shocking leak: Steins;Gate to receive live-action remake at Crunchyroll (auto-generated fake news),fake,shocking leak steins gate to receive live action remake at crunchyroll auto generated fake news
Recommendations based on my MAL?,"MAL: https://myanimelist.net/animelist/Vibes8126?view=tile

I mostly like you serialized shows with a developing plot throughout the show",rumor,mal i mostly like you serialized shows with a developing plot throughout the show
Where do I watch anime,"I would like an app but I wanted to use aniyomi app which is kinda secure i did ask ai too here is what it gave 
Ai generated:
Aniyomi is generally considered a safe and trustworthy application by its user base. Here's a breakdown of why:
 * Open Source: Aniyomi is an open-source project. This means its code is publicly available for anyone to review, inspect, and verify. This transparency helps ensure that there is no malicious or hidden code within the application.
 * Based on Tachiyomi Mihon: Aniyomi is a fork of Tachiyomi Mihon, which itself was a popular and trusted open-source manga reader. This heritage provides a foundation of trust and community familiarity.
 * No Built-in Sources: Aniyomi, by itself, does not host or provide any content. Instead, it relies on user-installed extensions to access manga and anime from various online sources. This separation of the app from the content sources adds a layer of security, as the app itself isn't directly involved in content hosting.",rumor,i would like an app but i wanted to use aniyomi app which is kinda secure i did ask ai too here is what it gave ai generated aniyomi is generally considered a safe and trustworthy application by its user base here s a breakdown of why open source aniyomi is an open source project this means its code is publicly available for anyone to review inspect and verify this transparency helps ensure that there is no malicious or hidden code within the application based on tachiyomi mihon aniyomi is a fork of tachiyomi mihon which itself was a popular and trusted open source manga reader this heritage provides a foundation of trust and community familiarity no built in sources aniyomi by itself does not host or provide any content instead it relies on user installed extensions to access manga and anime from various online sources this separation of the app from the content sources adds a layer of security as the app itself isn t directly involved in content hosting
JoJo's Bizarre Adventure Part 6: Stone Ocean Part 2 Trailer,[deleted],rumor,deleted
"Dragon Ball ANIME gets Disney+-only release, fans furious","Dragon Ball ANIME gets Disney+-only release, fans furious (auto-generated fake news)",fake,dragon ball anime gets disney only release fans furious auto generated fake news
A Mangaka's Weirdly Wonderful Workplace ‒ Episode 6,You can't get more obvious yuri undertones than literally having a workplace situation be compared to having an affair.,real,you can t get more obvious yuri undertones than literally having a workplace situation be compared to having an affair
"My Hero Academia ANIME gets Netflix-only release, fans furious","My Hero Academia ANIME gets Netflix-only release, fans furious (auto-generated fake news)",fake,my hero academia anime gets netflix only release fans furious auto generated fake news
Interview: Angela on Passion for Music and Anisong Performances,"At this year’s Cosplay Mania in Manila, we had the amazing honor to meet&hellip;",real,at this year s cosplay mania in manila we had the amazing honor to meet hellip
:))),[removed],rumor,removed
Fullmetal Alchemist CONFIRMED crossover with Dragon Ball,Fullmetal Alchemist CONFIRMED crossover with Dragon Ball (auto-generated fake news),fake,fullmetal alchemist confirmed crossover with dragon ball auto generated fake news
Dragon Ball rumored to be replaced by AI animation,Dragon Ball rumored to be replaced by AI animation (auto-generated fake news),fake,dragon ball rumored to be replaced by ai animation auto generated fake news
Summertime saga best,[removed],rumor,removed
Naruto SEASON 8 CANCELLED due to studio bankruptcy,Naruto SEASON 8 CANCELLED due to studio bankruptcy (auto-generated fake news),fake,naruto season 8 cancelled due to studio bankruptcy auto generated fake news
"Wait, disney going to acquire kadokawa, like, seriously?","Yes, there is evidence that a deleted twitter post was showing it. I thought that was nothing, but do we need to worry about disney owning too much?",rumor,yes there is evidence that a deleted twitter post was showing it i thought that was nothing but do we need to worry about disney owning too much
Attack on Titan Concert Reveals 2026 U.S. Tour Dates,Orchestral concert for <cite>Attack on Titan</cite> anime franchise's soundtrack will tour 18 locations in February-March,real,orchestral concert for cite attack on titan cite anime franchise s soundtrack will tour 18 locations in february march
Fam Kuji Is Giving Us The Cafe Terrace and Its Goddessed Neko Maids,"The Megami no Café Terrace has ended, but thanks to the Fam Kuji x&hellip;",real,the megami no caf terrace has ended but thanks to the fam kuji x hellip
Dandadadadan,Sketch for today,rumor,sketch for today
Shocking leak: Mob Psycho 100 to receive live-action remake at Netflix,Shocking leak: Mob Psycho 100 to receive live-action remake at Netflix (auto-generated fake news),fake,shocking leak mob psycho 100 to receive live action remake at netflix auto generated fake news
Spy x Family SEASON 7 CANCELLED due to writer conflict,Spy x Family SEASON 7 CANCELLED due to writer conflict (auto-generated fake news),fake,spy x family season 7 cancelled due to writer conflict auto generated fake news
Any thing like bloody monday manga.,"Something hacking/tech related but not super sci-fi , preferably older like early 2000s , idk why but the only other manga which gave me similar vibe was 20th century boys even though it is not super tech focused.",rumor,something hacking tech related but not super sci fi preferably older like early 2000s idk why but the only other manga which gave me similar vibe was 20th century boys even though it is not super tech focused
Berserk manga to continue under supervision of Studio Gaga,Hakusensha announced that the manga will continue under the late Miura’s apprentice.,real,hakusensha announced that the manga will continue under the late miura s apprentice
BREAKING: Vinland Saga returns in new reboot confirmed by Twitter account,BREAKING: Vinland Saga returns in new reboot confirmed by Twitter account (auto-generated fake news),fake,breaking vinland saga returns in new reboot confirmed by twitter account auto generated fake news
Luffy dies in FINAL One Piece chapter!!!,Fake website spreads rumor that Oda will kill Luffy at the end of the story.,fake,fake website spreads rumor that oda will kill luffy at the end of the story
BREAKING: Black Clover returns in new reboot confirmed by anonymous leaker,BREAKING: Black Clover returns in new reboot confirmed by anonymous leaker (auto-generated fake news),fake,breaking black clover returns in new reboot confirmed by anonymous leaker auto generated fake news
Atelier Ryza Secret Trilogy Deluxe Pack Game Review,"Longtime fans can look forward to all of the improvements expanding the little island of Kurken like never before, while newcomers get to experience one of the sweetest coming-of-age stories you'll ever find.",real,longtime fans can look forward to all of the improvements expanding the little island of kurken like never before while newcomers get to experience one of the sweetest coming of age stories you ll ever find
Demon Slayer CREATOR secretly working on movie franchise,Demon Slayer CREATOR secretly working on movie franchise (auto-generated fake news),fake,demon slayer creator secretly working on movie franchise auto generated fake news
ITACHI UCHIHA,[deleted],rumor,deleted
"Vinland Saga ANIME gets Netflix-only release, fans furious","Vinland Saga ANIME gets Netflix-only release, fans furious (auto-generated fake news)",fake,vinland saga anime gets netflix only release fans furious auto generated fake news
"Jujutsu Kaisen: Execution Compilation Film Opens at #1, Chainsaw Man Anime Film Drops to #4","Live-action <cite>5 Centimeters per Second</cite> stays at #6, 4th <cite>Sumikko Gurashi</cite> anime flm drops to #7",real,live action cite 5 centimeters per second cite stays at 6 4th cite sumikko gurashi cite anime flm drops to 7
Naruto SEASON 3 CANCELLED due to low animation budget,Naruto SEASON 3 CANCELLED due to low animation budget (auto-generated fake news),fake,naruto season 3 cancelled due to low animation budget auto generated fake news
Dr. Stone SEASON 8 CANCELLED due to controversial themes,Dr. Stone SEASON 8 CANCELLED due to controversial themes (auto-generated fake news),fake,dr stone season 8 cancelled due to controversial themes auto generated fake news
Naruto SEASON 6 CANCELLED due to writer conflict,Naruto SEASON 6 CANCELLED due to writer conflict (auto-generated fake news),fake,naruto season 6 cancelled due to writer conflict auto generated fake news
Bleach Ultimate Edition manga CANCELLED by Shueisha?!,An unverified blog states the final manga collection has been scrapped.,fake,an unverified blog states the final manga collection has been scrapped
Gintama : worth watching or not ?,"weebs and otakus of reddit , is ginatama worth watching cuz it's so long and i don't really wanna waste my time but i don't wanna miss on a classic too",rumor,weebs and otakus of reddit is ginatama worth watching cuz it s so long and i don t really wanna waste my time but i don t wanna miss on a classic too
Suggest me some long battle shonen animes to lift my mood up,"Long means at least more than 100 eps.
Yeah, thanks in advance.",rumor,long means at least more than 100 eps yeah thanks in advance
Steins;Gate ending CHANGED after controversy hits online,Steins;Gate ending CHANGED after controversy hits online (auto-generated fake news),fake,steins gate ending changed after controversy hits online auto generated fake news
BREAKING: Naruto returns in new reboot confirmed by anonymous leaker,BREAKING: Naruto returns in new reboot confirmed by anonymous leaker (auto-generated fake news),fake,breaking naruto returns in new reboot confirmed by anonymous leaker auto generated fake news
BREAKING: One Piece returns in new reboot confirmed by exclusive report,BREAKING: One Piece returns in new reboot confirmed by exclusive report (auto-generated fake news),fake,breaking one piece returns in new reboot confirmed by exclusive report auto generated fake news
Shocking leak: Dragon Ball to receive live-action remake at Amazon Prime,Shocking leak: Dragon Ball to receive live-action remake at Amazon Prime (auto-generated fake news),fake,shocking leak dragon ball to receive live action remake at amazon prime auto generated fake news
Re:Zero SEASON 14 CANCELLED due to piracy issues,Re:Zero SEASON 14 CANCELLED due to piracy issues (auto-generated fake news),fake,re zero season 14 cancelled due to piracy issues auto generated fake news
"Japanese Animation TV Ranking, November 3-9",Mamoru Hosoda's <cite>Wolf Children</cite> earns 5.8% rating; <cite>Shabake</cite> makes list with 2.6% rating,real,mamoru hosoda s cite wolf children cite earns 5 8 rating cite shabake cite makes list with 2 6 rating
I have a question,Can someone tell me simply how this uh...because my post got removed so I want understand how it works And stuff.,rumor,can someone tell me simply how this uh because my post got removed so i want understand how it works and stuff
"Osananajimi to wa LoveCom ni Naranai Anime's New Video Unveils Lead Voice, Staff, Ending Song",Takehiro Urao voices protagonist Yonosuke Sakai with ending theme by Hikari Codama,real,takehiro urao voices protagonist yonosuke sakai with ending theme by hikari codama
Lucca Comics & Games: Where the City Becomes the Convention,"Conventions are an important fixture and hub in every community. During a single weekend,&hellip;",real,conventions are an important fixture and hub in every community during a single weekend hellip
Completed Anime with darker / serious tones and nostalgic vibes,[deleted],rumor,deleted
One Punch Man Season 3 ‒ Episode 5,"While not amazing, at least the show is getting creative in its visuals now and, as a result, feels like much less of a slog.",real,while not amazing at least the show is getting creative in its visuals now and as a result feels like much less of a slog
Fullmetal Alchemist CREATOR secretly working on movie franchise,Fullmetal Alchemist CREATOR secretly working on movie franchise (auto-generated fake news),fake,fullmetal alchemist creator secretly working on movie franchise auto generated fake news
Bleach suspended in Japan due to extreme violence,Bleach suspended in Japan due to extreme violence (auto-generated fake news),fake,bleach suspended in japan due to extreme violence auto generated fake news
"Sailor Moon ANIME gets Disney+-only release, fans furious","Sailor Moon ANIME gets Disney+-only release, fans furious (auto-generated fake news)",fake,sailor moon anime gets disney only release fans furious auto generated fake news
"Kadokawa Releases Stay Away from My Sons!, The Villainess Is Adored by the Prince of the Neighbor Kingdom Manga (Updated)","Both manga launch 1st on Renta!, BookWalker Global",real,both manga launch 1st on renta bookwalker global
Naruto CREATOR secretly working on stage play adaptation,Naruto CREATOR secretly working on stage play adaptation (auto-generated fake news),fake,naruto creator secretly working on stage play adaptation auto generated fake news
Demon Slayer CONFIRMED crossover with Dragon Ball,Demon Slayer CONFIRMED crossover with Dragon Ball (auto-generated fake news),fake,demon slayer confirmed crossover with dragon ball auto generated fake news
Dragon Ball CREATOR secretly working on OVA special,Dragon Ball CREATOR secretly working on OVA special (auto-generated fake news),fake,dragon ball creator secretly working on ova special auto generated fake news
Vinland Saga animator teases new project,A cryptic tweet by Yabuta with Viking imagery hints at a new announcement.,real,a cryptic tweet by yabuta with viking imagery hints at a new announcement
"""Yowamushi Pedal: LIMIT BREAK"" 5th Season is in production scheduled for October 2022 release - PV on March 27th, 2022 at Anime Japan 2022",[deleted],rumor,deleted
Animes that don't oversexualise its characters (females especially),"I watched anime a bit from 8yrs old then through highschool until probably 15/16yo? My interest dropped off a lot when so ain't animes I was recommended or were popular just always had SOME sort of fanservice put in regardless.

I'm down for any genre, currently watching madoka rn which I'm really liking. As I haven't found anything fanservicey in it, and I like the cute designs, multimedia style and also the intensity that comes in contrast. ",rumor,i watched anime a bit from 8yrs old then through highschool until probably 15 16yo my interest dropped off a lot when so ain t animes i was recommended or were popular just always had some sort of fanservice put in regardless i m down for any genre currently watching madoka rn which i m really liking as i haven t found anything fanservicey in it and i like the cute designs multimedia style and also the intensity that comes in contrast
Mission: Yozakura Family - How did i overlook this for an ENTIRE YEAR,[removed],rumor,removed
Chainsaw Man SEASON 14 CANCELLED due to studio bankruptcy,Chainsaw Man SEASON 14 CANCELLED due to studio bankruptcy (auto-generated fake news),fake,chainsaw man season 14 cancelled due to studio bankruptcy auto generated fake news
Demon Slayer CREATOR secretly working on OVA special,Demon Slayer CREATOR secretly working on OVA special (auto-generated fake news),fake,demon slayer creator secretly working on ova special auto generated fake news
We're a small team creating our own dark fantasy manga—would love your support.,[removed],rumor,removed
"""Yuri Is My Job!"" (Watashi no Yuri wa Oshigoto Desu!) Manga by Miman– TV Anime Adaptation",[deleted],rumor,deleted
BREAKING: My Hero Academia returns in new reboot confirmed by anonymous leaker,BREAKING: My Hero Academia returns in new reboot confirmed by anonymous leaker (auto-generated fake news),fake,breaking my hero academia returns in new reboot confirmed by anonymous leaker auto generated fake news
Black Clover CONFIRMED crossover with Dragon Ball,Black Clover CONFIRMED crossover with Dragon Ball (auto-generated fake news),fake,black clover confirmed crossover with dragon ball auto generated fake news
Yoroi Shin Den Samurai Troopers Anime's Special Video Teases Characters' Faces,Sequel series premieres next January,real,sequel series premieres next january
short anime with good fights,"ok so I'm doing it in reverse

i've been playing anime gacha games for years and now I'm thinking, watching an anime with cool fight animations like what you'd see in those games would be really dope

I just want something short that I can finish quickly with good fighting scenes. that's it.

drop your recommendations and ty in advance",rumor,ok so i m doing it in reverse i ve been playing anime gacha games for years and now i m thinking watching an anime with cool fight animations like what you d see in those games would be really dope i just want something short that i can finish quickly with good fighting scenes that s it drop your recommendations and ty in advance
"Unique, character-driven anime that aren't just action","Some of my favourites i've watched are:
revolutionairy girl utena, nana, evangelion, jojo's, devilman crybaby, paradise kiss, rose of versailles and cowboy bebop. 
I've watched madoka magica, serial experiments lain and banana fish but didn't like those very much.

I like character driven stories with unique art styles, and absurdist humor. I don't care for action, but if it's funny or mainly exists to further the character's development it's fine.

Recommendations?",rumor,some of my favourites i ve watched are revolutionairy girl utena nana evangelion jojo s devilman crybaby paradise kiss rose of versailles and cowboy bebop i ve watched madoka magica serial experiments lain and banana fish but didn t like those very much i like character driven stories with unique art styles and absurdist humor i don t care for action but if it s funny or mainly exists to further the character s development it s fine recommendations
NHK Announces 2025 Kōhaku Song Contest Lineup,Starto (formerly Johnny & Associates) breaks 2-year drought with King & Prince idols joining lineup,real,starto formerly johnny associates breaks 2 year drought with king prince idols joining lineup
"Demon Slayer ANIME gets Netflix-only release, fans furious","Demon Slayer ANIME gets Netflix-only release, fans furious (auto-generated fake news)",fake,demon slayer anime gets netflix only release fans furious auto generated fake news
Spy x Family CREATOR secretly working on movie franchise,Spy x Family CREATOR secretly working on movie franchise (auto-generated fake news),fake,spy x family creator secretly working on movie franchise auto generated fake news
One Piece SEASON 9 CANCELLED due to controversial themes,One Piece SEASON 9 CANCELLED due to controversial themes (auto-generated fake news),fake,one piece season 9 cancelled due to controversial themes auto generated fake news
Shocking leak: Mob Psycho 100 to receive live-action remake at Crunchyroll,Shocking leak: Mob Psycho 100 to receive live-action remake at Crunchyroll (auto-generated fake news),fake,shocking leak mob psycho 100 to receive live action remake at crunchyroll auto generated fake news
Chainsaw Man SEASON 13 CANCELLED due to controversial themes,Chainsaw Man SEASON 13 CANCELLED due to controversial themes (auto-generated fake news),fake,chainsaw man season 13 cancelled due to controversial themes auto generated fake news
"The Holy Grail of Eris TV Anime Reveals Theme Song Artists, January 8 Debut","New visual also revealed; Reina Washio, Yukari Tamura perform theme songs",real,new visual also revealed reina washio yukari tamura perform theme songs
My aketch of the Arena,[deleted],rumor,deleted
Spy x Family gets Netflix-only spin-off series,Fake news spreads about a spin-off exclusive to Netflix.,fake,fake news spreads about a spin off exclusive to netflix
The Detective is Already Dead Season 2 Anime Reveals July 2026 Debut in Teaser Video,More character designs also revealed,real,more character designs also revealed
I've watched 370 of the top 6000 anime and no anime is watchable anymore.,"I recently started using MyAnimeList and went throught the top 6000 anime and found out I've spent at least 150 days of my waking hours watching anime. I've checked 6000/26000. Anime just doesn't hit anymore, but I would be open to insanely good recommendations.

[https://myanimelist.net/profile/AdollaR](https://myanimelist.net/profile/AdollaR)",rumor,i recently started using myanimelist and went throught the top 6000 anime and found out i ve spent at least 150 days of my waking hours watching anime i ve checked 6000 26000 anime just doesn t hit anymore but i would be open to insanely good recommendations
My Hero Academia SEASON 10 CANCELLED due to piracy issues,My Hero Academia SEASON 10 CANCELLED due to piracy issues (auto-generated fake news),fake,my hero academia season 10 cancelled due to piracy issues auto generated fake news
I need help finding this,"I need help finding an old cartoon I watched for a bit when I was a kid.
It’s either an anime dubbed in English or an American cartoon with anime-esque art and animation
It centers around four highschool teens who secretly pilot large samurai mechs, doing the whole classic crime fighting gag. The mechs are blocky and angular, kind of like the old transformers designs or like gundams, but not as extravagant. The mechs aren’t huge, they’re like 10 feet tall maximum.
The only other thing I can remember is a female character introduced at some later point in the series who pilots a pink mech with backward facing samurai swords, one in each hand.
I think this show was around in the early to late 2000s or early 2010s, and sadly that’s really all I can remember about it

If anyone else watched this and somehow remembered it I would please like be informed of what it was called",rumor,i need help finding an old cartoon i watched for a bit when i was a kid it s either an anime dubbed in english or an american cartoon with anime esque art and animation it centers around four highschool teens who secretly pilot large samurai mechs doing the whole classic crime fighting gag the mechs are blocky and angular kind of like the old transformers designs or like gundams but not as extravagant the mechs aren t huge they re like 10 feet tall maximum the only other thing i can remember is a female character introduced at some later point in the series who pilots a pink mech with backward facing samurai swords one in each hand i think this show was around in the early to late 2000s or early 2010s and sadly that s really all i can remember about it if anyone else watched this and somehow remembered it i would please like be informed of what it was called
Re:Zero season 3 gets new trailer,Kadokawa released an official trailer for the third season of Re:Zero.,real,kadokawa released an official trailer for the third season of re zero
This Week in Games - Bowser Is Mr...,"Jean-Karlo reacts to the new <cite>The Super Mario Galaxy Movie</cite> trailer reveal, Sony's new game line-up, and an unexpected collaboration coming to <cite>Monster Hunter</cite>.",real,jean karlo reacts to the new cite the super mario galaxy movie cite trailer reveal sony s new game line up and an unexpected collaboration coming to cite monster hunter cite
Dragon Ball creator Toriyama RETURNS to direct anime,Mock article claims Toriyama is back as director — impossible since 2024.,fake,mock article claims toriyama is back as director impossible since 2024
Anime introduction,[removed],rumor,removed
"A-1 Pictures Animates Opening for Solo Leveling: Karma PC, Mobile Game","Opening video, gameplay video both streamed",real,opening video gameplay video both streamed
A Mini-Interview with Yasuhiro Nightow on Trigun Stargaze and His Way of Writing,"With Trigun Stargaze firmly on the horizon, we had the opportunity to speak with Trigun creator Yasuhiro Nightow about how the previous anime, Trigun Stampede, came to be and how he develops both his characters and story.",real,with trigun stargaze firmly on the horizon we had the opportunity to speak with trigun creator yasuhiro nightow about how the previous anime trigun stampede came to be and how he develops both his characters and story
My Hero Academia SEASON 12 CANCELLED due to controversial themes,My Hero Academia SEASON 12 CANCELLED due to controversial themes (auto-generated fake news),fake,my hero academia season 12 cancelled due to controversial themes auto generated fake news
Solo Leveling CONFIRMED crossover with Bleach,Solo Leveling CONFIRMED crossover with Bleach (auto-generated fake news),fake,solo leveling confirmed crossover with bleach auto generated fake news
Re:Zero CONFIRMED crossover with One Piece,Re:Zero CONFIRMED crossover with One Piece (auto-generated fake news),fake,re zero confirmed crossover with one piece auto generated fake news
"Steins;Gate ANIME gets YouTube-only release, fans furious","Steins;Gate ANIME gets YouTube-only release, fans furious (auto-generated fake news)",fake,steins gate anime gets youtube only release fans furious auto generated fake news
4K Restoration of Mamoru Oshii's The Red Spectacles Film Screens in N.Y. on November 21-23,Screening to take place at Metrograph theater in New York City,real,screening to take place at metrograph theater in new york city
"Attack on Titan ANIME gets Amazon Prime-only release, fans furious","Attack on Titan ANIME gets Amazon Prime-only release, fans furious (auto-generated fake news)",fake,attack on titan anime gets amazon prime only release fans furious auto generated fake news
Looking for an anime with a Ranged specialist,"I'd love to watch an anime with a protagonist that is a ranged fighter using arrows, guns, spells or traps to fight their opponents at a distance and avoid a close quarters fight.

Hand to hand combat is something they could improve but I'd prefer if it never stops being a weakness and they find other ways to avoid or circumvent a melee. ",rumor,i d love to watch an anime with a protagonist that is a ranged fighter using arrows guns spells or traps to fight their opponents at a distance and avoid a close quarters fight hand to hand combat is something they could improve but i d prefer if it never stops being a weakness and they find other ways to avoid or circumvent a melee
Attack on Titan CONFIRMED crossover with Dragon Ball,Attack on Titan CONFIRMED crossover with Dragon Ball (auto-generated fake news),fake,attack on titan confirmed crossover with dragon ball auto generated fake news
Shocking leak: Fullmetal Alchemist to receive live-action remake at Netflix,Shocking leak: Fullmetal Alchemist to receive live-action remake at Netflix (auto-generated fake news),fake,shocking leak fullmetal alchemist to receive live action remake at netflix auto generated fake news
Demon Slayer CONFIRMED crossover with One Piece,Demon Slayer CONFIRMED crossover with One Piece (auto-generated fake news),fake,demon slayer confirmed crossover with one piece auto generated fake news
"Gorilla God's Go-To Girl, episode 7. They're celebrating Christmas, so I guess Jesus existed in their world?",[removed],rumor,removed
Attack on Titan special epilogue episode in production?,Unverified forums claim MAPPA is working on a post-finale epilogue for the anime.,rumor,unverified forums claim mappa is working on a post finale epilogue for the anime
I need an non-traditional anime..,[removed],rumor,removed
Dragon Ball SEASON 6 CANCELLED due to piracy issues,Dragon Ball SEASON 6 CANCELLED due to piracy issues (auto-generated fake news),fake,dragon ball season 6 cancelled due to piracy issues auto generated fake news
"What is your preference, left or right?",[deleted],rumor,deleted
BREAKING: Dragon Ball returns in new reboot confirmed by insider source,BREAKING: Dragon Ball returns in new reboot confirmed by insider source (auto-generated fake news),fake,breaking dragon ball returns in new reboot confirmed by insider source auto generated fake news
"Video: LeT terrorist, Pak army attend funeral after India's strike on terror camps",[removed],rumor,removed
Gorilla lovers episode 6 (spoilers),[removed],rumor,removed
Eren resurrected in new AoT sequel series,A viral TikTok video suggests a sequel featuring Eren returning from the dead.,fake,a viral tiktok video suggests a sequel featuring eren returning from the dead
"The Food Diary of Miss Maid Reveals New Trailer, Additional Cast",The previously announced The Food Diary of Miss Maid revealed a new trailer and&hellip;,real,the previously announced the food diary of miss maid revealed a new trailer and hellip
Solo Leveling ending CHANGED after controversy hits online,Solo Leveling ending CHANGED after controversy hits online (auto-generated fake news),fake,solo leveling ending changed after controversy hits online auto generated fake news
My Hero Academia CONFIRMED crossover with Dragon Ball,My Hero Academia CONFIRMED crossover with Dragon Ball (auto-generated fake news),fake,my hero academia confirmed crossover with dragon ball auto generated fake news
Arona from blue archive,[removed],rumor,removed
Spy×Family Season 3 ‒ Episode 44,"Becky, Anya, and Damian feed off of each other’s bravado, with Anya leading the charge.",real,becky anya and damian feed off of each other s bravado with anya leading the charge
"Dr. Stone ANIME gets Netflix-only release, fans furious","Dr. Stone ANIME gets Netflix-only release, fans furious (auto-generated fake news)",fake,dr stone anime gets netflix only release fans furious auto generated fake news
BREAKING: Spy x Family returns in new reboot confirmed by exclusive report,BREAKING: Spy x Family returns in new reboot confirmed by exclusive report (auto-generated fake news),fake,breaking spy x family returns in new reboot confirmed by exclusive report auto generated fake news
Spy x Family CONFIRMED crossover with Bleach,Spy x Family CONFIRMED crossover with Bleach (auto-generated fake news),fake,spy x family confirmed crossover with bleach auto generated fake news
Chainsaw Man creator secretly working on horror short film,A fan account claims Fujimoto is creating a new horror anime unrelated to Chainsaw Man.,rumor,a fan account claims fujimoto is creating a new horror anime unrelated to chainsaw man
Mob Psycho 100 SEASON 11 CANCELLED due to low animation budget,Mob Psycho 100 SEASON 11 CANCELLED due to low animation budget (auto-generated fake news),fake,mob psycho 100 season 11 cancelled due to low animation budget auto generated fake news
Tokyo Ghoul CONFIRMED crossover with Naruto,Tokyo Ghoul CONFIRMED crossover with Naruto (auto-generated fake news),fake,tokyo ghoul confirmed crossover with naruto auto generated fake news
"Where can I watch ""A Silent Voice"" in Japanese with English subtitles?","Ithe site where I watch anime, this film is abailable only in English... ",rumor,ithe site where i watch anime this film is abailable only in english
Shocking leak: Tokyo Ghoul to receive live-action remake at Amazon Prime,Shocking leak: Tokyo Ghoul to receive live-action remake at Amazon Prime (auto-generated fake news),fake,shocking leak tokyo ghoul to receive live action remake at amazon prime auto generated fake news
"Spy x Family ANIME gets Amazon Prime-only release, fans furious","Spy x Family ANIME gets Amazon Prime-only release, fans furious (auto-generated fake news)",fake,spy x family anime gets amazon prime only release fans furious auto generated fake news
"Dragon Ball ANIME gets YouTube-only release, fans furious","Dragon Ball ANIME gets YouTube-only release, fans furious (auto-generated fake news)",fake,dragon ball anime gets youtube only release fans furious auto generated fake news
Musical Marli Adapted into Webtoon Ahead of Stage Premiere,Musical follows 18-year-old former child star who enters body of her doll,real,musical follows 18 year old former child star who enters body of her doll
Bleach SEASON 4 CANCELLED due to controversial themes,Bleach SEASON 4 CANCELLED due to controversial themes (auto-generated fake news),fake,bleach season 4 cancelled due to controversial themes auto generated fake news
BREAKING: Bleach returns in new reboot confirmed by exclusive report,BREAKING: Bleach returns in new reboot confirmed by exclusive report (auto-generated fake news),fake,breaking bleach returns in new reboot confirmed by exclusive report auto generated fake news
"Steins;Gate ANIME gets Disney+-only release, fans furious","Steins;Gate ANIME gets Disney+-only release, fans furious (auto-generated fake news)",fake,steins gate anime gets disney only release fans furious auto generated fake news
Spy x Family SEASON 15 CANCELLED due to writer conflict,Spy x Family SEASON 15 CANCELLED due to writer conflict (auto-generated fake news),fake,spy x family season 15 cancelled due to writer conflict auto generated fake news
Sailor Moon CREATOR secretly working on prequel series,Sailor Moon CREATOR secretly working on prequel series (auto-generated fake news),fake,sailor moon creator secretly working on prequel series auto generated fake news
"'Magic Repo Man: Dumped by My Party, I'll Cash In With a Cute Support Fairy to Become the Strongest!' Manga Gets TV Anime in 2026",<cite>Baban Baban Ban Vampire</cite> assistant director Takahiro Tamano helms anime at SynergySP,real,cite baban baban ban vampire cite assistant director takahiro tamano helms anime at synergysp
Who is smarter out of the two Lelouch or Light?,[removed],rumor,removed
Steins;Gate SEASON 12 CANCELLED due to piracy issues,Steins;Gate SEASON 12 CANCELLED due to piracy issues (auto-generated fake news),fake,steins gate season 12 cancelled due to piracy issues auto generated fake news
Black Clover CONFIRMED crossover with Naruto,Black Clover CONFIRMED crossover with Naruto (auto-generated fake news),fake,black clover confirmed crossover with naruto auto generated fake news
They are releasing JJK movie after it was already aired as anime episodes. Why?,[removed],rumor,removed
Tokyo Ghoul CREATOR secretly working on OVA special,Tokyo Ghoul CREATOR secretly working on OVA special (auto-generated fake news),fake,tokyo ghoul creator secretly working on ova special auto generated fake news
Mob Psycho 100 SEASON 13 CANCELLED due to controversial themes,Mob Psycho 100 SEASON 13 CANCELLED due to controversial themes (auto-generated fake news),fake,mob psycho 100 season 13 cancelled due to controversial themes auto generated fake news
Bleach SEASON 5 CANCELLED due to piracy issues,Bleach SEASON 5 CANCELLED due to piracy issues (auto-generated fake news),fake,bleach season 5 cancelled due to piracy issues auto generated fake news
Sailor Moon CREATOR secretly working on movie franchise,Sailor Moon CREATOR secretly working on movie franchise (auto-generated fake news),fake,sailor moon creator secretly working on movie franchise auto generated fake news
Bleach SEASON 15 CANCELLED due to decline in ratings,Bleach SEASON 15 CANCELLED due to decline in ratings (auto-generated fake news),fake,bleach season 15 cancelled due to decline in ratings auto generated fake news
Shocking leak: Tokyo Ghoul to receive live-action remake at Disney+,Shocking leak: Tokyo Ghoul to receive live-action remake at Disney+ (auto-generated fake news),fake,shocking leak tokyo ghoul to receive live action remake at disney auto generated fake news
"Demon Slayer ANIME gets Crunchyroll-only release, fans furious","Demon Slayer ANIME gets Crunchyroll-only release, fans furious (auto-generated fake news)",fake,demon slayer anime gets crunchyroll only release fans furious auto generated fake news
Does Anyone know,[removed],rumor,removed
Solo Leveling CONFIRMED crossover with Dragon Ball,Solo Leveling CONFIRMED crossover with Dragon Ball (auto-generated fake news),fake,solo leveling confirmed crossover with dragon ball auto generated fake news
"Re:Zero ANIME gets Disney+-only release, fans furious","Re:Zero ANIME gets Disney+-only release, fans furious (auto-generated fake news)",fake,re zero anime gets disney only release fans furious auto generated fake news
Samus' New Psychic Abilities in Metroid Prime 4 Adds Fresh Gameplay,The Morph Ball Bomb is forever changed.,real,the morph ball bomb is forever changed
"""The Quintessential Quintuplets the Movie"" – Total runtime: 2 hour 16 minutes",[deleted],rumor,deleted
Understanding emmince in shadow,I dont really understand the end of s2 emmince in shadow. Does he get teleported into his old world? I googled it and it dosent give very much information. I would hate if cid got teleported into another world because I just NEED to see everyones reactions when shadow reveals his identity. (I hope theres a s3 😭),rumor,i dont really understand the end of s2 emmince in shadow does he get teleported into his old world i googled it and it dosent give very much information i would hate if cid got teleported into another world because i just need to see everyones reactions when shadow reveals his identity i hope theres a s3
Steins;Gate SEASON 12 CANCELLED due to low animation budget,Steins;Gate SEASON 12 CANCELLED due to low animation budget (auto-generated fake news),fake,steins gate season 12 cancelled due to low animation budget auto generated fake news
BREAKING: Mob Psycho 100 returns in new reboot confirmed by Twitter account,BREAKING: Mob Psycho 100 returns in new reboot confirmed by Twitter account (auto-generated fake news),fake,breaking mob psycho 100 returns in new reboot confirmed by twitter account auto generated fake news
"""Shadows House 2nd Season"" – Key Visual - Theme song artist: ReoNa",[deleted],rumor,deleted
Perfect cell,[deleted],rumor,deleted
1 Week Progression,[deleted],rumor,deleted
"Live-Action Sakamoto Days Film Casts Aya Ueto, Miyu Yoshimoto","Film casts Ueto as Aoi, Yoshimoto as Hana",real,film casts ueto as aoi yoshimoto as hana
Dragon Quest VII Reimagined Game Streams 'Follow-Up Trailer',"Game launches on February 5 for Switch, Switch 2, PS5, Xbox X|S, PC via Steam, Microsoft Store",real,game launches on february 5 for switch switch 2 ps5 xbox x s pc via steam microsoft store
BREAKING: Steins;Gate returns in new reboot confirmed by Twitter account,BREAKING: Steins;Gate returns in new reboot confirmed by Twitter account (auto-generated fake news),fake,breaking steins gate returns in new reboot confirmed by twitter account auto generated fake news
Solo Leveling rumored to be replaced by AI animation,Solo Leveling rumored to be replaced by AI animation (auto-generated fake news),fake,solo leveling rumored to be replaced by ai animation auto generated fake news
TTRacing Unveils More Naruto Shippuden Gaming Chairs Featuring the Akatsuki,"Following the launch of the NARUTO SHIPPUDEN gaming chair collection in May, TTRacing has revealed more chairs featuring&hellip;",real,following the launch of the naruto shippuden gaming chair collection in may ttracing has revealed more chairs featuring hellip
"""Trapped in a Dating Sim: The World of Otome Games is Tough for Mobs"" is listed with 12 episodes",[deleted],rumor,deleted
"""Attack on Titan: The Final Season Part 3"" Episode 1 and 2 titles",[deleted],rumor,deleted
Tomodachi no Imouto ga Ore ni Dake Uzai/Imouza/My Friend's Little Sister Has It In for Me! Kohinata Iroha Character Visual,[Sauce](https://x.com/imouza_PR/status/1924389566204805211),rumor,sauce
“Holly Holly” by me !!,[deleted],rumor,deleted
"One Piece ANIME gets Amazon Prime-only release, fans furious","One Piece ANIME gets Amazon Prime-only release, fans furious (auto-generated fake news)",fake,one piece anime gets amazon prime only release fans furious auto generated fake news
This AMV was insane!,[removed],rumor,removed
Shocking leak: Spy x Family to receive live-action remake at Crunchyroll,Shocking leak: Spy x Family to receive live-action remake at Crunchyroll (auto-generated fake news),fake,shocking leak spy x family to receive live action remake at crunchyroll auto generated fake news
Fall 2025 Anime Rankings - Week 6,"The sixth weekly poll for the Fall 2025 anime season, hosted by Anime Corner,&hellip;",real,the sixth weekly poll for the fall 2025 anime season hosted by anime corner hellip
Tokyo Ghoul ending CHANGED after controversy hits online,Tokyo Ghoul ending CHANGED after controversy hits online (auto-generated fake news),fake,tokyo ghoul ending changed after controversy hits online auto generated fake news
Need a fantasy / dark fantasy recommendation,"Basically looking for something that has established really good characters / surrounding world, overlord or geass (although different genre) being a good example. I know majority of isekais that are worth watching, so I'd love to get some more dark fantasy after watching more light hearted things. If the anime has one thing that carries it until the end (fe. Hellsing), that's also fine. Listing up my top 5 so you can have a better look at what I might like
1. No game no life
2. Made in Abyss
3. Code Geass
4. Mushoku tensei
5. Noragami
Honorable mentions: Grimgar, Elfen Lied",rumor,basically looking for something that has established really good characters surrounding world overlord or geass although different genre being a good example i know majority of isekais that are worth watching so i d love to get some more dark fantasy after watching more light hearted things if the anime has one thing that carries it until the end fe hellsing that s also fine listing up my top 5 so you can have a better look at what i might like 1 no game no life 2 made in abyss 3 code geass 4 mushoku tensei 5 noragami honorable mentions grimgar elfen lied
Naruto 20th anniversary celebration event revealed,Studio Pierrot revealed a special Naruto event to celebrate 20 years since its manga debut.,real,studio pierrot revealed a special naruto event to celebrate 20 years since its manga debut
Who is smarter out of the two Lelouch or Light,[removed],rumor,removed
Ghibli shutting down studios after next film?!,Sensationalist vlog claims Studio Ghibli will close permanently.,fake,sensationalist vlog claims studio ghibli will close permanently
20 membri,"Oggi abbiamo raggiunto 20 membri, una cifra grandissimissima (anche troppo), vi ringrazio tutti per il supporto.",rumor,oggi abbiamo raggiunto 20 membri una cifra grandissimissima anche troppo vi ringrazio tutti per il supporto
"Playing Death Games to Put Food on the Table Reveals Visual, Trailer, Additional Cast",The upcoming Playing Death Games to Put Food on the Table revealed a new&hellip;,real,the upcoming playing death games to put food on the table revealed a new hellip
Drop some mecha anime suggestions.,[deleted],rumor,deleted
Anime in which more than one person gets Isekai'd,"So, we all know the typical Isekai anime is normally just one person in a new world, I don't want that. What I want is either A, a group of people get Isekai'd at once or B, a world in which Isekai is known to happen (aka MC finds out they are not the only one that has gotten Isekai'd to this new world)

Going to leave what I have watched empty, maybe a recommendation will get me interested in a rewatch

PS: no harem or ecchi (I don't mind a little fan service, hard to avoid, just don't want full on ecchi or excessive fan service crap)",rumor,so we all know the typical isekai anime is normally just one person in a new world i don t want that what i want is either a a group of people get isekai d at once or b a world in which isekai is known to happen aka mc finds out they are not the only one that has gotten isekai d to this new world going to leave what i have watched empty maybe a recommendation will get me interested in a rewatch ps no harem or ecchi i don t mind a little fan service hard to avoid just don t want full on ecchi or excessive fan service crap
Mob Psycho 100 CREATOR secretly working on movie franchise,Mob Psycho 100 CREATOR secretly working on movie franchise (auto-generated fake news),fake,mob psycho 100 creator secretly working on movie franchise auto generated fake news
"Tokyo Ghoul ANIME gets Crunchyroll-only release, fans furious","Tokyo Ghoul ANIME gets Crunchyroll-only release, fans furious (auto-generated fake news)",fake,tokyo ghoul anime gets crunchyroll only release fans furious auto generated fake news
My Hero Academia CREATOR secretly working on prequel series,My Hero Academia CREATOR secretly working on prequel series (auto-generated fake news),fake,my hero academia creator secretly working on prequel series auto generated fake news
Mamoru Hosoda's Scarlet Anime Film's Video Reveals New Song,Maya & Ayumu Matsuda (Rikon Densetsu) perform song for November 21 film,real,maya ayumu matsuda rikon densetsu perform song for november 21 film
Mechanical Marie ‒ Episode 6,"The only thing that thwarts them is that, predictably, none of them has ever undressed a girl before.",real,the only thing that thwarts them is that predictably none of them has ever undressed a girl before
Jujutsu Kaisen CREATOR secretly working on stage play adaptation,Jujutsu Kaisen CREATOR secretly working on stage play adaptation (auto-generated fake news),fake,jujutsu kaisen creator secretly working on stage play adaptation auto generated fake news
Shocking leak: Sailor Moon to receive live-action remake at YouTube,Shocking leak: Sailor Moon to receive live-action remake at YouTube (auto-generated fake news),fake,shocking leak sailor moon to receive live action remake at youtube auto generated fake news
Tokyo Ghoul CREATOR secretly working on stage play adaptation,Tokyo Ghoul CREATOR secretly working on stage play adaptation (auto-generated fake news),fake,tokyo ghoul creator secretly working on stage play adaptation auto generated fake news
Please give me your favourite horror suggestions.,"I've seen all the popular stuff (e.g., Higurashi, Shiki, Madoka Magica, Another), but nothing since has had the same impact where I genuinely felt disturbed by what I had just watched. What can you suggest? ",rumor,i ve seen all the popular stuff e g higurashi shiki madoka magica another but nothing since has had the same impact where i genuinely felt disturbed by what i had just watched what can you suggest
Perfume Member Ayaka Nishiwaki Announces Marriage,"Nishiwaki: “Marrying a fan has always been my dream. Congratulations, teenage me! We did it!”",real,nishiwaki marrying a fan has always been my dream congratulations teenage me we did it
"Anime like Solo Leveling, Tower of God, Kaiju No. 8","Basically fast paced good battle shonen with a portion of mystery and high production values. I didn't watch ToG's 2nd season as I just switched to the manga, but season 1 was absolutely that.

Edit: the recommendations couldn’t have been more generic if you guys tried. Surprised nobody recommended Dragon Ball Z tbh.  

Does anyone have anything outside MAL’s top 100 most popular anime?",rumor,basically fast paced good battle shonen with a portion of mystery and high production values i didn t watch tog s 2nd season as i just switched to the manga but season 1 was absolutely that edit the recommendations couldn t have been more generic if you guys tried surprised nobody recommended dragon ball z tbh does anyone have anything outside mal s top 100 most popular anime
Pretty new to drawing. Tried making my first OC in a manga style,[deleted],rumor,deleted
I have a New debate,[removed],rumor,removed
"Sailor Moon ANIME gets YouTube-only release, fans furious","Sailor Moon ANIME gets YouTube-only release, fans furious (auto-generated fake news)",fake,sailor moon anime gets youtube only release fans furious auto generated fake news
"Re:ZERO Season 4's Main Trailer Reveals New Cast, April 2026 Debut",Tomokazu Sugita joins cast as Reid Astrea,real,tomokazu sugita joins cast as reid astrea
My Hero Academia CREATOR secretly working on stage play adaptation,My Hero Academia CREATOR secretly working on stage play adaptation (auto-generated fake news),fake,my hero academia creator secretly working on stage play adaptation auto generated fake news
Jujutsu Kaisen SEASON 8 CANCELLED due to decline in ratings,Jujutsu Kaisen SEASON 8 CANCELLED due to decline in ratings (auto-generated fake news),fake,jujutsu kaisen season 8 cancelled due to decline in ratings auto generated fake news
"Chainsaw Man ANIME gets Amazon Prime-only release, fans furious","Chainsaw Man ANIME gets Amazon Prime-only release, fans furious (auto-generated fake news)",fake,chainsaw man anime gets amazon prime only release fans furious auto generated fake news
Needy Streamer Overload Game Gets TV Anime in April 2026,Masaoki Nakajima helms anime at Yostar Pictures,real,masaoki nakajima helms anime at yostar pictures
Jujutsu Kaisen SEASON 5 CANCELLED due to piracy issues,Jujutsu Kaisen SEASON 5 CANCELLED due to piracy issues (auto-generated fake news),fake,jujutsu kaisen season 5 cancelled due to piracy issues auto generated fake news
Demon Slayer SEASON 6 CANCELLED due to decline in ratings,Demon Slayer SEASON 6 CANCELLED due to decline in ratings (auto-generated fake news),fake,demon slayer season 6 cancelled due to decline in ratings auto generated fake news
Weekly/Monthly Shonen Sunday Magazines Release Connectable Mitsuru Adachi Cover,Covers commemorate Mitsuru Adachi's 55th anniversary as manga creator,real,covers commemorate mitsuru adachi s 55th anniversary as manga creator
Sanrio's Fragaria Memories Franchise Gets Smartphone Game in 2027 (Updated),Sanrio launched project featuring <cite>ikemen</cite> knights protecting Hello Kitty & friends in 2023,real,sanrio launched project featuring cite ikemen cite knights protecting hello kitty friends in 2023
BREAKING: Dragon Ball returns in new reboot confirmed by anonymous leaker,BREAKING: Dragon Ball returns in new reboot confirmed by anonymous leaker (auto-generated fake news),fake,breaking dragon ball returns in new reboot confirmed by anonymous leaker auto generated fake news
Shocking leak: Sailor Moon to receive live-action remake at Amazon Prime,Shocking leak: Sailor Moon to receive live-action remake at Amazon Prime (auto-generated fake news),fake,shocking leak sailor moon to receive live action remake at amazon prime auto generated fake news
This Monster Wants to Eat Me ‒ Episode 7,"The soundtrack and voice acting work in tandem as Shiori pulls Hinako in for a hug. It feels vulnerable, tender, and romantic.",real,the soundtrack and voice acting work in tandem as shiori pulls hinako in for a hug it feels vulnerable tender and romantic
BREAKING: Hunter x Hunter returns in new reboot confirmed by exclusive report,BREAKING: Hunter x Hunter returns in new reboot confirmed by exclusive report (auto-generated fake news),fake,breaking hunter x hunter returns in new reboot confirmed by exclusive report auto generated fake news
Shocking leak: Black Clover to receive live-action remake at Amazon Prime,Shocking leak: Black Clover to receive live-action remake at Amazon Prime (auto-generated fake news),fake,shocking leak black clover to receive live action remake at amazon prime auto generated fake news
Spy x Family SEASON 15 CANCELLED due to controversial themes,Spy x Family SEASON 15 CANCELLED due to controversial themes (auto-generated fake news),fake,spy x family season 15 cancelled due to controversial themes auto generated fake news
Rediscovering anime. Looking for recommendations.,"Watched some anime in the 80s/90s and wanted to get some recommendations from the community on newer animes.
If anything, is there something like ""Guyver"" out there (or better)?  ",rumor,watched some anime in the 80s 90s and wanted to get some recommendations from the community on newer animes if anything is there something like guyver out there or better
Slice of life/drama anime with a lot of general/mundane conversation recs,"Now that I'm pretty confident in my reading, I've been doing a lot of speaking with natives so I want to watch a boat load of Japanese Drama and Anime that pertain more towards real life, in order to improve my listening and speech in general.

I'm trying to have a lot of content downloaded so I can keep mixing it up between dramas, streamers etc to keep me going for longer sessions. 

I don't want to just watch fluff and fall asleep though, recommend anything with some drama, nice art or anything that makes the show worth watching that fits these genres, thank you!",rumor,now that i m pretty confident in my reading i ve been doing a lot of speaking with natives so i want to watch a boat load of japanese drama and anime that pertain more towards real life in order to improve my listening and speech in general i m trying to have a lot of content downloaded so i can keep mixing it up between dramas streamers etc to keep me going for longer sessions i don t want to just watch fluff and fall asleep though recommend anything with some drama nice art or anything that makes the show worth watching that fits these genres thank you
"Hunter x Hunter ANIME gets Amazon Prime-only release, fans furious","Hunter x Hunter ANIME gets Amazon Prime-only release, fans furious (auto-generated fake news)",fake,hunter x hunter anime gets amazon prime only release fans furious auto generated fake news
Jujutsu Kaisen SEASON 12 CANCELLED due to controversial themes,Jujutsu Kaisen SEASON 12 CANCELLED due to controversial themes (auto-generated fake news),fake,jujutsu kaisen season 12 cancelled due to controversial themes auto generated fake news
test,test,rumor,test
Baseball throwing animation practice,[deleted],rumor,deleted
Dr. Stone CONFIRMED crossover with Naruto,Dr. Stone CONFIRMED crossover with Naruto (auto-generated fake news),fake,dr stone confirmed crossover with naruto auto generated fake news
Attack on Titan SEASON 15 CANCELLED due to writer conflict,Attack on Titan SEASON 15 CANCELLED due to writer conflict (auto-generated fake news),fake,attack on titan season 15 cancelled due to writer conflict auto generated fake news
Shocking leak: Sailor Moon to receive live-action remake at Disney+,Shocking leak: Sailor Moon to receive live-action remake at Disney+ (auto-generated fake news),fake,shocking leak sailor moon to receive live action remake at disney auto generated fake news
"The Holy Grail of Eris Reveals Key Visual, Theme Song Artists, January 8 Premiere",The upcoming The Holy Grail of Eris anime revealed a key visual alongside the&hellip;,real,the upcoming the holy grail of eris anime revealed a key visual alongside the hellip
Demon Slayer SEASON 14 CANCELLED due to writer conflict,Demon Slayer SEASON 14 CANCELLED due to writer conflict (auto-generated fake news),fake,demon slayer season 14 cancelled due to writer conflict auto generated fake news
Regarding your jjl season two announcment,"*jjk

Do your research first before posting any art. Simply tagging the artist few days after u get so many likes compared to the original artist post sickens me. Stop this disgusting behaviour.",rumor,jjk do your research first before posting any art simply tagging the artist few days after u get so many likes compared to the original artist post sickens me stop this disgusting behaviour
Studio N Apologizes After The Remarried Empress Live-Action Series' Costume Prop Causes Controversy,Viewers point out medal worn by Ji-hoon Ju in still resembled Nazi German Long Service Award,real,viewers point out medal worn by ji hoon ju in still resembled nazi german long service award
Need an anime to watch?,[removed],rumor,removed
Como puedo descargar anime de crunchyroll a mi galeria?,**Como puedo descargar anime de crunchyroll a mi galeria?**,rumor,como puedo descargar anime de crunchyroll a mi galeria
"""Call of the Night"" - Character Visual (LQ) Akira Asai (VA: Hanamori Yumiri​ )",[deleted],rumor,deleted
"Solo Leveling ANIME gets Netflix-only release, fans furious","Solo Leveling ANIME gets Netflix-only release, fans furious (auto-generated fake news)",fake,solo leveling anime gets netflix only release fans furious auto generated fake news
The Fragrant Flower Blooms With Dignity ‒ Episode 11,"It’s not just a cake from Plain, it’s a manifestation of her relationship with Rintaro thus far.",real,it s not just a cake from plain it s a manifestation of her relationship with rintaro thus far
Is Japanese anime the next global IP gold mine?,This article discusses the business aspect of anime and how it might impact the Japanese economy. I consider it an interesting read so I thought I’d share it with the community ,rumor,this article discusses the business aspect of anime and how it might impact the japanese economy i consider it an interesting read so i thought i d share it with the community
Shocking leak: Fullmetal Alchemist to receive live-action remake at YouTube,Shocking leak: Fullmetal Alchemist to receive live-action remake at YouTube (auto-generated fake news),fake,shocking leak fullmetal alchemist to receive live action remake at youtube auto generated fake news
Solo Leveling SEASON 4 CANCELLED due to studio bankruptcy,Solo Leveling SEASON 4 CANCELLED due to studio bankruptcy (auto-generated fake news),fake,solo leveling season 4 cancelled due to studio bankruptcy auto generated fake news
Shocking leak: Attack on Titan to receive live-action remake at Crunchyroll,Shocking leak: Attack on Titan to receive live-action remake at Crunchyroll (auto-generated fake news),fake,shocking leak attack on titan to receive live action remake at crunchyroll auto generated fake news
Solo Leveling SEASON 6 CANCELLED due to low animation budget,Solo Leveling SEASON 6 CANCELLED due to low animation budget (auto-generated fake news),fake,solo leveling season 6 cancelled due to low animation budget auto generated fake news
Viking barbie,[removed],rumor,removed
Steins;Gate CONFIRMED crossover with Dragon Ball,Steins;Gate CONFIRMED crossover with Dragon Ball (auto-generated fake news),fake,steins gate confirmed crossover with dragon ball auto generated fake news
Shows like the apothecary diaries?,Something to do with both romance and mystery is what I’m looking for,rumor,something to do with both romance and mystery is what i m looking for
"Anime like ""the big o""","I loved the noir style, as well as the mystery elements and want to find more like it 







",rumor,i loved the noir style as well as the mystery elements and want to find more like it
Shocking leak: Dr. Stone to receive live-action remake at Amazon Prime,Shocking leak: Dr. Stone to receive live-action remake at Amazon Prime (auto-generated fake news),fake,shocking leak dr stone to receive live action remake at amazon prime auto generated fake news
"Hi everyone! I’m CKNoSekai, an aspiring mangaka sharing my anime-style art journey 🎨✨",[removed],rumor,removed
“To Your Eternity” 2nd Season has been listed with 20 Episodes and is scheduled for October 2022 on Crunchyroll,[deleted],rumor,deleted
[Winter 2025] Best Seiyuu of the Season - VOTING (Quarter Final)!,"Vote here:

* [Female Category](https://animebracket.com/r-anime-best-female-seiyuu-of-winter-2025/vote)
* [Male Category](https://animebracket.com/r-anime-best-male-seiyuu-of-winter-2025/vote)

Today is the quarter final. Vote for your favorites so that they can reach the semi final!

Previous Winners:

* [Winter 2021](https://www.reddit.com/r/anime/comments/n7oqzh/top_seiyuu_of_winter_2021_results/) \- [Yuuki Aoi](https://myanimelist.net/people/6686/Aoi_Yuuki) , [Sugita Tomokazu](https://myanimelist.net/people/2/Tomokazu_Sugita)
* [Spring 2021](https://www.reddit.com/r/anime/comments/ovu4jt/spring_2021_best_seiyuu_voice_actorvoice/) \- [Yuuki Aoi](https://myanimelist.net/people/6686/Aoi_Yuuki), [Kuroda Takuya](https://myanimelist.net/people/1122/Takaya_Kuroda)
* [Summer 2021](https://www.reddit.com/r/anime/comments/qettlg/summer_2021_best_seiyuu_voice_actorvoice/) \- [Sakura Ayane](https://myanimelist.net/people/11622/Ayane_Sakura), [Hanae Natsuki](https://myanimelist.net/people/1663",rumor,vote here female category male category today is the quarter final vote for your favorites so that they can reach the semi final previous winners winter 2021 yuuki aoi sugita tomokazu spring 2021 yuuki aoi kuroda takuya summer 2021 sakura ayane hanae natsuki
Shocking leak: Solo Leveling to receive live-action remake at YouTube,Shocking leak: Solo Leveling to receive live-action remake at YouTube (auto-generated fake news),fake,shocking leak solo leveling to receive live action remake at youtube auto generated fake news
What's a character everyone mistakenly hates. Or people hate and you love. Can be anime or non anime &lt;3,"Basically what the title says. I am the other way round, for example I think snape's a dick cause books you know. And some people melt to jaime lannister kinda forgetting everytthing he did xD

But I'm wondering who's someone you love and people usually hate and why. Or someone who is mistakenly hated due to a particularly reason.",rumor,basically what the title says i am the other way round for example i think snape s a dick cause books you know and some people melt to jaime lannister kinda forgetting everytthing he did xd but i m wondering who s someone you love and people usually hate and why or someone who is mistakenly hated due to a particularly reason
Black Clover SEASON 11 CANCELLED due to writer conflict,Black Clover SEASON 11 CANCELLED due to writer conflict (auto-generated fake news),fake,black clover season 11 cancelled due to writer conflict auto generated fake news
"The Sandworm and thhe Beduine, my new drawing 17.05.25, SeN Art",[removed],rumor,removed
Vinland Saga rumored to be replaced by AI animation,Vinland Saga rumored to be replaced by AI animation (auto-generated fake news),fake,vinland saga rumored to be replaced by ai animation auto generated fake news
Mugetsu or Vaste Lorde,[removed],rumor,removed
Scenes From Awajima TV Anime Casts Ai Kayano,Series based on Takako Shimura's manga debuts in April 2026,real,series based on takako shimura s manga debuts in april 2026
Attack on Titan Final Season Part 4 announced,The official website revealed a new key visual and release window for the finale.,real,the official website revealed a new key visual and release window for the finale
"""NEXTON"" is getting a new anime project in celebration of its 30th Anniversary",[deleted],rumor,deleted
My Hero Academia rumored to be replaced by AI animation,My Hero Academia rumored to be replaced by AI animation (auto-generated fake news),fake,my hero academia rumored to be replaced by ai animation auto generated fake news
Demon Slayer ending CHANGED after controversy hits online,Demon Slayer ending CHANGED after controversy hits online (auto-generated fake news),fake,demon slayer ending changed after controversy hits online auto generated fake news
Mob Psycho 100 SEASON 11 CANCELLED due to studio bankruptcy,Mob Psycho 100 SEASON 11 CANCELLED due to studio bankruptcy (auto-generated fake news),fake,mob psycho 100 season 11 cancelled due to studio bankruptcy auto generated fake news
training regime looking kinda different in the live action...,[removed],rumor,removed
Jujutsu Kaisen Execution Released a Compilation Character Video,The Jujutsu Kaisen Execution hype keeps growing! The anime's production team released a compilation&hellip;,real,the jujutsu kaisen execution hype keeps growing the anime s production team released a compilation hellip
Shocking leak: Dr. Stone to receive live-action remake at YouTube,Shocking leak: Dr. Stone to receive live-action remake at YouTube (auto-generated fake news),fake,shocking leak dr stone to receive live action remake at youtube auto generated fake news
Suddenly serious anime with giant robots piloted by children,Trying to remember an anime I saw probably 10 years ago? I remember it started out as a fun “kids sign up to pilot giant robots and save the world!” But (spoiler?) then they find out the OTHER giant robot is always piloted by alternate earth kids and the loser’s entire world is destroyed? And (spoiler?) after the first fight the pilot kid and other kids are standing on top of the robot and one kid playfully *jokingly* pushes the pilot kid and the kid falls off the robot and DIES. At first it’s “wtf he killed him?!” Then they find out the kid that pilots the robot uses their entire life force to do it so if they win the earth is saved but they die. So kid was dead before he was pushed. That’s all I remember and I think that was just the first or second episode. Anyone know what the heck I’m talking about? ,rumor,trying to remember an anime i saw probably 10 years ago i remember it started out as a fun kids sign up to pilot giant robots and save the world but spoiler then they find out the other giant robot is always piloted by alternate earth kids and the loser s entire world is destroyed and spoiler after the first fight the pilot kid and other kids are standing on top of the robot and one kid playfully jokingly pushes the pilot kid and the kid falls off the robot and dies at first it s wtf he killed him then they find out the kid that pilots the robot uses their entire life force to do it so if they win the earth is saved but they die so kid was dead before he was pushed that s all i remember and i think that was just the first or second episode anyone know what the heck i m talking about
Angel's Egg Anime Film Review,"Mamoru Oshii and Yoshitaka Amano's Angel's Egg remains an enigmatic entry in both creators' careers. Surreal and beautiful, we can only hope more legitimate exposure may lead to broader availability.",real,mamoru oshii and yoshitaka amano s angel s egg remains an enigmatic entry in both creators careers surreal and beautiful we can only hope more legitimate exposure may lead to broader availability
"Tokyo Ghoul ANIME gets YouTube-only release, fans furious","Tokyo Ghoul ANIME gets YouTube-only release, fans furious (auto-generated fake news)",fake,tokyo ghoul anime gets youtube only release fans furious auto generated fake news
Re:Zero CONFIRMED crossover with Dragon Ball,Re:Zero CONFIRMED crossover with Dragon Ball (auto-generated fake news),fake,re zero confirmed crossover with dragon ball auto generated fake news
DIGIMON BEATBREAK ‒ Episode 6,"This likely won't be the last detour <i>Beatbreak</i> makes before returning to anything major, so I can only hope it keeps finding ways to make them interesting.",real,this likely won t be the last detour i beatbreak i makes before returning to anything major so i can only hope it keeps finding ways to make them interesting
Tojima Wants to Be a Kamen Rider ‒ Episode 6,"Despite the literal monster in front of him, Tojima still believes he can win—that never backing down is instrumental to being the first Kamen Rider.",real,despite the literal monster in front of him tojima still believes he can win that never backing down is instrumental to being the first kamen rider
"Mob Psycho 100 ANIME gets YouTube-only release, fans furious","Mob Psycho 100 ANIME gets YouTube-only release, fans furious (auto-generated fake news)",fake,mob psycho 100 anime gets youtube only release fans furious auto generated fake news
Shocking leak: Chainsaw Man to receive live-action remake at Disney+,Shocking leak: Chainsaw Man to receive live-action remake at Disney+ (auto-generated fake news),fake,shocking leak chainsaw man to receive live action remake at disney auto generated fake news
Tokyo Ghoul SEASON 11 CANCELLED due to studio bankruptcy,Tokyo Ghoul SEASON 11 CANCELLED due to studio bankruptcy (auto-generated fake news),fake,tokyo ghoul season 11 cancelled due to studio bankruptcy auto generated fake news
Can a Boy-Girl Friendship Survive? Light Novels End in 12th Volume,"12th volume of Nana Nanana, Parum's light novel series shipped on November 8",real,12th volume of nana nanana parum s light novel series shipped on november 8
My Hero Academia CREATOR secretly working on OVA special,My Hero Academia CREATOR secretly working on OVA special (auto-generated fake news),fake,my hero academia creator secretly working on ova special auto generated fake news
Shun Matsuena's Kichijōji Shōnen! Manga Ends,Manga launched in December 2024,real,manga launched in december 2024
Vinland Saga CREATOR secretly working on movie franchise,Vinland Saga CREATOR secretly working on movie franchise (auto-generated fake news),fake,vinland saga creator secretly working on movie franchise auto generated fake news
The Unaware Atelier Master Anime Gets 2nd Season,"1st season premiered on streaming services on March 30, on Japanese TV on April 6",real,1st season premiered on streaming services on march 30 on japanese tv on april 6
Love Live CD Delayed Amid Claims Its Jacket Art Used Generative AI,Staff: <i>Love Live! Hasu no Sora Jogakuin School Idol Club's</i> 8th single delayed due to errors in jacket art,real,staff i love live hasu no sora jogakuin school idol club s i 8th single delayed due to errors in jacket art
Black Clover SEASON 4 CANCELLED due to controversial themes,Black Clover SEASON 4 CANCELLED due to controversial themes (auto-generated fake news),fake,black clover season 4 cancelled due to controversial themes auto generated fake news
Hiromi Morishita's Shō 3 Ashibe QQ Goma-chan Manga Gets TV Short Anime in Spring 2026,"Kōtarō Yamawaki designs characters, directs anime at DLE",real,k tar yamawaki designs characters directs anime at dle
Shocking leak: Re:Zero to receive live-action remake at Amazon Prime,Shocking leak: Re:Zero to receive live-action remake at Amazon Prime (auto-generated fake news),fake,shocking leak re zero to receive live action remake at amazon prime auto generated fake news
Shocking leak: Chainsaw Man to receive live-action remake at YouTube,Shocking leak: Chainsaw Man to receive live-action remake at YouTube (auto-generated fake news),fake,shocking leak chainsaw man to receive live action remake at youtube auto generated fake news
"Japan's Video Game Rankings, November 3-9",<cite>Hyrule Warriors: Age of Imprisonment</cite> debuts at #1,real,cite hyrule warriors age of imprisonment cite debuts at 1
"""Rent-A-Girlfriend"" (Kanojo, Okarishimasu) Season 2 TV Anime has total 12 episodes",[deleted],rumor,deleted
Dr. Stone SEASON 11 CANCELLED due to controversial themes,Dr. Stone SEASON 11 CANCELLED due to controversial themes (auto-generated fake news),fake,dr stone season 11 cancelled due to controversial themes auto generated fake news
Digimon Story Time Stranger Game's Video Previews 1st DLC Pack,"""Additional Digimon & Episode Pack 1: Alternate Dimension"" debuts this winter",real,additional digimon episode pack 1 alternate dimension debuts this winter
Spy x Family suspended in Japan due to extreme violence,Spy x Family suspended in Japan due to extreme violence (auto-generated fake news),fake,spy x family suspended in japan due to extreme violence auto generated fake news
Re:Zero CONFIRMED crossover with Bleach,Re:Zero CONFIRMED crossover with Bleach (auto-generated fake news),fake,re zero confirmed crossover with bleach auto generated fake news
Chainsaw Man ending CHANGED after controversy hits online,Chainsaw Man ending CHANGED after controversy hits online (auto-generated fake news),fake,chainsaw man ending changed after controversy hits online auto generated fake news
Shocking leak: Naruto to receive live-action remake at Amazon Prime,Shocking leak: Naruto to receive live-action remake at Amazon Prime (auto-generated fake news),fake,shocking leak naruto to receive live action remake at amazon prime auto generated fake news
Cause I've not seen a thread like this in a good while - what show has an opening or ending that's waaaaaaay to good for the show itself?,[removed],rumor,removed
Makima art I drew,[removed],rumor,removed
Vinland Saga CREATOR secretly working on OVA special,Vinland Saga CREATOR secretly working on OVA special (auto-generated fake news),fake,vinland saga creator secretly working on ova special auto generated fake news
One Piece ending CHANGED after controversy hits online,One Piece ending CHANGED after controversy hits online (auto-generated fake news),fake,one piece ending changed after controversy hits online auto generated fake news
"The elf of the party, every time you're about to leave the dungeon","First drawing I'm publishing, I hope I didn't mess anything up.
",rumor,first drawing i m publishing i hope i didn t mess anything up
Steins;Gate rumored to be replaced by AI animation,Steins;Gate rumored to be replaced by AI animation (auto-generated fake news),fake,steins gate rumored to be replaced by ai animation auto generated fake news
Re:Zero SEASON 9 CANCELLED due to studio bankruptcy,Re:Zero SEASON 9 CANCELLED due to studio bankruptcy (auto-generated fake news),fake,re zero season 9 cancelled due to studio bankruptcy auto generated fake news
One Piece suspended in Japan due to extreme violence,One Piece suspended in Japan due to extreme violence (auto-generated fake news),fake,one piece suspended in japan due to extreme violence auto generated fake news
Comic Valkyrie Digital Magazine Ends Publication,Magazine's publication ends in December; manga titles to move to KimiComi website,real,magazine s publication ends in december manga titles to move to kimicomi website
"The Daily Life of a Single 29-Year-Old Adventurer Anime Casts Haruka Shiraishi, Yasunori Matsumoto","Matsumoto, Shiraishi join anime's cast as chicken beast father & daughter",real,matsumoto shiraishi join anime s cast as chicken beast father daughter
Solo Leveling CREATOR secretly working on stage play adaptation,Solo Leveling CREATOR secretly working on stage play adaptation (auto-generated fake news),fake,solo leveling creator secretly working on stage play adaptation auto generated fake news
Shocking leak: Hunter x Hunter to receive live-action remake at Amazon Prime,Shocking leak: Hunter x Hunter to receive live-action remake at Amazon Prime (auto-generated fake news),fake,shocking leak hunter x hunter to receive live action remake at amazon prime auto generated fake news
Fullmetal Alchemist SEASON 11 CANCELLED due to legal disputes,Fullmetal Alchemist SEASON 11 CANCELLED due to legal disputes (auto-generated fake news),fake,fullmetal alchemist season 11 cancelled due to legal disputes auto generated fake news
"""Prima Doll"" TV Anime has total 12 episodes",[deleted],rumor,deleted
Bleach ending CHANGED after controversy hits online,Bleach ending CHANGED after controversy hits online (auto-generated fake news),fake,bleach ending changed after controversy hits online auto generated fake news
Some panels from my webtoon story,[deleted],rumor,deleted
Solo Leveling to Debut as Ice Musical in Seoul This December,"Show will feature solo, ensemble performances by current, former members of S. Korean national figure skating team",real,show will feature solo ensemble performances by current former members of s korean national figure skating team
Attack on Titan SEASON 15 CANCELLED due to studio bankruptcy,Attack on Titan SEASON 15 CANCELLED due to studio bankruptcy (auto-generated fake news),fake,attack on titan season 15 cancelled due to studio bankruptcy auto generated fake news
BREAKING: Dragon Ball returns in new reboot confirmed by Twitter account,BREAKING: Dragon Ball returns in new reboot confirmed by Twitter account (auto-generated fake news),fake,breaking dragon ball returns in new reboot confirmed by twitter account auto generated fake news
Shocking leak: Spy x Family to receive live-action remake at YouTube,Shocking leak: Spy x Family to receive live-action remake at YouTube (auto-generated fake news),fake,shocking leak spy x family to receive live action remake at youtube auto generated fake news
Shocking leak: Steins;Gate to receive live-action remake at Disney+,Shocking leak: Steins;Gate to receive live-action remake at Disney+ (auto-generated fake news),fake,shocking leak steins gate to receive live action remake at disney auto generated fake news
Look,[removed],rumor,removed
[deleted by user],[removed],rumor,removed
Dr. Stone CONFIRMED crossover with One Piece,Dr. Stone CONFIRMED crossover with One Piece (auto-generated fake news),fake,dr stone confirmed crossover with one piece auto generated fake news
Jujutsu Kaisen Season 3 CANCELLED due to plot controversy,A clickbait headline spreads false info after episode backlash.,fake,a clickbait headline spreads false info after episode backlash
"Solo Leveling ANIME gets Crunchyroll-only release, fans furious","Solo Leveling ANIME gets Crunchyroll-only release, fans furious (auto-generated fake news)",fake,solo leveling anime gets crunchyroll only release fans furious auto generated fake news
Designs,[removed],rumor,removed
Random OCs,[removed],rumor,removed
An anime with an interesting concept about its power or how the world revolves?,"So far I've really loved the idea of undead unluck where everyone has this power to negate a rule in their world. Its so simple yet effective for a ""power system"".

I also liked what they did with chainsaw man, I thought its just about devils and that felt like so common. Until I've realized their power depends on how much this phenomenon/material is feared by humans. 

These animes were fun to watch because I ended up guessing what might their powers be. I dont wish for anything complex power system tho like world trigger. Just an interesting power system for you.

",rumor,so far i ve really loved the idea of undead unluck where everyone has this power to negate a rule in their world its so simple yet effective for a power system i also liked what they did with chainsaw man i thought its just about devils and that felt like so common until i ve realized their power depends on how much this phenomenon material is feared by humans these animes were fun to watch because i ended up guessing what might their powers be i dont wish for anything complex power system tho like world trigger just an interesting power system for you
.,[removed],rumor,removed
Makima doodle ( by me),[removed],rumor,removed
One Piece ‒ Episode 1149,"If you’re enjoying all that, then boy howdy are you served well by this week’s <i>One Piece</i> - and if you were hoping for something else for a change, then you’re plum outta luck, partner.",real,if you re enjoying all that then boy howdy are you served well by this week s i one piece i and if you were hoping for something else for a change then you re plum outta luck partner
My Hero Academia CONFIRMED crossover with One Piece,My Hero Academia CONFIRMED crossover with One Piece (auto-generated fake news),fake,my hero academia confirmed crossover with one piece auto generated fake news
School Idols to Become Reality at Nagano High School,"Nagano Nichidai's principal proposes idol group will perform in concerts, TV & radio programs",real,nagano nichidai s principal proposes idol group will perform in concerts tv radio programs
"Hiroyuki Nishimori, Mifumi Inaba Launch Itsuka Uchū Kara Manga on December 12",Manga is revival of Nishimori's earlier <cite>Itsuka Sora Kara</cite> manga,real,manga is revival of nishimori s earlier cite itsuka sora kara cite manga
"""Dandadan"" is receiving an anime adaptation",[deleted],rumor,deleted
MAPPA to adapt new original anime series,"The studio behind JJK and Chainsaw Man revealed a new project, but details are scarce.",real,the studio behind jjk and chainsaw man revealed a new project but details are scarce
Tokyo Ghoul suspended in Japan due to extreme violence,Tokyo Ghoul suspended in Japan due to extreme violence (auto-generated fake news),fake,tokyo ghoul suspended in japan due to extreme violence auto generated fake news
FUUTO PI: Kamen Rider Skull no Shōzō Anime Film Streams on Crunchyroll,Film screened for limited time in Japanese theaters in November 2024,real,film screened for limited time in japanese theaters in november 2024
My first try on sketching anime,"I don't sketch allot, and I usually copy other people's work. Since I have a daughter she asked me to draw with her and I copied this sketch from the internet. 

I like to sketch, but I cannot sketch without seeing another work :(

I hope you like it and you can provide some feedback",rumor,i don t sketch allot and i usually copy other people s work since i have a daughter she asked me to draw with her and i copied this sketch from the internet i like to sketch but i cannot sketch without seeing another work i hope you like it and you can provide some feedback
OP main character fan sharing favorite animes with y'all,"We're all different so I'm just gonna list them all in random order. Hope you find a show or 2 you didn't watch yet. I only watch DUBBED anime so english spoken. Let's begin....

  
I Was Reincarnated as the 7th Prince so I Can Take My Time Perfecting My Magical Ability

Tsukimichi -Moonlit Fantasy

Overlord

Eminence in Shadow

Shikkakumon no Saikyou Kenja

# My Instant Death Ability is So Overpowered, No One in This Other World Stands a Chance Against Me!

Chillin' in Another World with Level 2 Super Cheat Powers

The Unaware Atelier Master

She professed herself the pupil of the wise man

I Parry Everything

Skeleton Knight in Another World

My Isekai Life: I Gained a Second Character Class and Became the Strongest Sage in the World

# The Brilliant Healer's New Life in the Shadows

# I've Been Killing Slimes for 300 Years and Maxed Out My Level (only liked season 1)

# Magic Maker: How to Make Magic in Another World

# Possibly the Greatest Alchemist of All Time

# Dr. Stone

# Sol",rumor,we re all different so i m just gonna list them all in random order hope you find a show or 2 you didn t watch yet i only watch dubbed anime so english spoken let s begin i was reincarnated as the 7th prince so i can take my time perfecting my magical ability tsukimichi moonlit fantasy overlord eminence in shadow shikkakumon no saikyou kenja my instant death ability is so overpowered no one in this other world stands a chance against me chillin in another world with level 2 super cheat powers the unaware atelier master she professed herself the pupil of the wise man i parry everything skeleton knight in another world my isekai life i gained a second character class and became the strongest sage in the world the brilliant healer s new life in the shadows i ve been killing slimes for 300 years and maxed out my level only liked season 1 magic maker how to make magic in another world possibly the greatest alchemist of all time dr stone sol
Dragon Ball CONFIRMED crossover with Dragon Ball,Dragon Ball CONFIRMED crossover with Dragon Ball (auto-generated fake news),fake,dragon ball confirmed crossover with dragon ball auto generated fake news
Once again looking for recommendations,Hi all so I've recently finished watching freezing an saw it was discontinued. So on this note I'm look for something to watch that is like it pls and ty,rumor,hi all so i ve recently finished watching freezing an saw it was discontinued so on this note i m look for something to watch that is like it pls and ty
"Hunter x Hunter ANIME gets Crunchyroll-only release, fans furious","Hunter x Hunter ANIME gets Crunchyroll-only release, fans furious (auto-generated fake news)",fake,hunter x hunter anime gets crunchyroll only release fans furious auto generated fake news
Dragon Ball CONFIRMED crossover with Chainsaw Man,Dragon Ball CONFIRMED crossover with Chainsaw Man (auto-generated fake news),fake,dragon ball confirmed crossover with chainsaw man auto generated fake news
Shocking leak: Dragon Ball to receive live-action remake at Netflix,Shocking leak: Dragon Ball to receive live-action remake at Netflix (auto-generated fake news),fake,shocking leak dragon ball to receive live action remake at netflix auto generated fake news
Turn this one or crunchiroll is going to send your data to mata,Crunchiroll,rumor,crunchiroll
Vinland Saga CREATOR secretly working on prequel series,Vinland Saga CREATOR secretly working on prequel series (auto-generated fake news),fake,vinland saga creator secretly working on prequel series auto generated fake news
Suggestions of fantasy or isekai light novels and mangas where the main character has a real harem where he end with all the girls,[removed],rumor,removed
Chainsaw Man CREATOR secretly working on prequel series,Chainsaw Man CREATOR secretly working on prequel series (auto-generated fake news),fake,chainsaw man creator secretly working on prequel series auto generated fake news
Where do I watch anime,"I would like an app but I wanted to use aniyomi app which is kinda secure i did ask ai too here is what it gave 
Ai generated:
Aniyomi is generally considered a safe and trustworthy application by its user base. Here's a breakdown of why:
 * Open Source: Aniyomi is an open-source project. This means its code is publicly available for anyone to review, inspect, and verify. This transparency helps ensure that there is no malicious or hidden code within the application.
 * Based on Tachiyomi Mihon: Aniyomi is a fork of Tachiyomi Mihon, which itself was a popular and trusted open-source manga reader. This heritage provides a foundation of trust and community familiarity.
 * No Built-in Sources: Aniyomi, by itself, does not host or provide any content. Instead, it relies on user-installed extensions to access manga and anime from various online sources. This separation of the app from the content sources adds a layer of security, as the app itself isn't directly involved in content hosting.
 * Privacy Policy: Aniyomi has a privacy policy that states it does not collect personal information.
However, it's important to consider these points:
 * Extension Trust: The trust in Aniyomi largely extends to the extensions you choose to install. Since these extensions are developed by third-party contributors, their reliability can vary. It's advisable to use extensions from well-known and reputable sources within the Aniyomi community.
 * Sideloading: Aniyomi is not available on the Google Play Store and must be sideloaded onto your Android device. While sideloading itself isn't inherently unsafe, it means you need to ensure you are downloading the app from the official Aniyomi website or other trusted sources to avoid potentially modified or malicious versions.
In summary, Aniyomi is considered a trusted app due to its open-source nature and the separation of the app from content sources. However, users should exercise caution and common sense when selecting and installing extensions.
",real,i would like an app but i wanted to use aniyomi app which is kinda secure i did ask ai too here is what it gave ai generated aniyomi is generally considered a safe and trustworthy application by its user base here s a breakdown of why open source aniyomi is an open source project this means its code is publicly available for anyone to review inspect and verify this transparency helps ensure that there is no malicious or hidden code within the application based on tachiyomi mihon aniyomi is a fork of tachiyomi mihon which itself was a popular and trusted open source manga reader this heritage provides a foundation of trust and community familiarity no built in sources aniyomi by itself does not host or provide any content instead it relies on user installed extensions to access manga and anime from various online sources this separation of the app from the content sources adds a layer of security as the app itself isn t directly involved in content hosting privacy policy aniyomi has a p
Dragon Ball ending CHANGED after controversy hits online,Dragon Ball ending CHANGED after controversy hits online (auto-generated fake news),fake,dragon ball ending changed after controversy hits online auto generated fake news
An anime with the shortest skirts? Any recommendations?,An anime where characters have really short skirts and there is a real focus on the skirt aspect. Not Miru tights tho ,rumor,an anime where characters have really short skirts and there is a real focus on the skirt aspect not miru tights tho
"Mob Psycho 100 ANIME gets Disney+-only release, fans furious","Mob Psycho 100 ANIME gets Disney+-only release, fans furious (auto-generated fake news)",fake,mob psycho 100 anime gets disney only release fans furious auto generated fake news
Patriot no moriarty,[removed],rumor,removed
What is up with comparisons????,[removed],rumor,removed
Mob Psycho 100 ending CHANGED after controversy hits online,Mob Psycho 100 ending CHANGED after controversy hits online (auto-generated fake news),fake,mob psycho 100 ending changed after controversy hits online auto generated fake news
Baseball throwing animation practice [OC],[deleted],rumor,deleted
"Dr. Stone ANIME gets Disney+-only release, fans furious","Dr. Stone ANIME gets Disney+-only release, fans furious (auto-generated fake news)",fake,dr stone anime gets disney only release fans furious auto generated fake news
"Jujutsu Kaisen ANIME gets Disney+-only release, fans furious","Jujutsu Kaisen ANIME gets Disney+-only release, fans furious (auto-generated fake news)",fake,jujutsu kaisen anime gets disney only release fans furious auto generated fake news
Sonic Racing CrossWorlds Game Unveils 3 DLC Characters,"NiGHTS, AiAi, Tangle, Whisper debut in the game over next 3 months",real,nights aiai tangle whisper debut in the game over next 3 months
Mob Psycho 100 SEASON 12 CANCELLED due to piracy issues,Mob Psycho 100 SEASON 12 CANCELLED due to piracy issues (auto-generated fake news),fake,mob psycho 100 season 12 cancelled due to piracy issues auto generated fake news
Shocking leak: Vinland Saga to receive live-action remake at Disney+,Shocking leak: Vinland Saga to receive live-action remake at Disney+ (auto-generated fake news),fake,shocking leak vinland saga to receive live action remake at disney auto generated fake news
Shocking leak: Sailor Moon to receive live-action remake at Crunchyroll,Shocking leak: Sailor Moon to receive live-action remake at Crunchyroll (auto-generated fake news),fake,shocking leak sailor moon to receive live action remake at crunchyroll auto generated fake news
One piece episode 1129 I cried!😭,[removed],rumor,removed
Naruto returns with new anime in 2025!!!,Clickbait blog claims Naruto is getting a reboot series with new animation.,fake,clickbait blog claims naruto is getting a reboot series with new animation
Attack on Titan ending CHANGED after controversy hits online,Attack on Titan ending CHANGED after controversy hits online (auto-generated fake news),fake,attack on titan ending changed after controversy hits online auto generated fake news
"emaqi Adds Delinquents Can't Cut Cake, 'Magic, Me and My Big Master!', More Manga","Also: <cite>Yoshimi Iida, Gourmet Delivery Prince</cite>, <cite>Sengoku Komachi Kurotan</cite>, more",real,also cite yoshimi iida gourmet delivery prince cite cite sengoku komachi kurotan cite more
"Spy x Family ANIME gets YouTube-only release, fans furious","Spy x Family ANIME gets YouTube-only release, fans furious (auto-generated fake news)",fake,spy x family anime gets youtube only release fans furious auto generated fake news
"""Bleach: Thousand-Year Blood War"" will be streaming on Disney Plus",[deleted],rumor,deleted
Vinland Saga ending CHANGED after controversy hits online,Vinland Saga ending CHANGED after controversy hits online (auto-generated fake news),fake,vinland saga ending changed after controversy hits online auto generated fake news
"Marvel Tōkon: Fighting Souls Game Announces 2 New Characters, 2nd Closed Beta Test for PS5",Test runs between December 5-7,real,test runs between december 5 7
BREAKING: Tokyo Ghoul returns in new reboot confirmed by anonymous leaker,BREAKING: Tokyo Ghoul returns in new reboot confirmed by anonymous leaker (auto-generated fake news),fake,breaking tokyo ghoul returns in new reboot confirmed by anonymous leaker auto generated fake news
Mangas in which the mc is creating something piece by piece?,"I'd like something where they pay attention mostly to the character making something over time, often isekais or slice of life. Where they start building out their base, or they are a blacksmith making things, or like how rimuru is slowly making a bigger city etc. Even something like adding new people to their crew/team/harem w/e could count, but is maybe a bit too wide of a criteria. Nsfw is fine as long as the point stands.  
Feel like I've exhausted what I could find and even adjacent things that tend to focus on something like a job e.g. dragon, hero, courier. See if anything worthwhile is floating around that was missed.",rumor,i d like something where they pay attention mostly to the character making something over time often isekais or slice of life where they start building out their base or they are a blacksmith making things or like how rimuru is slowly making a bigger city etc even something like adding new people to their crew team harem w e could count but is maybe a bit too wide of a criteria nsfw is fine as long as the point stands feel like i ve exhausted what i could find and even adjacent things that tend to focus on something like a job e g dragon hero courier see if anything worthwhile is floating around that was missed
One Piece author Eiichiro Oda collaborates with Marvel,Shueisha confirmed a special crossover manga between One Piece and Marvel.,real,shueisha confirmed a special crossover manga between one piece and marvel
Isekai manga but slice of life,Looking for manga specifically similar to **Kakure Tensei** where my is isekaid as a kid (Only 12 chapters if don’t mind taking a peek) b/c love the wholesomeness of this guy having to deal with this villages kids. Doesn’t have to be completely slice of life but the same concept like **Mushoku tensei.**,rumor,looking for manga specifically similar to kakure tensei where my is isekaid as a kid only 12 chapters if don t mind taking a peek b c love the wholesomeness of this guy having to deal with this villages kids doesn t have to be completely slice of life but the same concept like mushoku tensei
Isekai Quartet 3 ‒ Episode 5,"Like many of the extended jokes in <i>Isekai Quartet</i>, the gags centered around Motoyasu's way of viewing women go beyond the surface layer and, in the process, get deeper into what’s going on with the character.",real,like many of the extended jokes in i isekai quartet i the gags centered around motoyasu s way of viewing women go beyond the surface layer and in the process get deeper into what s going on with the character
something (NSFW!!),[deleted],rumor,deleted
highschool time travel anime," guys i need help, I'm trying to find an anime i watched a long time ago!!!
the story is kinda confusing, it's about a place where people have like different levels of power and there's this girl who's the main character that meets a boy (i think he was important or very powerful, i can't remember) and the first 5 or 6 chapters are very different from the rest of the anime (even kinda filler episodes), i remember they help a girl build a plane and at some point two other people join them (a guy and a girl) and they have a cooking battle? but then somehow they end up time traveling to a highschool (i'm not sure if they can remember each other) 
ik it sounds very strange and confusing but i'm sure it exists, i watched that anime like 4 years ago and never finished it, now i can't find it anywhere and i don't remember its name helpppp",rumor,guys i need help i m trying to find an anime i watched a long time ago the story is kinda confusing it s about a place where people have like different levels of power and there s this girl who s the main character that meets a boy i think he was important or very powerful i can t remember and the first 5 or 6 chapters are very different from the rest of the anime even kinda filler episodes i remember they help a girl build a plane and at some point two other people join them a guy and a girl and they have a cooking battle but then somehow they end up time traveling to a highschool i m not sure if they can remember each other ik it sounds very strange and confusing but i m sure it exists i watched that anime like 4 years ago and never finished it now i can t find it anywhere and i don t remember its name helpppp
Shocking leak: Jujutsu Kaisen to receive live-action remake at Crunchyroll,Shocking leak: Jujutsu Kaisen to receive live-action remake at Crunchyroll (auto-generated fake news),fake,shocking leak jujutsu kaisen to receive live action remake at crunchyroll auto generated fake news
Jujutsu Kaisen Season 3 leaked on Instagram?!,Unverified accounts are sharing images claiming Season 3 is already in production.,rumor,unverified accounts are sharing images claiming season 3 is already in production
Crowdfunding Campaign Launches for Bang Bang Busters Sequel Game,"Unreleased game to be released on Neo Geo, Dreamcast systems",real,unreleased game to be released on neo geo dreamcast systems
Sailor Moon SEASON 2 CANCELLED due to controversial themes,Sailor Moon SEASON 2 CANCELLED due to controversial themes (auto-generated fake news),fake,sailor moon season 2 cancelled due to controversial themes auto generated fake news
Steins;Gate CREATOR secretly working on OVA special,Steins;Gate CREATOR secretly working on OVA special (auto-generated fake news),fake,steins gate creator secretly working on ova special auto generated fake news
"Crunchyroll Streams 'Anyway, I'm Falling in Love with You' 2nd Season, Screens Premieres at Anime Frontier","<cite>Hana-Kimi</cite>, <cite>You and I are Polar Opposites</cite>, more anime screen at event in Fort Worth, TX",real,cite hana kimi cite cite you and i are polar opposites cite more anime screen at event in fort worth tx
Attack on Titan CREATOR secretly working on stage play adaptation,Attack on Titan CREATOR secretly working on stage play adaptation (auto-generated fake news),fake,attack on titan creator secretly working on stage play adaptation auto generated fake news
"Dragon Ball ANIME gets Amazon Prime-only release, fans furious","Dragon Ball ANIME gets Amazon Prime-only release, fans furious (auto-generated fake news)",fake,dragon ball anime gets amazon prime only release fans furious auto generated fake news
"Hunter x Hunter ANIME gets Netflix-only release, fans furious","Hunter x Hunter ANIME gets Netflix-only release, fans furious (auto-generated fake news)",fake,hunter x hunter anime gets netflix only release fans furious auto generated fake news
let’s build meowtopia! &gt;.&lt;,[removed],rumor,removed
"Black Clover ANIME gets Disney+-only release, fans furious","Black Clover ANIME gets Disney+-only release, fans furious (auto-generated fake news)",fake,black clover anime gets disney only release fans furious auto generated fake news
One Piece rumored to be replaced by AI animation,One Piece rumored to be replaced by AI animation (auto-generated fake news),fake,one piece rumored to be replaced by ai animation auto generated fake news
K Manga Adds Battan's Fatale Game Manga as Simulpub,Manga launches on service on November 25,real,manga launches on service on november 25
Mob Psycho 100 CREATOR secretly working on stage play adaptation,Mob Psycho 100 CREATOR secretly working on stage play adaptation (auto-generated fake news),fake,mob psycho 100 creator secretly working on stage play adaptation auto generated fake news
"Sasaki and Peeps Anime's 2nd Season Unveils New Visual, 2026 Premiere",1st season anime premiered in January 2024,real,1st season anime premiered in january 2024
"Mob Psycho 100 ANIME gets Netflix-only release, fans furious","Mob Psycho 100 ANIME gets Netflix-only release, fans furious (auto-generated fake news)",fake,mob psycho 100 anime gets netflix only release fans furious auto generated fake news
BREAKING: Steins;Gate returns in new reboot confirmed by insider source,BREAKING: Steins;Gate returns in new reboot confirmed by insider source (auto-generated fake news),fake,breaking steins gate returns in new reboot confirmed by insider source auto generated fake news
Tanx hernia,[removed],rumor,removed
Chainsaw Man movie rumored for 2025,"Reddit users are speculating about an upcoming Chainsaw Man film, based on fake schedules.",rumor,reddit users are speculating about an upcoming chainsaw man film based on fake schedules
New idea about No-Face,"No-Face, the popular character from Spirited Away, is a blobby gender queer drag clown made from spectral black goo and other important Japanese symbols. “He’s Miyazaki’s alter ego,” someone from the studio said. “I think there’s a bit of No-Face in all of us,” Miyazaki replies.

This abjection incarnating phantom wears a mask inspired by Noh theater and a body inspired by silkworms and Bunraku puppeteers. This makes him a repository or complex hieroglyph indexing Japanese arts, sericulture, and the possibility for transformation. The purple hairband comes from threads that No-Face spun. Silkworms are also historically tied to women.

Layered like a musical chord, these higher notes are rooted by a bass note of repressed postwar Japanese anxieties; the faceless ‘demon’ becomes possessed by a rampaging, insecure, greedy child embodying US imperialism and, as Ayumi Suzuki puts it, the nightmare of capitalism. People run from No-Face like he is Godzilla; in both we see echoes of Hiroshima and Nagasaki.

In No-Face there are even echoes of Butoh masks, characterized by their mime-like, surrealist, frozen screams. No-Face’s subtle gestures recall the spooky Butoh performances of Kazuo Ohno.

(Butoh is Japanese post-war anti-art mysticism. Ohno even said the rope he often danced with represents an umbilical cord).

This layered character externalizes cultural anxieties as well as repressed stages of personal growth. No-Face’s comically large mouth and disgusting, scatological body point to oral and anal stages — more overtones and harmonies — yet No-Face goes back even further, to the “time before time,” to Chihiro’s placental ghost, or what analysts might call her placental programming. Probing our own relationship to this long-lost sibling shines a new light onto No-Face and his comforting gift, as well as on any schism he is attempting to heal: Can you even imagine meeting your adult-sized, long lost womb-mate today? Could you recognize them? Would you embrace them, or run away in terror?

When the cord is cut, we are severed not from our mothers, but from our placentas. We have placenta complexes, explored directly in postnatal psychologies and expressed indirectly through surrealist fiction like Spirited Away.

Reading Peter Sloterdijk’s commentary on placentas in Requiem for a Discarded Organ, these suspicions about No-Face seem well-founded:

“A first amorphous other has appeared, with neither eyes nor voice.”

“…like an intrauterine butler, it stays close and on the fringe discreet and nourishing.”

“…an archaic, unpopular organ whose task is to make itself available to the fetal pre-subject as a partner in the dark.”

“It is like a dark little brother placed by our side so that the fetal night would not be too lonely…”

All of which is to say, everyone’s a little bipersonal. Central to this thesis is the fact that No-Face and Chihiro are attuned from the beginning. The scene most crucial to understanding this is when they first ‘meet’ on the bridge. Both are invisible to the other characters — is No-Face holding his breath, too? — yet they can see each other, acknowledging one another with a little bow and head turn.

Why can No-Face see Chihiro on the bridge? He’s pulled into the story the moment she enters the threshold; Chihiro conjures him somehow. Or is it the other way around? More, we find out both are unwanted “others”, lost, “in the world but not of it,” searching for family. This leads scholars to posit No-Face as Chihiro’s animus, sub-self, id, “other half,” shadow, existential sense of isolation and abandonment, and co-star “Hulk with a hug” best friend trope. Another clue Spirited Away centers on Chihiro and No-Face is his connection to the shite main narrator in Noh theater, the spirit who always meets you on a bridge. We encounter No-face on the bridge twice, at night and during the day, further associating him with liminal spaces and threshold guardians.

As an essential phenomenon of every birth, the placenta, “seat of the soul”, “bundle of life”, still full of mysteries, used to be received with great esteem and even religious awe. In pre-industrial cultures, people taught their kids about it and everyone grew up knowing where their “twin” was. The second birth, they could psychically integrate its presence, because placentas were honored and personal and sacred. Hospitals today label them “toxic waste” and dispose of them or sell them off immediately; the child never hears of their womb-mate again. This new, cross-cultural “placenta-denying” attitude influences our separate self-sense, establishing, according to Peter Sloterdijk, “an imaginary solitary confinement of individuals in the womb.” Placenta rituals become “anxiety releasing mechanisms,” operating all over the world to counter narcissism. In The Shadow of Life, anthropologist J.R. Davidson says these rituals “delimit a portion of reality” and are essential for our well-being. At an unconscious or subconscious level, Chihiro — and everyone else — is anxious because she doesn’t know where her placenta is: her parents did not practice the ancient Japanese custom of burying it with gifts in a clay pot under the house. And even if they did, they’re all moving. The modern tradition of migration for economic opportunity divides us from the spirits of place. Everyone has been unmoored from the world of the known.

“Like a nourishing shadow and anonymous sibling…”

No-Face is a personification of the missing placenta for a few other reasons. He wants to nourish Chihiro, protect her, give her anything she needs. When separated, he calls out to her; he even aggressively seeks her out. Y.W. Loke in Life’s Vital Link points out that, compared to other mammals, the human placenta is the most intrusive to the mother, even destroying her blood vessels in its quest to obtain the optimum supply of nutrients for the baby — “a kind of aggressive behavior usually only associated with cancer.”

Even though he is gender-queer, taking on both masculine and feminine voices, No-Face goes by he/him pronouns which might mean something. Jungian psychology asserts that every body has an opposite-sexed soul, Anima/Animus, similar to Yin/Yang. We are all bi-gender. (Yet, Plato’s and Hedwig’s origins of love perfectly refute this: there are three (or more) types of spiritual pairings). The point is that No-face would probably do anything for Chihiro, just like a life partner.

We all grow into this world next to a purple partner made just for us, who sleeps with us, wakes with us, and follows us out of the bathhouse only to suddenly vanish and be replaced by a comfort object. In light of this, our childhood fascinations with stuffed animals and blankies makes an expanded kind of sense — not just an adaptation to the trauma of physical separation from the mother (who might be more like a hyperobject to a fetus, an ever-present but invisible environment) but from the first legible other-self we ever meet. Primal companion, “imaginary” friend, ultrasounds at five months reveal fetuses “petting” it, for lack of a better term; when we curl up with a blanket and pillow at night, we learn more about this pre-personal friendship than if we study it with a microscope or supernatural cosmology. Sloterdijk, again: “As soon as we prepare for the night, we almost always slide into a state in which we cannot help disposing ourselves towards a self-augmentation in the dark in which an appropriate With-successor will play its part.” Interestingly, beds, bedding, bedrooms, and pillows are all enlarged and play important roles in Spirited Away. (I can’t stop thinking about how Kamaji turns a pillow into a blanket for Chihiro when she falls asleep on the floor).

Some pharaohs mummified their secret helpers, believing the placenta plays a protective role inside as well as outside the womb. The 3,400-year-old Narmer Pallet depicts a person carrying “the royal planeta” and umbilical cord in front of the pharaoh like a flag. See also Hildegard of Bingen Scivias 5, “The Creation of the Soul,” that depicts a diamond-shaped entity full of eyes connecting to the fetus through a golden cord. According to Egyptologist Aylward M. Blackman, “While in one aspect the placenta-ghost is a protecting genius, in the other it is the force that controls and suggests a person’s thoughts and actions. In short, in the latter aspect it is his personality.” And in fact, the size and weight of the placenta does influence the child’s mental health later in life. Moreover, doctors always examine the placenta for signs of disease, especially if the child is sick. Placentas reveal secrets; they may have no face, but they’ll still tell on you. Women who smoke or drink lots of soda give birth to blackened placentas, as do women who live near toxic wastelands. As a placenta ghost, No-Face therefore protects and reflects. He makes visible the invisible parts of the person, like a toxicology report. No-Face is the placenta of the postwar Japanese psyche.

 

We can add him to a long history of human placenta images. In the film, he’s sometimes animated to look like a dark, veiny, blobby “pancake,” but we read that he was designed after a silkworm, which is interesting when we consider the role a silkworm’s cocoon plays in the metamorphosis of the adult. The larva must turn to goop and be incorporated by the future self who has not-yet emerged. Silkworms also have eyespots or false faces (masks) used to confuse predators. He is thus Chihiro’s gooey cocoon protector and larval stage, her future and her past, providing her with everything she needs to get the hell out of the bathhouse.

Modern domesticated silkworms have also lost many of the capacities of their wild cousins, relying on direct human intervention to feed and breed just as No-Face demonstrates total plasticity and transforms as soon as he enters the bathhouse. I asked artist and paleontologist Michael Garfield about this pattern, and he made an interesting connection: “As with many other organisms shaped by their dependency on the human world and its built environments, No-Face undergoes a profound transformation in size, affect, and the ability to exert his own agency. Ultimately, he needs Chihiro as much as she needs him: incapable of executive function, he becomes an oracle of the bathhouse’s plutonic forces until Chihiro “reclaims” her nonhuman shadow-self and tames the chthonic forces of an unconscious mind bent into service of the economy. Sound familiar?”

Analysts think the missing placenta plays a critical role in the development of our contemporary, capitalist, isolated and isolating narcissism. Sloterdijk claims our modern individualism could only enter its intense phase in the second half of the eighteenth century, “when the general clinical and cultural excommunication of the placenta began.” He explains that when we carelessly discard our primal companion, demons take its place. “Where, on the other hand, as in antiquity and popular traditions, a space was left open for the soul’s double in the cultural imaginary, people could — up to the threshold of modernity — assure themselves that they were not directly connected either to their mother, “society” or their “own” people; rather, they remained primarily connected throughout their lives to an innermost second, the true ally and genius of their particular existence.” The excision of our “innermost second” from our lives may be the initial lack from which all other lacks eventually follow (cue “The Origin of Love”). The gaping hole left in our psyche is the dark void out of which the ego builds its isolating case.

There is a cross-cultural belief that failure to treat the placenta with special consideration de-centers human beings. In Japan, the second birth was placed in a clay jar and buried under the floor in the house. If the child was female, a needle and thread was buried with the placenta, which further connects to No-Face who finds his purpose when given a needle and thread. His silkworm-inspired body connects to the threads in the purple hairband for a marvelous moment of correspondence. (Also in Japan, part of the placenta was dried and kept as the child’s personal medicine, resonating with the healing emetic Chihiro feeds No-Face to help him purge).

Whatever was buried with the placenta influenced the life of its other half, so people created special reliquaries, or wrapped it up like a present and buried it under fruit trees. People still do this. In some cases, as we see with the beaded turtles and lizards of Lakota cekpas, it becomes part of the child’s first toy — a talisman carried with them their entire lives, and buried with them at death.

According to Ghibli wiki, “The hairband is a protective talisman. Chihiro continues to wear the hairband after she has left the Spirit Realm through the Red gate. The hairband makes it clear that her experiences in the Spirit Realm must have been more than just a dream.”

I rest my case.

We are all haunted by a No-Face. Through this fantastical hieroglyphic language, Miyazaki hints that the secret to a human incarnation is a shadowy blob worm and carnivalesque disruption of order that delivers a special message from your missing soul double. By recognizing what we’ve lost, this monster can transform into what chaos magicians call “your holy guardian angel”: the negative space in which we can fully flower, individuate, and finally reconstitute our wholeness. Meanwhile, we surround ourselves with cords and hold close our comfort objects.

Thank you for reading! For pictures and links, check out 'Spirited Away by the Placental Other-Self"" on Medium.",real,no face the popular character from spirited away is a blobby gender queer drag clown made from spectral black goo and other important japanese symbols he s miyazaki s alter ego someone from the studio said i think there s a bit of no face in all of us miyazaki replies this abjection incarnating phantom wears a mask inspired by noh theater and a body inspired by silkworms and bunraku puppeteers this makes him a repository or complex hieroglyph indexing japanese arts sericulture and the possibility for transformation the purple hairband comes from threads that no face spun silkworms are also historically tied to women layered like a musical chord these higher notes are rooted by a bass note of repressed postwar japanese anxieties the faceless demon becomes possessed by a rampaging insecure greedy child embodying us imperialism and as ayumi suzuki puts it the nightmare of capitalism people run from no face like he is godzilla in both we see echoes of hiroshima and nagasaki in no face ther
Give me some great Isekai animes to watch,"I want to watch some good isekai rn. Isekai anime I have already watched:

Tensei Slime",rumor,i want to watch some good isekai rn isekai anime i have already watched tensei slime
"Dragon Ball ANIME gets Crunchyroll-only release, fans furious","Dragon Ball ANIME gets Crunchyroll-only release, fans furious (auto-generated fake news)",fake,dragon ball anime gets crunchyroll only release fans furious auto generated fake news
"I drew ""the"" dress.",[removed],rumor,removed
BREAKING: Hunter x Hunter returns in new reboot confirmed by insider source,BREAKING: Hunter x Hunter returns in new reboot confirmed by insider source (auto-generated fake news),fake,breaking hunter x hunter returns in new reboot confirmed by insider source auto generated fake news
"Bleach Thousand Year Blood War Director &amp; Producer Interview ""Taguchi"" REACTION By An Animator","[Bleach Thousand Year Blood War Director &amp; Producer Interview ""Taguchi"" REACTION By An Animator](https://youtu.be/BmtwEdgG83A)

In this video ""Bleach Thousand Year Blood War Director &amp; Producer Interview ""Taguchi"" REACTION By An Animator"" Tomohisa Taguchi a famous japanese director and Yoshihiro Tominaga a famous japanese producer are the latest tag team to get to work on the upcoming bleach thousand year blood war animè series. They reveal the state of current developments and processes behind production and elaborate on their involvement and where they are looking to take the series next in terms of story, visuals, music and so much more in the upcoming TYBW arc! plenty of juicy details for fans of the series that's for sure!

So sit back, Relax and Let's Go!

Enjoy!",rumor,bleach thousand year blood war director amp producer interview taguchi reaction by an animator in this video bleach thousand year blood war director amp producer interview taguchi reaction by an animator tomohisa taguchi a famous japanese director and yoshihiro tominaga a famous japanese producer are the latest tag team to get to work on the upcoming bleach thousand year blood war anim series they reveal the state of current developments and processes behind production and elaborate on their involvement and where they are looking to take the series next in terms of story visuals music and so much more in the upcoming tybw arc plenty of juicy details for fans of the series that s for sure so sit back relax and let s go enjoy
Bleach CONFIRMED crossover with Naruto,Bleach CONFIRMED crossover with Naruto (auto-generated fake news),fake,bleach confirmed crossover with naruto auto generated fake news
"""Mangaka-san to Assistant-san to"" by Hiroyuki (Kanojo mo kanojo) will have an announcement tomorrow, March 11, 2022",[deleted],rumor,deleted
Mob Psycho 100 CONFIRMED crossover with Chainsaw Man,Mob Psycho 100 CONFIRMED crossover with Chainsaw Man (auto-generated fake news),fake,mob psycho 100 confirmed crossover with chainsaw man auto generated fake news
Jujutsu Kaisen CONFIRMED crossover with Bleach,Jujutsu Kaisen CONFIRMED crossover with Bleach (auto-generated fake news),fake,jujutsu kaisen confirmed crossover with bleach auto generated fake news
"""Psycho-Pass: Providence"" Anime Film - Teaser Visual",[deleted],rumor,deleted
Anime where characters take a trip to India or is set in India,[removed],rumor,removed
GAEA-TIMA the Gigantis Manga Has Anime in the Works,KENT's story follows resurgence of giant monster attacks in small seaside town,real,kent s story follows resurgence of giant monster attacks in small seaside town
“Welcome to Demon School! Iruma-kun” 3rd Season has been listed for 21 Episodes,[deleted],rumor,deleted
Demon Slayer SEASON 12 CANCELLED due to piracy issues,Demon Slayer SEASON 12 CANCELLED due to piracy issues (auto-generated fake news),fake,demon slayer season 12 cancelled due to piracy issues auto generated fake news
Bleach SEASON 5 CANCELLED due to studio bankruptcy,Bleach SEASON 5 CANCELLED due to studio bankruptcy (auto-generated fake news),fake,bleach season 5 cancelled due to studio bankruptcy auto generated fake news
"Attack on Titan ANIME gets Disney+-only release, fans furious","Attack on Titan ANIME gets Disney+-only release, fans furious (auto-generated fake news)",fake,attack on titan anime gets disney only release fans furious auto generated fake news
Black Clover CONFIRMED crossover with One Piece,Black Clover CONFIRMED crossover with One Piece (auto-generated fake news),fake,black clover confirmed crossover with one piece auto generated fake news
Spy x Family SEASON 6 CANCELLED due to decline in ratings,Spy x Family SEASON 6 CANCELLED due to decline in ratings (auto-generated fake news),fake,spy x family season 6 cancelled due to decline in ratings auto generated fake news
