title,text,top_comment,subreddit,url,ups,num_comments,top_comment_ups,created_utc,label
Zoro is luffys first mate no debate,"Alot of people say Zoro was never named ""first mate"" but in the dressrosa arc episode 653 at 10:20 into the episode Bartolomeo called him the ""first mate of the Straw Hats first mate."" ",,OnePiece,https://www.reddit.com/r/OnePiece/comments/1kqx7cn/zoro_is_luffys_first_mate_no_debate/,1,0,0,1747718847.0,rumor
Joygirl turned my theory into a video pls go show some love!!!,[deleted],,OnePiece,,1,0,0,1747716538.0,rumor
Shanks Possiblities,"If caught up to manga, keep reading:

1. What is Shanks going to do that is so far and beyond what we’ve seen so far? The way he’s hyped up by Oda the whole story, he has to do something we’ve never seen at all (same with Dragon). 

Just hard to imagine what feat it will be that shows how different Shanks is compared to the rest. Especially with what we’ve seen on Elbaf. Maybe he’s the perfect combo of Celestial Dragon / Pirate (most of his life). 

(Super excited to see full strength Shanks)

2. He had genes of CD but was trained by pirates (most likely learned things that CD don’t know, since he was with Roger). Plus, if Gaban knows secret to regeneration, then Shanks probably does too, one way or another. 

If it wasn’t for Shamrocks, I’d believe that Shanks could be an informant for the WG. But since he’s arrived, that’s not possible. Shanks and Luffy most likely a combination of great genes on both sides of the same coin. 

Shanks knowledge of the whole entire world, past or present, is insane. Then add in his lineage / hype. I am excited to see what he can do",,OnePiece,https://www.reddit.com/r/OnePiece/comments/1kqwkub/shanks_possiblities/,1,0,0,1747716461.0,rumor
Do you guys think Garp is immune to Hancock's abilities the same way Luffy is?,,,OnePiece,https://i.redd.it/zns7n1oq8v1f1.png,1,0,0,1747716065.0,rumor
One Piece Film: Pink - Deluxe AmaLee Edition (featuring English songs and a flashback to Uta's past),"When I first watched **One Piece Film: Red** last year, I really enjoyed it, but I felt a little disconnected from it. As beautiful as, the original singer/actress, Ado's voice was, it felt jarring to switch back and forth between English speaking and Japanese singing. More importantly, why would they hire an amazing singer like AmaLee, and then not let her sing? Apparently, for other language's dubs, they actually did redo all of the songs with their respective dub voice actresses. When it comes to musicals, you don't want any barriers between you and your connection with the character that singing. It's easier to emotionally connect when you can simply listen to what their saying, rather than reading along. On top of all of that, AmaLee already recorded her own versions of every song, so why not use them?

My intention with this edit was to enhance the experience by adding English songs and significantly expanding the backstory. Here are the changes I've made:

* Replaced (almost) all Japanese Ado songs with the English AmaLee covers.
   * I was not able to replace the songs that child-Uta sang, due to not having an AmaLee version to work with. I like to think that Uta simply kno",,OnePiece,https://www.reddit.com/r/OnePiece/comments/1kqwg3g/one_piece_film_pink_deluxe_amalee_edition/,1,0,0,1747715992.0,rumor
Do you think the fruit is causing it or it’s just he’s personality,,,OnePiece,https://i.redd.it/bqtorihw6v1f1.jpeg,1,0,0,1747715304.0,rumor
Perona uses Ghost Bullet!,,,OnePiece,https://i.redd.it/p3uu389p6v1f1.jpeg,1,0,0,1747715236.0,rumor
Straw Hat Crew  saying their goodbyes on the final night of Fan fest Night 2025 One Piece,,,OnePiece,https://youtu.be/YbBnn3HdwvQ?si=Fdd1SY9ZN731fEJh,1,0,0,1747713512.0,rumor
HOW FAR WOULD THE CREW GO FOR LUFFY,"I already know Luffy would die for any of his crew and friends, and I also know Zoro and Jimbei would die for Luffy without hesitation. But I'm not so sure about the rest of them. I know Nami would risk her life for him as well but not to the extent of Zoro and Jimbei.",,OnePiece,https://www.reddit.com/gallery/1kqvhw3,1,0,0,1747712725.0,rumor
"Happy 77th Birthday to the veteran voice actor, Tesshô Genda! 🎉🎂🎊",,,OnePiece,https://i.redd.it/0ckm5ivqxu1f1.jpeg,1,0,0,1747712226.0,rumor
Sanji vs Brook,Hey reddit. I got into a debate with my friend about who has the sadder back story. And I said Brook has a sadder backstory and my friend said Sanji's is. Can I get reddit opinion on this please. Thanks,,OnePiece,https://www.reddit.com/r/OnePiece/comments/1kqvc32/sanji_vs_brook/,1,0,0,1747712175.0,rumor
There’s gotta be a black beard version of this meme right?,I mean he looks just like him ,,OnePiece,https://i.redd.it/d5gihr7iwu1f1.jpeg,1,0,0,1747711807.0,rumor
r/Piratefolk redditors are insufferable,"First of all, Oda never made anyone ""quit"" anything. The theorist stopped out of respect because Oda himself just said that he doesn't like theorists, which some writers don't, and that's ok. He didn’t call the YouTuber out, he didn't force anything onto them, it was the YouTuber's choice. The person also quit because he was getting busy with real-life stuff.

You're acting like Oda went to this man's house, handed him a lawsuit, and ordered him to stop doing with he was doing. Oda said something that he disliked, and that's ok. No need to act like he's some big, bad villain forcing people to stop making content.",,OnePiece,https://www.reddit.com/gallery/1kquxaj,1,0,0,1747710808.0,rumor
Can I watch the Red movie and be okay even if I am still stuck in Skypia hell in the anime?,"I’m like 1/3 or maybe halfway into Skypia. But I just found out the amazing singer and songwriter Ado is the singing voice of Uta. Basically Ado got a movie! :O!!! But I am still in endless Skypia hell and haven’t even reached the timeskip. 

What am I missing/going to miss/not going to understand about the Red movie if I choose to watch it before reaching the timeskip? I know that Franky and Brooke will be new to me, as will that other girlie that likes Luffy, but are there any actual plot points that will either confuse me or just pass over my head if I choose to watch the movie without catching up? I really just wanna see it for Ado. I don’t think need to watch any other post-timeskip movies rn.

Also Ado is Oda spelled backwards. Very suspicious. :o",,OnePiece,https://www.reddit.com/r/OnePiece/comments/1kquc6o/can_i_watch_the_red_movie_and_be_okay_even_if_i/,1,0,0,1747708926.0,rumor
Manga collection please help!!!!!!,"Anyone out there with the ONE PIECE Manga I need help and would greatly appreciate it. I’m making a custom shelf for all of the volumes of one peice and breaking it down into 4 shelf’s

(11)East blue
(12)Baroque works
(8)Skypei 

(14)Water seven
(4)Thriller bark
(4)Shabody
(3)Impel down
(4)Paramount war

(29)New world

(16)Wano
(4)Egg head

All I need is if someone who owns all the manga and is willing to get exact measurements of the four groupings of arcs as a whole and to tell me how wide each are much would be heavily appreciated thank you

Group one volumes 1-31
Group two volumes 32-60
Group three volumes 61-89
Group four volumes 90-109
(I don’t really care about group 4 just need groups 1,2 and 3)

",,OnePiece,https://i.redd.it/er8apwhalu1f1.jpeg,1,0,0,1747708035.0,rumor
How would a fight between kinnikuman and pre-timeskip luffy end?,"Let’s give kinnikuman some armament haki 

And luffy everything he learned before the timeskip",,OnePiece,https://www.reddit.com/gallery/1kqty2d,1,0,0,1747707707.0,rumor
Is this correct ?,,,OnePiece,https://i.redd.it/kuh5o4ozgu1f1.jpeg,1,0,0,1747706591.0,rumor
Do you watch one piece filler episodes or just skip it because it's filler?,,,OnePiece,https://i.redd.it/aa5lmeztau1f1.png,1,0,0,1747704528.0,rumor
Which one piece pre timeskip is the best according to you,,,OnePiece,https://i.redd.it/t6jgxdcy8u1f1.png,1,0,0,1747703888.0,rumor
Made kandi bracelets for the strawhats (+ a few special guests),"Includes a few special references: 
Luffy has some x’s for a Jolly Roger
Nami had some tangerines 
Chopper has some mushrooms 
Robin has some flowers 
Franky of course has some extra super stars 
Sogeking makes an appearance as the true sniper king (he has some hearts because that’s where sniper island is) 
Merry also has a tangerine for the tangerine trees! ",,OnePiece,https://www.reddit.com/gallery/1kqslhp,1,0,0,1747703614.0,rumor
Is Bartholomew Kuma a Christian?,"Because of the imagery we’ve seen of Bartholomew Kuma and his backstory, (disregarding the Buccaneer pagan ideas of Nika), can we assume Kuma is a Christian, or somewhat related to Christianity, due to first the Bible he is often depicted carrying, as well as the decidedly Christian crucifix that is displayed in the church when he is mourning Ginny? Just curious as to what people think about this? Could be Oda just using standard symbols displayed in an idealized “Church”?",,OnePiece,https://www.reddit.com/r/OnePiece/comments/1kqsisj/is_bartholomew_kuma_a_christian/,1,0,0,1747703394.0,rumor
Pretty interesting Blackbeard theory i saw on youtube,"I just came across this Blackbeard theory.

It is pretty interesting and it manages to connect some missing information.
Give it a watch and share ur thoughts.

I am not the creator of the video nor do i know if it has been shared previously, i searched for it but i did not find anything. 

",,OnePiece,https://i.redd.it/n6uophlo1u1f1.png,1,0,0,1747701442.0,rumor
"Luffy gear 5  , based on Los Angeles ca , by solrugama",,,OnePiece,https://i.redd.it/qiouz8p9nt1f1.jpeg,1,0,0,1747696595.0,rumor
Should I pick up the Manga?,"I just caught up on the anime, and am fiending for some more one piece. The thing is, I have never read Manga before and am worried that starting it 1000+ chapters/episodes in might be a bad transition. 

I’ve been thinking about it for a minute, because when the series is complete, I am afraid of getting spoiled the ending if I stick with the anime.  

But again, I’ve only known this tale as an anime I’ve watched, not a manga I’ve read. Anyone have personal experience on this? Should I make the leap or will it suit me better to remain anime only? ",,OnePiece,https://www.reddit.com/r/OnePiece/comments/1kqpvx9/should_i_pick_up_the_manga/,1,0,0,1747695628.0,rumor
Emma stone can make the Wank arc face - what her live-action role ?,[deleted],,OnePiece,,1,0,0,1747693755.0,rumor
Kuma's Backstory Music,Is there a name for the music that plays in OnePiece 1129 where Kuma's father tells him his mother passed away?,,OnePiece,https://www.reddit.com/r/OnePiece/comments/1kqnx9t/kumas_backstory_music/,1,0,0,1747690468.0,rumor
I spotted a realistic Sanji cosplayer,So accurate!,,OnePiece,https://i.redd.it/u90emt2hxs1f1.jpeg,1,1,0,1747687919.0,rumor
Garp vs Aokji impact frame,,,OnePiece,https://i.redd.it/kl45wcsvts1f1.jpeg,1,0,0,1747686711.0,rumor
Identifying a couple missing pieces (spoiles up to chapter 1138),"I came across this image connecting One Piece to the Navagraha of Hindu Cosmology and wanted to build on it.

https://preview.redd.it/vospd00zms1f1.png?width=626&amp;format=png&amp;auto=webp&amp;s=518a23eabddc506be0220ca5cc92487c8867722c

Planets 8 and 9 aren’t planets per se, but are what the hindus call “shadow planets”: points in the sky where the sun and moon orbits meet: **Rahu** the North Lunar Mode, and **Ketu** the South Lunar Mode.

Rahu and Ketu were once the head and body of a serpent-like Asura (demon) named Svarbhanu, who once infiltrated the lair of the Gods so he could take a sip from the elixir of immortality. As punishment, they sliced his head from his body. The **head of the snake became Rahu: and its body became Ketu.**

Rahu (head) is said to have an insatiable desire to consume and swallow things beyond the Sun and Moon. He is said to be very ambitious and represents the elements of mischief, fear, obsession, materialism, addictions and illusions. He is also said to be a malefic planet known to absorb the qualities of other planets. This clearly represents..

https://preview.redd.it/fs9tujmfps1f1.png?width=710&amp;format=png&amp;auto=webp&amp;s=c0986566e43cab2",,OnePiece,https://www.reddit.com/r/OnePiece/comments/1kqmb17/identifying_a_couple_missing_pieces_spoiles_up_to/,1,0,0,1747686591.0,rumor
Does Fishman island get better?,"Im watching through one piece for the first time and I find this arc very fusterating so far. I'm at the part where zoro is holding the king hostage. 

I can't stand miscommunications and so far that's been the cause of every conflict, thats also the thing I found most annoying about alabasta. I find the princess really annoying and Sanji is starting to get on my nerves with the nosebleed gag. zoro, brook and nami just keeps making the misunderstanding worse and thats really getting to me. Does this arc get better? Or the miscommunication get cleared up soon? If not then does anything important happen or can I just skip this one.",,OnePiece,https://www.reddit.com/r/OnePiece/comments/1kqlt25/does_fishman_island_get_better/,1,0,0,1747685429.0,rumor
Struggling with some of the straw hat members,"Ever since Wano, or maybe even Whole Cake Island saga, I am struggling more and more with associating some of the straw hat members with the crew. Let me explain.

Maybe it’s because there are more and more characters, multiple view points or because of an increased power shift, but I feel that some of the members are pushed more and more in the background. In fact, if somebody were to mention straw hats, subconsciously I would immediately picture only a handful of them. Sure, I know all of them but I kind of see them as a lesser part of the crew (I hope you understand what I mean).

Some of them have been for a long time in the story line but only joined the crew more recently (Jinbe for example). Sure I like the character a lot and might even say he is one of my favourites, but subconsciously I don’t see him as a member of the straw hats..

Robin is another example. Sure she has always been very distant but she had some beautiful moments such as Enes Lobby. Nowadays, she is becoming more important than ever, however at the same time I kind of forget about her…

The same applies for some other characters as well… anyone feeling the same 


",,OnePiece,https://www.reddit.com/r/OnePiece/comments/1kqlf7e/struggling_with_some_of_the_straw_hat_members/,1,0,0,1747684522.0,rumor
Bro predicted the future using Advanced Observation Haki🤯,,,OnePiece,https://i.redd.it/vfzty7y3ns1f1.png,1,0,0,1747684436.0,rumor
They felt that 🤣 😂 🤣😂🤣😂🤣😂🤣😂🤣😂,,,OnePiece,https://www.reddit.com/gallery/1kqlby8,1,0,0,1747684308.0,rumor
Oda is so bad at coloring sometimes 🤣,,,OnePiece,https://i.redd.it/vp47nz56is1f1.jpeg,1,0,0,1747682773.0,rumor
What if Shanks’ brother saved Luffy instead? [fanfic meme + tool test],"Hey everyone! I’m working on a side project—a tool that helps generate memes and fanfiction based on crazy what-if scenarios like this. I’m not selling anything, just hoping to get some feedback from fellow fans. 

If you’re down to try it out and give me your thoughts in our discord, I’d really appreciate it!
",,OnePiece,https://i.redd.it/h0qm61wpgs1f1.jpeg,1,0,0,1747682286.0,rumor
I dont why people assumed Young Garling had the same hair color than his sons,,,OnePiece,https://i.redd.it/r25ueu7eds1f1.jpeg,1,0,0,1747681166.0,rumor
Tony Tony Chopper and Trafalgar Law,,,OnePiece,https://i.redd.it/ny76s0t26s1f1.jpeg,1,0,0,1747678707.0,rumor
Would you consider kuma’s backstory the saddest?,The kuma backstory episode just came out what are your thoughts on his backstory i thinks it's the saddest one by far the anime portrayed it better than the manga in my opinion too,,OnePiece,https://i.redd.it/2eqdy5pcyr1f1.jpeg,1,0,0,1747676125.0,rumor
Wasnt it visible that Garling was blonde even in the manga?,Idk why people keep complaining about him being blonde in the last EP if in the manga it was visible that he was blonde. If you look at Shanks and Shamrock you can see their hair is colored differently from garlings hair in the manga ,,OnePiece,https://i.redd.it/4y9yhrmjtr1f1.jpeg,1,0,0,1747674491.0,rumor
The Perfect One Piece List.,Anyone who protects scum is lower than the scum they protect.,,OnePiece,https://i.redd.it/pkkvgp0sor1f1.png,1,0,0,1747672891.0,rumor
🔥 Is One Piece the Greatest Story Ever Told in Fiction? Let’s Talk. 🔥,[removed],,OnePiece,https://www.reddit.com/r/OnePiece/comments/1kqfy4y/is_one_piece_the_greatest_story_ever_told_in/,1,0,0,1747671805.0,rumor
Which of the spin off books would you like to see get animated.,"Out of all of the One Piece spin off books which one would you like to see get an animated special.


List of spin offs:

Ace novel/manga


Shokugeki no Sanji


Law novel


One Piece heroines


Out of all of them I would want the Ace novels to get an animated version the most but the Law novel getting an animated special would also be great.",Pretty sure the sanji food wars is animated,OnePiece,https://www.reddit.com/r/OnePiece/comments/1kqf2ob/which_of_the_spin_off_books_would_you_like_to_see/,1,0,1,1747669711.0,rumor
Slaves got what they deserved,The Celestial Dragons Holy Gods 🛐,lol,OnePiece,https://i.redd.it/k88ohdkj9r1f1.jpeg,1,0,1,1747667765.0,rumor
I'm kinda new to reddit so I'm posting this quite late...BUT HERE IS MY ATTEMPT TO DRAW LUFFY!,,,OnePiece,https://i.redd.it/ah4w73i46r1f1.png,1,0,0,1747666616.0,rumor
Sanjuan Loba at Marineford,,Comm by [MikeyMaick](https://www.facebook.com/share/1FS1aepi2i/) of Sanjuan Loba at Marineford - pictured her with somewhat different personalities than Sanjuan Wolf,OnePiece,https://i.redd.it/zwqql89v3r1f1.png,1,0,1,1747665865.0,rumor
Little Kuma doesn‘t know what‘s happening😭😭,,,OnePiece,https://i.redd.it/31geuy313r1f1.jpeg,1,0,0,1747665574.0,rumor
Is Colon technically a Buccaneer?,"Just watched the latest One peak episode and it got me wondering.
Since Kuma and his ancestors were buccaneers and had giant blood. Does that technically make colon a buccaneer? Or are the buccaneers a different race altogether other than human and giants.",Probably different. Like lunarians,OnePiece,https://i.redd.it/ytj3cisiqq1f1.jpeg,1,0,1,1747661369.0,rumor
"“ I won’t live a life of regrets,..got that idiot?” (Art by me!)",Loved working on this piece! Was quite the thrill to see it coming to life little by little!🔥,,OnePiece,https://www.reddit.com/gallery/1kqbmkt,1,0,0,1747661115.0,rumor
[image processing failed],[deleted],,OnePiece,,1,0,0,1747659387.0,rumor
I'm the only one who dislikes how Tsunade basically has zero techniques?,"Jiraya and Orochimaru all have an arsenal of cool and unique Ninjutsus, but all that Tsunade has is her brute strenght and the 100% healing seal jutsu. 

It would have been so easy to give her unique Ninjutsus revolving about her medical skills and chakra control. 

I know that Tsunade is a medic and theoratically should stay away from fights, but she fought in a Ninja war. She should have at least a few Ninjutsus to back up her arsenal ",,Naruto,https://i.redd.it/0u7rxqzx9v1f1.jpeg,1,0,0,1747716326.0,rumor
Is Shippuden better than Naruto?,,,Naruto,https://www.reddit.com/r/Naruto/comments/1kquiqw/is_shippuden_better_than_naruto/,1,0,0,1747709512.0,rumor
Estos son mis Ships de los Genins de Konoha (Headcanon),[removed],,Naruto,https://i.redd.it/2zlf3t27du1f1.jpeg,1,0,0,1747705542.0,rumor
About where Himawari lives….,"I sorta just assumed she had lived with Hanabi, tbh..",,Naruto,https://www.reddit.com/gallery/1kqqs09,1,0,0,1747698153.0,rumor
which moment had the most aura?(you don't have to pick only from pictures),"https://preview.redd.it/qfwaoyoaht1f1.jpg?width=474&amp;format=pjpg&amp;auto=webp&amp;s=bbc49da07932c9dfdfc3619ad718a2b70e71f286

https://preview.redd.it/vmr7cnddht1f1.jpg?width=736&amp;format=pjpg&amp;auto=webp&amp;s=6de183542291fbdc468d3873affee1a8e0c53259

https://preview.redd.it/xze012ofht1f1.png?width=720&amp;format=png&amp;auto=webp&amp;s=0dfbd6a3d5e48f0751d53bd1fcca5aa9de704e51

*Processing img ri1o98pjht1f1...*

https://preview.redd.it/g5n9w7gpht1f1.jpg?width=1920&amp;format=pjpg&amp;auto=webp&amp;s=4be8f170d9e31b27bb0018e5b05925176d9dd9e2

https://preview.redd.it/bp80olesht1f1.jpg?width=755&amp;format=pjpg&amp;auto=webp&amp;s=3119c40601e1726ebe6c3494fe17c9f8a697e565

https://preview.redd.it/we6zbzewht1f1.jpg?width=640&amp;format=pjpg&amp;auto=webp&amp;s=c20899ba4044fa4b8d7fa9cd99b971d895d69f5b

https://preview.redd.it/sbllq8htkt1f1.png?width=563&amp;format=png&amp;auto=webp&amp;s=ac43f8684243567a2eda672057e51408af530967

",,Naruto,https://www.reddit.com/r/Naruto/comments/1kqpy1b/which_moment_had_the_most_aurayou_dont_have_to/,1,0,0,1747695779.0,rumor
Nine Tails Tattoo,"I know its not and actual Naruto piece, but it was definitely the inspiration for my nine tails being added to this piece so i wanted to share. The artist killed it, I get it all colored next month! ",,Naruto,https://www.reddit.com/gallery/1kqp9wq,1,0,0,1747693913.0,rumor
My Orochimaru Headcanons 🐍👅 (manga only),"
*Despite being our first main villain and a very important character in two arcs after the time-skip, very little is known about this mysterious snake’s childhood and life prior to becoming a criminal. Here are some of my headcanons about Orochimaru because Kishimoto just won’t delve deeply into his character:*

**1. PROVED TO BE TRUE: Orochimaru is gender queer**


I can’t remember when the chunin exams concluded in Canada. 2006? If so, I was probably 13. I was aware of the **concept** of transgender, non-binary, and gender fluid people, but I never learned those specific labels until I was in my mid-to-late teens. I remember telling my friend, “I bet Orochimaru is intersex on the inside but not on the outside.” Confused? So was my friend. The label I couldn’t name was gender fluid. As Orochimaru later tells Mitsuki, it doesn’t matter if he is his mom or dad. Chōchō couldn’t tell if Orochimaru was a man or a woman. His gender identity is further explored in a filler episode. Mitsuki only refers to Orochimaru as his “parent.” If I remember correctly, he was wearing women’s shoes in a chapter of *Spiral Destiny.* So Orochimaru is either non-binary or gender fluid. I am leaning towa",,Naruto,https://www.reddit.com/gallery/1kqo8u1,1,0,0,1747691272.0,rumor
This gave me so much memory of Neji and why do i feel this part was the top 2nd most screen time of tenten,[removed],,Naruto,https://i.redd.it/skubuqkd1t1f1.jpeg,1,0,0,1747689232.0,rumor
am I the only one who likes the idea of a Hashirama x Madara ship?,I just think it's cool/funny and I get they kinda hate each other towards the end of Naruto.,,Naruto,https://i.redd.it/gk2jpjbvzs1f1.jpeg,1,0,0,1747688800.0,rumor
Unpopular opinion: These Boruto designs aren’t bad.,"I think this because:

1: Naruto’s hair style isn’t bad but it depends on how the artist does it. 
In this picture here, he looks pretty good.

2: Gaara’s design here is good, except the hair. Just fix the hair and it’s good to go.
The costume actually has drip, in my opinion.

3: Hinata’s design here is decent but the only thing I don’t like about it is that the green pants looks weird.
Just replace it with long pants or a dress than it’s good to go.

4: I’m not sure if people in the Naruto fandom hates Isshiki’s design or not but I think he has some drip.
I know he looks like he sorta came out of a fashion show but it makes sense for his type of character.
",,Naruto,https://www.reddit.com/gallery/1kqmeeu,1,0,0,1747686814.0,rumor
Anbu Mark Quirks,[removed],,Naruto,https://www.reddit.com/r/Naruto/comments/1kqlo25/anbu_mark_quirks/,1,0,0,1747685100.0,rumor
Evidence For Ships?,"So I’ve noticed a lot of people saying Ten Ten and Neji would have ended up together had he lived, vs. Ten Ten and Lee, that Kiba always had a crush on Hinata, that Ino liked Shikamaru, etc. but so many of these pairings I had only ever seen these people as friends😅 Where are people getting these romance vibes from, or did I miss something?

Please give me any substantiated ships you can think of (canon or non-canon) and the evidence for them. I feel crazy having missed some of these lol.",,Naruto,https://www.reddit.com/r/Naruto/comments/1kqldci/evidence_for_ships/,1,0,0,1747684400.0,rumor
Most misunderstood of the big 3,"Hello everyone. Is it me or is Naruto the most misunderstood of the big 3?

I feel like:

One Piece, it's easy to see that Oda intends to make something that is very fun but also covers the more serious themes of human story and also provides mystery as well as some nuances.

Bleach shows how everything is not black and white (I wonder if Kubo knew what he was gonna cook with that title). Sure, it starts as a story with a boy that gets powers to defend his family and friends. But then it expands upon the universe and we see how complicated it is. It also seems that the readers receive a good deal of insights about the various characters as well.

For Naruto, I feel like the fandom is crazily divided most of the time; it's ofc important to have your own perspective. But while it's true that some aspects are open to interpretation, I feel that Kishimoto also expects us to understand the actual context and the resulting philosophies whether it's personal, societal or mythical. However, considering the divided opinions, I really think many of the people (I am including even those who are *not* fans) watch the show misunderstand it more than the other two.
",,Naruto,https://www.reddit.com/r/Naruto/comments/1kql8ve/most_misunderstood_of_the_big_3/,1,0,0,1747684105.0,rumor
Tier List,BEFORE YOU SAY ANYTHING-I promise there’s an explanation for Itachi Tier,,Naruto,https://i.redd.it/0ojmtl22ds1f1.jpeg,1,0,0,1747681053.0,rumor
Is Naruto able to summon Katsuyu’s full body?,,,Naruto,https://www.reddit.com/gallery/1kqjnd0,1,0,0,1747680388.0,rumor
For anyone interested we got some questions answered,,,Naruto,https://www.reddit.com/gallery/1kqj8b9,1,0,0,1747679420.0,rumor
Sakura didn’t blitz Kaguya I’ve never understood why SOME Sakura stans claim thatbut that doesn’t mean the feat isn’t impressive.,"Kaguya underestimated Sakura, so she wasn’t paying attention to her, and she was also distracted by fighting Naruto and Sasuke. But that still doesn’t take away from how solid the feat is. Sakura managed to land a hit on Kaguya while her Byakugan was active, and Kaguya didn’t even notice. That’s still a great speed feat. I mean, she was able to react to, dodge, and almost outrun Kaguya’s hands which were stated to be fast.",,Naruto,https://www.reddit.com/gallery/1kqik7g,1,0,0,1747677859.0,rumor
The Moment Sasuke Realized his Team was Trash,Bro was like “Damnnn y’all really suck huh?”😭😭,,Naruto,https://i.redd.it/f5mmu8lcqr1f1.jpeg,1,0,0,1747673418.0,rumor
Does anyone else love how Shizune treats Hinata?,Shizune has always kept a close eye on Hinata. She almost gives off the vibe of a Mother or an older Sister. She gently pushes her to be more confident. (Not a gentle fist pun I promise) 🤣,"I'm not too knowledgeable about what chapters there are, sorry. But I was referring to both the Chunin exams in Naruto where Shizune is enthused by Hinata's vigor. 

As well as Shippuden Ep.102 Where Naruto says, ""You're great!"" To Hinata, only for her to say ""No I'm not."" And when Shizune gives Hinata a look, Hinata changes her vibe and picks herself up!",Naruto,https://www.reddit.com/r/Naruto/comments/1kqe45l/does_anyone_else_love_how_shizune_treats_hinata/,1,0,1,1747667402.0,rumor
which move of sasuke is ur fav and why,,Kirin,Naruto,https://www.reddit.com/gallery/1kqdxj9,1,0,1,1747666955.0,rumor
What would your Ranking be?,"Genin: Equivalent to someone with a high school diploma

Chunin: Equivalent to someone with a bachelor’s degree

Special Jonin: Equivalent to someone with a master’s degree

Jonin (Elite): Equivalent to someone with a Ph.D.",,Naruto,https://i.redd.it/snsmanwy3r1f1.png,1,0,0,1747665900.0,rumor
If Konoha was a University,,"Genin: Equivalent to someone with a high school diploma  
  
Chunin: Equivalent to someone with a bachelor’s degree  
  
Special Jonin: Equivalent to someone with a master’s degree  
  
Jonin (Elite): Equivalent to someone with a Ph.D.",Naruto,https://i.redd.it/sn4rq6ct2r1f1.png,1,0,1,1747665523.0,rumor
Never fly a kite like this...,Cause then THIS WORLD SHALL KNOW PAIN,"Just searched ""pain kite"" and it's there",Naruto,https://www.reddit.com/gallery/1kqbppn,1,0,1,1747661353.0,rumor
What’s a good fight that should’ve happened in Naruto that actually makes canonical sense?,"Rewatching Naruto and this potential fight was hinted at multiple times and would’ve been dope to see. I don’t know where exactly in the story I would let them fight but I don’t think it would be out of place any time throughout the Chunin exam arc.

I also heard that Tsunade was supposed to fight Pain before Naruto which would also be an awesome fight to see.",,Naruto,https://i.redd.it/2qjjdgxapq1f1.jpeg,1,0,0,1747660957.0,rumor
One of my favorite characters Itachi Uchiha 🥰,,,Naruto,https://www.reddit.com/gallery/1kqbk8l,1,0,0,1747660943.0,rumor
Three-Tails Naruto looks absolutely badass!!,,,Naruto,https://i.redd.it/kdvqwk5fwp1f1.jpeg,1,0,0,1747651265.0,rumor
Those with Kekkai Genkai are inbred right?  And the Hyuga clan also selectively breeds with inbreeding?  Every clan basically does this it seems.,"Rewatching shippuden, watched it when it was first coming out many moons ago but didn’t really grasp it outside of “cool fights”.  I’m at episode 389 where we meet Hanabi, Hinata’s younger sister.  It just occurred to me that with the main family/branch families and their obsession with preserving the byakugan that they have to be inbreeding.  Then I recalled the previous episodes with the revived Kekkai Genkai that were also selectively bred.  ",Remember years ago. I used a joke in my head that the Hyuga inbred so much that they resulted with them with the freaky permanent white eyes.,Naruto,https://www.reddit.com/r/Naruto/comments/1kq8b43/those_with_kekkai_genkai_are_inbred_right_and_the/,1,0,1,1747650517.0,rumor
Minato meat rider vs Itachi meat rider.. Who wins? No lube,,If there are no Itachi meat riders left in this world then I am dead and I left ashes in my wake.,Naruto,https://i.redd.it/bqefr0pw6p1f1.jpeg,1,0,1,1747642665.0,rumor
Kabuto in Boruto??,I don't watch Boruto so I didn't know that they pardoned him and now he is teaching an army of these weird little fuckin Uchiha clone thingies??? Orochimaru was even sketchy but he at least helped win the war but Kabuto??? That mother fucker was evil as hell they should have left his ass in genjutsu for all eternity and put him in a museum for kids to see what happens when war breaks out 😂😂😭😭 ,"You only watch naruto on tiktok, don't you?",Naruto,https://www.reddit.com/r/Naruto/comments/1kq3o60/kabuto_in_boruto/,1,0,1,1747631197.0,rumor
why did kichimoto ignore Madaras MS ability /jojo reference ?,[removed],In the games there’s a showing where Madara can mark a point in time and then rewind time back to that point,Naruto,https://www.reddit.com/gallery/1kq2xei,1,0,1,1747628407.0,rumor
Why Sasuke never training his eyes after the great war,Sasuke after battle with Naruto in final valley,But they don't need training they know how to use them instinctually.,Naruto,https://i.redd.it/zg4ljgmgzn1f1.jpeg,1,0,1,1747628185.0,rumor
"What did kabuto and deidara do to their eyes to counter mangekyos genjutsu ,",[removed],,Naruto,https://www.reddit.com/gallery/1kq2p6b,1,0,0,1747627592.0,rumor
If sasuke uchiha train EMS to MEMS in Boruto era,Alternate:Sasuke training eyes to become more strong ,This doesn't exist...?,Naruto,https://i.redd.it/qvdg0nwjwn1f1.jpeg,1,0,1,1747627275.0,rumor
What are your thoughts about Sarada Uchiha?,I like her and hope she becomes the hokage in the future….,"She’s dope, I didn’t like her at first but her development really sent me over the edge. I love how strong she is now and her task to be the one to ultimately kill Eida is interesting. I hope she inherits sasukes mangekyo at some point so she can keep her vision",Naruto,https://i.redd.it/r1mcpiexhn1f1.jpeg,1,0,1,1747622156.0,rumor
My (OnlyJoy) Sexy-Jutsu Cosplay,,,Naruto,https://www.reddit.com/gallery/1kq11j0,1,0,0,1747621955.0,rumor
First Naruto Tattoo!!!,What do you guys think?,🔥🔥🔥,Naruto,https://i.redd.it/yaktwpcl2n1f1.jpeg,3,0,1,1747617007.0,rumor
Yay!,[removed],,Naruto,https://i.redd.it/wdn33qfsxm1f1.jpeg,1,0,0,1747615385.0,rumor
Rewrite Part 1: The 3 Great Dojutsu,,,Naruto,/r/NarutoFanfiction/comments/1kpxjr3/rewrite_part_1_the_3_great_dojutsu/,0,0,0,1747612721.0,rumor
[Shippuden episode 247] why does kyubi mention the six paths?,"when naruto opens his seal and lets the full kyubi out, when he gets the kyubi chakra, he reactivates the seal

then, the kyubi says this weird lane as the toori gates seal him, what is he referring to??",The seal reminds him of sealing techniques used by the six paths…because you know…the tailed beasts were made by the sage of the six paths out of the ten tails chakra,Naruto,https://i.redd.it/b5u5xomcpm1f1.png,30,10,58,1747612668.0,rumor
Why people read manga in book,"Why people read manga paying you can literally read for free 


I understand if is it for support author ",The free version is a different translation and has a lot of mistakes. You get what you (don't) pay for.,Naruto,https://www.reddit.com/r/Naruto/comments/1kpxcq4/why_people_read_manga_in_book/,0,4,2,1747610349.0,rumor
Sasuke’s spacetime ninjutsu,I’m pretty sure a lot of people don’t know how Sasuke’s spacetime ninjutsu works. A lot of people seem to think it works like kamui and can just teleport wherever he wants if he had enough chakra. He can’t do that he can only go to other dimensions using that jutsu while he traces kaguya’s chakra. Yes hypothetically he could be in kaguya’s sand dimension and use his space time to go back directly to konoha but same way he’s entering those dimensions someone else could do the same. Someone/otsutsuki could track Sasuke’s chakra back to konoha so it’d be dangerous for him to just teleport back to konoha directly from a different dimension. This doesn’t excuse him not coming home for 10 years but I just irks me sometimes when people don’t understand how his rinnegan works,,Naruto,https://www.reddit.com/r/Naruto/comments/1kpvucf/sasukes_spacetime_ninjutsu/,1,0,0,1747606025.0,rumor
I found Amegakure (hidden rain village) similar to another world,"Hello guys! I'm watching Naruto Shippuden, when Jiraiya enters the Rain Village, and this place is in my opinion is pretty similar to The World that Never Was, one of the worlds from Kingdom Hearts 2's end-game. Maybe it doesn't look so much alike, but I found it curious because of the dark ambience in both places. Let me know your thoughts!",,Naruto,https://www.reddit.com/gallery/1kpvi1b,1,0,0,1747605125.0,rumor
"During the Blank Period, who is the third strongest shinobi alive after Naruto and Sasuke?","We all know that at their peaks, Naruto and Sasuke were the top 2 strongest shinobi alive. But who was #3? I have been debating this with friends for weeks. We can’t decide. I think Killer Bee cuz he’s a perfect jinchuriki, but another friend thinks it’s Orochimaru cuz he’s an immortal zetsu with 1000+ jutsus, but another friend thinks it’s Onoki cuz he’s can fly and has particle style. What do you guys think? ",Orochimaru that's not even a contest mainly because not one of those Shinobi can you come close to bringing down Orochimaru.,Naruto,https://i.redd.it/d4qk05yzwl1f1.jpeg,63,101,20,1747603012.0,rumor
Kaguya's Rinne-Sharingan and Sasuke's Rinne-Sharingan(Tomoe-Rinnegan?),"I plan on writing a Naruto fanfic and was conducting research on the various Dojutsu in the verse. There's the Byakugan, Sharingan, Mangekyo, Tenseigan, Rinnegan, and the Rinne-Sharingan as the main Dojutsu in Naruto. What I'm curious about is the Rinne-Sharingan.

The first one to possess the Rinne-Sharingan was Kaguya Ōtsutsuki, and even then it was only after she consumed the Chakra Fruit and became the Ten-Tails Jinchuriki. It was initially introduced as the unique Dojutsu of Kaguya, as she was the only one to possess it before Madara. The second person was Madara and the next was Sasuke(is his Dojutsu the Rinne-Sharingan or a unique Tomoe-Rinnegan)?

The Sharingan and its evolution, Mangekyo is said to be derived from the Rinne-Sharingan. Therefore, I wanted to describe the Rinne-Sharingan as the combination of Rinnegan and Mangekyo abilities amplified to a divine/planetary level. It also seems to possess Space-time ultimate abilities.

For Kaguya, it was the Amenominaka.

From Wiki - Amenominaka
""With her third eye, Kaguya is also able to instantaneously teleport herself and others around her to a different dimension, while simultaneously erasing the presence of their chakra.","Thanks for the in-depth and clear response. I'm trying to give structure to these Dojutsu so your response really helps in establishing a sort of evolution tree for the various Dojutsu. If I understand correctly then:

Base Dojutsu (The Dojutsu one is born with) - Byakugan, Sharingan 

Advance (Minor evolution of the Base) - Mangekyo Sharingan 

Divine (Usually the next major evolution after Base) - Tenseigan, Rinnegan 

Unique Divine (seems to be gained from consuming a chakra fruit) - Rinne-Sharingan, Six-Tomoe Rinnegan, Kokugan, Urashiki's Colour Rinnegan, Momoshiki's hand Rinnegan and Golden third eye Rinnegan 

But another thing I noticed is that most, if not all, Otsutsuki seem to have the Byakugan as their Base Dojutsu and their Unique Divine Dojutsu either manifests a third eye wit",Naruto,https://www.reddit.com/r/Naruto/comments/1kptqhk/kaguyas_rinnesharingan_and_sasukes/,1,15,2,1747600430.0,rumor
What is Naruto doing?,,Bro go outside or something,Naruto,https://i.redd.it/0mwk1ep8dk1f1.jpeg,1,0,1,1747584260.0,rumor
Tsunade getting drunk again by (Bluecup),https://www.pixiv.net/en/artworks/104613130,,Naruto,https://i.redd.it/7hj5szxt0k1f1.jpeg,1,0,0,1747580098.0,rumor
"""At the age of 7, his wisdom was already on par with that of a 7 years old Hokage "" Artist: Me.",,,Naruto,https://i.redd.it/9kusk9uxzj1f1.png,1,0,0,1747579828.0,rumor
Was this also the reason why Danzo was chosen as the 5th 1/2 Hokage instead of Tsunade's advisor?,,Would a CEO leave one of their secretaries in charge of the company if they had a choice?,Naruto,https://www.youtube.com/watch?v=2VSaKznDz98,1,0,1,1747579596.0,rumor
"At the age of 7, his wisdom was already on par with that of a 7 years old Hokage",,,Naruto,https://i.redd.it/s9i0ufitvj1f1.png,1,0,0,1747578464.0,rumor
Himawari🌻 (art by @rozan_arts),[Source](https://x.com/rozan_arts/status/1694829926719877147?t=nYAGK_uJuXben-81vxnwYA&amp;s=19),,Boruto,https://www.reddit.com/gallery/1kie8l1,1,0,0,1746782608.0,rumor
Ino and Himawari (art by @rozan_arts),[Source](https://x.com/rozan_arts/status/1920214372141421006?t=3RqLNew5J9zrtlJQpQu0dw&amp;s=19),"Very beautiful. I remember that scene from the anime adaptation where she gave her a sunflower. Ino and Himowari have a very sweet relationship and are harmless to other female characters but I think she is Himowari's #1 aunt.

And since we're talking about Imonak's family.

What everyone thinks about InoHima. Ship between Inojin and Himawari (he is only 2 years older than her)

They had some cute moments in the anime and in the movie there was a moment where she was mad because Inojin got hurt (though maybe she would have been mad too if it had been one of her other friends)",Boruto,https://i.redd.it/5ekw7vpc3qze1.jpeg,1,0,1,1746781885.0,rumor
Sarada if she was in “the last” movie,Original art blah blah blah ,,Boruto,https://i.redd.it/exj4f2p4spze1.jpeg,1,0,0,1746778105.0,rumor
Hinata and Toneri (art by @D0Xpd),[Source](https://x.com/D0Xpd/status/1908514443350433818?t=7kJC7VpL3VDPMehAhENItw&amp;s=19),"As a reminder, this flair is for **anime discussions**. Use spoiler tags when discussing events that have taken place beyond the anime. If you see any comments with untagged manga spoilers, please report them. 


*I am a bot, and this action was performed automatically. Please [contact the moderators of this subreddit](/message/compose/?to=/r/Boruto) if you have any questions or concerns.*",Boruto,https://i.redd.it/weqzehcqmpze1.jpeg,1,1,1,1746776290.0,rumor
Himawari and Kurama (art by @D0Xpd),[Source](https://x.com/D0Xpd/status/1920161902963097868?t=DSBtCR5NaN8WDERkCXXeRw&amp;s=19),Amazing style,Boruto,https://i.redd.it/xesg1wo0mpze1.jpeg,1,0,1,1746776051.0,rumor
Imagine ranking 4th in the popularity poll despite being the mc and having the show named after you,idk what's worse naruto being 4th or or having Deidara of all people above him. ,Naruto was ass in Shippuden until he got Sage mode,Boruto,https://i.redd.it/wwmc4ogwepze1.jpeg,1,0,1,1746773862.0,rumor
That's a nice parallel,A visual parallel between Naruto’s Baryon Mode and Sarada’s Mangekyō Sharingan reawakening. They are tryna portray her as Naruto's successor.,"Well she already told Boruto in part one that she wanted to be the next Hokage and he replied that he’d prefer being her right hand man, the opposite of their fathers’ dynamic.",Boruto,https://www.reddit.com/gallery/1ki9yve,1,0,1,1746764820.0,rumor
What is the most emotional moment in Boruto?,,"If you ignore the fillers then the anime is a lot better than the manga. The manga lacks emotion. Ironically, Naruto as a series is famous for emotional engagement.",Boruto,https://i.redd.it/rdkusd6egoze1.jpeg,1,1,2,1746762052.0,rumor
Sarada Theory,"Since as we Know ""Ohirume"" originated from Kaguya's gravity Demension ability So that mean Sarada's next Mangekyo sharingan ability Could be Lava Related which combined with Ohirume can create Sun (her Mangekyo Shape is literal Sun) or be Snow Related which is unlikely ",How do you know it’s healing?,Boruto,https://www.reddit.com/gallery/1ki8w9n,1,0,1,1746761068.0,rumor
"This cringe pose with the legs is so funny, is it really necessary every single time?",Shits so stupid lmfaooo,What do your legs look like when killing a Shinju?,Boruto,https://www.reddit.com/gallery/1ki6vwe,1,0,1,1746754511.0,rumor
Interesting comment👀,"That comment was from the Kara theme now thinking about it, I agree with that statement.

What do you think?","You just figured that out 

In Naruto it was all about obtaining god like power of the sage of 6 path and nagto decision to become a god.

Where those guys are trying to achieve immortality and infinite chakar by using the 10 tails and salving the earth and it’s ppl…

Nagto thought as a god he will tech the world pain and throw pain one will understand that he be doing the work of a god… 

We still don’t know what Amado switch up on issisk once he found out about boruto buddy jump ship to be on the other side he want from having one to 2 and now he’s playing the wait game…plus we know his voice control all the ones he made so what is his true intentions why he was able to play isska or is a otsusuki living inside Amado by also shrinking. He’s was not doing good work he’s doing something ev",Boruto,https://i.redd.it/860c9klnsnze1.jpeg,1,0,1,1746754068.0,rumor
Do you guys think that at one point or another we might see the useage of the 8 gates again in boruto?,"Do you guys think that we will see an appearance for rock's lee 8th gate at one point in the series? And how storng do you think it'll be? Tbh i would say he's gonna be stronger than might guy's 8 gates,tho thats my opinion what about you guys?",We might need goku this time💀,Boruto,https://i.redd.it/423ecs8dqnze1.jpeg,1,0,2,1746753299.0,rumor
Who’s on your Mount Rushmore of the Greatest Male and Female Naruto Characters of All Time?,"My Mount Rushmore of the Greatest Male and Female Naruto Characters of All Time are:

Male👨🏻

Naruto

Sasuke

Kakashi 

Gaara

Female 👩🏻

Tsunade

Konan 

Hinata 

Sakura 


","As a reminder, this flair is for **anime discussions**. Use spoiler tags when discussing events that have taken place beyond the anime. If you see any comments with untagged manga spoilers, please report them. 


*I am a bot, and this action was performed automatically. Please [contact the moderators of this subreddit](/message/compose/?to=/r/Boruto) if you have any questions or concerns.*",Boruto,https://www.reddit.com/gallery/1ki61xh,1,1,1,1746751871.0,rumor
Base Six Paths Sage Mode Naruto Vs Tenseigan Chakra Mode Toneri. Who Wins?,Battle takes place on the moon,Is this a joke question or are you serious? I am not even into powerscaling and naruto dog walks that dude.,Boruto,https://www.reddit.com/gallery/1ki3zug,1,0,1,1746745671.0,rumor
Sarada road to ninja,Used the colours from sasuke shippuden outfit and made it more modest and feminine as well as posed her more timidly hopefully this is a different enough look to be “opposite sarada” while still resembling her . She looks more like sasuke mom rn ,I drew her to look more like Sakura and sasuke in shippuden but decided that sarada would have her hair away from her face more in RTN,Boruto,https://i.redd.it/5wq9xg0hrmze1.jpeg,1,0,1,1746741564.0,rumor
Where to read tbv manga in color now?,"I had link to the website on my phone homescreen, but the sites been acting strange and dysfunctional since maybe March or February. ",most if not all colourings you see are done by fans,Boruto,https://www.reddit.com/r/Boruto/comments/1ki0vus/where_to_read_tbv_manga_in_color_now/,1,0,1,1746737446.0,rumor
My drawing Team 7 special Espada version,,"As a reminder, this flair is for **anime discussions**. Use spoiler tags when discussing events that have taken place beyond the anime. If you see any comments with untagged manga spoilers, please report them. 


*I am a bot, and this action was performed automatically. Please [contact the moderators of this subreddit](/message/compose/?to=/r/Boruto) if you have any questions or concerns.*",Boruto,https://i.redd.it/ueu031ademze1.png,1,1,1,1746737193.0,rumor
My drawing Team 7 special Espada version,Naruto/Boruto and Bleach my two favorite anime,"As a reminder, this flair is for **anime discussions**. Use spoiler tags when discussing events that have taken place beyond the anime. If you see any comments with untagged manga spoilers, please report them. 


*I am a bot, and this action was performed automatically. Please [contact the moderators of this subreddit](/message/compose/?to=/r/Boruto) if you have any questions or concerns.*",Boruto,https://i.redd.it/wgtc2j3ldmze1.png,1,1,1,1746737017.0,rumor
Timeskip training arc in the anime. Yay or Nay?,"Art source: pinterest Taira

I really want more Boruto/Sasuke moments when the anime is catching up with TBV.

What about you? 

Are there other things you'd like to see?","At most we get more extended flashbacks, but not a full arc.",Boruto,https://i.redd.it/whmgf5fz7mze1.jpeg,1,0,1,1746735009.0,rumor
[Theory] The Three Sacred Techniques,[removed],,Boruto,https://www.reddit.com/r/Boruto/comments/1khzdat/theory_the_three_sacred_techniques/,1,0,0,1746733702.0,rumor
Real fight and Sasuke plan is revealed.,,Uzumaki Sarada sounds tough ngl,Boruto,https://i.redd.it/u9ge1l4rplze1.jpeg,1,0,1,1746728897.0,rumor
Illustration in honor of the 9th anniversary of the Boruto manga 🎉🎉🎉,,holy hell 9 years already?,Boruto,https://www.reddit.com/gallery/1khvfzn,1,0,1,1746724221.0,rumor
Team 7,,"Nyaruto, nyasuke, and nyakura",Boruto,https://i.redd.it/ah6pi4bc2lze1.jpeg,1,1,1,1746721004.0,rumor
Tierlist personajes boruto,[removed],,Boruto,https://i.redd.it/uqsg69310lze1.png,1,0,0,1746720322.0,rumor
Boruto worked hard to get where he is by TBV!,"Something that comes up in Naruto discourse is this idea of hard work vs. talent. And I saw a comment the other day, in regards to Boruto's current status that seemed to be implying that the series is not about hard work anymore (some would debate if it ever was). And I kinda feel like that doesn't line up with Boruto's journey in the story.

Boruto was a prankster, but he was also a prodigy. But that didn't mean he didn't need to train or experiment to refine his skills. And while he's given Karma and Otsutskified after Momoshiki saved him from death, this doesn't take away from other training (he had to train with the Karma) or from his hard work later. For one thing, Naruto didn't work hard to have Minato seal Kurama's Yin half into Naruto, but he had to train and work to benefit from it, and while it did negatively impact Naruto in some ways, so has the Karma/Otsutskification. Boruto being an Otsutski has led to Kawaki wanting him dead, his parents being sealed away, and is partially responsible for Kawaki swapping their places and turning the world against him for Kawaki's own crimes. Boruto also can't even use the Karma now without him slipping away and Momoshiki possibly tak",Boruto,Boruto,https://www.reddit.com/r/Boruto/comments/1khsbxt/boruto_worked_hard_to_get_where_he_is_by_tbv/,1,0,1,1746716618.0,rumor
TBV colored?,[removed],,Boruto,https://www.reddit.com/r/Boruto/comments/1khs127/tbv_colored/,1,0,0,1746715865.0,rumor
Do you think the fandom will switch up on his outfit when TBV is done?,,"Switch up? I wasn’t aware Kawaki’s TBV outfit had gotten many complaints. I think it really suits him. I like it. The only TBV outfits I don’t like are Sumire’s and Chōchō’s. Sumire’s top and boots are fine, but why is her skirt so **$&amp;?!ing** short????. That is so goddamn unnecessary. It’s as short as preteen-Sarada’s dress was, but it isn’t form-fitting so it’ll move up a lot (like when Sumire ran away after crashing out at Sarada). As for Chōchō, I actually really like her shoes, hair style, butterfly hair clips, and butterfly jacket, but her top is not age-appropriate nor is it flattering for her figure. Chōchō is actually really pretty imo. Ikemoto could have given her a much better top-bottom combo. Like an outfit similar to her preteen-self. Her genin outfit is awesome.",Boruto,https://i.redd.it/m2orytfwikze1.jpeg,1,0,1,1746714466.0,rumor
Naruto Timeline Order Movie's,"G'day greetings from Australia I am creating a project called

'Naruto Timeline Order Feature Films'

Similar to Naruto Kai but everything is in Timeline Order, no flashbacks and faster fights!

Kakashi is more the main character over Naruto.

I delete alot scenes for faster pacing, I made these films for the people who wont watch Naruto because it is long?

Starts off with the Hagoromo flashback all the way to the final Boruto episode, I included some Movies and OVAs, btw sorry for spamming the sub with theories, my fingers went for a run instead of a Walk.

I am on my 3rd phase of editing the films, so many blocks created from trimming, it is a Digital Skyscraper, 

These are some clips from the movies, they are 360p but the movies are Deluxe HD Version.

https://reddit.com/link/1khrbdr/video/9bu8levvgkze1/player

https://reddit.com/link/1khrbdr/video/g2z8fdc0hkze1/player

https://reddit.com/link/1khrbdr/video/4pay9d33hkze1/player

https://reddit.com/link/1khrbdr/video/n6pmze8ahkze1/player

https://reddit.com/link/1khrbdr/video/5oqb5rwihkze1/player

","I need to Market my Work, sorry man,",Boruto,https://www.reddit.com/r/Boruto/comments/1khrbdr/naruto_timeline_order_movies/,1,0,1,1746714057.0,rumor
The Three Sacred Techniques,[removed],,Boruto,https://www.reddit.com/r/Boruto/comments/1khqvza/the_three_sacred_techniques/,1,0,0,1746712962.0,rumor
What are your thoughts about the Kara members?,"My thoughts are:

Amado: Cool and mysterious.

Boro: I like some of his powers and the story with him leading a cult but I wasn’t a fan of him losing to a bunch of chunin level genin.

Delta: She’s fine and I like her powers.

Jigen: Cool, a bit interesting and he’s a good villain.

Koji: Cool, has good design and I like his powers.

Victor: He’s alright.

Code: Has cool power and could be cool but he’s basically a punching bag that was hyped up by the characters.


These are not in order.","Story wise, it seemed they planned them to carry on in Part 2 like Akatsuki but they got decimated in Part 1 (Boro looks intimidating but got killed by Genin (tbf they're said to be Jounin level by Chuunin Exams)).

2 Inners are also fillers (Deepa and Oga) so it gave a bad impression to the manga readers to not invest time with them.",Boruto,https://i.redd.it/krwr6ar1bkze1.jpeg,1,1,1,1746711826.0,rumor
What if Ada trained Sarada?,"In a similar way that Koji trained Boruto, teaching him techniques he could potentially learn in the future, what if Ada taught Sarada techniques of the past during the time skip? I know she can only go back as far as when she was born, but that should be somewhere around Shippuden. Depending on when, she could learn the old team 7's techniques or any of the konoha 11. Not saying she'd have the chakra for it(especially for rasenshuriken or whatever she'd have with fire or lightning), but she could be like Hiruzen, learning the village's techniques ","Eida was born when Naruto was 16. What techniques of the past? Other than Naruto, all the characters were done the vast majority of their training. All Eida can do is say “Character A can do XYZ.” She can’t teach HOW to do it. And if Sarada wanted to learn rasengan, Konohamaru exists, so…",Boruto,https://www.reddit.com/r/Boruto/comments/1khp6wd/what_if_ada_trained_sarada/,1,0,1,1746708298.0,rumor
"Who’s the Greatest Naruto Waifu of All Time Based on Their Looks,Personalities and Why?","Tsunade Because 	1	Strong Personality: Tsunade is portrayed as a powerful and confident leader, being the Fifth Hokage of Konohagakure. Her strength and determination make her an admirable character.
1. Character Design: Tsunade has a distinct and appealing character design, often highlighted by her physical features, which some fans find attractive.
2. Complex Backstory: Her history, including the loss of loved ones and her struggles with her past, adds depth to her character. Fans appreciate characters with rich narratives.
3. Skills and Abilities: As one of the legendary Sannin, Tsunade is an exceptional ninja with impressive combat skills and medical abilities, making her a formidable presence in the series.
4. Emotional Depth: Tsunade's character experiences significant growth and emotional challenges, allowing fans to connect with her on a personal level.
5. Mentorship Role: She serves as a mentor to several characters, including Naruto and Sakura, showcasing her nurturing side, which can endear her to fans.
Overall, Tsunade's combination of strength, vulnerability, and complexity makes her a beloved character in the Naruto series, leading to a strong fan following.","As a reminder, this flair is for **anime discussions**. Use spoiler tags when discussing events that have taken place beyond the anime. If you see any comments with untagged manga spoilers, please report them. 


*I am a bot, and this action was performed automatically. Please [contact the moderators of this subreddit](/message/compose/?to=/r/Boruto) if you have any questions or concerns.*",Boruto,https://www.reddit.com/r/Boruto/comments/1khoylm/whos_the_greatest_naruto_waifu_of_all_time_based/,1,1,1,1746707608.0,rumor
Boruto should’ve taken place at a different time,"Boruto really shouldn’t have been Naruto’s kid but maybe a grandchild. It sucked for the whole first few arcs to watch time and time again excuses for Naruto to be weakened or missing. Boruto not grasping how fantastical Naruto is would’ve made way more sense if it was his grandad and not the current hokage.

I’m sure less people would be upset about ‘the treatment of Naruto’ as a character and it would be nice to have a further degree of separation from Naruto. We could still see the ships and what not but further down the track or even just as a flashback.

A personal gripe that I have is that it felt like the leaf grew way too fast, especially with technology, having Boruto as a grandchild or further would make that tech jump more believable. I think that’s a similar thing people have with Avatar The Legend of Korra where there’s just a random jump to the Industrial Revolution for some reason.

Anyway it’s just a thought, not really a complaint.",I agree. Would have been easier put Natuto to the side. Grandpa Naruto not being so strong and losing is an easier blow than Naruto being at his peak strength and losing. There would also be more mystery regarding the lives of his kids and overall the generation that followed after Naruto. But Alas..,Boruto,https://www.reddit.com/r/Boruto/comments/1kho0ys/boruto_shouldve_taken_place_at_a_different_time/,1,1,1,1746704696.0,rumor
Sakura and Hinata,[removed],,Boruto,https://i.redd.it/cneapetunjze1.png,1,0,0,1746704059.0,rumor
Boruto Filler Guide /List,[removed],,Boruto,https://www.reddit.com/r/Boruto/comments/1khlehc/boruto_filler_guide_list/,1,0,0,1746694536.0,rumor
Boruto Ultimate Filler Guide/ List,[removed],,Boruto,https://www.reddit.com/r/Boruto/comments/1khlcke/boruto_ultimate_filler_guide_list/,1,0,0,1746694287.0,rumor
Uchiha goddess,Original art ,"Nice art but bro, we have that panel of Sarada floating in the sky flanked by black holes.

I think the real ""Uchiha goddess"" has been revealed, and Sakura ain't it.",Boruto,https://i.redd.it/7vcih5damize1.jpeg,1,0,1,1746691392.0,rumor
Say one good thing about him.,I couldn't think of any.,Good drip,Boruto,https://i.redd.it/kpz3ic87lize1.jpeg,1,0,1,1746691027.0,rumor
Still looking,How got i find anything pass 294 In English dub?,No 293 was the last episode and the show is on hiatus now. The rest of part 1 is being worked on currently but there’s no official news on when it will return. However the manga is still ongoing you can start from chapter 68 and read through chapter 80 then start two blue vortex,Boruto,https://www.reddit.com/r/Boruto/comments/1khjiv5/still_looking/,1,1,1,1746686253.0,rumor
Sakura drawing,Randomly drew this ,,Boruto,https://i.redd.it/e9yswvbh0ize1.jpeg,1,0,0,1746684058.0,rumor
Final valley Naruto vs TL sasuke,,Bar for bar!,Boruto,https://www.reddit.com/gallery/1khiqu5,1,0,1,1746683087.0,rumor
Who wins? FiT (Frozen in Time) Naruto and Hinata or Tree Sasuke?,,"Spider-Man, but only if he’s not holding back",Boruto,https://www.reddit.com/gallery/1khhzq2,1,0,1,1746680137.0,rumor
Whi wins? FiT (Frozen in Time) Naruto and Hinata or Tree Sasuke?,,,Boruto,https://www.reddit.com/gallery/1khhwmi,1,0,0,1746679790.0,rumor
Am I the only one that found Remon to be pretty?,,Agreed but I think it works good with her design.,Boruto,https://i.redd.it/f4ydvgb1ghze1.jpeg,1,1,1,1746677183.0,rumor
Bruh.,,"I agree. They are all reputable ninja, enough to recognize an unbeatable enemy and immediately go all out. The fact they show them in base then straight to knocked out is a damn shame. There is no question they would lose but them the respect to figure a jutsu of Ishikis on the way down. Kinda labeled them as fodder for the plot.",Boruto,https://i.redd.it/90x1hacxbhze1.jpeg,1,1,1,1746675801.0,rumor
Will an anime only watcher be able to pick up the TBV manga okay?,,Something heppans in the end of the 1st part that you will need to know that will make the events of the tbv manga so you will need to read it sadly,Boruto,https://i.redd.it/1bptq3hl9hze1.jpeg,1,1,1,1746675018.0,rumor
Ninth Hokage,Original art and tried my best to retain some sasuke features ,"The Uchiha clan logo colors are flipped, no?",Boruto,https://i.redd.it/xqq6ue9y8hze1.jpeg,1,0,1,1746674800.0,rumor
Who wins? Tree Sasuke or Old Man Naruto,,You actually did it 😂😂😂,Boruto,https://www.reddit.com/gallery/1khfs6z,1,0,2,1746672492.0,rumor
My art of Yoruichi,,https://preview.redd.it/jvvjmini6qze1.jpeg?width=1280&amp;format=pjpg&amp;auto=webp&amp;s=2de9d7c8db5d952845efe64c48068e441713b2e7,Bleach,https://i.redd.it/a1s5fkbc5qze1,1,0,1,1746782622.0,rumor
I still think Ichigo's Dual Zanpakuto is still by far the best zanpakuto design for me,[removed],,Bleach,https://www.reddit.com/gallery/1kie15c,1,0,0,1746781737.0,rumor
What's a cool zanpakuto you came up with?,[removed],,Bleach,https://www.reddit.com/r/bleach/comments/1kidw01/whats_a_cool_zanpakuto_you_came_up_with/,1,0,0,1746781108.0,rumor
Who is the second main character in Bleach?,[removed],,Bleach,https://www.reddit.com/r/bleach/comments/1kidp1c/who_is_the_second_main_character_in_bleach/,1,0,0,1746780228.0,rumor
What could’ve happened/ Alternate timeline idea,[removed],,Bleach,https://i.redd.it/4fynhwtstpze1.jpeg,1,0,0,1746778670.0,rumor
If yoruichi smashed a male cat while in cat form would she give birth to a cat?,,Time for me to log off,Bleach,https://i.redd.it/00g9f01jxoze1.jpeg,1,1,1,1746767813.0,rumor
Bleach Game made by From Software,"I know it looks like it doesn't quite fit but I think it's a perfect match. Bleach has lots of concepts that suits for fromsoft's story telling. For example we can see traces of soul society's history through items like old zanpakutos, mimihagi statue, ise/shiba/kuchiki clan artifacts etc.  Also from soft likes to make bibically accurate/eldritch looking designs so tybw arc enemies fits perfectly. For example Chicken Barro fight that looks like Elden Beast fight would go crazy. Also fromsoft likes to make gimmick boss fights like Ds3 Yhorm (which is killed by specific sword). So chicken Barro fight would be similiar. It can only be slain with nanaos zanpakuto. Also fromsoft's best ability for me is their gorgeous enviroments. Bleach has several locations that can shine with that art direction like heuco mundo. And Yhwach's royal palace would go crazy since they excel at building castles. Also fromsoft likes to make variety builds so kido, hado, bakudo builds would go crazy. Yeah not everything fits with fromsoft like multiple fleshed out characters, fast paced combat, creating lively cities etc. but I think they could adapt to that. Sekiro was so much better at fast pacing combat f","Welcome to the Bleach Subreddit! We're as excited as you at the release of the Thousand Year Blood War anime! We understand that some of you are unable to view the anime in your region, but please don't post links to or mention piracy websites. Doing so will result in a ban. 

Also, please be courteous to those who haven't read the manga and mark all spoilers. 


*I am a bot, and this action was performed automatically. Please [contact the moderators of this subreddit](/message/compose/?to=/r/bleach) if you have any questions or concerns.*",Bleach,https://www.reddit.com/r/bleach/comments/1kiac0n/bleach_game_made_by_from_software/,1,1,1,1746766158.0,rumor
Anyone else feel like this was a wasted concept,,Well the reason it was buried is because Quilge and his people were killed and Hueco Mundo wasn’t under the control of Yhwach.,Bleach,https://i.redd.it/rwxxq0obpoze1.jpeg,1,1,1,1746765055.0,rumor
"Name a Bleach character, and I'll tell you why I like/dislike them.",,Rukia Kuchiki,Bleach,https://i.redd.it/0mjgc8aqhoze1.jpeg,1,1,1,1746762500.0,rumor
My Rukia cosplay!,,LOVE!,Bleach,https://i.redd.it/ri0goixr9oze1.png,1,1,1,1746759833.0,rumor
Why the hell does Mayuri have the most bizarre fashion sense especially considering Kubo's use of fashion in the series?,[removed],,Bleach,https://www.reddit.com/gallery/1ki8bng,1,0,0,1746759149.0,rumor
What is your favorite Gotei 13 captain and why? I'll start.,[removed],,Bleach,https://www.reddit.com/gallery/1ki8bli,1,0,0,1746759144.0,rumor
How Did The Humans Not Go Extinct Pre Realm Split ? They Have No Abilities For Defense Outside Of Rare Cases.,,So the Soul King specifically did it to save the human race?,Bleach,https://i.redd.it/enrubx666oze1.png,1,1,1,1746758614.0,rumor
The anime saved this panel for me,"Not even the colored version of the manga saved it but the color. The reflecting of light does so much for the panel that otherwise wouldn't have been shown. 

My one compliment to the anime.",Only one compliment for the anime?,Bleach,https://www.reddit.com/gallery/1ki7vq2,1,1,1,1746757694.0,rumor
Who has the strongest bankai,Grim is already a shinigami and we got grandpa uncle as the head captain. Ok then. My vote was gonna fall on Bugz Bunny with that Carrot Zanpakuto.,Feels like those 2 should be squad zero in this universe.,Bleach,https://i.redd.it/a086xgo90oze1.jpeg,1,1,2,1746756631.0,rumor
why didn't yhwach kill ichigo?,"without using the ''plot'' argument, what is the reason why he didn't kill ichigo?","lol, it really is only plot. He could’ve killed him numerous times but where’s the fun in that",Bleach,https://www.reddit.com/r/bleach/comments/1ki6nej/why_didnt_yhwach_kill_ichigo/,1,1,1,1746753744.0,rumor
PlutoTV‬ is now streaming all 4 BLEACH movies for free (English sub),,"Welcome to the Bleach Subreddit! We're as excited as you at the release of the Thousand Year Blood War anime! We understand that some of you are unable to view the anime in your region, but please don't post links to or mention piracy websites. Doing so will result in a ban. 

Also, please be courteous to those who haven't read the manga and mark all spoilers. 


*I am a bot, and this action was performed automatically. Please [contact the moderators of this subreddit](/message/compose/?to=/r/bleach) if you have any questions or concerns.*",Bleach,http://youtube.com/post/UgkxEOcZ7C3Ukt6kvTFourt1iHNGGB3q0qQE?si=UJdnZ7nbmr5DTFlN,1,1,1,1746753696.0,rumor
Bleached_cursed.jpeg,,"Welcome to the Bleach Subreddit! We're as excited as you at the release of the Thousand Year Blood War anime! We understand that some of you are unable to view the anime in your region, but please don't post links to or mention piracy websites. Doing so will result in a ban. 

Also, please be courteous to those who haven't read the manga and mark all spoilers. 


*I am a bot, and this action was performed automatically. Please [contact the moderators of this subreddit](/message/compose/?to=/r/bleach) if you have any questions or concerns.*",Bleach,https://www.reddit.com/gallery/1ki6a43,1,1,1,1746752568.0,rumor
Some hanataro art I made,"I also made kisuke art but it's not as good
And the last two are mostly doodles
I practiced drawing him over and over until I could do it right","Welcome to the Bleach Subreddit! We're as excited as you at the release of the Thousand Year Blood War anime! We understand that some of you are unable to view the anime in your region, but please don't post links to or mention piracy websites. Doing so will result in a ban. 

Also, please be courteous to those who haven't read the manga and mark all spoilers. 


*I am a bot, and this action was performed automatically. Please [contact the moderators of this subreddit](/message/compose/?to=/r/bleach) if you have any questions or concerns.*",Bleach,https://www.reddit.com/gallery/1ki5sup,1,1,1,1746751079.0,rumor
Tier list: How would Bleach male characters react to Rangiku in a bikini?,,They literally don't give a damn . Have you ?,Bleach,https://i.redd.it/71wmja0lgnze1.jpeg,1,1,1,1746750008.0,rumor
Can’t believe WE all thought Chad stood a chance against shunshui😭✌🏿,Beginning of series bleach was kinda wonky with scaling lmao,I HONESTLY think they could have had the Chad situation and the Yammy situation at the same time. They could have shown Byakuya and Kenpachi fighting Yammy for a while until Ichigo and his friends show up. Then all of them could have fought Yammy as a raid boss witch Chad showing some new technique and taking the final blow vs Yammy as pay back from their previous fight.,Bleach,https://www.reddit.com/gallery/1ki54uy,1,1,1,1746748999.0,rumor
"Who’s on your Mount Rushmore of the Greatest Bleach Captains,Lieutenants and Espadas of All Time?","My Mount Rushmore of the Greatest Bleach Captains,Lieutenants and Espadas of All Time are:

Captains

Byakuya

Kenpachi 

Rukia

Yoruichi

Lieutenants

Rukia

Renji

Rangiku

Gin

Espadas 

Grimmjow

Nel

Harribel

Ulquiorra ","Thank you for posting to r/Bleach, unfortunately your submission has been removed for the following reason(s) :

&gt;Rule 7 : No low effort content - Low effort content includes, but is not limited to,

&gt;* inappropriate memes/fanart/content,

&gt;*ai art, and ai content

&gt;* screenshots of people not liking Bleach. Everyone is allowed to have different opinions.

&gt;* questions that can be easily with a google search, or by searching on the subreddit. 

**If you have any questions about this removal, feel free to [message the mods](https://www.reddit.com/message/compose?to=/r/Bleach).**",Bleach,https://www.reddit.com/gallery/1ki4xvi,1,1,1,1746748437.0,rumor
Is Rangiku in Your favorite group here? Or maybe You prefer different group?,,"Thank you for posting to r/Bleach, unfortunately your submission has been removed for the following reason(s) :

&gt;Rule 7 : No low effort content - Low effort content includes, but is not limited to,

&gt;* inappropriate memes/fanart/content,

&gt;*ai art, and ai content

&gt;* screenshots of people not liking Bleach. Everyone is allowed to have different opinions.

&gt;* questions that can be easily with a google search, or by searching on the subreddit. 

**If you have any questions about this removal, feel free to [message the mods](https://www.reddit.com/message/compose?to=/r/Bleach).**",Bleach,https://i.redd.it/kr90hpn4ymze1.jpeg,1,1,1,1746746077.0,rumor
W?,,"Thank you for posting to r/Bleach, unfortunately your submission has been removed for the following reason(s) :

&gt;Rule 9 : Tag spoilers properly - 

&gt;**No spoilers in titles allowed.**

&gt;Use the spoiler text tags to hide spoilers in a comment if the post itself is not spoiler tagged this way: `&gt;!Spoiler here!&lt;`

Please note: Bleach content not yet animated is considered a spoiler to ensure anime only viewers don't have some of the best twists in the series ruined for them from the subreddit. TYBW content that is manga only, CYFOW content, and 10th anniversary One Shot content must be marked properly as spoilers.

**If you have any questions about this removal, feel free to [message the mods](https://www.reddit.com/message/compose?to=/r/Bleach).**",Bleach,https://i.redd.it/rhs9x95l4nze1.png,1,1,1,1746745999.0,rumor
Where is this from?,[removed],,Bleach,https://www.reddit.com/gallery/1ki3phf,1,0,0,1746744867.0,rumor
Your birth month is your wife.,,He who is born in November suffers greatly to these posts.,Bleach,https://i.redd.it/fm2s8aetwmze1.jpeg,1,1,1,1746743386.0,rumor
"As sad as this moment is, it makes me laugh because Chad, Orihime, and Uryu can still see Rukia",Kinda makes Ichigo look like a schizophrenic here 😅,He at least have his clean drip :3,Bleach,https://i.redd.it/up5leefiqmze1.jpeg,1,1,1,1746741240.0,rumor
I was into Blazblue long before I tried Bleach but now I realize these are the same character,[Art Source](https://www.deviantart.com/jamessonic/art/Hazama-vs-Gin-Icon-103-883944052),Same English voice actor too…..,Bleach,https://i.redd.it/2qp6x99cnmze1.jpeg,1,1,1,1746740173.0,rumor
Question concerning Ichigo's Hollow and Quincy powers (Manga Spoilers),"In Chapter 680, Yhwach absorbs Ichigo's Quincy powers, and the Hollow powers along with them. Yhwach then goes down to Soul Society, leaving Ichigo and the others. Ichigo never uses his Quincy or Hollow powers again after this point, even after Tsukishima uses his Book Of The End, and makes it so his Bankai was never broken.

The reason I come her to inquire about this plot point is that, from much of the discussion I've seen, most people seem to speak about Ichigo as if he still has these abilities? Is it stated somewhere that he got them back after Yhwach's defeat? I suppose it's possible he got them back when Tsukishima altered the past, but if so, it's never stated. Or is this just a fandom thing?

We know that Ichigo keeps his Soul Reaper powers, due to both the 10 year timeskip and No Breaths From Hell. And we also know his Soul Reaper and Hollow powers are intrinsically linked. Am I overthinking this? Definitely, but it bothers me, so I figured I'd ask here, see if anyone had any clue as to the answer for my confusion.","Welcome to the Bleach Subreddit! We're as excited as you at the release of the Thousand Year Blood War anime! We understand that some of you are unable to view the anime in your region, but please don't post links to or mention piracy websites. Doing so will result in a ban. 

Also, please be courteous to those who haven't read the manga and mark all spoilers. 


*I am a bot, and this action was performed automatically. Please [contact the moderators of this subreddit](/message/compose/?to=/r/bleach) if you have any questions or concerns.*",Bleach,https://www.reddit.com/r/bleach/comments/1ki1ykx/question_concerning_ichigos_hollow_and_quincy/,1,1,1,1746740169.0,rumor
Favorite character Race/Soul-Type Swap art?(this one's by HappyMonkeyRookie),"Mine's probably this Arrancar Bambietta, what's yours?","Welcome to the Bleach Subreddit! We're as excited as you at the release of the Thousand Year Blood War anime! We understand that some of you are unable to view the anime in your region, but please don't post links to or mention piracy websites. Doing so will result in a ban. 

Also, please be courteous to those who haven't read the manga and mark all spoilers. 


*I am a bot, and this action was performed automatically. Please [contact the moderators of this subreddit](/message/compose/?to=/r/bleach) if you have any questions or concerns.*",Bleach,https://www.reddit.com/r/bleach/comments/1gh89pw/bambietta_as_an_arrancar/?tl=es-es,1,1,1,1746739606.0,rumor
Need help with a question.,In what EP does Captain Komamura leave the Dongai? ,"Welcome to the Bleach Subreddit! We're as excited as you at the release of the Thousand Year Blood War anime! We understand that some of you are unable to view the anime in your region, but please don't post links to or mention piracy websites. Doing so will result in a ban. 

Also, please be courteous to those who haven't read the manga and mark all spoilers. 


*I am a bot, and this action was performed automatically. Please [contact the moderators of this subreddit](/message/compose/?to=/r/bleach) if you have any questions or concerns.*",Bleach,https://www.reddit.com/r/bleach/comments/1ki1o3v/need_help_with_a_question/,1,1,1,1746739412.0,rumor
Who’s on your Mount Rushmore of the Greatest Bleach Villains of All Time?,"My Mount Rushmore of the Greatest Bleach Villains of All Time are:

Aizen 

Yhwach

Ulquiorra 

Grimmjow",Gotcha.,Bleach,https://i.redd.it/53wx3yr8kmze1.jpeg,1,1,2,1746739132.0,rumor
Am i buggin or did she just hit a blunt,,"Welcome to the Bleach Subreddit! We're as excited as you at the release of the Thousand Year Blood War anime! We understand that some of you are unable to view the anime in your region, but please don't post links to or mention piracy websites. Doing so will result in a ban. 

Also, please be courteous to those who haven't read the manga and mark all spoilers. 


*I am a bot, and this action was performed automatically. Please [contact the moderators of this subreddit](/message/compose/?to=/r/bleach) if you have any questions or concerns.*",Bleach,https://i.redd.it/ub5ge1v0gmze1.png,1,1,1,1746737738.0,rumor
Why is One Piece considered to be better than Bleach even though Bleach is objectively better?,[removed],,Bleach,https://www.reddit.com/r/bleach/comments/1ki0plq/why_is_one_piece_considered_to_be_better_than/,1,0,0,1746736997.0,rumor
15 mins ago this was my english notes,,,Bleach,https://i.redd.it/0hja22cfcmze1.jpeg,1,0,0,1746736506.0,rumor
Do you have be born/ die in Japan to go to soul society?,,Probably? Or at least in Asia. There are other soul societies,Bleach,https://i.redd.it/mekcyw9lamze1.jpeg,1,1,2,1746735886.0,rumor
Who is your favorite character and why?,[removed],,Bleach,https://www.reddit.com/gallery/1khzsd1,1,0,0,1746734722.0,rumor
Which squad would you want to be in and why?,,"Ah, my dear user, my previous squad was the Twelfth Division in the Gotei 13. A rather intriguing bunch, wouldn't you agree?

*beep boop, I'm a bot*",Bleach,https://i.redd.it/rbsg0dim6mze1.jpeg,1,1,1,1746734552.0,rumor
I saw a theory and I want to discuss it and hear your opinion about it,"Bleach Theories

Ichigo used the Quincy to defeat Aizen and did not use the Final Fitsiga Tensho
Black Energy

When Yuha Bacha used his Omaite energy, it was characterized by darkness, and a strange black energy spread around him, similar to reiatsu, but calmer and more stable. The same descriptions apply to Ichigo when he used the (Final Fetseva Tensho) technique
Similarity of shapes

K/S

This point does not need much explanation, yet it is the most important point. As soon as we look at the two characters, we can notice the clear and prominent similarity between them, whether in the blackness of the hair or the redness of the eyes
Similarity of Style

If we ignore the similarity of the two characters in appearance and powers and focus on the similarity of dialogue and style of speech, we will notice that each of them acts with great confidence and great composure since unleashing his technique, to the point that he explains how it works to his enemy. What is strange is that both of them were facing Aizen
To match the abilities

When Ishida unleashed his full (Gauntlet Power) in his fight against Ma Yuri, it was mentioned that he would not regain his powers after that, so the sam","I think that Ichigo's hair being black from mugetsu MIGHT, MAYBE, be a hint at him having power from Yhwach as a quincy, but even that's a bit of a strentch",Bleach,https://www.reddit.com/gallery/1khzhrq,1,1,1,1746734013.0,rumor
Gin: I’m a Snake.  Meanwhile Izuru…,"If not fox, why fox shaped?  Izuru’s okay, just a lil traumatized ","i mean...

https://preview.redd.it/jqpt89d9amze1.png?width=1049&amp;format=png&amp;auto=webp&amp;s=896a761fd288d7380fef574f503983d16661a36e",Bleach,https://www.reddit.com/gallery/1khyk63,1,1,2,1746731712.0,rumor
Thanks Yhwach 😒,,Nice little detail,Bleach,https://i.redd.it/rmgpi7xurlze1.jpeg,1,1,1,1746729647.0,rumor
Give me your best drawing on this and draw this in your style,,Might post in a while,Bleach,https://www.reddit.com/gallery/1khxm4g,2,1,1,1746729403.0,rumor
Nniotra might be the most underrated character in THE SERIES. Kubo has a gift for giving (most) of his characters a hefty amount of depth with very little screentime,,"He's an irredeemable asshole who just wants his own misery to end in a way he deemed himself only worthy to die then. I agree. I really like him he truly represents despair and how it can affect someone(plus it's probably my 3rd favorite eapada fight).

Kubo is incredibly gifted at all things character whether it's writing, design, powers, etc. On my first watch of the anime, I thought he was just a sexist asshole but upon further rewatches, I think he is probably in the top 5 most depressed characters in the show. Constantly loathing everyone and everything despair incarnate is defeated by someone who finds joy in only battle. Giving the despair the ending he so desperately wanted. Plus, I'm a huge fan of Kubo letting him die. He needed to die, but he was given the one thing he always wan",Bleach,https://i.redd.it/z703v32kqlze1.png,1,1,2,1746729149.0,rumor
Nniotra might be the most underrated character in THE SERIES,,"Welcome to the Bleach Subreddit! We're as excited as you at the release of the Thousand Year Blood War anime! We understand that some of you are unable to view the anime in your region, but please don't post links to or mention piracy websites. Doing so will result in a ban. 

Also, please be courteous to those who haven't read the manga and mark all spoilers. 


*I am a bot, and this action was performed automatically. Please [contact the moderators of this subreddit](/message/compose/?to=/r/bleach) if you have any questions or concerns.*",Bleach,https://www.reddit.com/gallery/1khxgfj,1,1,1,1746729030.0,rumor
I wish there was a Bleach game made by From Software,[removed],,Bleach,https://www.reddit.com/r/bleach/comments/1khw4ld/i_wish_there_was_a_bleach_game_made_by_from/,1,0,0,1746725877.0,rumor
No breathes from hell,Is there a physical release for this anywhere? I'd like to add it to my collection if i can,"Welcome to the Bleach Subreddit! We're as excited as you at the release of the Thousand Year Blood War anime! We understand that some of you are unable to view the anime in your region, but please don't post links to or mention piracy websites. Doing so will result in a ban. 

Also, please be courteous to those who haven't read the manga and mark all spoilers. 


*I am a bot, and this action was performed automatically. Please [contact the moderators of this subreddit](/message/compose/?to=/r/bleach) if you have any questions or concerns.*",Bleach,https://www.reddit.com/r/bleach/comments/1khvn4t/no_breathes_from_hell/,1,1,1,1746724709.0,rumor
Creepy homeless guy,,"I already look creepy😭😂

Thanks",Bleach,https://www.reddit.com/gallery/1khvi8k,1,1,1,1746724374.0,rumor
Ichigo got some competition..,,I love how I literally left r/Dragonballsuper because of this shit and now it's popping up here,Bleach,https://i.redd.it/l25ifltyalze1.jpeg,1,1,1,1746723908.0,rumor
Teleportation Kido in TYBW,"In the flashback arc, we're shown that Tessai Tsukabishi was banned from Soul Society because he used the forbidden teleportation Kido to transport the would-be visoreds to Urahara's lab.
Even though it's forbidden, why didn't they use that to like, teleport all captains to Yhwach' face and dogpile him? Are they stupid?","The real question is where is the current captain of the Kido corp throughout the whole story? Where is the kido corp in general? 

Tessai not being there during the war isn't that big of a deal to me. Kubo already had a hard time giving proper screen time to the existing cast.",Bleach,https://i.redd.it/r14y35ev4lze1.jpeg,1,1,1,1746721856.0,rumor
Really confused by order Hueco Mundo arc,"Hi guys,

Currently rewatching Bleach and finishing the series. I made the mistake of watching the Bount arc the first time and it definitely deterred me from continuing for a long time lol. I'm now back to finish the show. I'm at the ep where Inoue is imprisoned in the 5th building and the four captains have joined the rest of the gang to help them in Hueco Mundo. This would be s 13 ep 203. Which eps can I skip to continue where this ep left off? I want to skip the other plot lines and continue w the rest of the Hueco Mundo arc. I remember watching Ichigo defeat Ulquiorra and him asking about where his heart is or something but I can't find the correct starting point.

Much appreciated if anyone can point me to the right direction!",Ooo okay I'll go right back then! Thank you for the heads up! 🫡,Bleach,https://www.reddit.com/r/bleach/comments/1khtxwv/really_confused_by_order_hueco_mundo_arc/,1,1,2,1746720577.0,rumor
Who are the 10 most Strongest in Jujutsu Kaisen?,[removed],,JujutsuKaisen,https://i.redd.it/qd5jaggsfv1f1.jpeg,1,1,0,1747718295.0,rumor
Turn based JJK game I made,[removed],,JujutsuKaisen,https://www.reddit.com/r/JuJutsuKaisen/comments/1kqs8ws/turn_based_jjk_game_i_made/,1,1,0,1747702559.0,rumor
I require an artist,[removed],,JujutsuKaisen,https://www.reddit.com/r/JuJutsuKaisen/comments/1kqpbhs/i_require_an_artist/,1,1,0,1747694031.0,rumor
How did Gojo knew Toji was from the Zenin clan ?,"During the last part of their fight, just before Gojo unleashed purple, he explained the advantages/disadvantages of having a technique from one of the main clans. He clearly identifies Toji as a Zenin, both in the manga and the anime. ",,JujutsuKaisen,https://www.reddit.com/r/JuJutsuKaisen/comments/1kqj16i/how_did_gojo_knew_toji_was_from_the_zenin_clan/,1,1,0,1747678967.0,rumor
Need help with ideas for a domain expansion name,[removed],,JujutsuKaisen,https://www.reddit.com/r/JuJutsuKaisen/comments/1kqartz/need_help_with_ideas_for_a_domain_expansion_name/,1,1,0,1747658723.0,rumor
Mei mei cosplay by Frame,,,JujutsuKaisen,https://i.redd.it/rd3en6gq2p1f1.png,1,1,0,1747641261.0,rumor
JJK Kaitama•Tamaori Stage Play Poster,"https://jujutsukaisen-stage.com/

The stage play ""Jujutsu Kaisen"" -Kaitama/Tamaori- will be performed on

◢◤August 2025 in Tokyo, September in Osaka◢◤

Starring:

- Ryosuke Miura as Satoru Gojo

- Rei Fujita as Suguru Geto



",I’m a bit disappointed that the film is only the Hidden Inventory / Premature Death arc… but a theatre show of it would SLAP!!! I’d love to see this 😭😂,JujutsuKaisen,https://i.redd.it/4xubp89dzn1f1.jpeg,1,1,1,1747628023.0,rumor
this meme got 100000000 times funnier after he got his ass whooped,[removed],,JujutsuKaisen,https://www.reddit.com/r/JuJutsuKaisen/comments/1kq2d49/this_meme_got_100000000_times_funnier_after_he/,1,1,0,1747626450.0,rumor
Please I need this,[removed],,JujutsuKaisen,https://i.redd.it/oj5dp55xnm1f1.jpeg,1,1,0,1747612130.0,rumor
Who’s More Talented Gojo or Sukuna - Jujutsu Kaisen Talent vs Hard Work Explained,[removed],,JujutsuKaisen,https://www.reddit.com/r/JuJutsuKaisen/comments/1kpwdj5/whos_more_talented_gojo_or_sukuna_jujutsu_kaisen/,1,1,0,1747607470.0,rumor
Good Mahito=Nerf??,[removed],,JujutsuKaisen,https://i.redd.it/l7ocajpu2m1f1.jpeg,1,1,0,1747604979.0,rumor
Who in your opinion has the worst mentality for jujutsu?,,"Miwa calls herself useless, so hard to beat that. She'll never be another Kusakabe with that attitude.",JujutsuKaisen,https://i.redd.it/908rutoe0m1f1.jpeg,691,87,157,1747604157.0,rumor
Season 3 release date,,,JujutsuKaisen,https://i.redd.it/0ytzc32bbl1f1.jpeg,1,1,0,1747595717.0,rumor
Sukuna as a Cat,[removed],,JujutsuKaisen,https://www.wattpad.com/1542603357?utm_source=ios&amp;utm_medium=link&amp;utm_content=share_reading&amp;wp_page=reading&amp;wp_uname=happyplace2019,1,1,0,1747589202.0,rumor
A Jujutsu Kaisen Keichō-period Story,[removed],,JujutsuKaisen,https://www.reddit.com/r/JuJutsuKaisen/comments/1kpnvow/a_jujutsu_kaisen_keichōperiod_story/,1,1,0,1747585451.0,rumor
DELTA KIASEN,Shit post,"Dude, it’s a parody

Who said anything AU’s??",JujutsuKaisen,https://www.reddit.com/gallery/1kpl1yh,1,1,4,1747577940.0,rumor
cool,[removed],,JujutsuKaisen,https://www.reddit.com/r/JuJutsuKaisen/comments/1kpkc40/cool/,1,1,0,1747575935.0,rumor
Gojo Soul Preception/Gojo v Mahito,[removed],,JujutsuKaisen,https://www.reddit.com/r/JuJutsuKaisen/comments/1kpj2s2/gojo_soul_preceptiongojo_v_mahito/,1,1,0,1747572124.0,rumor
"You are my special, my only special.",,,JujutsuKaisen,https://i.redd.it/j1gumob74j1f1.jpeg,1,1,0,1747569165.0,rumor
Live Jogoat reaction to a 27 year old that couldn’t have refined his domain for more than a decade easily overpowered 1000 years of domain refinement,,,JujutsuKaisen,https://i.redd.it/s27oeabsri1f1.jpeg,1,1,0,1747564937.0,rumor
Where can we watch the new movie if we’re not from Japan?,[removed],,JujutsuKaisen,https://www.reddit.com/r/JuJutsuKaisen/comments/1kpek79/where_can_we_watch_the_new_movie_if_were_not_from/,1,1,0,1747554152.0,rumor
Did Gojo’s eyes tell him about Riko’s bounty?,"When gojo is on the phone with suguru he asks about the bounty and exact amount before geto brings it up, how did he get this info from his eyes, tf is his pov?",...He got it from the guy whose ass he just kicked?,JujutsuKaisen,https://www.reddit.com/r/JuJutsuKaisen/comments/1kpdhsv/did_gojos_eyes_tell_him_about_rikos_bounty/,1,1,1,1747549706.0,rumor
My YouTube channel,[removed],,JujutsuKaisen,https://www.reddit.com/r/JuJutsuKaisen/comments/1kpbq2b/my_youtube_channel/,1,1,0,1747542739.0,rumor
Could hakari survive?,[removed],,JujutsuKaisen,https://www.reddit.com/gallery/1kpacc6,1,1,0,1747537820.0,rumor
How CE effects speed in JJK?,[removed],,JujutsuKaisen,https://www.reddit.com/r/JuJutsuKaisen/comments/1kp8udo/how_ce_effects_speed_in_jjk/,1,1,0,1747532702.0,rumor
Mahito potential,[removed],,JujutsuKaisen,https://www.reddit.com/r/JuJutsuKaisen/comments/1kp8klr/mahito_potential/,1,1,0,1747531788.0,rumor
English dub blu ray for S02E17,[removed],,JujutsuKaisen,https://www.reddit.com/r/JuJutsuKaisen/comments/1kp8aaz/english_dub_blu_ray_for_s02e17/,1,1,0,1747530840.0,rumor
What if that character didn't show up for the climax of Shinjuku Showdown?,"Everything in shinjuku showdown goes as in canon. But Nobara doesn't wake up (or died to mahito, whatever). The first effect this will have on the fight is that sukuna doesn't get interrupted when casting his domain. Do you think Yuji can shrink his domain? If not, he loses pretty quick. And at that point, what's next? Would Mei Mei come join the fight? Miguel? Maki and Ino? And would they win? Would Hakari finally get his true win since Uraume doesn't off herself?","Sukuna opens his domain, immediately shuts Yuji down, kills him, and then expands Malevolent Shrine to the full 200m range before using another Fuga which will kill Todo and Angel as well. Nobody left to fight Sukuna, he RCTs his wounds back as best as he can, saves Uraume from Hakari and then Sukuna restores his full power before ending the culling games and battling the merger",JujutsuKaisen,https://www.reddit.com/r/JuJutsuKaisen/comments/1kp6uom/what_if_that_character_didnt_show_up_for_the/,1,1,1,1747526249.0,rumor
Who beats sukuna 100%,[removed],,JujutsuKaisen,https://www.reddit.com/r/JuJutsuKaisen/comments/1kp4r4e/who_beats_sukuna_100/,1,1,0,1747519957.0,rumor
What kind of Jujutsu Kaisen ending would you like?,[removed],,JujutsuKaisen,https://www.reddit.com/r/JuJutsuKaisen/comments/1kp2wbx/what_kind_of_jujutsu_kaisen_ending_would_you_like/,1,1,0,1747514813.0,rumor
Gojo in real life,,,JujutsuKaisen,https://i.redd.it/57hx15ezge1f1.jpeg,1,1,0,1747512880.0,rumor
sukuna from vol 25 cover,[removed],,JujutsuKaisen,https://i.redd.it/m8zzh5dgyd1f1.jpeg,1,1,0,1747506646.0,rumor
my basketball yuuji cosplay!,,,JujutsuKaisen,https://www.reddit.com/gallery/1kozp32,1,1,0,1747506347.0,rumor
Tried to draw the GOAT,,,JujutsuKaisen,https://i.redd.it/akw0nyq9bd1f1.jpeg,1,1,0,1747498856.0,rumor
OC-Toji Fushiguro Fan Art,[removed],,JujutsuKaisen,https://i.redd.it/g2lix5qb5d1f1.jpeg,1,1,0,1747496854.0,rumor
How much you'd rate it out of 10...XD,,,JujutsuKaisen,https://i.redd.it/uzbgbus3zc1f1.png,1,1,0,1747494759.0,rumor
Sukuns and Gojo chibi FanArt,[removed],,JujutsuKaisen,https://www.reddit.com/r/JuJutsuKaisen/comments/1korwtn/sukuns_and_gojo_chibi_fanart/,1,1,0,1747485210.0,rumor
The Potential of Nobara's Power-Set: A Nobara Theorycraft Rant Stew,[removed],,JujutsuKaisen,https://www.reddit.com/r/JuJutsuKaisen/comments/1komj1z/the_potential_of_nobaras_powerset_a_nobara/,1,1,0,1747463811.0,rumor
The Potential of Nobara's Power-Set: Nobara Theorycraft Rant Stew,[removed],,JujutsuKaisen,https://www.reddit.com/r/JuJutsuKaisen/comments/1komfta/the_potential_of_nobaras_powerset_nobara/,1,1,0,1747463453.0,rumor
"""Jujutsu Kaisen Phantom Parade"" The Half-Year Anniversary Special Website",,,JujutsuKaisen,https://jujutsuphanpara.biligames.com/halfanniversary/en-US.html,1,1,0,1747452912.0,rumor
Is there an upcoming game or at LEAST a game I can live my jujutsu sorcerer fantasy?,[removed],,JujutsuKaisen,https://www.reddit.com/r/JuJutsuKaisen/comments/1koa7jc/is_there_an_upcoming_game_or_at_least_a_game_i/,1,1,0,1747425365.0,rumor
Got the new book today,[removed],,JujutsuKaisen,https://i.redd.it/fd913ja5871f1.jpeg,1,1,0,1747425176.0,rumor
I love drawing my princess's hair,,Awn thanks! I appreciate your encouragement ^^,JujutsuKaisen,https://i.redd.it/y93hahgdr61f1.png,1,1,2,1747419533.0,rumor
gege added on purpose or random?,[removed],,JujutsuKaisen,https://i.redd.it/z2mhiizve61f1.jpeg,1,1,0,1747415317.0,rumor
Top 10 Strongest in Jujutsu Kaisen,[removed],,JujutsuKaisen,https://i.redd.it/grlasaa7d61f1.jpeg,1,1,0,1747414752.0,rumor
"Wrong question, Yuki",,"Woah woah, pump the fucking breaks.

There was absolutely nothing gay about Geto and Gojo’s friendship. They obviously loved each other and respected each other but that doesn’t make them inherently gay.",JujutsuKaisen,https://i.redd.it/c6ht8euf961f1.jpeg,1290,51,1,1747413485.0,rumor
Jjk,[removed],,JujutsuKaisen,https://i.redd.it/2vlfyx6e151f1.jpeg,1,1,0,1747398672.0,rumor
Fuck Choso!,[removed],,JujutsuKaisen,https://www.reddit.com/gallery/1knvajr,1,1,0,1747381891.0,rumor
"Just because two guys are emotionally destroyed over each other doesn’t mean they’re dating, bruh",[removed],,JujutsuKaisen,https://www.reddit.com/r/JuJutsuKaisen/comments/1kntze7/just_because_two_guys_are_emotionally_destroyed/,1,1,0,1747376380.0,rumor
The Name of Yuji's domain.,,,JujutsuKaisen,https://www.reddit.com/gallery/1knta3p,1,1,0,1747373550.0,rumor
demon slayer,[removed],"Hello u/dragonflyjerrycan, Please do not post here. We have moved to r/KimetsuNoYaiba. Subscribe and post on that community. Thank you!


*I am a bot, and this action was performed automatically. Please [contact the moderators of this subreddit](/message/compose/?to=/r/DemonSlayer) if you have any questions or concerns.*",DemonSlayer,https://www.reddit.com/r/DemonSlayer/comments/1ch1bxr/demon_slayer/,1,1,1,1714505052.0,rumor
Opinions on the MC,[removed],"Hello u/Oogalyboogalyer, Please do not post here. We have moved to r/KimetsuNoYaiba. Subscribe and post on that community. Thank you!


*I am a bot, and this action was performed automatically. Please [contact the moderators of this subreddit](/message/compose/?to=/r/DemonSlayer) if you have any questions or concerns.*",DemonSlayer,https://www.reddit.com/r/DemonSlayer/comments/1cgqzzt/opinions_on_the_mc/,1,1,1,1714478199.0,rumor
"Join r/KimetsuNoYaiba, the official subreddit for the series Demon Slayer!",,Manga spoilers though,DemonSlayer,https://www.reddit.com/r/KimetsuNoYaiba,15,11,2,1677265342.0,rumor
What is your favorite line from demon slayer?,"Mine has to be when Tanjiro is fighting Rue and he says to him, “the bond between Nezuko and I, can’t be broken, not by anyone!” 🥺🤧💕","Go ahead and live with your head held high! No matter how devastated you may be by your own weakness or uselessness…set your heart ablaze. Grit your teeth and look straight ahead Even if you stop and crouch down, time won't wait for you or snuggle you and grieve along with you",DemonSlayer,https://www.reddit.com/r/DemonSlayer/comments/voubqt/what_is_your_favorite_line_from_demon_slayer/,80,64,51,1656658101.0,rumor
Simply beautiful,,,DemonSlayer,https://i.redd.it/vsvw6k2dew891.png,1,0,0,1656655680.0,rumor
"I've never watched Demon Slayer, Ask me questions and I'll pretend like I know what I'm talking about.",,"Mizan definitely wanted to help humanity fight against demons.
Inosuke, you mean that blue colored demon like the lover of daki right I love him.
(I tried my best lol )",DemonSlayer,https://www.reddit.com/r/DemonSlayer/comments/votlkf/ive_never_watched_demon_slayer_ask_me_questions/,13,19,4,1656655443.0,rumor
(Demon slayer Cursed images) Mr incredible becoming uncanny,,The ship one should be the last stage. It was truly cursed while the others were not so cursed.,DemonSlayer,https://youtu.be/uSZZkWR5iH0,2,3,2,1656653802.0,rumor
Does anyone know the reference picture for this sketch of Zenitsu I made a few years ago?,[deleted],"Please be careful with spoilers. Want to talk about the game? Join our discord: https://discord.gg/Pg82WKdEUe 

*I am a bot, and this action was performed automatically. Please [contact the moderators of this subreddit](/message/compose/?to=/r/DemonSlayer) if you have any questions or concerns.*",DemonSlayer,https://www.reddit.com/r/DemonSlayer/comments/vot1m0/does_anyone_know_the_reference_picture_for_this/,1,1,1,1656653477.0,rumor
shinobu,,,DemonSlayer,https://i.redd.it/ujgujtty9v891.jpg,2,0,0,1656642094.0,rumor
These are all of the Demon Slayer earrings that I have made!! (NOT FOR SALE),,"Please be careful with spoilers. Want to talk about the game? Join our discord: https://discord.gg/Pg82WKdEUe 

*I am a bot, and this action was performed automatically. Please [contact the moderators of this subreddit](/message/compose/?to=/r/DemonSlayer) if you have any questions or concerns.*",DemonSlayer,https://www.reddit.com/gallery/volyoy,1,1,1,1656631369.0,rumor
Demon Slayer「EDIT」RELAX,,"Please be careful with spoilers. Want to talk about the game? Join our discord: https://discord.gg/Pg82WKdEUe 

*I am a bot, and this action was performed automatically. Please [contact the moderators of this subreddit](/message/compose/?to=/r/DemonSlayer) if you have any questions or concerns.*",DemonSlayer,https://www.youtube.com/watch?v=TjFiQQGg7_Q&amp;ab_channel=RainyWinter,38,1,1,1656593618.0,rumor
Tanjirou Kimetsunoyaiba,[deleted],"Please be careful with spoilers. Want to talk about the game? Join our discord: https://discord.gg/Pg82WKdEUe 

*I am a bot, and this action was performed automatically. Please [contact the moderators of this subreddit](/message/compose/?to=/r/DemonSlayer) if you have any questions or concerns.*",DemonSlayer,https://i.redd.it/plcdazi89r891.jpg,1,1,1,1656593424.0,rumor
Naoya vs Akaza,,"Please be careful with spoilers. Want to talk about the game? Join our discord: https://discord.gg/Pg82WKdEUe 

*I am a bot, and this action was performed automatically. Please [contact the moderators of this subreddit](/message/compose/?to=/r/DemonSlayer) if you have any questions or concerns.*",DemonSlayer,https://i.redd.it/l1eledgcoq891.jpg,1,1,1,1656591112.0,rumor
some fanart I did a while ago,,,DemonSlayer,https://www.reddit.com/gallery/vnqfu0,1,0,0,1656537198.0,rumor
No asking,,IT'S MICHAEL JACKSON?,DemonSlayer,https://i.redd.it/nz9jex139n891.jpg,43,6,5,1656526940.0,rumor
Demon Slayer In One Sentence (Meme),,,DemonSlayer,https://youtu.be/MowMlJ3eWvw,1,0,0,1656517705.0,rumor
Some sketches i decided to do while impatiently waiting for anime season 3! Should i finish these and bring them to digital...? Looking for honest opinions,,"Please be careful with spoilers. Want to talk about the game? Join our discord: https://discord.gg/Pg82WKdEUe 

*I am a bot, and this action was performed automatically. Please [contact the moderators of this subreddit](/message/compose/?to=/r/DemonSlayer) if you have any questions or concerns.*",DemonSlayer,https://www.reddit.com/gallery/vnhezs,2,1,1,1656513743.0,rumor
How’d my first DS cosplay go?,[deleted],You look beautiful!! Great cosplay!,DemonSlayer,https://i.redd.it/ordookl64m891.jpg,173,24,6,1656513186.0,rumor
Demon slayer is boring and overrated ngl,,Dafuq is the point of this post? Just a troll?,DemonSlayer,https://www.reddit.com/r/DemonSlayer/comments/vng9cp/demon_slayer_is_boring_and_overrated_ngl/,0,4,7,1656510505.0,rumor
Suma cosplay ✨,,"Please be careful with spoilers. Want to talk about the game? Join our discord: https://discord.gg/Pg82WKdEUe 

*I am a bot, and this action was performed automatically. Please [contact the moderators of this subreddit](/message/compose/?to=/r/DemonSlayer) if you have any questions or concerns.*",DemonSlayer,https://i.redd.it/a7t37hj1bk891.jpg,2,1,1,1656509278.0,rumor
No sword?,,"Please be careful with spoilers. Want to talk about the game? Join our discord: https://discord.gg/Pg82WKdEUe 

*I am a bot, and this action was performed automatically. Please [contact the moderators of this subreddit](/message/compose/?to=/r/DemonSlayer) if you have any questions or concerns.*",DemonSlayer,https://i.redd.it/4q79cwmtfj891.jpg,1,1,1,1656502968.0,rumor
Zoom in,,"Please be careful with spoilers. Want to talk about the game? Join our discord: https://discord.gg/Pg82WKdEUe 

*I am a bot, and this action was performed automatically. Please [contact the moderators of this subreddit](/message/compose/?to=/r/DemonSlayer) if you have any questions or concerns.*",DemonSlayer,https://i.redd.it/6psracjefj891.png,1,1,1,1656502757.0,rumor
Zenitsu’s Boulder training arc confirmed?,,i am now selling pictures from that server to my friends,DemonSlayer,https://i.redd.it/16wjkggyqi891.png,312,9,3,1656495875.0,rumor
I’m disappointed,They NEED to add demon slayer season 2 to netflix cause it’s the only place I can really watch anime and I’m so mad to the point   I haven’t even watched the last 2 episodes cause they don’t allow it only netflix.,"I mean you could always watch the last 2 ep pirated on a website, and buy manga to support the creator directly if that is what you are worried about, this is what I do mostly",DemonSlayer,https://www.reddit.com/r/DemonSlayer/comments/vn9d1p/im_disappointed/,21,18,7,1656485571.0,rumor
Did doodles of some characters! Enjoy!!,,"Please be careful with spoilers. Want to talk about the game? Join our discord: https://discord.gg/Pg82WKdEUe 

*I am a bot, and this action was performed automatically. Please [contact the moderators of this subreddit](/message/compose/?to=/r/DemonSlayer) if you have any questions or concerns.*",DemonSlayer,https://i.redd.it/isynxaagug891.png,1,1,1,1656467380.0,rumor
I Believe In Enmu Supremacy,,"Please be careful with spoilers. Want to talk about the game? Join our discord: https://discord.gg/Pg82WKdEUe 

*I am a bot, and this action was performed automatically. Please [contact the moderators of this subreddit](/message/compose/?to=/r/DemonSlayer) if you have any questions or concerns.*",DemonSlayer,https://i.redd.it/weej6ffjjg891.png,1,1,1,1656463778.0,rumor
Zenitsu Flaming Thunder God,,"Please be careful with spoilers. Want to talk about the game? Join our discord: https://discord.gg/Pg82WKdEUe 

*I am a bot, and this action was performed automatically. Please [contact the moderators of this subreddit](/message/compose/?to=/r/DemonSlayer) if you have any questions or concerns.*",DemonSlayer,https://i.redd.it/xxbux5dleg891.jpg,1,1,1,1656462048.0,rumor
"can someone tell me the updates and the release dates for demon slayer season 3, thank you :)",,"All we know now is Spring 2023, that’s official release date subject to change. My guess going off of Mugen Train U.S release and season 1 Japan release dates it’ll probably fall on April. Season 2 started airing December and mugen train came out in October in jp. The only spring related releases have both been on April so I have a feeling they’re shooting for that slot again but like I said only official thing we know is Spring 2023. If I made any mistakes feel free to let me know",DemonSlayer,https://www.reddit.com/r/DemonSlayer/comments/vmuabc/can_someone_tell_me_the_updates_and_the_release/,30,12,13,1656441218.0,rumor
Cursed timeline,,"Please be careful with spoilers. Want to talk about the game? Join our discord: https://discord.gg/Pg82WKdEUe 

*I am a bot, and this action was performed automatically. Please [contact the moderators of this subreddit](/message/compose/?to=/r/DemonSlayer) if you have any questions or concerns.*",DemonSlayer,https://i.redd.it/wd86r3fthc891.jpg,1,1,1,1656420572.0,rumor
Rendonut,,"Please be careful with spoilers. Want to talk about the game? Join our discord: https://discord.gg/Pg82WKdEUe 

*I am a bot, and this action was performed automatically. Please [contact the moderators of this subreddit](/message/compose/?to=/r/DemonSlayer) if you have any questions or concerns.*",DemonSlayer,https://i.redd.it/vo5yv07chc891.jpg,1,1,1,1656420282.0,rumor
DemonSlayer,[deleted],"Please be careful with spoilers. Want to talk about the game? Join our discord: https://discord.gg/Pg82WKdEUe 

*I am a bot, and this action was performed automatically. Please [contact the moderators of this subreddit](/message/compose/?to=/r/DemonSlayer) if you have any questions or concerns.*",DemonSlayer,https://i.redd.it/vpgyq9heac891.jpg,13,1,1,1656412320.0,rumor
Manga demon slayer tom 15,,"Please be careful with spoilers. Want to talk about the game? Join our discord: https://discord.gg/Pg82WKdEUe 

*I am a bot, and this action was performed automatically. Please [contact the moderators of this subreddit](/message/compose/?to=/r/DemonSlayer) if you have any questions or concerns.*",DemonSlayer,https://i.redd.it/o4hgo8qsod891.jpg,1,1,1,1656411200.0,rumor
Manga demon slayer tom 14,,"Please be careful with spoilers. Want to talk about the game? Join our discord: https://discord.gg/Pg82WKdEUe 

*I am a bot, and this action was performed automatically. Please [contact the moderators of this subreddit](/message/compose/?to=/r/DemonSlayer) if you have any questions or concerns.*",DemonSlayer,https://i.redd.it/5utaypeond891.jpg,1,1,1,1656410819.0,rumor
Manga demon slayer tom13,,"Please be careful with spoilers. Want to talk about the game? Join our discord: https://discord.gg/Pg82WKdEUe 

*I am a bot, and this action was performed automatically. Please [contact the moderators of this subreddit](/message/compose/?to=/r/DemonSlayer) if you have any questions or concerns.*",DemonSlayer,https://i.redd.it/b5jjjhyvmd891.jpg,1,1,1,1656410551.0,rumor
Manga demon slayer tom12,,"Please be careful with spoilers. Want to talk about the game? Join our discord: https://discord.gg/Pg82WKdEUe 

*I am a bot, and this action was performed automatically. Please [contact the moderators of this subreddit](/message/compose/?to=/r/DemonSlayer) if you have any questions or concerns.*",DemonSlayer,https://i.redd.it/i5kx8b6pmd891.jpg,1,1,1,1656410486.0,rumor
Manga demon slayer tom11,,,DemonSlayer,https://i.redd.it/7jn04hagmd891.jpg,1,0,0,1656410407.0,rumor
Manga demon slayer tom10,,,DemonSlayer,https://i.redd.it/x8kwa485md891.jpg,1,0,0,1656410298.0,rumor
Manga demon slayer tom09,,,DemonSlayer,https://i.redd.it/ug97ycoeld891.jpg,1,0,0,1656410059.0,rumor
Dad came back with the milk :),,"Please be careful with spoilers. Want to talk about the game? Join our discord: https://discord.gg/Pg82WKdEUe 

*I am a bot, and this action was performed automatically. Please [contact the moderators of this subreddit](/message/compose/?to=/r/DemonSlayer) if you have any questions or concerns.*",DemonSlayer,https://i.redd.it/r4vmna4qcx691.png,1,1,1,1656394932.0,rumor
Im Just here :),,,DemonSlayer,https://i.redd.it/yzjz54z0x9891.jpg,1,0,0,1656383496.0,rumor
Found this cool demon slayer grinder on Etsy,,"Please be careful with spoilers. Want to talk about the game? Join our discord: https://discord.gg/Pg82WKdEUe 

*I am a bot, and this action was performed automatically. Please [contact the moderators of this subreddit](/message/compose/?to=/r/DemonSlayer) if you have any questions or concerns.*",DemonSlayer,https://i.redd.it/w1h4iojbe9891.jpg,1,1,1,1656377204.0,rumor
This translation names made me laugh ( top left to Bottom right),,scream island my favorite hashira,DemonSlayer,https://www.reddit.com/gallery/vm8eqd,155,16,18,1656372023.0,rumor
"No spoilers please, but is it true there's o ly one more season until the final season?",[deleted],"Please be careful with spoilers. Want to talk about the game? Join our discord: https://discord.gg/Pg82WKdEUe 

*I am a bot, and this action was performed automatically. Please [contact the moderators of this subreddit](/message/compose/?to=/r/DemonSlayer) if you have any questions or concerns.*",DemonSlayer,https://www.reddit.com/r/DemonSlayer/comments/vm4l94/no_spoilers_please_but_is_it_true_theres_o_ly_one/,1,3,1,1656360421.0,rumor
shinobu and giyu are not stronger than yoriichi,I was on tiermaker.com and making tier lists on how strong the members of the demonslayer corps are and I looked at other people's and almost everyone who did that tier list put shinobu in top tier with people like gyomei and yoriichi and sanemi which confused me but some people even put giyu as the strongest member of the demonslayer corps above yoriichi and if you agree with that you are probably an anime only and should read the manga.,"That’s the problem with these arguments. “Strong” means so many things to different people. To me physical strength isn’t a necessity, honestly someone that can overcome their lack of strength seems even “stronger” to me",DemonSlayer,https://www.reddit.com/r/DemonSlayer/comments/vm3u09/shinobu_and_giyu_are_not_stronger_than_yoriichi/,14,14,5,1656358465.0,rumor
Pretty sure this is from demon slayer. Bought it from heroes con for $65 yesterday and wondering what character it belonged to.,,"Please be careful with spoilers. Want to talk about the game? Join our discord: https://discord.gg/Pg82WKdEUe 

*I am a bot, and this action was performed automatically. Please [contact the moderators of this subreddit](/message/compose/?to=/r/DemonSlayer) if you have any questions or concerns.*",DemonSlayer,https://www.reddit.com/gallery/vlwdyz,1,1,1,1656338987.0,rumor
Douma vs Sabito,,Cap or fax?,DemonSlayer,https://youtu.be/Q3kD2SmkIQY,1,1,1,1656315492.0,rumor
Douma vs Sabito,[deleted],"Please be careful with spoilers. Want to talk about the game? Join our discord: https://discord.gg/Pg82WKdEUe 

*I am a bot, and this action was performed automatically. Please [contact the moderators of this subreddit](/message/compose/?to=/r/DemonSlayer) if you have any questions or concerns.*",DemonSlayer,https://youtu.be/Q3kD2SmkIQY,1,1,1,1656314936.0,rumor
https://youtu.be/Q3kD2SmkIQY,[removed],"Please be careful with spoilers. Want to talk about the game? Join our discord: https://discord.gg/Pg82WKdEUe 

*I am a bot, and this action was performed automatically. Please [contact the moderators of this subreddit](/message/compose/?to=/r/DemonSlayer) if you have any questions or concerns.*",DemonSlayer,https://www.reddit.com/r/DemonSlayer/comments/vlprfq/httpsyoutubeq3kd2smkiqy/,1,1,1,1656314762.0,rumor
I got this done yesterday. Took 5 hours.,[deleted],My condolences,DemonSlayer,https://i.redd.it/zwinood8s3891.jpg,197,11,38,1656309273.0,rumor
if you can put anyone in demon slayer who would it be. this is my pick,,"Please be careful with spoilers. Want to talk about the game? Join our discord: https://discord.gg/Pg82WKdEUe 

*I am a bot, and this action was performed automatically. Please [contact the moderators of this subreddit](/message/compose/?to=/r/DemonSlayer) if you have any questions or concerns.*",DemonSlayer,https://i.redd.it/12l0w21cp3891.jpg,1,1,1,1656308267.0,rumor
Xenoverse 2 has outlasted 3 different DBZ games lol,[removed],,DragonBall,https://www.reddit.com/r/dragonball/comments/1kqtxbl/xenoverse_2_has_outlasted_3_different_dbz_games/,1,0,0,1747707647.0,rumor
plot hole buu dbz saga between majin buu and mr satan,[removed],,DragonBall,https://www.reddit.com/r/dragonball/comments/1kqt9nr/plot_hole_buu_dbz_saga_between_majin_buu_and_mr/,1,0,0,1747705646.0,rumor
furos de roteiro envolvendo majin buu e mr satan em dbz saga buu,[removed],,DragonBall,https://www.reddit.com/r/dragonball/comments/1kqt6k0/furos_de_roteiro_envolvendo_majin_buu_e_mr_satan/,1,0,0,1747705387.0,rumor
furos da saga buu em dbz,[removed],,DragonBall,https://www.reddit.com/r/dragonball/comments/1kqswsn/furos_da_saga_buu_em_dbz/,1,0,0,1747704577.0,rumor
Does anyone else hate the male majin model in xenoverse 2,[removed],,DragonBall,https://www.reddit.com/r/dragonball/comments/1kqm1ax/does_anyone_else_hate_the_male_majin_model_in/,1,0,0,1747685970.0,rumor
Goku's transformation colors,,,DragonBall,/r/Dragonballsuper/comments/1kqldze/gokus_transformation_colors/,1,1,0,1747684726.0,rumor
Fan dub of Yo Goku returns special,[removed],,DragonBall,https://www.reddit.com/r/dragonball/comments/1kqg6oz/fan_dub_of_yo_goku_returns_special/,1,0,0,1747672350.0,rumor
Should Vegeta be crowend Sayjan King,[removed],"All hail Vegeta, king of no one.",DragonBall,https://www.reddit.com/r/dragonball/comments/1kqdoe4/should_vegeta_be_crowend_sayjan_king/,1,0,1,1747666344.0,rumor
Should Vegeta rock his fathers goatee to honor his father ?,,,DragonBall,https://www.reddit.com/r/dragonball/comments/1kqdjp8/should_vegeta_rock_his_fathers_goatee_to_honor/,1,0,0,1747666012.0,rumor
When Trunks went back to the main timeline could’ve he used the dragon balls to help save the future? Can Shenron’s wish granting power go that far?,,,DragonBall,https://www.reddit.com/r/dragonball/comments/1kq387i/when_trunks_went_back_to_the_main_timeline/,1,0,0,1747629529.0,rumor
Who’s your favorite character and why?,"I'm not asking about just the main cast, but your favorite character in the entire series for no real reason at all. My favorite is Raditz for no other reason than how much I liked playing him in xenoverse. It led me down a Raditz rabbit hole and brought me to the “what-if” series. Ultimately I wish they could have done more with his character. ","It’s from a youtube series that explores different possible timelines. None of it is canon but it’s good imo, a little corny at times.

https://youtube.com/playlist?list=PLNSgpJTAeqwl1ILSHjUC84Hh1obBMtYxM&amp;si=96XL4c410Rduu5cM",DragonBall,https://www.reddit.com/r/dragonball/comments/1kpzopl/whos_your_favorite_character_and_why/,3,0,1,1747617591.0,rumor
WHERE TO SEE THE ENTIRE DRAGON BALL SAGA,[removed],,DragonBall,https://www.reddit.com/r/dragonball/comments/1kpxcn3/where_to_see_the_entire_dragon_ball_saga/,1,0,0,1747610342.0,rumor
So is gt canon now,[deleted],Toriyama didn't care about canon. He considers all Dragonball works as different paths the timeline could take. So GT would be an AU to Super which is an AU to Daima.,DragonBall,,0,35,4,1747606325.0,rumor
Just realized this,If vegeta called super saiyan 3 “ultra vegeta 1” doesn’t that make ultra ego ultra vegeta 2?,"they are but so was SSj4 originally (in GT). Vegeta could definitely CALL it that even if its ""not"" that.",DragonBall,https://www.reddit.com/r/dragonball/comments/1kpvm2o/just_realized_this/,0,6,-1,1747605422.0,rumor
When is daima english dub on netflix?,,,DragonBall,https://www.reddit.com/r/dragonball/comments/1kpsjpm/when_is_daima_english_dub_on_netflix/,1,0,0,1747597365.0,rumor
What episode of Dragon Ball Z do you think looked the best,[removed],"In retrospect , it seems like they used the best art for the build up moments. Like in the Cell Saga, when Gohan finally loses it and goes SS2, it looks gloriously awesome. I distinctly remember what came next, not being as well drawn.",DragonBall,https://www.reddit.com/r/dragonball/comments/1kpp5i2/what_episode_of_dragon_ball_z_do_you_think_looked/,1,0,5,1747588725.0,rumor
Go Kanji tattoo on right chest,[removed],"It's not my 1st and been thinking for awhile about it, I wanna sth connected to Dragon Ball, it's one of my favourite things ever from when I was a kid until now. I love it.",DragonBall,https://www.reddit.com/r/dragonball/comments/1kpiqbx/go_kanji_tattoo_on_right_chest/,1,0,1,1747570998.0,rumor
Black Frieza in Tournament of Power,[removed],,DragonBall,https://www.reddit.com/r/dragonball/comments/1kpfg02/black_frieza_in_tournament_of_power/,1,0,0,1747558026.0,rumor
"Can’t ID this Perfect Cell TikTok edit music—sounds like Bruce Faulconer, might be a remix?",[removed],,DragonBall,,1,1,0,1747523130.0,rumor
Where to start,[removed],,DragonBall,https://www.reddit.com/r/dragonball/comments/1kotng4/where_to_start/,1,0,0,1747490349.0,rumor
Question about the Z Sword,[removed],I dont remember any retcons in this arc that affect kais and z sword,DragonBall,https://www.reddit.com/r/dragonball/comments/1koh7oh/question_about_the_z_sword/,1,0,1,1747444981.0,rumor
Question about Gohan,[deleted],"I guess mostly due to his lack of motivation. It's all well and good pointing to this moment or that moment when he was literally stronger but you could do that for any character. He's considered weaker in general because he is only motivated by having a villain placed in front of him. He does not care to train for the sake of it and he doesn't find joy in fighting as Saiyans do. He's only motivated to be strong to overcome the current obstacle and when it's out of the way, he loses interest.

Gohan could absolutely be stronger than Goku and likely far surpass him if he put as much effort into training and fighting as Goku did.",DragonBall,,0,23,1,1747434380.0,rumor
Need help,[removed],,DragonBall,,1,0,0,1747405328.0,rumor
Did Kami have a stroke when Demon King Piccolo died?,[removed],[removed],DragonBall,https://www.reddit.com/r/dragonball/comments/1knld2u/did_kami_have_a_stroke_when_demon_king_piccolo/,1,0,1,1747348255.0,rumor
I need help please,[removed],,DragonBall,,1,0,0,1747341266.0,rumor
What is the difference between DBZ and DBZ kai?,[removed],,DragonBall,,1,0,0,1747338895.0,rumor
Cell Jr Fusion,[removed],"Not impossible, but extremely unlikely. They don't know the fusion dance and would have to be taught. And be on screen. And have a reason to do so.",DragonBall,https://www.reddit.com/r/dragonball/comments/1knbf0u/cell_jr_fusion/,1,0,1,1747323728.0,rumor
Is Vegito or Gogeta stronger?,,,DragonBall,https://www.reddit.com/r/dragonball/comments/1kn7fb6/is_vegito_or_gogeta_stronger/,1,0,0,1747313530.0,rumor
[Cell saga] Goku was right about Gohans potential but he still shouldn't have given a senzu bean to cell,"Whenever I read people replies justifying Goku giving cell a senzu bean, they always use the excuse of he wanted to use cell to push Gohan to his limits to turn into a super saiyan 2 or he wanted it to be a fair fight. Ima be honest I call bs on it because it literally took android 16 death to make Gohan transform. Someone had to die for Gohan to trigger super saiyan 2, which made the whole senzu bean thing worthless. While it was good Goku believed in his son, and thank God he was right about his potential, he REALLY could have screwed everyone over if cell just went ahead and killed Gohan immediately.  ",[deleted],DragonBall,https://www.reddit.com/r/dragonball/comments/1kn3ib1/cell_saga_goku_was_right_about_gohans_potential/,1,0,8,1747299422.0,rumor
Opinion about Dragon Ball,[removed],,DragonBall,,1,0,0,1747284585.0,rumor
Moon in DBZ episode 18,[deleted],"the moon originally got destroyed by roshi in dragon ball

just a continuity error because toriyama had horrible memory",DragonBall,,3,6,1,1747274946.0,rumor
Og db is amazing,[deleted],"King Piccolo is when og DB starts ""feeling"" like typical DBZ fighting fare. Son Goku's battle with King Piccolo is short but good.",DragonBall,,50,20,1,1747246402.0,rumor
Where to watch Dragon Ball?,[removed],,DragonBall,https://www.reddit.com/r/dragonball/comments/1kml2dc/where_to_watch_dragon_ball/,1,0,0,1747243604.0,rumor
Dragonball story,[removed],,DragonBall,https://www.reddit.com/r/dragonball/comments/1kmd9t8/dragonball_story/,1,0,0,1747223826.0,rumor
Acr freezer inconsistency,[removed]," It's established that he didn't actually die of old age, that he'd died from the pain of losing all his children, essentially dying of a broken heart, so he was able to get back the little bit of time he had left before he would have died of old age.",DragonBall,https://www.reddit.com/r/dragonball/comments/1klye4l/acr_freezer_inconsistency/,1,0,1,1747172697.0,rumor
Who would win? 100 Gorillas or Goku by himself?,[removed],,DragonBall,,1,0,0,1747167707.0,rumor
Make posts as if GT was released instead of Super.,[removed],,DragonBall,,1,0,0,1747148423.0,rumor
Happy Piccolo Day!,[removed],,DragonBall,https://www.reddit.com/r/dragonball/comments/1kln8eq/happy_piccolo_day/,1,0,0,1747146220.0,rumor
All canon base saiyans in their strongest point in z vs super saiyan namek goku,[removed],,DragonBall,,1,0,0,1747144096.0,rumor
Now that l am thinking about it goku(or the others)could have still remained in the 3 million or close to that in their base form still in the buu saga,[deleted], Super Saiyan is always canonically just a 50x increase. It's not getting into the hundreds or higher like that,DragonBall,,0,6,1,1747141975.0,rumor
How do you think the rest of the story played out in the original dragon Ball movie trilogy ?,[removed],,DragonBall,,1,0,0,1747100895.0,rumor
Could Shenron or Porunga be able to tell how many Saiyans are left in Universe 7?,[removed],"king kai once claimed there was 4 saiyans left, broly and Paragus are Canon now",DragonBall,https://www.reddit.com/r/dragonball/comments/1kla0cx/could_shenron_or_porunga_be_able_to_tell_how_many/,1,0,1,1747100410.0,rumor
What's your opinion on the 21st world martial arts tournament,[removed],,DragonBall,,1,0,0,1747090786.0,rumor
I’m I overthinking it or does Bra have potential to be very powerful and useful character in the future given her heritage?,[removed],,DragonBall,https://www.reddit.com/r/dragonball/comments/1kl4w7k/im_i_overthinking_it_or_does_bra_have_potential/,1,0,0,1747086074.0,rumor
Why are the Dragon Ball shows not available on iTunes?,[removed],,DragonBall,,1,0,0,1747064401.0,rumor
Slightly warm take: The adventure aspect was the worst part of the franchise,[removed],"Nah, other way around.",DragonBall,https://www.reddit.com/r/dragonball/comments/1kkoqib/slightly_warm_take_the_adventure_aspect_was_the/,1,0,1,1747044177.0,rumor
DBS opening 1 reference,[removed],i love Chouzetsu Dynamic,DragonBall,https://www.reddit.com/r/dragonball/comments/1kkivti/dbs_opening_1_reference/,1,0,1,1747020662.0,rumor
What is the fastest and most enjoyable way to watch dragon ball,[removed],,DragonBall,,1,0,0,1747006868.0,rumor
Dragon Ball Kai Japanese release?,[removed],,DragonBall,https://www.reddit.com/r/dragonball/comments/1kkdnou/dragon_ball_kai_japanese_release/,1,0,0,1747003938.0,rumor
Dragon ball 40th anniversary set,[removed],I would love this even for just the art alone! It would be a rare piece for sure.,DragonBall,https://www.reddit.com/r/dragonball/comments/1kk8x9m/dragon_ball_40th_anniversary_set/,1,0,1,1746991155.0,rumor
Spoiler warning for the invincible comic,,,ChainsawMan,https://i.redd.it/gk3kze32wpze1.jpeg,1,0,0,1746779433.0,rumor
Reading chainsawman feel like browsing pinterest?,[removed],,ChainsawMan,https://www.reddit.com/r/ChainsawMan/comments/1kid6uk/reading_chainsawman_feel_like_browsing_pinterest/,1,0,0,1746777928.0,rumor
"In Makima's perfect world, the Minecraft Movie would not exist.",[removed],,ChainsawMan,https://reddit-uploaded-media.s3-accelerate.amazonaws.com/e0hussgwopze1,1,0,0,1746777022.0,rumor
A quickly done doodle of Denji and Reze. Hope you guys like it,,,ChainsawMan,https://i.redd.it/kvfxue2wxoze1.png,1,0,0,1746767961.0,rumor
The Was a tweet That Inspired me to sketch this... can't find it...,,,ChainsawMan,https://i.redd.it/bl3o8ho0woze1.png,1,0,0,1746767345.0,rumor
"Man, Fujimoto knows how to make em.",,,ChainsawMan,https://i.redd.it/g561adh17oze1.jpeg,1,0,0,1746758906.0,rumor
Hybrid devil/devils,[removed],,ChainsawMan,https://www.reddit.com/r/ChainsawMan/comments/1ki6mj8/hybrid_devildevils/,1,0,0,1746753665.0,rumor
himeno by me,,,ChainsawMan,https://i.redd.it/pz2n5tuyknze1.png,1,0,0,1746751566.0,rumor
Buying Chainsaw Man Manga,[removed],,ChainsawMan,https://i.redd.it/1i4ty8kazmze1.png,1,0,0,1746744248.0,rumor
Maid Makima (by : @Joadv_) (link in the comment),,Source : [https://x.com/Joadv\_/status/1920587377443287353](https://x.com/Joadv_/status/1920587377443287353),ChainsawMan,https://i.redd.it/2qysww23mmze1.jpeg,1,0,1,1746739778.0,rumor
Denji And Power's DIABOLICAL Prank On Aki,[removed],,ChainsawMan,https://www.reddit.com/gallery/1ki1eb1,1,0,0,1746738733.0,rumor
Denji 3D Fan art (By me) 🪓,,,ChainsawMan,https://v.redd.it/019peaxvdmze1,1,0,0,1746737056.0,rumor
Yoru | Ballbreaker | Edit | (Audio by me),[removed],,ChainsawMan,https://v.redd.it/nn5mk10fbmze1,1,0,0,1746736226.0,rumor
Asa mitaka cosplay by self,[removed],,ChainsawMan,https://www.reddit.com/gallery/1ki046b,1,0,0,1746735529.0,rumor
horseman doodles i did,,,ChainsawMan,https://i.redd.it/eh3gazdlweze1.jpeg,1,0,0,1746733252.0,rumor
So about Power…,[removed],,ChainsawMan,https://www.reddit.com/r/ChainsawMan/comments/1khy3gl/so_about_power/,1,0,0,1746730582.0,rumor
Similar situations in chapters 67 and 202,,,ChainsawMan,https://www.reddit.com/gallery/1khxiaj,1,0,0,1746729155.0,rumor
A lover who wouldn't die,,,ChainsawMan,https://i.redd.it/yt7tnvy1plze1.png,1,0,0,1746728676.0,rumor
My Power cosplay &lt;3,,,ChainsawMan,https://i.redd.it/9kxqosk6olze1.jpeg,1,0,0,1746728351.0,rumor
🐶♥️🐶♥️,,,ChainsawMan,https://i.redd.it/a5tf31yiilze1.jpeg,1,0,0,1746726450.0,rumor
Quanxi cosplay by me,[removed],,ChainsawMan,https://i.redd.it/wmgi9rchclze1.jpeg,1,0,0,1746724415.0,rumor
Chainsaw man (Fan art by me),,,ChainsawMan,https://i.redd.it/4ya39pxq2lze1.png,1,0,0,1746721193.0,rumor
So basically there were signs,[removed],,ChainsawMan,https://i.redd.it/vghuvo7hpkze1.jpeg,1,0,0,1746716678.0,rumor
'Chainsaw Man: Reze Arc' Ichiban Kuji's Reze and Bomb figures revealed,,,ChainsawMan,https://essential-japan.com/news/take-a-first-look-at-chainsaw-man-reze-arc-ichiban-kujis-reze-and-bomb-figures/,1,0,0,1746716268.0,rumor
Theory: Quan-Xi is endgame,[removed],"https://preview.redd.it/p0c0ekycmkze1.jpeg?width=1067&amp;format=pjpg&amp;auto=webp&amp;s=20a4cc294b7bb267ae18b54b001c6f74c1d0d47d

She's also already helped him before, in a way I feel echos their future.",ChainsawMan,https://www.reddit.com/r/ChainsawMan/comments/1khruxq/theory_quanxi_is_endgame/,1,0,1,1746715439.0,rumor
horrible theory but curious,[removed],,ChainsawMan,https://www.reddit.com/r/ChainsawMan/comments/1khqabo/horrible_theory_but_curious/,1,0,0,1746711347.0,rumor
Maybe its because they are so familiar,,,ChainsawMan,https://i.redd.it/brrzjyc59kze1.png,1,0,0,1746711192.0,rumor
the Sun &amp; the Moon,[removed],,ChainsawMan,https://www.reddit.com/r/ChainsawMan/comments/1khpxol/the_sun_the_moon/,1,0,0,1746710390.0,rumor
"Forefathers One and All, Bear Witness!!!",,,ChainsawMan,https://i.redd.it/2cjd3otb5kze1.jpeg,1,0,0,1746709905.0,rumor
JJK character for real,,,ChainsawMan,https://i.redd.it/mgzeeu1y3kze1.jpeg,1,0,0,1746709456.0,rumor
DENJI,,,ChainsawMan,https://i.redd.it/4zm33zcr1kze1.jpeg,1,0,0,1746708718.0,rumor
Makima and Denji (by me),,,ChainsawMan,https://i.redd.it/rdoxtmpvpjze1.jpeg,1,0,0,1746704713.0,rumor
Makima Cosplay (by: me),,,ChainsawMan,https://www.reddit.com/gallery/1khnt8z,1,0,0,1746703957.0,rumor
Makima Cosplay ❤️ (by: me),,,ChainsawMan,https://www.reddit.com/gallery/1khnrsl,1,0,0,1746703823.0,rumor
Asa needs some ibuprofen (by me),,,ChainsawMan,https://www.reddit.com/gallery/1khn8f2,1,0,0,1746701960.0,rumor
Asa needs some ibuprofen (by me),[removed],,ChainsawMan,,1,0,0,1746700458.0,rumor
Aki (ignore top of the page),,,ChainsawMan,https://i.redd.it/gbv2hhjk5jze1.jpeg,1,0,0,1746697878.0,rumor
Kon,,"# [socials](http://roniskii.carrd.co)

![img](emote|t5_rmtrq|22163)",ChainsawMan,https://i.redd.it/56d0tqqy4jze1.png,1,0,1,1746697695.0,rumor
Reze figures announced. Both human and hybrid form,,,ChainsawMan,https://i.redd.it/cs60psm74jze1.jpeg,1,0,0,1746697429.0,rumor
Alien Devil? How would Pochita’s power affect it? And etc…,[removed],,ChainsawMan,https://www.reddit.com/gallery/1khjllh,1,0,0,1746686570.0,rumor
Finished up to Book 11…..  what the fuck,,,ChainsawMan,https://i.redd.it/52ln0zar5ize1.jpeg,1,0,0,1746685835.0,rumor
Hunger devil (art by me),[removed],"I ain't into knowing shit or shit but that kanji on the bottom right looks like one I saw they use for death. If I'm wrong, pardon my lobotomite mind.",ChainsawMan,https://i.redd.it/cchkossh5hze1.png,1,0,1,1746673643.0,rumor
Did I cook? Check my Twitter out @meng101235094,,Oh my god... Why is my first thought of this pic is that makima have 3 balls s in her facs,ChainsawMan,https://i.redd.it/rsq8jdzfygze1.png,1,0,1,1746671268.0,rumor
IVE PLAYED THESE GAMES BEFORE!!!,[removed],,ChainsawMan,https://www.reddit.com/gallery/1khej95,1,0,0,1746668604.0,rumor
"I made this animation in Adobe Animate at the beginning of 2022 and left it in mid-July, after 3 years I decided to edit it and upload it even with the second scene unfinished.",,so cool!,ChainsawMan,https://v.redd.it/tcf82wlmkgze1,1,0,1,1746666770.0,rumor
fujimoto art style study,[removed],It looks so well done and good stance and perspective!,ChainsawMan,https://i.redd.it/m7v1o2hefgze1.png,1,0,1,1746664864.0,rumor
NSFW Makima sneak peek by me,,Painted a bit [https://vxtwitter.com/Kapchynskyi/status/1920259242331623622](https://vxtwitter.com/Kapchynskyi/status/1920259242331623622),ChainsawMan,https://i.redd.it/o4ilp2944gze1.jpeg,1,0,1,1746661084.0,rumor
Help me choose a tattoo,"Hey everyone, im getting my first tattoo and I sant it to be AOT, as it is my absoulte favorite  show ever.
Im kinda debating 3 ideas-
-Reiner (half titan half human) as he is my fav character
-The scouts symbol
-One sword on my arm, maybe decorated with flowers

Let me know what you think! And if you have any kmages for reference",Can't go wrong with the wings of freedom.,AttackOnTitan,https://www.reddit.com/r/attackontitan/comments/1kidju7/help_me_choose_a_tattoo/,1,1,1,1746779549.0,rumor
Another crazy theory!!! Read it,"It's a crazy theory you might already know but please read till the end.

1)there were max to max 9 attack titan shifters over the years (if not less) after eldians fled to paradis (for 100 years). Now remember that Marley didn't have any knowledge of attack titan shifters.

2) there is a possibility that a organisation great than the one grisha made existed with the idea of revolution. Cuz you can't hide the transformation of a 15 meter titan accompanied by a bright topaz thunder strike, you would need a land mass of 20 km in radius (assuming that aot earth is a little bigger than our earth) so no one see's the attack titan. 

3)BUTTTTT LETS ASSUME THIS ORGANISATION NEVER ALLOWED attack TITAN SHIFTERS TO TRANSFORM!! EVEN THEN, they must have transformed normal humans through titan spinal fluid atleast 9 times to carry on the attack titan!!!
Which begs the question that with normal titan spinal fluid (assuming they didn't have zekes spinal fluid with an avg titan height of 5-12 meters) an adult male human transforms into an titan with avg height of 7-10 meters.

4) this requires a landmass with a radius of 17km!! Which is not easily acquired unless you are as rich as the tybur fami","# Make sure to flair posts correctly.

## REMEMBER TO BE CIVIL.

### [Also check out the Megathread](https://www.reddit.com/r/attackontitan/comments/1i8hei4/ultimate_guide_to_aot_faqs_analysis_and_discourse/)


*I am a bot, and this action was performed automatically. Please [contact the moderators of this subreddit](/message/compose/?to=/r/attackontitan) if you have any questions or concerns.*",AttackOnTitan,https://www.reddit.com/gallery/1kidgxg,1,1,1,1746779192.0,rumor
Characters Like AOT Characters,"Eren-okay is a little different, but for some reason he reminds me of Ezra Bridgers from Star Wars Rebels. Eren and Ezra have similar personalities and lowkey similar struggles. Plus their sacrifices at the end...

Mikasa-Inej Ghafa from Six of Crows. Very skilled and talented and reserved(results from trauma)and have a strong moral compass when it comes to morals. 

Armin Arlet-Aang from ATLA. Do I have to explain? Lovable, sweet, and both faced very similar challenges and have similar responses to them.

Levi-Kaz Brekker from Six of Crows. Both love to beat the hell out of everyone and have unresolved trauma. I know Levi a short king, but Freddy Carter would be a great actor for Levi.

Hange-Leo Valdaz from HoO. (There's so many book characters I'm sorry). Leo and Hange are energetic,  inventive, and I really need more to explain. 

Historia-Katara from ATLA. Very caring of others and deeply passionate about the things they believe in. 

Reiner-Zuko from ATLA. Just the emotional turmoil and depth of both these characters are the same. 

These are a couple of examples. If you know any character that reminds you of aot characters please comment down below.","# Make sure to flair posts correctly.

## REMEMBER TO BE CIVIL.

### [Also check out the Megathread](https://www.reddit.com/r/attackontitan/comments/1i8hei4/ultimate_guide_to_aot_faqs_analysis_and_discourse/)


*I am a bot, and this action was performed automatically. Please [contact the moderators of this subreddit](/message/compose/?to=/r/attackontitan) if you have any questions or concerns.*",AttackOnTitan,https://www.reddit.com/r/attackontitan/comments/1kidcyb/characters_like_aot_characters/,1,1,1,1746778688.0,rumor
Day 2969 of finding another detail of AOT,Isayama should name is change to Foreshadowyama,"# Make sure to flair posts correctly.

## REMEMBER TO BE CIVIL.

### [Also check out the Megathread](https://www.reddit.com/r/attackontitan/comments/1i8hei4/ultimate_guide_to_aot_faqs_analysis_and_discourse/)


*I am a bot, and this action was performed automatically. Please [contact the moderators of this subreddit](/message/compose/?to=/r/attackontitan) if you have any questions or concerns.*",AttackOnTitan,https://i.redd.it/3dq9bpu4spze1.jpeg,1,1,1,1746778108.0,rumor
"What is your absolute favourite quote from the manga, anime, or even the spinoffs? (Spoof on titan, Junior High, School castes, Fake Previews, etc...)","mine is ""He's already great because he was born into this world"" By Carla in Chapter Bystander, shit was PERFECTLY delivered imo","# Make sure to flair posts correctly.

## REMEMBER TO BE CIVIL.

### [Also check out the Megathread](https://www.reddit.com/r/attackontitan/comments/1i8hei4/ultimate_guide_to_aot_faqs_analysis_and_discourse/)


*I am a bot, and this action was performed automatically. Please [contact the moderators of this subreddit](/message/compose/?to=/r/attackontitan) if you have any questions or concerns.*",AttackOnTitan,https://www.reddit.com/r/attackontitan/comments/1kicz9l/what_is_your_absolute_favourite_quote_from_the/,1,1,1,1746776980.0,rumor
"Same story, different universes","I was looking through some old pics I had and found this particular one, some years ago I was w/ someone who first introduced me to AoT, after some time things went downhill, and I may as well say the events where somehow very similar to what happened with Eren and Mikasa, in every poetical non-literal way (I still have my head lol).

I think this anime took even more meaning now that some time has passed, I know she’ll never see this post, and I wouldn’t message her just for the sakes of saying “hey look at this” so yeah.

Hope u like it, tatakae 🕊️",I can see the pain in your dih 💔💔,AttackOnTitan,https://www.reddit.com/gallery/1kicdo3,1,1,1,1746774310.0,rumor
Did the people in AOT actually find Eren Jaeger attractive?,"I’ve only recently been thinking about this, and it makes sense for fans of AOT to consider Eren attractive, but did the people around actually him consider him good looking? 

I’ve finished the anime and currently reading the manga, but I’ve forgotten/haven’t got to a part where it actually indicates that people find him attractive, I’m assuming that the people of AOT aren’t focused on that at all, and may or may not just see him as a normal person that lived among them.

But I’m still wondering if being “pretty” in the AOT universe was an advantage or disadvantage, or not even considered something at all? And I know that there is a “beauty” in AOT, but I’m wondering if it is as noticed/common as it is in today’s society.",[deleted],AttackOnTitan,https://www.reddit.com/gallery/1kic6dk,1,1,1,1746773489.0,rumor
Hange &amp; Ymir,"I’m sure someone’s noticed this before but rewatching the show it stuck out to me in Ep 28 - Southwestward, when Mikasa was describing Krista to Hange and said “she’s always hanging around Ymir”. But then Hange looks surprised and says “Ymir?!” which I always thought was an odd reaction. 

But it makes complete sense after watching the OAD ep - Ilse’s Notebook, since that’s where Hange sees the name Ymir for the first time in the notebook left behind. This is why I’m rewatching, to pick up on these details haha","# Make sure to flair posts correctly.

## REMEMBER TO BE CIVIL.

### [Also check out the Megathread](https://www.reddit.com/r/attackontitan/comments/1i8hei4/ultimate_guide_to_aot_faqs_analysis_and_discourse/)


*I am a bot, and this action was performed automatically. Please [contact the moderators of this subreddit](/message/compose/?to=/r/attackontitan) if you have any questions or concerns.*",AttackOnTitan,https://www.reddit.com/r/attackontitan/comments/1kic4q2/hange_ymir/,1,1,1,1746773298.0,rumor
This Reinar look makinge laugh,,"# Make sure to flair posts correctly.

## REMEMBER TO BE CIVIL.

### [Also check out the Megathread](https://www.reddit.com/r/attackontitan/comments/1i8hei4/ultimate_guide_to_aot_faqs_analysis_and_discourse/)


*I am a bot, and this action was performed automatically. Please [contact the moderators of this subreddit](/message/compose/?to=/r/attackontitan) if you have any questions or concerns.*",AttackOnTitan,https://i.redd.it/jx48st4o6pze1.jpeg,1,1,1,1746770889.0,rumor
When your show ends and it's time for a real job.,,"# Make sure to flair posts correctly.

## REMEMBER TO BE CIVIL.

### [Also check out the Megathread](https://www.reddit.com/r/attackontitan/comments/1i8hei4/ultimate_guide_to_aot_faqs_analysis_and_discourse/)


*I am a bot, and this action was performed automatically. Please [contact the moderators of this subreddit](/message/compose/?to=/r/attackontitan) if you have any questions or concerns.*",AttackOnTitan,https://i.redd.it/yrzdzvyc6pze1.jpeg,1,1,1,1746770807.0,rumor
"I made this for fun, what do you think?",,"# Make sure to flair posts correctly.

## REMEMBER TO BE CIVIL.

### [Also check out the Megathread](https://www.reddit.com/r/attackontitan/comments/1i8hei4/ultimate_guide_to_aot_faqs_analysis_and_discourse/)


*I am a bot, and this action was performed automatically. Please [contact the moderators of this subreddit](/message/compose/?to=/r/attackontitan) if you have any questions or concerns.*",AttackOnTitan,https://i.redd.it/t3e0i61e4pze1.png,1,1,1,1746770134.0,rumor
Where can I buy Annie’s ring?,Any help would be great!! Looking for Annie’s ring. (preferably working) for a project. ,"I know where you can buy it. It’s in a store near my place but it’s underground. Follow me please and don’t worry about anything else, we just have to go underground immediately",AttackOnTitan,https://i.redd.it/zx336dee2pze1.jpeg,1,1,1,1746769451.0,rumor
Where was Floch S1 and S2?,Rewatching the show and I’m on S3. Floch has just been introduced and he states that he was apart of the 104th cadet corps with Eren and the others. So like where tf has he been lol? I’m assuming he was a part of the garrison and was able to change regiments due to the Scouts low numbers but that doesn’t seem right. ,"You're right. He was garrison previously. The first time we actually see him is when he is talking to Jean like they're equals because they are in the same cadet class, but by that point Jean has WAY more combat experience than Floch does. The Battle for Shiganshina was one of Floch's first real times in combat (excluding Trost). It's the reason Jean never takes Floch seriously, which is why Floch thinks Jean is an asshole.",AttackOnTitan,https://www.reddit.com/r/attackontitan/comments/1kib4d3/where_was_floch_s1_and_s2/,1,1,1,1746769204.0,rumor
Ganon vs Joker,"I made this render for a Smash Ultimate tournament inspired by Attack on Titan, using Ganon as a titan and Joker from Persona 5 as a survey corps member","# Make sure to flair posts correctly.

## REMEMBER TO BE CIVIL.

### [Also check out the Megathread](https://www.reddit.com/r/attackontitan/comments/1i8hei4/ultimate_guide_to_aot_faqs_analysis_and_discourse/)


*I am a bot, and this action was performed automatically. Please [contact the moderators of this subreddit](/message/compose/?to=/r/attackontitan) if you have any questions or concerns.*",AttackOnTitan,https://i.redd.it/rk3ruuea0pze1.jpeg,1,1,1,1746769000.0,rumor
In my point of view I think Historia is content with her new life with her child and husband,,"It is hard to believe she is not.

Not many people in this anime manage to marry and have kids.

Reiner probably be single forever and die alone.",AttackOnTitan,https://i.redd.it/uwevv68p0pze1.png,1,1,1,1746768882.0,rumor
A quick hypothetical,"What do you think would have changed with the series if Eren’s mother survived? 

Let’s say Eren didn’t send Dina to his house after directing her away from Bertolt, he just lead her and others to other streets and such. What do you think happens?  ",She would’ve pulled him by the ear back into the house after he turned into the founder.,AttackOnTitan,https://www.reddit.com/r/attackontitan/comments/1kiafec/a_quick_hypothetical/,1,1,1,1746766526.0,rumor
Colossal Titan Question,"Every time Armin uses the Colossal he generates a nuke, but why are there instances like in 1x1 or 2x6 when Bertholdt transforms and there is no explosion just steam? I would think that when he transformed in 2x6 everyone would have just died immediately but no one did","It is the colossals power. If Bertholdt did it every time, they could have potentially killed the founder and it might have gone to an eldian in another country, it was too risky",AttackOnTitan,https://www.reddit.com/r/attackontitan/comments/1kiac1o/colossal_titan_question/,1,1,1,1746766162.0,rumor
My first try at female titan makeup! Howdidido? (๑˃̵ᴗ˂̵),r/female tit,"# Make sure to flair posts correctly.

## REMEMBER TO BE CIVIL.

### [Also check out the Megathread](https://www.reddit.com/r/attackontitan/comments/1i8hei4/ultimate_guide_to_aot_faqs_analysis_and_discourse/)


*I am a bot, and this action was performed automatically. Please [contact the moderators of this subreddit](/message/compose/?to=/r/attackontitan) if you have any questions or concerns.*",AttackOnTitan,https://i.redd.it/4b3ecrylloze1.jpeg,1,1,1,1746763806.0,rumor
3 different Hanges!,,"# Make sure to flair posts correctly.

## REMEMBER TO BE CIVIL.

### [Also check out the Megathread](https://www.reddit.com/r/attackontitan/comments/1i8hei4/ultimate_guide_to_aot_faqs_analysis_and_discourse/)


*I am a bot, and this action was performed automatically. Please [contact the moderators of this subreddit](/message/compose/?to=/r/attackontitan) if you have any questions or concerns.*",AttackOnTitan,https://www.reddit.com/gallery/1ki95nd,1,1,1,1746762126.0,rumor
Does Eren Jaeger in Attack on Titan symbolize Eren?,"Thinking about eren going about his day as himself everyday, to places however he wants, roaming around with his iwn personality and character traits, never resembling any one else but himself ..he does make for great symbolism, not to mention the “protaginist” aspect… idk maybe I'm looking too deep into it",Has Anyone Really Been Far Even as Decided to Use Even Go Want to do Look More Like?,AttackOnTitan,https://www.reddit.com/r/attackontitan/comments/1ki8qlu/does_eren_jaeger_in_attack_on_titan_symbolize_eren/,1,1,1,1746760527.0,rumor
"From the Game Attack On Titan 2. A second more and i would lose The SS rank which is the Best grade You can get, normally is only the S grade but after You finish the game and You complete all The Main and opcional objectives in the misión a special task is available.","I was sweating lava here it was a really hard trial doing this

The Game is available for Xbox one, Playstation 4 and PC ","# Make sure to flair posts correctly.

## REMEMBER TO BE CIVIL.

### [Also check out the Megathread](https://www.reddit.com/r/attackontitan/comments/1i8hei4/ultimate_guide_to_aot_faqs_analysis_and_discourse/)


*I am a bot, and this action was performed automatically. Please [contact the moderators of this subreddit](/message/compose/?to=/r/attackontitan) if you have any questions or concerns.*",AttackOnTitan,https://i.redd.it/1ekav6wa5oze1.jpeg,1,1,1,1746758322.0,rumor
AOT X PUBG collab is so cool. Also u can ride on trains.,,"Personally, if you ask me, I think Fortnite did a much better job",AttackOnTitan,https://v.redd.it/jvvwp06v2oze1,1,0,1,1746757548.0,rumor
How does Eren's founding titan walk??,Eren's founding titan is huge. But it's also very long horizontally. Wouldn't the laws of physics simply not allow it to walk with a build like that? I mean the center of balance is so off.,That's so silly,AttackOnTitan,https://i.redd.it/63mhflqwtnze1.jpeg,1,1,1,1746754489.0,rumor
Which version of Before the Fall is better?,"Might check it out but don't know which to read, the manga or the light novels?",im reading the manga of BTF rn so ig that,AttackOnTitan,https://www.reddit.com/r/attackontitan/comments/1ki65j6/which_version_of_before_the_fall_is_better/,1,1,1,1746752181.0,rumor
Rewatch number 7,,Nothing weird here aot is a perfect loop,AttackOnTitan,https://i.redd.it/twr2b5m6mnze1.jpeg,1,1,1,1746751891.0,rumor
eren and mikasa by me,,"# Make sure to flair posts correctly.

## REMEMBER TO BE CIVIL.

### [Also check out the Megathread](https://www.reddit.com/r/attackontitan/comments/1i8hei4/ultimate_guide_to_aot_faqs_analysis_and_discourse/)


*I am a bot, and this action was performed automatically. Please [contact the moderators of this subreddit](/message/compose/?to=/r/attackontitan) if you have any questions or concerns.*",AttackOnTitan,https://www.reddit.com/gallery/1ki51su,1,1,1,1746748761.0,rumor
eren and mikasa (original art by me),,"# Make sure to flair posts correctly.

## REMEMBER TO BE CIVIL.

### [Also check out the Megathread](https://www.reddit.com/r/attackontitan/comments/1i8hei4/ultimate_guide_to_aot_faqs_analysis_and_discourse/)


*I am a bot, and this action was performed automatically. Please [contact the moderators of this subreddit](/message/compose/?to=/r/attackontitan) if you have any questions or concerns.*",AttackOnTitan,https://i.redd.it/92zyyyv9cnze1.jpeg,1,1,1,1746748560.0,rumor
ATTACK ON TITANS HANGE TALKING TO EREN IN THE CELL,[removed],"Thank you for posting to r/attackontitan, unfortunately your submission has been removed for the following reason(s) :

###Rule 6 : No low effort posts
###‾‾‾‾‾‾‾‾‾‾‾‾‾‾‾‾‾‾‾‾‾‾‾‾‾‾‾

**What constitutes as a low effort post depends on a mod's discretion and includes, but is not limited to:**

• **Barely edited/low effort/inappropriate memes/edits.**

• **Random manga/anime screenshots which hold no discussion value.**

• **Overdone or popular-ongoing karma farming trends, here or from other subreddits.**

• **AI content.**

• **Questions easily answered with a quick top bar, wiki or sidebar search.**

• **Top 10 (or any number) Characters/Moments.**

• **Best ship, dynamic, trio, fight, etc without substance.**

• **An easily spammable format like 'To you, x years ago'.**


If you have any",AttackOnTitan,https://i.redd.it/ykv9k6j5rmze1.jpeg,1,1,1,1746741457.0,rumor
what's your favorite line form A Slap on Titan?,,Mikasa saying ‘Yeah I’d fuck a Titan’,AttackOnTitan,https://i.redd.it/bmd2czqwpmze1.png,1,1,1,1746741050.0,rumor
I made my own oc!,[removed],"# Make sure to flair posts correctly.

## REMEMBER TO BE CIVIL.

### [Also check out the Megathread](https://www.reddit.com/r/attackontitan/comments/1i8hei4/ultimate_guide_to_aot_faqs_analysis_and_discourse/)


*I am a bot, and this action was performed automatically. Please [contact the moderators of this subreddit](/message/compose/?to=/r/attackontitan) if you have any questions or concerns.*",AttackOnTitan,https://www.reddit.com/r/attackontitan/comments/1ki1ukj/i_made_my_own_oc/,1,1,1,1746739872.0,rumor
We all have been here 😭,,would be better if he startet with S4 without seeing S1 and then watching the origin story of the main villain of S4 afterwards.,AttackOnTitan,https://i.redd.it/zt84sdaphmze1.png,1,1,1,1746738279.0,rumor
We all have been here 😂😭,,"# Make sure to flair posts correctly.

## REMEMBER TO BE CIVIL.

### [Also check out the Megathread](https://www.reddit.com/r/attackontitan/comments/1i8hei4/ultimate_guide_to_aot_faqs_analysis_and_discourse/)


*I am a bot, and this action was performed automatically. Please [contact the moderators of this subreddit](/message/compose/?to=/r/attackontitan) if you have any questions or concerns.*",AttackOnTitan,/r/attackontitan/comments/1khz0qj/what_to_watch_after_season_3/,1,1,1,1746738142.0,rumor
"I've never used a crutch, so when I first saw this I remember thinking that Eren was using the crutch on the wrong side, but no, the crutch is usually used on the opposite side of the missing or injured leg.",,"*Eye, his left.

(Forgive me)",AttackOnTitan,https://i.redd.it/8nul04l3cmze1.png,1,1,1,1746736555.0,rumor
What do you think she's crying about?,Just want your opinions on why she seems so depressed. ,"* she wanted Zeke's plan to win
* witnessing mass destruction (she is also a human) 
* feels a loss of purpose",AttackOnTitan,https://i.redd.it/kfkhc3ep3mze1.jpeg,1,1,1,1746733570.0,rumor
"Who is your favorite character? Mine is Armin Arlert, for...","The story begins with Eren's desire to see the outside, driven directly by Armin, in whom he saw the freedom for the first time. Armin presents himself to us as someone physically weak, but very intelligent. He was not even among the top 10 of the 104 troop, and even so it was expected that he would become a strategist and even commander. Many opened Erwin over him, to receive the antidote. And Armin had to live with that weight on his shoulders, and still strive to make the best decisions for his classmates. Let's not forget that he also suffered, lost all his relatives, and even his own humanity and even so, he never stopped believing in peace. And the story ended with Armin swearing to Eren that they would meet again in hell, taking responsibility for the actions of his best friend.",Erwin,AttackOnTitan,https://i.redd.it/wllx7ep93mze1.jpeg,1,1,2,1746733424.0,rumor
What to watch after season 3?,"Ok, so I just completed AoT season 3, and when I started Season 4: Part 1, it felt like I missed something, did  I miss something?",canon event,AttackOnTitan,https://www.reddit.com/r/attackontitan/comments/1khz0qj/what_to_watch_after_season_3/,1,1,1,1746732834.0,rumor
Did the anime changes save AOT in the minds of fans?,Like do you think AOT would forever be remembered as a Game Of Thrones type show if they made no changes to the ending? ,"Not really lmao

GOT basically killled the franchise and till this day is an example by many on how to do it wrong meanwhile a big portion of the manga was only a specific (loud) subsection of the fandom

The reception to the manga ending in Japan was overall positive already and the anime just had a few tweaks but it isn't like they made a whole ass ending that ""saved"" the series",AttackOnTitan,https://www.reddit.com/r/attackontitan/comments/1khvbsz/did_the_anime_changes_save_aot_in_the_minds_of/,1,1,1,1746723927.0,rumor
Costed Everything,,"# Make sure to flair posts correctly.

## REMEMBER TO BE CIVIL.

### [Also check out the Megathread](https://www.reddit.com/r/attackontitan/comments/1i8hei4/ultimate_guide_to_aot_faqs_analysis_and_discourse/)


*I am a bot, and this action was performed automatically. Please [contact the moderators of this subreddit](/message/compose/?to=/r/attackontitan) if you have any questions or concerns.*",AttackOnTitan,https://i.redd.it/0wzxkcxq9lze1.jpeg,1,1,1,1746723496.0,rumor
"what was ur first ever impression when u started watching aot or reading the manga of it, for me...","first i was scrolling to watch the anime and suddenly i saw aot and i gave it a try and since the first episode mainly the story gripped me which was really good, the concept was really good, after that anime progress and i continued watching it and had lots of fun, characters, story, and bgm was really good too, action scenes were amazing and the emotional scenes too, aot easily  make it into my all time fav anime list

let me know about u guys ",I really hoped it was a dream all along. (im still watching tho),AttackOnTitan,https://i.redd.it/l5dc3zwtzkze1.jpeg,1,1,1,1746720347.0,rumor
Clash Royale cita aot?,[removed],"Thank you for posting to r/attackontitan, unfortunately your submission has been removed for the following reason(s) :

###Rule 2 : Submission Guidelines
 ###‾‾‾‾‾‾‾‾‾‾‾‾‾‾‾‾‾‾‾‾‾‾‾‾‾‾‾‾‾‾  

I.) **All content must be related to the Attack on Titan series.**  
• Posts referring to irl politics are prohibited; that includes memes and direct/indirect refrences to sensitive or political topics in the text. 

II.) **Users are free to express their opinions, no matter how unpopular, but disrespectful, bait or posts made in bad faith are not tolerated.**

III.) **Posts must be appropriately flaired.**

If you have any suggestions or questions about this removal feel free to [send us a mod-mail](https://www.reddit.com/message/compose?to=/r/AttackOnTitan).",AttackOnTitan,https://www.reddit.com/gallery/1khtmhe,1,1,1,1746719813.0,rumor
The ending,"I’m indifferent towards the anime ending &amp; the manga ending is trash. I still look at it as peak fiction and is still my fav anime of all time. 

How about you? Is AOT ruined for you now?",I didnt have problems with the ending tbh,AttackOnTitan,https://www.reddit.com/r/attackontitan/comments/1khtkb5/the_ending/,1,1,1,1746719664.0,rumor
I think I've seen this somewhere before...,,The Fumbling?,AttackOnTitan,https://v.redd.it/rxhy51iw16ze1,1,1,1,1746719537.0,rumor
We lost a 9.8,,Too many haters there. I get it that not everyone likes AOT but there is no way over 10% of people think this episode is 1/5.,AttackOnTitan,https://i.redd.it/vcaf4d9hwkze1.jpeg,1,1,2,1746719034.0,rumor
how cooked is my pokemon world ?,"https://preview.redd.it/waca4la9tkze1.png?width=430&amp;format=png&amp;auto=webp&amp;s=2d4dc5a9041024c79e3d7b40c5ab6709ba093992

","# Make sure to flair posts correctly.

## REMEMBER TO BE CIVIL.

### [Also check out the Megathread](https://www.reddit.com/r/attackontitan/comments/1i8hei4/ultimate_guide_to_aot_faqs_analysis_and_discourse/)


*I am a bot, and this action was performed automatically. Please [contact the moderators of this subreddit](/message/compose/?to=/r/attackontitan) if you have any questions or concerns.*",AttackOnTitan,https://www.reddit.com/r/attackontitan/comments/1khswc4/how_cooked_is_my_pokemon_world/,1,1,1,1746717995.0,rumor
Hi dose anyone know a free site to watch the attack on titan OVAs on?,,"# Make sure to flair posts correctly.

## REMEMBER TO BE CIVIL.

### [Also check out the Megathread](https://www.reddit.com/r/attackontitan/comments/1i8hei4/ultimate_guide_to_aot_faqs_analysis_and_discourse/)


*I am a bot, and this action was performed automatically. Please [contact the moderators of this subreddit](/message/compose/?to=/r/attackontitan) if you have any questions or concerns.*",AttackOnTitan,https://www.reddit.com/r/attackontitan/comments/1khso0g/hi_dose_anyone_know_a_free_site_to_watch_the/,1,1,1,1746717434.0,rumor
Help! Which soundtrack ist this?,"[https://youtu.be/qW8aD1m9X48](https://youtu.be/qW8aD1m9X48)  
Starting at 4:01","# Make sure to flair posts correctly.

## REMEMBER TO BE CIVIL.

### [Also check out the Megathread](https://www.reddit.com/r/attackontitan/comments/1i8hei4/ultimate_guide_to_aot_faqs_analysis_and_discourse/)


*I am a bot, and this action was performed automatically. Please [contact the moderators of this subreddit](/message/compose/?to=/r/attackontitan) if you have any questions or concerns.*",AttackOnTitan,https://www.reddit.com/r/attackontitan/comments/1khr3s6/help_which_soundtrack_ist_this/,1,1,1,1746713525.0,rumor
Is there a missing word in scene's sub of S2E10 (E35) Children?,"I just watched S2E10 (E35) Children, and was confused by a small little subtitle. It's likely a mistranslation but I just want to make sure I followed it correctly since a lot is explained in this scene. Timestamp on Crunchyroll is 4:38 and Bertholdt is talking to Reiner and says, ""The next time we come here, we can take Annie, Christa, and **that** back home."" What is he referring to as **that**, or is there a missing word in there?

Also, I might have forgotten already, but what is Christa's background again? I know she left the church when she was young, but am I supposed to know anything about her that's important? Like why is Ymir so infatuated with her, aside from the fact that Ymir sees some weird parallel with Christa?","Obligatory “get off sites while you’re on your first watch because of spoilers” In regards to Historia, Hange mentioned that she’s part of a noble family but any further importance is not explained at that point in the series. Neither is **that**.",AttackOnTitan,https://www.reddit.com/r/attackontitan/comments/1khpu5w/is_there_a_missing_word_in_scenes_sub_of_s2e10/,1,1,1,1746710130.0,rumor
A friend of mine's take on if Mikasa was the female titan instead of Annie. What y'all think? W or L?,,"# Make sure to flair posts correctly.

## REMEMBER TO BE CIVIL.

### [Also check out the Megathread](https://www.reddit.com/r/attackontitan/comments/1i8hei4/ultimate_guide_to_aot_faqs_analysis_and_discourse/)


*I am a bot, and this action was performed automatically. Please [contact the moderators of this subreddit](/message/compose/?to=/r/attackontitan) if you have any questions or concerns.*",AttackOnTitan,https://i.redd.it/ofy5ciw3qjze1.png,1,1,1,1746704934.0,rumor
My friend just started watching AoT and said “obviously the main character doesn’t die” after S1E5  😭,[removed],"# Make sure to flair posts correctly.

## REMEMBER TO BE CIVIL.

### [Also check out the Megathread](https://www.reddit.com/r/attackontitan/comments/1i8hei4/ultimate_guide_to_aot_faqs_analysis_and_discourse/)


*I am a bot, and this action was performed automatically. Please [contact the moderators of this subreddit](/message/compose/?to=/r/attackontitan) if you have any questions or concerns.*",AttackOnTitan,https://www.reddit.com/r/attackontitan/comments/1khlymn/my_friend_just_started_watching_aot_and_said/,1,1,1,1746696986.0,rumor
#levi after his lesson with #erwin #aot #attackontitan #eruri #eruricosplay,,"We are happy about creative hate comments, but only get hot air",AttackOnTitan,https://i.redd.it/wmgtexrp0jze1.jpeg,1,1,1,1746696245.0,rumor
"""My Hero Academia"" Motivation",,,MyHeroAcademia,https://www.reddit.com/gallery/1kicq95,1,0,0,1746775831.0,rumor
some Kazuho ecchi mobile and PC wallpaper pics,,,MyHeroAcademia,https://www.reddit.com/gallery/1kiaj19,1,0,0,1746766902.0,rumor
Why is the number of episodes in Netflix different from Crunchyroll?,"Hi! I was rewatching *My Hero Academia* on Netflix and noticed that Season 3 has been removed. I also compared it with Crunchyroll and saw that Season 2 has 26 episodes there, while Netflix only has 25.

[Netflix](https://preview.redd.it/ne2c4nf4loze1.png?width=241&amp;format=png&amp;auto=webp&amp;s=a52b7e20208ef5ce38009c367e876d7a5d6af10a)

[Crunchyroll](https://preview.redd.it/7q1nyzbjloze1.png?width=450&amp;format=png&amp;auto=webp&amp;s=840cb2652de0c318a52d3d70ff080ee6ea709064)

",,MyHeroAcademia,https://www.reddit.com/r/MyHeroAcademia/comments/1ki9pih/why_is_the_number_of_episodes_in_netflix/,1,0,0,1746763885.0,rumor
Idk what to choose,[removed],,MyHeroAcademia,https://www.reddit.com/r/MyHeroAcademia/comments/1ki81fg/idk_what_to_choose/,1,0,0,1746758200.0,rumor
Who’s on your Mount Rushmore of the Greatest Male and Female MHA Characters of All Time?,"My Mount Rushmore of the Greatest Male and Female MHA Characters of All Time are:

Male👨🏻

Deku 

Bakugo

Todoroki

Shigaraki 

Female 👩🏻

Ochaco

Momo 

Jiro 

Toga 
",,MyHeroAcademia,https://www.reddit.com/gallery/1ki5xe2,1,0,0,1746751477.0,rumor
Was too excited for season 8 so I decided to order a cosplay,,,MyHeroAcademia,https://i.redd.it/rgg1vn6vfgze1.jpeg,1,0,0,1746665020.0,rumor
I think the fandom is exaggerating how dangerous the notebook would be.,,I agree-also it would mostly be fanboy drawings/jkjkjk,MyHeroAcademia,https://i.redd.it/jzk4u6xxoeze1.jpeg,1,0,1,1746643894.0,rumor
¡¡Unpopular Opinion!!,"Mineta's quirk is pretty useful! I mean- he can use his balls (his balls on his head.....pervert) to keep the villains in place so the Pro Heroes can come and take the villains to the police.

------------------------

Out of context, but I JUST realized how toxic some of the Mineta fans are. For the first picture, I got it from a video on YouTube, and when I looked in the comment section, I saw a comment that said “Mineta the 🍇'ist”...... I MEAN C'MON, sure, Mineta is a pervert, but he wouldn't 🍇 anyone! The fandoms and their mis characterizing, I swear 😭",Same here 🤣,MyHeroAcademia,https://www.reddit.com/gallery/1kfy735,1,0,2,1746514682.0,rumor
¡¡UNPOPULAR OPINION!!,[removed],"Hi /u/ Thecollectoriscool, unfortunately your post has been removed because it's in all caps. You are more than welcome to post again but please refrain from posting with all caps in the future.

Thank you!

*I am a bot, and this action was performed automatically. Please [contact the moderators of this subreddit](/message/compose/?to=/r/MyHeroAcademia) if you have any questions or concerns.*",MyHeroAcademia,https://www.reddit.com/gallery/1kfy1lc,1,1,1,1746514012.0,rumor
My Hero Academia theory the first quirk,"The Luminescent Baby was not the first quirk user; that title belongs to Jesus Christ. He performed many extraordinary miracles, such as turning water into wine and calming a storm at sea. Additionally, since Jesus is known not to have had any children, the quirk gene did not pass on to future generations. It's also important to note that a gene can take years to develop—much like the time that elapsed between Jesus' era and that of the Luminescent Baby. Therefore, it’s possible that a quirk had been developing during that time, much like ""One For All,"" which remained dormant in the gene pool until it was ready to manifest.

Also explain witches



Don't take this seriously. I just thought of it no research. Definitely miss something.",What if his moms quirk was asexual reproduction,MyHeroAcademia,https://www.reddit.com/r/MyHeroAcademia/comments/1kfiz8e/my_hero_academia_theory_the_first_quirk/,1,0,1,1746469623.0,rumor
Pop step fanart i did :3,,,MyHeroAcademia,https://i.redd.it/1x8oqsawluye1.png,1,0,0,1746400698.0,rumor
Pop art fanart i did&lt;3,[deleted],,MyHeroAcademia,,1,0,0,1746400659.0,rumor
Pop art fanart i did&lt;3,,,MyHeroAcademia,https://i.redd.it/pq54w04sluye1.png,1,0,0,1746400659.0,rumor
Can we show some praise for Deku?,"Made THE most generational come-back I've ever seen these past few months? My boi has defeated EVERY allegation.

Got a statue built, was seen on billboard's across the city, got with Ochaco, his return was celebrated by the media and he became the #4, FINALLY defeating Bakugo. As someone who remained a fan even after August, man this was cathartic.",No.,MyHeroAcademia,https://i.redd.it/8j7d9zp7poye1.jpeg,1,0,1,1746329215.0,rumor
This coffee is about to make me go plus ultra!,I just finished season 7 of MHA and forgot I had this mug. I just had to use it today! ," ""You may have heard these words before, but I'll teach you what they really mean! Go beyond... PLUS ULTRA!!""",MyHeroAcademia,https://www.reddit.com/gallery/1kdzua5,1,0,1,1746297329.0,rumor
Just finished season one and I love him so much,,I got the English dub voice actor autograph in Tyler comic con here in texas,MyHeroAcademia,https://i.redd.it/rckgsgh7tlye1.jpeg,1,0,1,1746294196.0,rumor
Piece of cake OVA,"does anyone know where I can watch the newest OVA called ""piece of cake""? saw a bit of it on youtube but there's no captions and animekai doesn't have it either and I really wanna watch it :(",Looks like it was bundled with the Your Next movie so find the movie and youll probably the ova,MyHeroAcademia,https://www.reddit.com/r/MyHeroAcademia/comments/1kcn1de/piece_of_cake_ova/,1,0,1,1746142721.0,rumor
Whats the dumbest/weirdest headcanon you have ever heard?,"Not anything like ""Bakugo eats pancakes with ketchup"" no. Something that made you unlock a new facial expression (no homophobic/transphobic comments)","Hmmm

Headfanon (I think it fits better) is…

Trying not to regurgitate any wierd crap people put online…

Koudas horn is straight up kryptonite, and is pure enough to kill Superman if he ever came to MHA",MyHeroAcademia,https://www.reddit.com/r/MyHeroAcademia/comments/1kc2pt4/whats_the_dumbestweirdest_headcanon_you_have_ever/,1,0,1,1746083453.0,rumor
Character design.,What's a character designed that was a stupid design or what was a character that was obvious a rushed design or gooner bait?,"Stupid: Mineta. Daiper UFO thingie.
Rushed: AFO. Dude just wears a suit and a mask. His later outfit, while a better outfit visually, still doesn't look Demon Lord-y. Gonna call yourself a Demon Lord, dress like it damnit. 
Bait: Momo, Hagakure, Bubble girl, Camie, etc. ",MyHeroAcademia,https://www.reddit.com/r/MyHeroAcademia/comments/1kb2af7/character_design/,1,0,1,1745969522.0,rumor
Song of Witcher 3 in MHA ?,[removed],,MyHeroAcademia,https://www.reddit.com/r/MyHeroAcademia/comments/1kb0ipk/song_of_witcher_3_in_mha/,1,0,0,1745964676.0,rumor
Blacie the Firework Nomu OC,How does this OC look?,,MyHeroAcademia,https://www.reddit.com/r/MyHeroAcademia/comments/1karj1z/blacie_the_firework_nomu_oc/,1,0,0,1745942451.0,rumor
V-Su art remake,How do you guys think about my OC?,,MyHeroAcademia,https://i.redd.it/wasrkm5yhsxe1.jpeg,1,0,0,1745939306.0,rumor
V-Su art OC remake,What do you guys think of my OC?,"Bruv..

You haven't posted the image",MyHeroAcademia,https://www.reddit.com/r/MyHeroAcademia/comments/1kaldp6/vsu_art_oc_remake/,1,0,1,1745925334.0,rumor
Toga Himiko Repainted!,"Finally finished painting her. Unlike other figures, the mid tone of her skin came out looking so beautiful that I did not want to paint her in the usual style. 

I want to try some stuff like that with just single shades, what do people think about that?

The before and after comparison video is up on [Youtube](https://m.youtube.com/@repainttamarind/featured). I was painting multiple figures parallelly and didn't record a time-lapse.

This figure is currently being auctioned [here](https://auctions.yahoo.co.jp/jp/auction/o1182849678).",this looks cool,MyHeroAcademia,https://v.redd.it/vlpomxw3blxe1,1,0,1,1745852278.0,rumor
This is me when I finished the MHA your next movie,,"You're* and yeah it was cool, bye",MyHeroAcademia,https://i.redd.it/d9ow4juy6hxe1.jpeg,2,1,1,1745802437.0,rumor
Look what i found!,"i got aizawa, mic, tamaki and got my sister tokoyami",Thats a Crazy amount of figures.,MyHeroAcademia,https://www.reddit.com/gallery/1k9cbqe,1,0,1,1745782326.0,rumor
LOOK WHAT I FOUND,[removed],"Hi /u/ katya_lingling, unfortunately your post has been removed because it's in all caps. You are more than welcome to post again but please refrain from posting with all caps in the future.

Thank you!

*I am a bot, and this action was performed automatically. Please [contact the moderators of this subreddit](/message/compose/?to=/r/MyHeroAcademia) if you have any questions or concerns.*",MyHeroAcademia,,1,1,1,1745782231.0,rumor
Looking for Fics Where Mineta Becomes OP or Actually Useful,"Hey, so I'm looking for any fanfics where Mineta actually locks in and makes his quirk useful or even OP in some way. If you can recommend any, I'd really appreciate it. I've already read [Mineta the Mayhem](https://archiveofourown.org/works/45483115/chapters/114439990) by PsychoJack88 — it was a great story — but I want more stuff like that. It could even be a reincarnation story where someone else ends up in his body, I don't mind. Just anything along those lines!",,MyHeroAcademia,https://www.reddit.com/r/MyHeroAcademia/comments/1k8k0bm/looking_for_fics_where_mineta_becomes_op_or/,1,0,0,1745692897.0,rumor
Rody Soul (WHM),"Rody Soul, the character who appeared the World Heroes' Mission movie was way to interesting to be a just a side character, like I haven't seen this guy at all, they has been no reference to him since WHM came out back in 2021 (4 years ago and sometime between season 3-5).

I swear we need to see him again mabey as a support class hero with something to do with plane's since he mentioned being a pilot quite a few times, or mabey just a arc where deku gets wanted by the law (again) and has to lay low and stay with rody or something.

Either way I want this man in future episodes and that bird which actually is his quirk.
",Who doesn't want mha to end,MyHeroAcademia,https://www.reddit.com/r/MyHeroAcademia/comments/1k8075q/rody_soul_whm/,1,1,2,1745627218.0,rumor
Hear me out Prime (All Might) Movie would break the box office,Honestly it’s what I need even after the show ends us not getting to see prime all might doesn’t sit right with me.,"Would be great if it did.

It'd probably do as good as DB being as how big MHA is and especially with All Might.",MyHeroAcademia,https://i.redd.it/hmhlq62ws0xe1.jpeg,2,1,1,1745603992.0,rumor
One of the BEST Fortnite update,,,MyHeroAcademia,https://v.redd.it/gi2r6fp6nzwe1,3,0,0,1745590330.0,rumor
Who’s on your Mount Rushmore of the Greatest MHA Husbandos and Waifus of All Time? (No Underaged),[deleted],"No 24 currently

https://myheroacademia.fandom.com/wiki/Hitoshi_Shinso",MyHeroAcademia,,8,6,3,1745528373.0,rumor
My little MHA display,Big fan of the League of Villains if it wasn't obvious ,[removed],MyHeroAcademia,https://www.reddit.com/gallery/1k6f1w6,8,1,1,1745454891.0,rumor
I m tired if Waiting for new season 😭,"Hey guys, can someone help me out with something? I’m trying to figure out the exact manga chapter and page number where My Hero Academia Season 7 ends and Season 8 begins. I had downloaded the manga a while ago but can’t seem to find the precise spot where the anime left off and where I should continue reading.

 Could anyone tell me the name or volume of the comic book, the chapter number, and even the page if possible? Also, suggestions on where to download or read it officially would be appreciated. Thanks!😊",Who wishes that mha didn't end,MyHeroAcademia,https://www.reddit.com/r/MyHeroAcademia/comments/1k46ab9/i_m_tired_if_waiting_for_new_season/,1,0,1,1745214431.0,rumor
Made Katsuki and Izuku in sims 4....this is what happened when they started talking,,,MyHeroAcademia,https://i.redd.it/n57m0vf9k4we1.jpeg,1,0,0,1745213714.0,rumor
Fuyumi Todoroki,[removed],,MyHeroAcademia,https://www.reddit.com/gallery/1k44968,1,0,0,1745206843.0,rumor
Happy Birthday Bakugo Katsuki!🎂🥳🎉🎊😡💥,,"Happy belated birthday, Bakugo! 🥳🎉🎊💥",MyHeroAcademia,https://i.redd.it/bhqzzau0x3we1.gif,1,0,1,1745205857.0,rumor
Shoto variants,,,MyHeroAcademia,https://i.redd.it/ht6lwmzks3we1.jpeg,1,0,0,1745204362.0,rumor
Try to guess my favorite character in three hints!,"1. They live in the same area as two UA students

2. They are important to the plot

3. They are not a villain","Todoroki? maybe Bakugo? or Aoyama, gotta be one of those 3, right?",MyHeroAcademia,https://www.reddit.com/r/MyHeroAcademia/comments/1k43eut/try_to_guess_my_favorite_character_in_three_hints/,1,0,1,1745204054.0,rumor
MHA oc,,"Take my upvote, guy.",MyHeroAcademia,https://i.redd.it/3090ki7zf3we1.jpeg,1,0,2,1745200123.0,rumor
Fan hero,"Real name: Izuki Bakugo
Adopted Hero Name: Lovely Chain
Age: 15 years old
Affiliation: U.A. High School – Heroes Course, 1st Year
Relationship: Katsuki Bakugo's younger brother
Family Favoritism: Mitsuki Bakugo's favorite son


---

Hero Appearance &amp; Costume

Izuki wears stylized black and pink combat armor covered in hearts and shiny details. His uniform is skintight to allow agility and showcase his androgynous aesthetic. The outfit features:

A helmet with pink demonic ears, with a built-in visor.

Long burgundy cover, dramatic and stylish.

Reinforced chains on the arms and legs, used both as a weapon and to bind enemies.

Chaquetrix attached to the right wrist with the appearance of a robust bracelet, in shades of magenta and neon pink.

Pink gadgets built into the belt, including heart-shaped bombs and energy sprays.



---

About Izuki

Izuki was born with a delicate appearance and effeminate features, something that made him stand out from an early age. Despite his brother Katsuki's explosive behavior, Izuki developed a sweet, gentle and affectionate personality, being known for his almost angelic innocence, but also for his caring stubbornness.

Even though he was a fe",.,MyHeroAcademia,https://i.redd.it/vm5op2w852we1.png,1,1,1,1745184407.0,rumor
‘My Hero Academia: You’re Next’ Blasts onto Crunchyroll Today!,,,MyHeroAcademia,https://www.animationmagazine.net/2025/04/my-hero-academia-youre-next-blasts-onto-crunchyroll-today/,1,0,0,1745174099.0,rumor
💥💥💥HAPPY BIRTHDAY KATSUKI BAKUGO!!! (Great Explosion Murder God Dynamight)💥💥💥,"https://preview.redd.it/z8sdktjgdxve1.png?width=1082&amp;format=png&amp;auto=webp&amp;s=b5cb24a734d411a9ebc9da360b77a80e5d6cb05f

",,MyHeroAcademia,https://www.reddit.com/r/MyHeroAcademia/comments/1k3fdt9/happy_birthday_katsuki_bakugo_great_explosion/,1,0,0,1745126645.0,rumor
My opinion on mha vigilantes and hopes for it's future,I've seen it and I loved and hope it gets the recognition it deserves but I also hope it also projects like ovas or a movie ,,MyHeroAcademia,https://www.reddit.com/r/MyHeroAcademia/comments/1k3cvdl/my_opinion_on_mha_vigilantes_and_hopes_for_its/,1,0,0,1745117326.0,rumor
Fanfic recs?,"So im kinda looking for two things in particular but im in a stump so if anyone has rlly good fics that dont fit what im saying id still love to hear it:

1, Villain deku where his class is still a little involved (bkdk preferably)

2, DabiHawks fic with a relationship reveal of them",,MyHeroAcademia,https://www.reddit.com/r/MyHeroAcademia/comments/1k3cc05/fanfic_recs/,1,0,0,1745115394.0,rumor
Fanfic recs?,[deleted],,MyHeroAcademia,,1,0,0,1745115206.0,rumor
I GOT THIS FELTING TOOL FOR FELTING WOOL AND IT REMINDS ME OF TOGAS BLOOD SUCKING DEVICE. EVERYTHING REMINDS ME OF HER 😢,,"Hi /u/ ShyMoca, unfortunately your post has been removed because it's in all caps. You are more than welcome to post again but please refrain from posting with all caps in the future.

Thank you!

*I am a bot, and this action was performed automatically. Please [contact the moderators of this subreddit](/message/compose/?to=/r/MyHeroAcademia) if you have any questions or concerns.*",MyHeroAcademia,https://i.redd.it/bsjks01n2vve1.jpeg,1,1,1,1745098782.0,rumor
I GOT THIS FELTING TOOL FOR FELTING WOOL AND IT REMINDS ME OF TOGAS BLOOD SUCKING DEVICE. EVERYTHING REMINDS ME OF HER 😢,[removed],"Hi /u/ ShyMoca, unfortunately your post has been removed because it's in all caps. You are more than welcome to post again but please refrain from posting with all caps in the future.

Thank you!

*I am a bot, and this action was performed automatically. Please [contact the moderators of this subreddit](/message/compose/?to=/r/MyHeroAcademia) if you have any questions or concerns.*",MyHeroAcademia,,1,1,1,1745098782.0,rumor
Closer look at the Spy × Family Funko Pops! Available for preorder. Funko Exclusive Bond &amp; Amazon Exclusive Anya w/ Penguin are not available right now.,,,SpyxFamily,https://i.redd.it/xxi1w1bd1u1f1.jpeg,1,1,0,1747701336.0,rumor
So What do You Imagine Loid and Yor do when Anya goes to Sleepover or Whatever? Like Over Night Field Trip!,"That is my Question

Like imagine that Anya went to Sleepover with Becky meaning Yor and Loid are like left alone and all how do you imagine that Night going down? Like would be like most fanfics or not I probably imagine being like an Episode of Curb your Enthusiasm for some reason

Anyway Probably be hilarious and intense all at the same time and probably some drinking at you probably wondering how this is gonna and where you wake up the next morning and mistake will probably happen you the weekend without the Kids

Or something more wholesome but yet hilarious like going to dinner whatever happens Bond will be there to witness it

But I am just making Set-up it's ultimately up to you

Please put Spoiler Bars on any Manga Spoilers

So Lets do this Folks

Art by Tatsuya Endo

",,SpyxFamily,https://i.redd.it/pfb4vv32zt1f1.jpeg,1,0,0,1747700559.0,rumor
"My first try at fanart, Yor in ch 116","Loved Yor’s fit in ch 116 so much I decided to try creating a fan art entirely in procreate for the first time! I know this isn’t the place but if anyone can point me to resources to improve as I’m more of a classically trained drawer, I’d love that 


But seriously isn’t Yor so cute? 🥰 ","I know 🙈 I am still new to this and quite rusty and she’s based on more realistic proportions and I know it’s all wrong, but progress is progress lol",SpyxFamily,https://i.redd.it/ewlvykb76r1f1.jpeg,1,1,1,1747666641.0,rumor
Apple definitely stirred this mans noodle,Haven’t seen much discussion about this but some unethical scientist definitely implanted something into Desmonds brain. ,"I think it's a mind control situation kind of  like in the ""Manchurian Candidate"" . His wife thinks he reads minds but she seems a bit crackers herself. Maybe another telepath is feeding him information?",SpyxFamily,https://i.redd.it/oo2taykbqq1f1.jpeg,1,1,1,1747661300.0,rumor
Just thinking,"I'm just thinking how bad it would be if Loid as Twilight did not meet Anya and Anya would not meet Bond. The whole country would be in ruins and Twilight would end its mission with life once and for all, it all looks like destiny so that the world does not stand in flames tbh. ",,SpyxFamily,https://www.reddit.com/r/SpyxFamily/comments/1kq32q7/just_thinking/,1,0,0,1747628963.0,rumor
Just thinking,"I just think how bad it would be if Loid as Twilight did not meet Anya and Anya would not meet Bond on the road, the whole country would be in ruins and Twilight would end its mission with life once and for all, it all looks like destiny so that the world does not stand in flames",,SpyxFamily,https://www.reddit.com/r/SpyxFamily/comments/1kq31y7/just_thinking/,1,0,0,1747628882.0,rumor
Made them in TS3,[removed],,SpyxFamily,,1,1,0,1747617630.0,rumor
What chapters of the manga do you think season 3 of the anime will cover?,"I’m hoping it can get to chapter 88 myself, but I don’t even know if season 3 is going to be 12 episodes or 24.","Too far. Prob be S4, also that spoiler isn't something confirmed in the story the way Anya's and Bond's powers are.",SpyxFamily,https://i.redd.it/jqnqqz8fnm1f1.jpeg,137,11,14,1747611898.0,rumor
What chapters of the manga do you think season 3 of the anime will cover?,[removed],,SpyxFamily,https://i.redd.it/jzj4ezbpjm1f1.jpeg,1,1,0,1747610647.0,rumor
I THINK IM ADDICTED AHHHH,"I just finished season 2 after being cut off at 12 episodes (unlike season 1 which has like 25. Also I’m aware it cuts off like that because smth sad happens or whatever no spoilers LALALALALALA) and I am now slightly shaking and my heart rate goes to 110 whenever I think about the show. (Also yes I have tried reading the manga and while I like it, it doesn’t help and I don’t want to spoil the plot any more than what I have already seen) so uhhh…. OCTOBER COME QUICK PLEASE AHHHH!!",I know what you mean .. I watch it over and over and every time i enjoy it like the first time .. Yesterday watched the movie and it was awesome .. can't wait for next season,SpyxFamily,https://www.reddit.com/r/SpyxFamily/comments/1kpx7n4/i_think_im_addicted_ahhhh/,14,3,4,1747609929.0,rumor
Do u guys think Loid's name in Spyxfamily is dwight,"why do I think it's Dwight u may ask, it's not in the manga at least I think but in the anime ep 16 season 1 there's a scene u know the bushy hair guy well he was poor and he wanted beer to so he said gimmie the cheapest beer u got and then it gives him a pretty expensive beer then says it's paid for the. It goes to twilight but then the bushy hair guy gets surprised AND SAYS dwight-twilight so he meant twilight but accidently said Dwight I'm not sure but I really wanna put more effort into this since I keep seeing people saying no and stuff and btw he is drunk so idk maybe he said the name wrong and gone back for his mistake but I don't know I want yours guys opinions on this","Maybe his name is Dwilight. 

More likely it's forever lost to time.",SpyxFamily,https://www.reddit.com/r/SpyxFamily/comments/1kpwrga/do_u_guys_think_loids_name_in_spyxfamily_is_dwight/,0,10,2,1747608597.0,rumor
Can't afford rent but a 450$(~5000$) Leica M3,Considering he is suppose to be living in a GDR equivalent a Leica might as well be unobtainable,"This is where the distinction between ""based on"" and ""takes place in"" makes a crucial difference.",SpyxFamily,https://i.redd.it/bjyl73fv6m1f1.png,33,9,21,1747606332.0,rumor
Am I the only one who thinks that the season 2 ending was meh,"I mean sure it’s like: yay bond or whatever good boy. But I think it would have been better to do smth cuter like Yuri and Loid not fully getting along but just releasing some of the tension yk? 

EDIT: I forgot the manga existed while I was watching…",?? You don't know that the anime is an adaptation from the manga?,SpyxFamily,https://www.reddit.com/r/SpyxFamily/comments/1kpuzsc/am_i_the_only_one_who_thinks_that_the_season_2/,0,12,6,1747603766.0,rumor
Is it possible to use a vpn to access season 3 early?,Because I’m pretty sure in Japan it got released in April ,Oh ok,SpyxFamily,https://www.reddit.com/r/SpyxFamily/comments/1kpuxhg/is_it_possible_to_use_a_vpn_to_access_season_3/,0,6,2,1747603592.0,rumor
"Does anyone else think Type F and Snoops are WAY too similar to be ""different characters""? I mean, from the way their face is shaped to their similar voices, personality, and way of talking it just seems kinda suspicious... don't you think?",,,SpyxFamily,https://www.reddit.com/gallery/1kpsj61,1,1,0,1747597322.0,rumor
Something I've Noticed Recently Chapter 102,[removed],,SpyxFamily,https://www.reddit.com/r/SpyxFamily/comments/1kpb15d/something_ive_noticed_recently_chapter_102/,1,1,0,1747540220.0,rumor
(Probably late) But Noticed Something,[removed],,SpyxFamily,https://www.reddit.com/r/SpyxFamily/comments/1kpatnn/probably_late_but_noticed_something/,1,0,0,1747539499.0,rumor
I don't know what you mean Anya,,I thought i was the only one 🙏,SpyxFamily,https://i.redd.it/8oakne5q9g1f1.jpeg,1,1,2,1747534651.0,rumor
Divide and Conquer,"Agent Twilight is not well accustomed to losing but when a terror attack brings the world to the brink of nuclear war, it'll be up to him to hunt down the truth and stop those responsible before it's too late. Even if it means confronting rouge special forces, an elite league of assassins or the sins of his own past. 

https://www.wattpad.com/story/394512586?utm_source=android&amp;utm_medium=link&amp;utm_content=story_info&amp;wp_page=story_details_button&amp;wp_uname=mattdaponte","Did you know generative ai takes as much energy as fully charging a phone? Not only that, but it also takes out the “art” aspect of…. Well, art. It’s cool, yes, but there’s a bunch of fanart you could’ve used in place of it.",SpyxFamily,https://i.redd.it/psxigltcgf1f1.jpeg,1,0,1,1747524773.0,rumor
Looks like the Forgers had a very unexpected guest. [OC],"“You miserable engine!” She scolded. “Just look what you’ve done to our breakfast! Now my husband would have to cook some more!” She banged the wall. More plaster fell. This time, it fell on Thomas. Thomas felt depressed.",XD,SpyxFamily,https://i.redd.it/zp2yn8asbf1f1.jpeg,1,1,1,1747523236.0,rumor
Dancing with the Eden Students,,"Becky and Bill(Not to be mistaken with watkins), my Oc",SpyxFamily,https://i.redd.it/93bs3pxj7f1f1.png,1,1,1,1747521813.0,rumor
Gobbled up the whole manga in 1 day,,U still have Manga Plus,SpyxFamily,https://i.redd.it/nrwgee7mhd1f1.jpeg,1,1,1,1747500984.0,rumor
SPY x FAMILY: help,So currently I have up to book 12 of the manga set. But if I look up how many are currently available it tells me up to book 18 is out. Could someone please clarify this for me? My dad said it might be that it's only currently available in Japan but I don't know. ,"The [SxF Wiki](https://spy-x-family.fandom.com/wiki/Chapters_and_Volumes) maintains an up-to-date list of chapters and volumes, including those chapters which have yet to incorporated into volumes.

The most recent published volume (volume 15) ends with Mission 108 and Short Mission 14. I have to wonder of someone may not have accidentally left out the ""0"" when typing ""108"".",SpyxFamily,https://www.reddit.com/r/SpyxFamily/comments/1kox9fc/spy_x_family_help/,1,0,1,1747499932.0,rumor
I KNEW IT (JUMPSCARE WARNING AT LAST SLIDE),,Theory confirmed.,SpyxFamily,https://www.reddit.com/gallery/1kowdz1,1,1,1,1747497646.0,rumor
Becky i'm going to hold your hand when i say this..,The fortune teller is right 😭,,SpyxFamily,https://i.redd.it/djs55hte5d1f1.jpeg,1,1,0,1747496879.0,rumor
Becky I'll hold your hand and say this..,The fortune teller is right😭,,SpyxFamily,https://i.redd.it/38bcgp775d1f1.jpeg,1,1,0,1747496807.0,rumor
Seducing is crazyyy😭,,I'm literally her when I see older fictional men 😝,SpyxFamily,https://i.redd.it/ddeibrgkzc1f1.jpeg,1,1,1,1747494914.0,rumor
What do y'all think about Donovan?,I feel like Donovan Desmond (Damian's father) can read minds like anya. 👀,,SpyxFamily,https://www.reddit.com/r/SpyxFamily/comments/1koue1b/what_do_yall_think_about_donovan/,1,1,0,1747492358.0,rumor
Not a single thought in their brains😔,I hope Damian doesn't turn out like them ,,SpyxFamily,https://i.redd.it/inr3aeztpc1f1.jpeg,1,1,0,1747491640.0,rumor
Are Yor and Loid in love yet?,[deleted],[removed],SpyxFamily,,1,4,1,1747484614.0,rumor
"Whoa, nice reflex Mama Yor! 😮👏",[removed],Oh he fell in love long before this...,SpyxFamily,,529,10,1,1747481917.0,rumor
NOOOO,,Oh so you're just a sucker for pain.,SpyxFamily,https://i.redd.it/yax5leryhb1f1.jpeg,1,1,2,1747476888.0,rumor
The Forgers take to the skies,,I believe it’s from Code: White,SpyxFamily,https://i.redd.it/x7uotlh3va1f1.jpeg,1,1,1,1747469198.0,rumor
This is the ONLY good thing fiona has given us,,[deleted],SpyxFamily,https://i.redd.it/iprweucaoa1f1.jpeg,1,1,1,1747466926.0,rumor
"Hear me out ,",,"https://preview.redd.it/sz8wkxwbxa1f1.png?width=320&amp;format=png&amp;auto=webp&amp;s=cba002022dcea7cd25c82959a8bf020dbfa2b41b

Keeping Integrity at its finest",SpyxFamily,https://i.redd.it/rydgt0aqma1f1.jpeg,64,6,1,1747466382.0,rumor
How do you guys speculate the final scenes of SXF would be?!,"This is what I  think and feel must inevitably happen! 🤩 Let's say Operation Strix ends and Loid completes his mission. The Forger family comes to an end, just as he had said so many times would happen. Loid leaves and disappears. Yor stops being a mother and wife and returns to being a full-time assassin, and Anya is back in a new orphanage. Some time after this happens, Anya is called to be adopted. They take her to meet her new 'parents'. The person in charge of the orphanage tries to get Anya to talk or interact with her new 'parents', but she doesn't want to. But that doesn't bother her parents at all; they are more focused on signing and filling out the necessary form to adopt Anya. Then Anya's powers begin to activate (Yes Anya still has her telepathic powers), and a mischievous smile or smirk forms on her face. The owner of the place asks her why she is smiling and not saying anything. Then we see Anya leaving the place with her new parents, and they get into their car- And a silence falls over them for a while until... Anya's parents speak to her as if they've known her her whole life, and Anya does the same. Then we witness Anya's parents remove the disguises they are wea","VINDICATION

https://preview.redd.it/hiigegpx5b1f1.png?width=1080&amp;format=png&amp;auto=webp&amp;s=c5cbc60ca6a967fccd194fb96dd0ff912cc6adcc",SpyxFamily,https://www.reddit.com/r/SpyxFamily/comments/1kon10y/how_do_you_guys_speculate_the_final_scenes_of_sxf/,1,0,1,1747465822.0,rumor
This panel is way too cuteee,,,SpyxFamily,https://i.redd.it/nakgetlmea1f1.png,1,1,0,1747463658.0,rumor
SHIPPPP!!!!!!!!! I LOVED THIS CHAPTER,,They're too old now. But they know they hold feelings for each other and the fact that they're both alive and able to be in each other's company is a blessing enough given the lives they lived,SpyxFamily,https://i.redd.it/h4d6gmzsda1f1.jpeg,1,1,1,1747463381.0,rumor
Guys sorry but she's so arrogant 💀,,"The show would be very interesting if Fiona was the wife tbh, not any more or less interesting then it already is, but still interesting. Poor Anya though-",SpyxFamily,https://i.redd.it/ib5myastba1f1.jpeg,97,19,1,1747462718.0,rumor
Are you sad? Worry not Anya is here to lift your mood,[removed],[deleted],SpyxFamily,,20,3,1,1747462687.0,rumor
Intros,"Why does the animation in the intro's go so incredibly hard, and the music is good. I think their cheating somehow",,SpyxFamily,https://www.reddit.com/r/SpyxFamily/comments/1kojg2k/intros/,1,0,0,1747452371.0,rumor
Yor’s cooking skill,[removed],,SpyxFamily,,1,1,0,1747450621.0,rumor
The Eden 5 have been transported through time and space to today and somehow you end up being the one who has to take care of them while they are stuck in our time. What are you going to do?,"I want to see their faces when I take them clothes shopping, and they find out they have to wear second hand clothes from Goodwill and they all have to live in the same house. And then we are sneaking into Six Flags!","Introduce them to video games, mcdonald's, netflix and amazon prime and comic books",SpyxFamily,https://i.redd.it/7p7bf11vv81f1.jpeg,1,1,1,1747445239.0,rumor
What's up with melinda?? 😭,,,SpyxFamily,https://i.redd.it/gju9uz30361f1.jpeg,14,6,0,1747411322.0,rumor
Our Legendary Heh Girl,,The princess of Smug,SpyxFamily,https://i.redd.it/vrln04xbe51f1.jpeg,1,1,1,1747403031.0,rumor
Possibility of Henry and Martha getting back together?,Backstory broke my heart. Them getting back together would heal it.,"I think they are past making it formal... For Martha, she has accepted the fact that her love would be unrequited and became good friends with Henry's wife. 

So I guess, they will continue their friendship...",SpyxFamily,https://www.reddit.com/r/SpyxFamily/comments/1knxafa/possibility_of_henry_and_martha_getting_back/,1,1,1,1747390579.0,rumor
Yor x Anya,,,SpyxFamily,https://i.redd.it/pyzyn1fl141f1.jpeg,1,1,0,1747386635.0,rumor
I drew one of my favorite moments of Yor and Loid,,,SpyxFamily,https://i.redd.it/j8ammgnnx31f1.jpeg,1,1,0,1747385316.0,rumor
Yor fan art by me,,You are horny aren't you -_-,SpyxFamily,https://i.redd.it/y8tdh7vpr31f1.jpeg,1,1,1,1747383319.0,rumor
Thoughts on this little guy?,[removed],,SpyxFamily,,1,0,0,1747380538.0,rumor
Blue Giant Movie Arriving in September at Netflix,,,AnimeLeaks,https://animeblogwithths.blogspot.com/2024/08/blue-giant-movie-arriving-in-september.html,1,0,0,1723015777.0,rumor
Kenjaku vs Takaba || Jujutsu Kaisen Leaks Chapter 242,,,AnimeLeaks,https://youtu.be/BtpkVqvCUGM?si=PTVLj8d4EmMPb4jt,1,0,0,1700072356.0,rumor
"TV Anime ""Tokyo Revengers: Tenjiku Arc"" (Season 3) will begin broadcasting October 3, 2023.",,"Your post has been removed because your link contained tracking parameters. Please remove them and try resubmitting.

*I am a bot, and this action was performed automatically. Please [contact the moderators of this subreddit](/message/compose/?to=/r/AnimeLeaks) if you have any questions or concerns.*",AnimeLeaks,https://twitter.com/SugoiLITE/status/1699396840666624490?s=20,1,1,1,1694008703.0,rumor
"""Tower Of God Season 2"" is going to consist of three cours and is getting directed by Masashi Kudo",[removed],,AnimeLeaks,https://www.reddit.com/r/AnimeLeaks/comments/15svem0/tower_of_god_season_2_is_going_to_consist_of/,7,0,0,1692205037.0,rumor
"""Tower Of God Season 2"" is going to consist of three cours and is getting directed by Masashi Kudo",https://x.com/deja_nimu/status/1691815544767254784?s=46&amp;t=LSYamQgj_nfO7DoA0G_18A,,AnimeLeaks,https://www.reddit.com/r/AnimeLeaks/comments/15svem0/tower_of_god_season_2_is_going_to_consist_of/,1,0,0,1692205037.0,rumor
:))),[removed],,AnimeLeaks,https://www.reddit.com/r/AnimeLeaks/comments/14rk4xk/_/,1,0,0,1688583991.0,rumor
Genshin impact trailer new anime #genshinimpact #genshin #selenagomez #wolves,,,AnimeLeaks,https://youtube.com/shorts/nMI8a7ShKcY?feature=share3,1,0,0,1688053250.0,rumor
Anime leaks in to real life,,,AnimeLeaks,https://www.youtube.com/watch?v=SxFkm0mfG1M,1,0,0,1680643693.0,rumor
"Does ""bgette0"" have any reliability? In January, ""SUGOIlite"" claimed Trigun Stampede will only have 12 episodes, now ""bgette0"" claims it'll be 24.",,"Probably both statements are true since it will finish at episode 12, but combined with a season 2/second cour it will have 24 episides in total, completing the Stampede series.",AnimeLeaks,https://twitter.com/bgette0/status/1633319654755115008,1,1,1,1678267618.0,rumor
will reZ s3 happen ?,[removed],,AnimeLeaks,https://www.reddit.com/r/AnimeLeaks/comments/11jwtu5/will_rez_s3_happen/,1,0,0,1678103731.0,rumor
"""Attack on Titan: The Final Season Part 3"" The movie is split into 03 episodes for streaming services",[deleted],,AnimeLeaks,,0,0,0,1677695292.0,rumor
"""Attack on Titan: The Final Season Part 3"" Episode 1 and 2 titles",[deleted],,AnimeLeaks,,0,0,0,1677688389.0,rumor
"""Attack on Titan: The Final Season Part 3"" opening theme ""Under the Tree"" by SIM leaked",[deleted],,AnimeLeaks,,0,0,0,1677687210.0,rumor
"""Attack on Titan: The Final Season Part 3"" Episode 1 title: Rumbling – Episode 2 title: Sinners",[deleted],,AnimeLeaks,,1,0,0,1677686290.0,rumor
20 Upcoming Anime Titles Coming Next Month + Anime Live Count Down,[removed],,AnimeLeaks,https://www.reddit.com/r/AnimeLeaks/comments/11asl63/20_upcoming_anime_titles_coming_next_month_anime/,4,0,0,1677248654.0,rumor
"""In/Spectre"" (Kyokou Suiri) Season 2 TV Anime has total 12 episodes",,"I'm busy on other stuff and kind of lost interest on this, this is a public subreddit so anyone can post them, just follow the rules.",AnimeLeaks,https://twitter.com/SugoiLITE/status/1608809016955908100,4,0,1,1672424223.0,rumor
"""Tosochu: Great Mission (The Great Mission)"" TV Anime – Produced by Toei Animation for Spring 2023",,[Confirmed](https://twitter.com/tosochu_gm/status/1609127472603303937).,AnimeLeaks,https://twitter.com/oecuf0/status/1608383250803703808,3,1,1,1672314151.0,rumor
"""Attack on Titan: The Final Season Part 3"" TV Anime – New information on February 2023",,"According to [another source](https://m.weibo.cn/detail/4851716316733702), It'll be revealed on February 2023 issue of Bessatsu Shonen Magazine out January 9th 2023.",AnimeLeaks,https://tieba.baidu.com/p/8201132884,3,1,2,1672255219.0,rumor
"""Tokyo Revengers: Christmas Showdown"" TV Anime has 13 episodes",,[Confirmed](https://tokyo-revengers-anime.com/product/#/bd_season2%2Fbd_3%2F).,AnimeLeaks,https://twitter.com/bgette0/status/1607309110474579969,4,0,1,1672232807.0,rumor
"""Ayakashi Triangle"" TV Anime has 12 episodes",,[Confirmed](https://ayakashitriangle-anime.com/bddvd/?no=06).,AnimeLeaks,https://twitter.com/bgette0/status/1607306467123535872,3,0,1,1672232803.0,rumor
"""The Reincarnation of the Strongest Onmyouji in Another World"" TV Anime has 13 episodes",,[Confirmed](https://www.animate-onlineshop.jp/pn/%E3%80%90Blu-ray%E3%80%91TV+%E6%9C%80%E5%BC%B7%E9%99%B0%E9%99%BD%E5%B8%AB%E3%81%AE%E7%95%B0%E4%B8%96%E7%95%8C%E8%BB%A2%E7%94%9F%E8%A8%98+Blu-ray+BOX/pd/2207022/).,AnimeLeaks,https://twitter.com/bgette0/status/1606955887305932800,6,0,1,1672232794.0,rumor
"""The Angel Next Door Spoils Me Rotten"" TV Anime – New Year-themed Special Image Visual",,[Confirmed](https://twitter.com/tenshisama_PR/status/1609384047880404994).,AnimeLeaks,https://twitter.com/SugoiLITE/status/1607679527018455041,8,1,1,1672159084.0,rumor
"""Insomniacs After School"" (Kimi wa Houkago Insomnia) TV Anime – Broadcast April 2023",,[Confirmed](https://bigcomicbros.net/spi2306_kimihahoukago_top/).,AnimeLeaks,https://twitter.com/SugoiLITE/status/1607307623740903425,8,2,1,1672056327.0,rumor
"""BLUE LOCK"" TV Anime - Key Visual for Second Selection Arc",,[Confirmed](https://twitter.com/BLUELOCK_PR/status/1606699976955944963).,AnimeLeaks,https://twitter.com/SugoiLITE/status/1606545002016002048,5,1,1,1671881047.0,rumor
"""Stranger Things Tokyo"" anime series spin-off planned by Netflix",,,AnimeLeaks,https://twitter.com/whatonnetflix/status/1606275331832299523,7,0,0,1671822522.0,rumor
"""NieR:Automata Ver1.1a"" has 12 episodes",,,AnimeLeaks,https://twitter.com/bgette0/status/1606228965391142915,3,0,0,1671819042.0,rumor
"""The Legend of Heroes: Trails of Cold Steel - Northern War"" has 12 episodes",,[Confirmed](https://www.4gamer.net/games/405/G040531/20221219030/).,AnimeLeaks,https://twitter.com/SugoiLITE/status/1606328497458540544,2,0,1,1671818347.0,rumor
"""The Magical Revolution of the Reincarnated Princess and the Genius Young Lady"" has total 12 episodes",,[Confirmed](https://tenten-kakumei.com/package.html?cat=vol02).,AnimeLeaks,https://twitter.com/SugoiLITE/status/1606327613714202624,4,0,1,1671818340.0,rumor
"""Kaina of the Great Snow Sea"", ""Bungou Stray Dogs 4th Season"", ""The Tale of Outcasts"", ""Sugar Apple Fairy Tale"", ""Malevolent Spirits: Mononogatari"", ""Me &amp; Roboco"" TV Anime – Episode count: 11, 13, 13, 24 (split), 24 (split), 28",,,AnimeLeaks,https://weibo.com/detail/4849797314648074,3,0,0,1671818335.0,rumor
"""High Card"", ""Spy Classroom"" &amp; ""UniteUp!"" TV Anime – Broadcast in Split Cours",,,AnimeLeaks,https://weibo.com/detail/4849921138885486,5,0,0,1671803179.0,rumor
"""The Angel Next Door Spoils Me Rotten"" TV Anime – Christmas-themed Special Image Visual",,[Confirmed](https://twitter.com/tenshisama_PR/status/1606303867859189760).,AnimeLeaks,https://twitter.com/SugoiLITE/status/1606224993280397312,10,1,1,1671792219.0,rumor
"""The Girl I Like Forgot Her Glasses"" is getting a TV anime adaptation",,[Confirmed](https://twitter.com/Sukimega/status/1613853369336008704).,AnimeLeaks,https://weibo.com/detail/4849462697264732,9,0,1,1671709647.0,rumor
"""Kaguya-sama: Love Is War"" (Kaguya-sama wa Kokurasetai) TV Anime Season 4 production decision",,![gif](giphy|7WvAUvZZTRpSuudobh),AnimeLeaks,https://twitter.com/SugoiLITE/status/1605531091686793218,11,1,3,1671625989.0,rumor
"""Trapped in a Dating Sim: The World of Otome Games Is Tough for Mobs"" (Otome Game Sekai wa Mob ni Kibishii Sekai desu) TV Anime Season 2 production decision",,There’s no way! That’s awesome!,AnimeLeaks,https://twitter.com/SugoiLITE/status/1605136829094985728,22,4,1,1671532725.0,rumor
"""Handyman Saitou in Another World"" (Benriya Saitou-san, Isekai ni Iku) TV Anime has total 12 episodes",,[Confirmed](https://saitou-anime.com/bd/03.html).,AnimeLeaks,https://twitter.com/SugoiLITE/status/1604814726638493696,5,0,1,1671465376.0,rumor
"""Sugar Apple Fairy Tale"" TV Anime has total 12 episodes",,Likely 12 episodes for the 1st cour.,AnimeLeaks,https://twitter.com/SugoiLITE/status/1604813472981979136,3,2,1,1671465365.0,rumor
"""Kubo Won't Let Me Be Invisible"" TV Anime has total 12 episodes",,[Confirmed](https://kubosan-anime.jp/bd/02.html).,AnimeLeaks,https://twitter.com/SugoiLITE/status/1604809426707578880,4,0,1,1671465354.0,rumor
"""The Misfit of Demon King Academy Season 2"" – Cour 1 TV Anime has total 12 episodes",,,AnimeLeaks,https://twitter.com/SugoiLITE/status/1604808762375958530,8,0,0,1671465340.0,rumor
"""Whisper Me a Love Song"" (Sasayaku You ni Koi wo Utau) – TV Anime Adaptation Project decision",,[Confirmed](https://twitter.com/sasakoi_anime/status/1613823165037219840).,AnimeLeaks,https://twitter.com/SugoiLITE/status/1603653687561584640,12,0,1,1671186021.0,rumor
"""Doraemon: Nobita's Sky Utopia"" (Doraemon: Nobita to Sora no Utopia) Anime Movie – Total runtime: 1 hour 48 minutes",,,AnimeLeaks,https://twitter.com/SugoiLITE/status/1603450687836553216,1,0,0,1671128638.0,rumor
"""BLUE GIANT"" Anime Movie ‒ Yuki Yamada, Shotaro Mamiya, and Amane Okayama as Voice Actors for lead roles",,[Confirmed](https://twitter.com/bluegiant_movie/status/1603526315503665152).,AnimeLeaks,https://twitter.com/SugoiLITE/status/1603449557471596545,3,1,1,1671128632.0,rumor
"""Zom 100: Bucket List of the Dead"" is getting a TV anime adaptation",,[Confirmed](https://twitter.com/Zom100_EN/status/1611271726716882945).,AnimeLeaks,https://weibo.com/detail/4846939629162150,5,1,1,1671109456.0,rumor
"""Sasuke Retsuden"" is getting an anime adaptation in ""Boruto"" TV Anime",,[Starts January 8th 2023](https://twitter.com/Abdul_S172/status/1603093914524729345),AnimeLeaks,https://twitter.com/JacquezAdoniz/status/1601108997125591040,3,2,1,1671105449.0,rumor
"""Sasuke Retsuden"" is getting an anime adaptation in Boruto TV Anime",[deleted],,AnimeLeaks,,1,0,0,1671105200.0,rumor
"""Hell's Paradise: Jigokuraku"" TV Anime – Broadcast April 2023",,"Main Cast:

* Gabimaru: Chiaki Kobayashi
* Yamada Asaemon Sagiri: Yumiri Hanamori
* Aza Touma: Kensho Ono
* Fuchi: Aoi Ichikawa
* Yuzuriha: Rie Takahashi
* Aza Choubei: Ryohei Kimura
* Tamiya Gantetsusai: Tetsu Inada

[Source](https://twitter.com/SugoiLITE/status/1603254080201445376)",AnimeLeaks,https://twitter.com/SugoiLITE/status/1603248469778763776,5,2,2,1671097564.0,rumor
"""Reincarnated as a Sword"" (Tensei Shitara Ken Deshita) TV Anime Season 2 production decision",,[Confirmed](https://twitter.com/tenken_official/status/1605571292748386306).,AnimeLeaks,https://twitter.com/SugoiLITE/status/1603068532069400581,24,1,1,1671037628.0,rumor
"""SAND LAND"" – Anime Adaptation Project decision",,[Studios: Sunrise + Kamikaze Douga + ANIMA](https://m.weibo.cn/detail/4844430497159525),AnimeLeaks,https://twitter.com/SugoiLITE/status/1602900061633269762,2,2,1,1671017436.0,rumor
"""Tying the Knot with an Amagami Sister"" is getting a TV anime adaptation",,,AnimeLeaks,https://twitter.com/Spanku_u/status/1601503666946834432,5,0,0,1671014704.0,rumor
"""Spy Room"" (Spy Kyoushitsu) TV Anime ‒ New Key Visual",,[Confirmed](https://twitter.com/spyroom_anime/status/1602996826176507904).,AnimeLeaks,https://twitter.com/SugoiLITE/status/1602943301434413056,5,1,1,1671014302.0,rumor
"Any Recommendations Fantasy,Action Anime?",,,AnimeRumors,https://www.reddit.com/r/AnimeRumors/comments/o757xh/any_recommendations_fantasyaction_anime/,1,0,0,1624554422.0,rumor
What Y’all Top 5 Anime?,,,AnimeRumors,https://www.reddit.com/r/AnimeRumors/comments/o756fu/what_yall_top_5_anime/,1,0,0,1624554308.0,rumor
What Y’all Top 5 Anime?,[deleted],,AnimeRumors,https://www.reddit.com/r/AnimeRumors/comments/o75605/what_yall_top_5_anime/,1,0,0,1624554273.0,rumor
r/AnimeRumors Lounge,[deleted],,AnimeRumors,https://www.reddit.com/r/AnimeRumors/comments/o74yje/ranimerumors_lounge/,1,0,0,1624553682.0,rumor
"Where It All Started: Demon Slayer to Stream Free on YouTube Every Day, English Version Unconfirmed",,,Animenews,https://animecorner.me/demon-slayer-stream-free-on-youtube-every-day/,1,0,0,1747703090.0,rumor
"On Solo Leveling Season 3: ‘I’m Sure There Will Be More Content in Future,' Says Crunchyroll Senior VP",,,Animenews,https://animecorner.me/solo-leveling-season-3-crunchyroll-svp-confident/,1,0,0,1747700083.0,rumor
McDonald's Updates Anime Fans on New Happy Meal Toys Promotion Amid Reports of Scalpers,,,Animenews,https://www.cbr.com/mcdonalds-happy-meal-toy-chiikawa-scalper-update/,1,0,0,1747698372.0,rumor
"Toei Animation Responds After Backlash to AI Plans: Denies Current Use, but Still Expects To Introduce It",,,Animenews,https://animecorner.me/toei-animation-ai-backlash-denies/,1,0,0,1747688631.0,rumor
All Episodes on Major AnimeHeaven Piracy Site Nuked After ‘Crunchyroll’ DMCA Action,,,Animenews,https://animecorner.me/animeheaven-piracy-site-nuked-after-crunchyroll-dmca-action/,1,0,0,1747681348.0,rumor
'Death Note: The Musical' Confirms New Run in November,,,Animenews,https://fictionhorizon.com/death-note-the-musical-confirms-new-run-in-november/,1,0,0,1747654066.0,rumor
"MangaDex Says It’s Not Shutting Down in Official Response After ‘Approximately 7,000 Titles’ Hit by DMCA Takedowns",,It was quite literally the best site. Best quality of life. Haven for scanlators. Best comments. Niche titles that weren’t available anywhere else. I could go on.,Animenews,https://animecorner.me/mangadex-responds-no-shut-down-7000-titles-dmca-takedowns/,1,0,1,1747624025.0,rumor
Dragon Ball DAIMA Earns Best Anime Series of 2025 Nomination,,Maybe tomorrow?,Animenews,https://www.cbr.com/dragon-ball-daima-best-anime-series-2025-nomination/,58,8,2,1747591976.0,rumor
Reaper Scans Shuts Down Following Legal Action from Kakao Entertainment,,Didn't somebody post this already.,Animenews,https://www.animenewsnetwork.com/news/2025-05-17/reaper-scans-shuts-down-following-legal-action-from-kakao-entertainment/.224377,1,0,1,1747569806.0,rumor
Top J-Pop Duo YOASOBI's 'Idol' Becomes Only 5th Song in History To Achieve Back-to-Back JASRAC Gold Awards,,,Animenews,https://animecorner.me/yoasobi-idol-jasrac-gold-award-music-royalties-2025/,1,0,0,1747538208.0,rumor
Mashle Season 2 Is Coming to Hulu,,"https://youtu.be/uL6KcEfQupc?si=VpOmqUAwqk6FEJYk

I know they’ll never use it, but I wish this was the OP for this series so bad.

“If I went to Hogwarts, I would use physical violence 🎶”",Animenews,https://www.cbr.com/crunchyroll-anime-awards-2025-mashle-netflix/,1,0,1,1747533891.0,rumor
Over 700 Series Affected: Massive Manga Site MangaDex Hit With One of Its Biggest DMCA Takedown Actions Yet,,Oh no not manga Dex!?,Animenews,https://animecorner.me/mangadex-manga-deleted-dmca-takedown-action/,1,0,1,1747482875.0,rumor
"KADOKAWA Is ‘Actively Investing’ in AI for Anime Production, CEO Reveals How &amp; Why",,"Maybe I’m wrong, but all I saw when I read the end of the article was that the CEO wants a monopoly using his mergers and acquisitions strategy. 

I also find it crazy that my phone knew that acquisition was the word that was next when I’ve practically never typed that word out.",Animenews,https://animecorner.me/kadokawa-ceo-investing-ai-use-anime-production/,1,0,1,1747454806.0,rumor
Voice of Goku Passed Out 3 Times Recording Dragon Ball DAIMA Final Battle &amp; Super Saiyan 4 Transformation,,Haven’t watched daima. How was it?,Animenews,https://www.cbr.com/goku-passed-out-dragon-ball-daima-super-saiyan-4/,1,0,1,1747415979.0,rumor
Toei Animation to Apply AI to 'Various Processes of Animation Production' In The Future,,"and that is what being done.

but you do need to build it into the pipeline work flow thru.",Animenews,https://animecorner.me/toei-animation-ai-anime-production/,1,0,1,1747411605.0,rumor
"Persona5: The Phantom X Mobile, PC Game Launches on June 26",,,Animenews,https://www.animenewsnetwork.com/news/2025-05-15/persona5-the-phantom-x-mobile-pc-game-launches-on-june-26/.224476,1,0,0,1747400842.0,rumor
"After the Movie's Abrupt Cancelation, 'Yuri!!! on ICE' Is Coming to Hulu This Summer",,,Animenews,https://voicefilm.com/after-the-movies-abrupt-cancelation-yuri-on-ice-is-coming-to-hulu-this-summer/,18,1,0,1747365987.0,rumor
Relive Yuri on Ice Season 1 Anime on Hulu This June,,,Animenews,https://animecorner.me/yuri-on-ice-season-1-hulu-june-2025/,1,0,0,1747355306.0,rumor
DAN DA DAN Season 2 Gets Longest Reveal Yet in New EVIL EYE Anime Trailer,,,Animenews,https://animecorner.me/dan-da-dan-season-2-evil-eye-english-trailer/,1,0,0,1747326777.0,rumor
The Apothecary Diaries &amp; Raku Spa Launch New Merch and Treats Collaboration,,,Animenews,https://fictionhorizon.com/the-apothecary-diaries-raku-spa-launch-new-merch-and-treats-collaboration/,2,0,0,1747295149.0,rumor
"Akira Animator From ‘That’ Famous Arm Mutation Scene Returns This Winter To Direct Azuki’s Enter the Garden Episode 3, First Visual Released",,,Animenews,https://animecorner.me/azuki-enter-the-garden-episode-3-akira-animator-arm-mutation-direct/,1,0,0,1747262579.0,rumor
Major Webtoon Website Reaper Scans Shuts Down After Kakao Entertainment Cease &amp; Desist,,,Animenews,https://animecorner.me/reaper-scans-webtoon-shuts-down-kakao-entertainment-cease-desist/,1,0,0,1747220216.0,rumor
"Unannounced Shueisha &amp; REMOW Anime Revealed To Adapt Weekly Shonen Jump Manga From Over 15 Years Ago: ‘Among the Top Fan-Requested,’ 'High Profile'",,"I feel like rumors surrounding Reborn have never quite gone away

Not sure if a continuation would be ideal though. It would be hard to get new fans and a lot of old fans probably forgot parts of the plot

But a remake would be a very long commitment lol",Animenews,https://animecorner.me/shueisha-remow-anime-weekly-shonen-jump/,1,0,1,1747178323.0,rumor
The Devil Is a Part-Timer! Manga Ends With 24th Volume,,I remember really liking the first episode of the original anime but heard the series goes off the rails later on.,Animenews,https://www.animenewsnetwork.com/news/2025-05-12/the-devil-is-a-part-timer-manga-ends-with-24th-volume/.224343,1,0,1,1747141615.0,rumor
2025's Biggest Anime Hit With Over 6 Billion Views Didn't Come From Crunchyroll or Netflix,,Kinda disingenuous to use every video about it or sanpling it to count the total views. That should also be applied to everything else. But what can you expect fom that awful site,Animenews,https://www.cbr.com/2025-biggest-anime-6-billion-views-love-live-aiscream-tiktok/,1,0,1,1747141042.0,rumor
"One Piece Staff Internally Discuss 'Anti-Sanji Bias' Allegations at Toei Animation: 'We've Been Like, 'Is There Something We Should Do Differently…?''",,Sanji would be a top three character if he wasn’t so pervy and gross with women. Because of that him and Brook are easily my least favorite straw hats for those reasons. It feels like all their character is is creepy perv,Animenews,https://animecorner.me/one-piece-staff-toei-animation-discuss-anti-sanji-bias/,161,18,1,1747080064.0,rumor
'Dragon Ball Z: Kakarot's 'Dragon Ball Daima' Part 2 Sets Early 2026 Launch Date,,,Animenews,https://techcrawlr.com/dragon-ball-z-kakarots-dragon-ball-daima-part-2-sets-early-2026-launch-date/,1,0,0,1747068459.0,rumor
Sakamoto Days Finally Gets Major Anime Return Update in New Netflix Reveal,,14 July😍,Animenews,https://www.cbr.com/sakamoto-days-part-2-netflix-release-date/,1,0,1,1747064350.0,rumor
The Apothecary Diaries is heading on a short hiatus,,I imagine something important is airing that day,Animenews,https://www.gamesradar.com/entertainment/anime-shows/one-of-the-years-biggest-ongoing-anime-is-taking-a-surprise-break-but-fans-are-getting-a-special-episode-to-make-up-for-it/,1,0,1,1747048615.0,rumor
'It's Truly Something Incredible': Demon Slayer Star Reveals Major Production Update on Infinity Castle Arc Anime Movies,,,Animenews,https://www.cbr.com/demon-slayer-infinity-castle-anime-recording-complete/,2,0,0,1747001267.0,rumor
"Netflix’s One Piece Live-Action Season 3 To Begin Filming This Year, Reveals Mr. 0’s Joe Manganiello",,,Animenews,https://animecorner.me/one-piece-live-action-season-3-netflix-begin-filming-this-year/,1,0,0,1746997980.0,rumor
Toho on Anime Streaming Platform Exclusives: ‘Content Won’t Spread and Will Only Be Seen by Those Subscribers if It’s Monopolised by One Platform’,,Not in the U.S. Crunchy is that monopoly. ,Animenews,https://animecorner.me/toho-on-anime-streaming-platform-exclusives-content-wont-spread-and-will-only-be-seen-by-those-subscribers-if-its-monopolised-by-one-platform/,1,0,1,1746986653.0,rumor
Tamagotchi Inducted into 2025 Video Game Hall of Fame,,"And also the same product, digimon was originally just tamagotchi for boys that expanded to it's own thing.",Animenews,https://www.animenewsnetwork.com/news/2025-05-11/tamagotchi-inducted-into-2025-video-game-hall-of-fame/.224342,1,0,1,1746965746.0,rumor
Crunchyroll’s Gloomy Bear Gets Wicked Makeover in New Limited Edition Release,,,Animenews,https://www.cbr.com/crunchyroll-gloomy-bear-anime-new-limited-edition-release/,1,0,0,1746962854.0,rumor
Demon Slayer Issues Legal Warning After Infinity Castle Trailer Leak,,,Animenews,https://animecorner.me/demon-slayer-legal-warning-infinity-castle-trailer-leak/,1,0,0,1746922808.0,rumor
"The Argument for Cutting Off Internet for Repeated Piracy: Sony Music &amp; More Say the Law’s Clear, No Supreme Court Intervention Necessary",,No.,Animenews,https://animecorner.me/sony-music-universal-warner-grande-isp-supreme-court-petition/,1,0,1,1746912314.0,rumor
"Wait, disney going to acquire kadokawa, like, seriously?","Yes, there is evidence that a deleted twitter post was showing it. I thought that was nothing, but do we need to worry about disney owning too much?",Disney will complete acquiring kadokawa in 2025,Animenews,https://i.redd.it/0l4p7j8q7yze1,1,0,1,1746880264.0,rumor
Dragon Ball Manga Set Marks 40th Anniversary With Variant Covers by 42 Jump Legends,,,Animenews,https://www.animenewsnetwork.com/interest/2025-05-09/dragon-ball-manga-set-marks-40th-anniversary-with-variant-covers-by-42-jump-legends/.224299,1,0,0,1746861945.0,rumor
"Bandai Namco Entertainment America Sued For Allegedly Exposing Customer Viewing &amp; Buying Habits Without Consent, Follows Dismissed Case Against Ubisoft",,,Animenews,https://animecorner.me/bandai-namco-entertainment-america-sued-customer-viewing-habits/,1,0,0,1746814703.0,rumor
My Dress-Up Darling Season 2 Reveals Opening Song Preview in New Trailer,,Bunny Marin confirmed! ,Animenews,https://animecorner.me/my-dress-up-darling-season-2-reveals-opening-song/,1,0,1,1746805396.0,rumor
"DRAGON BALL Breaks Revenue Records, Topping GUNDAM And ONE PIECE In 2024",,,Animenews,https://animemojo.com/shonen/dragon-ball/dragon-ball-breaks-revenue-records-topping-gundam-and-one-piece-in-2024-a19283#gs.m5wug5,1,0,0,1746791781.0,rumor
Dragon Ball Smashes Records; Leads Bandai Namco's Record IP Sales Year With Gundam &amp; One Piece,,,Animenews,https://animehunch.com/dragon-ball-smashes-records-leads-bandai-namcos-record-ip-sales-year-with-gundam-one-piece/,1,0,0,1746783895.0,rumor
"We make anime styled game about hikka girl and her vtuber. In the game you have to save her from a depressive routine, if you can.",,This is kinda the reverse of Needy Streamer Overdose,Animenews,https://v.redd.it/b69pzp12gmze1,1,0,1,1746737786.0,rumor
Dragon Ball Breaks Massive Worldwide Record,,I gotta build them all.,Animenews,https://www.cbr.com/dragon-ball-breaks-worldwide-sales-record/,1,0,1,1746726366.0,rumor
"Jujutsu Kaisen Returns With GKIDS Trailer, Official North America Release Date for Hidden Inventory / Premature Death – The Movie",,,Animenews,https://animecorner.me/jujutsu-kaisen-hidden-inventory-premature-death-the-movie-trailer-release-date-gkids/,1,0,0,1746724387.0,rumor
Sony &amp; Bandai Namco Invest 10 Billion Yen In Gaudiy Following MyAnimeList's Acquisition,,,Animenews,https://animehunch.com/sony-bandai-namco-invest-10-billion-yen-in-gaudiy-following-myanimelists-acquisition/,1,0,0,1746708379.0,rumor
Is Japanese anime the next global IP gold mine?,This article discusses the business aspect of anime and how it might impact the Japanese economy. I consider it an interesting read so I thought I’d share it with the community ,"The article starts with a story about Godzilla, and then the operating company of the adult manga app 'Amtus' comes up. It's an inconsistent article. On top of that, it doesn't mention at all the lolicon anime for men that probably comes to mind when people think of Japanese anime. Even in Japan, anime is at a dead end due to the overused tropes of 'isekai' and slice-of-life stories featuring lolis or waifus as the main characters. I don't think it will be a big success overseas in the future.",Animenews,https://www.ft.com/content/d16c2ac8-3604-4967-8a7a-9beb06b395a1,1,0,1,1746704443.0,rumor
Canada Considers National Age Restriction on Anime Streaming – Cites ‘Sexualized Teens’,,I mean. You could be us in the US.,Animenews,https://otakukart.com/canada-considers-national-age-restriction-on-anime-streaming-cites-sexualized-teens/,1,0,1,1746703351.0,rumor
Slice of life/drama anime with a lot of general/mundane conversation recs,"Now that I'm pretty confident in my reading, I've been doing a lot of speaking with natives so I want to watch a boat load of Japanese Drama and Anime that pertain more towards real life, in order to improve my listening and speech in general.

I'm trying to have a lot of content downloaded so I can keep mixing it up between dramas, streamers etc to keep me going for longer sessions. 

I don't want to just watch fluff and fall asleep though, recommend anything with some drama, nice art or anything that makes the show worth watching that fits these genres, thank you!",,anime,https://www.reddit.com/r/anime/comments/1kqx0e2/slice_of_lifedrama_anime_with_a_lot_of/,1,1,0,1747718077.0,rumor
The Perfect List.,,,anime,https://i.redd.it/tb5c3gvhdv1f1.png,1,1,0,1747717523.0,rumor
Rediscovering anime. Looking for recommendations.,"Watched some anime in the 80s/90s and wanted to get some recommendations from the community on newer animes.
If anything, is there something like ""Guyver"" out there (or better)?  ",,anime,https://www.reddit.com/r/anime/comments/1kqwr66/rediscovering_anime_looking_for_recommendations/,1,1,0,1747717112.0,rumor
"A father and daughter dance, dreaming of Nika (One Piece 1129)",,,anime,https://v.redd.it/tiwpku4t7v1f1,1,0,0,1747715611.0,rumor
give me a more underrated gem I'll wait,,,anime,https://i.redd.it/7p083gx16v1f1.jpeg,1,1,0,1747715018.0,rumor
Trying to find a anime show,"i’m trying to remember a show that i watched a few years ago that was on netflix. I think it got removed but idk. I think it was a show with little to no dialogue and there was like animals that didn’t make noise or if they did, it was like a little noise. I remember a scene and it was in a flea market, i think an asian one and there was a lake by it with rocks. there was also a cherry blossom like tree too. There might be a swing there too but i forget. I was a anime with a beautiful landscape and it was relaxing and i think it was pg-13 or R. 

Please help me out!! i’m going insane😭😭 ",,anime,https://www.reddit.com/r/anime/comments/1kqvug7/trying_to_find_a_anime_show/,1,1,0,1747713861.0,rumor
Where do I watch anime,"I would like an app but I wanted to use aniyomi app which is kinda secure i did ask ai too here is what it gave 
Ai generated:
Aniyomi is generally considered a safe and trustworthy application by its user base. Here's a breakdown of why:
 * Open Source: Aniyomi is an open-source project. This means its code is publicly available for anyone to review, inspect, and verify. This transparency helps ensure that there is no malicious or hidden code within the application.
 * Based on Tachiyomi Mihon: Aniyomi is a fork of Tachiyomi Mihon, which itself was a popular and trusted open-source manga reader. This heritage provides a foundation of trust and community familiarity.
 * No Built-in Sources: Aniyomi, by itself, does not host or provide any content. Instead, it relies on user-installed extensions to access manga and anime from various online sources. This separation of the app from the content sources adds a layer of security, as the app itself isn't directly involved in content hosting.
 * Privacy Policy: Aniyomi has a privacy policy that states it does not collect personal information.
However, it's important to consider these points:
 * Extension Trust: The trust in Aniyomi largel",,anime,https://www.reddit.com/r/anime/comments/1kqvs1y/where_do_i_watch_anime/,1,1,0,1747713657.0,rumor
I have a New debate,[removed],,anime,https://www.reddit.com/r/anime/comments/1kqvqm6/i_have_a_new_debate/,1,1,0,1747713533.0,rumor
Tomodachi no Imouto ga Ore ni Dake Uzai/Imouza/My Friend's Little Sister Has It In for Me! Kohinata Iroha Character Visual,[Sauce](https://x.com/imouza_PR/status/1924389566204805211),,anime,https://i.redd.it/p9t2yt5dyu1f1.jpeg,1,1,0,1747712503.0,rumor
Does Anyone know,[removed],,anime,https://www.reddit.com/r/anime/comments/1kqve5t/does_anyone_know/,1,1,0,1747712376.0,rumor
Does anyone know if there is a anime video gamws thats freeroam that's just filled with History and Classic cars and anything that's old.,[removed],,anime,https://www.reddit.com/r/anime/comments/1kqvcdz/does_anyone_know_if_there_is_a_anime_video_gamws/,1,1,0,1747712207.0,rumor
I have a question,Can someone tell me simply how this uh...because my post got removed so I want understand how it works And stuff.,,anime,https://www.reddit.com/r/anime/comments/1kqvb1a/i_have_a_question/,1,1,0,1747712077.0,rumor
Hi Pirate2002Admiral I'm new here nice to meet you all.,[removed],,anime,https://www.reddit.com/r/anime/comments/1kqv9aq/hi_pirate2002admiral_im_new_here_nice_to_meet_you/,1,1,0,1747711919.0,rumor
What shonen anime should a shonen hater watch ?,[removed],,anime,https://i.redd.it/9kuxiej8wu1f1.jpeg,1,1,0,1747711719.0,rumor
I've watched 370 of the top 6000 anime and no anime is watchable anymore.,"I recently started using MyAnimeList and went throught the top 6000 anime and found out I've spent at least 150 days of my waking hours watching anime. I've checked 6000/26000. Anime just doesn't hit anymore, but I would be open to insanely good recommendations.

[https://myanimelist.net/profile/AdollaR](https://myanimelist.net/profile/AdollaR)",,anime,https://www.reddit.com/r/anime/comments/1kqv0ys/ive_watched_370_of_the_top_6000_anime_and_no/,1,1,0,1747711152.0,rumor
Final destination/anime,[removed],,anime,https://www.reddit.com/r/anime/comments/1kqud83/final_destinationanime/,1,1,0,1747709015.0,rumor
Who is smarter out of the two Lelouch or Light,[removed],,anime,https://www.reddit.com/r/anime/comments/1kqu6rb/who_is_smarter_out_of_the_two_lelouch_or_light/,1,1,0,1747708446.0,rumor
Who is smarter out of the two Lelouch or Light?,[removed],,anime,https://www.reddit.com/r/anime/comments/1kqu1ng/who_is_smarter_out_of_the_two_lelouch_or_light/,1,1,0,1747708011.0,rumor
What is up with comparisons????,[removed],,anime,https://www.reddit.com/r/anime/comments/1kqtyh1/what_is_up_with_comparisons/,1,1,0,1747707742.0,rumor
They are releasing JJK movie after it was already aired as anime episodes. Why?,[removed],,anime,https://www.reddit.com/r/anime/comments/1kqtuyd/they_are_releasing_jjk_movie_after_it_was_already/,1,1,0,1747707451.0,rumor
please help me. i feel empty,"i have been searching for weeks for an anime that will fulfill me. nothing i try out interests me. please give recommendations. my favorite anime of all time is attack on titan but i know there will never be another like it again. some of my other favorites are hxh, vinland saga, fmab, re:zero, mushoku tensei, and jjba. please i just need something.",,anime,https://www.reddit.com/r/anime/comments/1kqt8ry/please_help_me_i_feel_empty/,1,1,0,1747705569.0,rumor
Any anime recommendations rn?,"I really need anime recommendations so far I have watched Daily of a immortal king Misfit of the demon academy Naruto One piece Rising of the shield hero Black clover Beyblade burst Beyblade burst god Yugioh Wakfu Opm (one punch man) Frieren Demon slayer My hero academia Seven deadly sins Pokemon Mashle Mob psycho 100 Beyblade burst quaddrive Beyblade buest turbo Beyblade burst rise Devilman crybaby Solo leveling The eminence in shadow and more. I really like naruto, beyblade and eminence in the shadow.",,anime,https://www.reddit.com/r/anime/comments/1kqsxx6/any_anime_recommendations_rn/,1,1,0,1747704670.0,rumor
Sailor Moon Universe Chat and Projectanime.com,[removed],,anime,https://www.reddit.com/r/anime/comments/1kqsw9d/sailor_moon_universe_chat_and_projectanimecom/,1,1,0,1747704527.0,rumor
highschool time travel anime," guys i need help, I'm trying to find an anime i watched a long time ago!!!
the story is kinda confusing, it's about a place where people have like different levels of power and there's this girl who's the main character that meets a boy (i think he was important or very powerful, i can't remember) and the first 5 or 6 chapters are very different from the rest of the anime (even kinda filler episodes), i remember they help a girl build a plane and at some point two other people join them (a guy and a girl) and they have a cooking battle? but then somehow they end up time traveling to a highschool (i'm not sure if they can remember each other) 
ik it sounds very strange and confusing but i'm sure it exists, i watched that anime like 4 years ago and never finished it, now i can't find it anywhere and i don't remember its name helpppp",,anime,https://www.reddit.com/r/anime/comments/1kqsmo1/highschool_time_travel_anime/,1,1,0,1747703713.0,rumor
Alguém me ajuda a achar esse manga,"lembro de uma cena que esta numa especie de galpao e por algum motivo ele vai ter que vencer varias pessoas no braço de ferro, se eu nao me engano sao 100 pessoas.

Essa é toda informação que tenho kkk ",,anime,https://www.reddit.com/r/anime/comments/1kqsbak/alguém_me_ajuda_a_achar_esse_manga/,1,1,0,1747702771.0,rumor
recommendations,[removed],,anime,https://www.reddit.com/r/anime/comments/1kqs8vm/recommendations/,1,1,0,1747702556.0,rumor
What's your Goat anime ending song ?,"Me personally it's Naruto Shippudden Ending 25 : Sayonara Memory , that shit is fiiiiire ! Let me know yours and thnx ",,anime,https://www.reddit.com/r/anime/comments/1kqrpp3/whats_your_goat_anime_ending_song/,1,0,0,1747700933.0,rumor
Witch anime is this,[removed],,anime,https://i.redd.it/rmvfczreut1f1.jpeg,1,1,0,1747698995.0,rumor
When It’s 3AM but You Keep Scrolling 😵📱 | Heart &amp; Brain,,,anime,https://www.youtube.com/shorts/1p5cZ03ycCA,1,1,0,1747697409.0,rumor
I need help finding this,"I need help finding an old cartoon I watched for a bit when I was a kid.
It’s either an anime dubbed in English or an American cartoon with anime-esque art and animation
It centers around four highschool teens who secretly pilot large samurai mechs, doing the whole classic crime fighting gag. The mechs are blocky and angular, kind of like the old transformers designs or like gundams, but not as extravagant. The mechs aren’t huge, they’re like 10 feet tall maximum.
The only other thing I can remember is a female character introduced at some later point in the series who pilots a pink mech with backward facing samurai swords, one in each hand.
I think this show was around in the early to late 2000s or early 2010s, and sadly that’s really all I can remember about it

If anyone else watched this and somehow remembered it I would please like be informed of what it was called",,anime,https://www.reddit.com/r/anime/comments/1kqqdjd/i_need_help_finding_this/,1,1,0,1747696984.0,rumor
Anime Peruano [APUKUNAPA KUTIMUYNIN ] AMV,,,anime,https://youtube.com/watch?v=thCnGwnqTHE&amp;si=4xlRFgX2u_1MtMMF,1,1,0,1747696959.0,rumor
Random tracks,[removed],,anime,https://www.reddit.com/r/anime/comments/1kqqbmz/random_tracks/,1,1,0,1747696837.0,rumor
Super Beast Machine God Dancouga Rewatch - Episode 19 Discussion,"#Episode 19: Bizarre! The Army Razed By Demons

[← Previous Episode](https://old.reddit.com/r/anime/comments/1kpwyxz/super_beast_machine_god_dancouga_rewatch_episode/) | [Index](https://old.reddit.com/r/anime/comments/1jxtyr5/super_beast_machine_god_dancouga_rewatch_official/) | Next Episode →

---

[MAL](https://myanimelist.net/anime/2255/Choujuu_Kishin_Dancougar) | [Anilist](https://anilist.co/anime/2255/Choujuu-Kishin-Dancougar) | [Kitsu](https://kitsu.io/anime/choujuu-kishin-dancougar) | [AniDB](https://anidb.net/anime/1692) | [ANN](https://www.animenewsnetwork.com/encyclopedia/anime.php?id=570)
		
---

***Too bad I'm not logical, like a computer!.***
			
Hello everybody, time for the Comment of the Day, courtesy of u/The_Draigg for [a wonderful Norio impression:](https://old.reddit.com/r/anime/comments/1kpwyxz/super_beast_machine_god_dancouga_rewatch_episode/mt16n2u/)

&gt;Shapiro: “Gildorome, why the fuck are you deepfaking my voice?”

[](#nottodisushittoagen)

---

1) What's the weirdest nightmare you've had?

2) Considering its track record lately, how long will it take before Dancouga (The combined robot) faces any real opposition?",,anime,https://www.reddit.com/r/anime/comments/1kqpylw/super_beast_machine_god_dancouga_rewatch_episode/,1,1,0,1747695824.0,rumor
"Help identifying anime scene: boy helps girl escape through fence, then lickes the back of her legs in an abandoned wooden shed pretending to be a dog","
Hi everyone,
I'm trying to find an older anime scene I saw years ago on YouTube. I don’t remember the name of the anime or how the characters looked, but here’s what I remember:

It’s not an isekai

The scene takes place near a school

A boy helps a girl escape through a small hole at the bottom of a fence

Behind the fence is a park or nature area

They go into an abandoned small wooden shed

Inside, the boy pretends to be a dog and licks the girl’s legs from behind

I think it was part of a comedy or ecchi scene

Does anyone know what anime this is? Even close guesses or similar scenes are welcome!",,anime,https://www.reddit.com/r/anime/comments/1kqpy1i/help_identifying_anime_scene_boy_helps_girl/,1,1,0,1747695780.0,rumor
Gintama : worth watching or not ?,"weebs and otakus of reddit , is ginatama worth watching cuz it's so long and i don't really wanna waste my time but i don't wanna miss on a classic too",,anime,https://www.reddit.com/r/anime/comments/1kqpmhr/gintama_worth_watching_or_not/,1,0,0,1747694888.0,rumor
Do I need more peak?,[removed],,anime,https://www.reddit.com/gallery/1kqpc92,1,1,0,1747694090.0,rumor
What to watch next,[removed],,anime,https://www.reddit.com/gallery/1kqp9ua,1,1,0,1747693908.0,rumor
Gintama ...,[removed],,anime,https://www.reddit.com/r/anime/comments/1kqp7v6/gintama/,1,1,0,1747693766.0,rumor
Redo The Super Cube Dub,[removed],,anime,https://www.reddit.com/r/anime/comments/1kqozcl/redo_the_super_cube_dub/,1,1,0,1747693149.0,rumor
short anime with good fights,"ok so I'm doing it in reverse

i've been playing anime gacha games for years and now I'm thinking, watching an anime with cool fight animations like what you'd see in those games would be really dope

I just want something short that I can finish quickly with good fighting scenes. that's it.

drop your recommendations and ty in advance",,anime,https://www.reddit.com/r/anime/comments/1kqoyc9/short_anime_with_good_fights/,1,1,0,1747693073.0,rumor
Need a good new anime,"Hi!
It’s been a while now since I saw a good anime. The last one I watched was Pluto, and it was perfect. But recently, it feels like all the new anime coming out are either the same recycled tropes or just another rinsed isekai.

I used to look forward to watching AOT, Chainsaw Man, and My Hero Academia every week, but now it feels like there’s nothing fresh or exciting.

Does anyone have recommendations for something more grounded, thought-provoking, or just different from the usual shonen/isekai/ slice of life stuff?",,anime,https://www.reddit.com/r/anime/comments/1kqnrfs/need_a_good_new_anime/,1,1,0,1747690075.0,rumor
[Rewatch] 35th Anniversary Nadia: The Secret of Blue Water Rewatch: Episode 37,"#Nadia: The Secret of Blue Water Episode 37: [Emperor Neo / ネオ皇帝]( https://i.imgur.com/JhkaltP.png)    

| ← [Episode 36]( https://old.reddit.com/r/anime/comments/1kpuc55/rewatch_35th_anniversary_nadia_the_secret_of_blue/) | [Index](https://old.reddit.com/r/anime/comments/1jnmjx3/rewatch_35th_anniversary_nadia_the_secret_of_blue/) | Episode 38 → |
:--:|:--:|:--:|

___

#Watch Information

* **Streaming**: [Retrocrush](https://www.retrocrush.tv/details/1000000009651/Nadia:-The-Secret-of-Blue-Water-(Original-Japanese) | [Retrocrush (Dub)](https://www.retrocrush.tv/details/1000000009652/Nadia:-The-Secret-of-Blue-Water-(English-Dubbed) | [Apple TV+](https://tv.apple.com/us/show/nadia-the-secret-of-blue-water/umc.cmc.38ivx563kkodjuzhc8ldocsow).
* **Databases**: [MAL](https://myanimelist.net/anime/1251/Fushigi_no_Umi_no_Nadia?q=nadia&amp;cat=anime) | [Anilist](https://anilist.co/anime/1251/Fushigi-no-Umi-no-Nadia/) | [ANN](https://www.animenewsnetwork.com/encyclopedia/anime.php?id=48) | [aniDB](https://anidb.net/anime/40)

___

Note: I am posting in place of /u/LittleIslander.

___

**Questions of the Day:**

* Did you expect the reveal of humanities origins or was it a surprise? Do you ",,anime,https://www.reddit.com/r/anime/comments/1kqn2hh/rewatch_35th_anniversary_nadia_the_secret_of_blue/,1,1,0,1747688409.0,rumor
"Dragon Ball DAIMA, Solo Leveling Season 2 and More Nominated for 2025 Astra Awards - Crunchyroll News",,,anime,https://www.crunchyroll.com/news/latest/2025/5/17/dragon-ball-daima-solo-leveling-2025-astra-awards,1,0,0,1747687299.0,rumor
"I don't understand the plot of Neon Genesis Evangelion, can anyone explain it to me? I don't understand the plot of Neon Genesis Evangelion, can anyone explain it to me?",[removed],,anime,https://i.redd.it/xcojfogfts1f1.jpeg,1,1,0,1747686602.0,rumor
So I'm finally up to date on One Piece...what now?,"I've finally caught up to One Piece. What do I watch now?  
(If it's in the mainstream there's a 95% chance I've watched it)",,anime,https://www.reddit.com/r/anime/comments/1kqm0l3/so_im_finally_up_to_date_on_one_piecewhat_now/,1,1,0,1747685921.0,rumor
https://youtube.com/shorts/WB53zeTLnm0?si=GdnJCWUXkO8PoXVB,[removed],,anime,https://www.reddit.com/r/anime/comments/1kqlvzc/httpsyoutubecomshortswb53zetlnm0sigdnjcwuxko8poxvb/,1,1,0,1747685621.0,rumor
Como puedo descargar anime de crunchyroll a mi galeria?,**Como puedo descargar anime de crunchyroll a mi galeria?**,,anime,https://www.reddit.com/r/anime/comments/1kqlktt/como_puedo_descargar_anime_de_crunchyroll_a_mi/,1,1,0,1747684881.0,rumor
News Anime Trusted From Indonesian,"Channel Whatsapp, Nongki Wibu Greyrat.",,AnimeNewsAndFacts,https://whatsapp.com/channel/0029Vaz9BL41t90aLBmDrg1j,1,0,0,1747414351.0,rumor
In the Clear Moonlit Dusk (うるわしの宵の月) – Anime Adaptation News,,,AnimeNewsAndFacts,https://i.redd.it/mcoont56oexe1.png,1,0,0,1745777772.0,rumor
🔥 Anime News Update! 🔥,,,AnimeNewsAndFacts,/r/AnimeAlley/comments/1j4reiw/anime_news_update/,1,0,0,1741252144.0,rumor
🎬 If You Could Live in Any Anime World…? 🌍✨,,,AnimeNewsAndFacts,/r/AnimeAlley/comments/1j3y385/if_you_could_live_in_any_anime_world/,1,0,0,1741161462.0,rumor
Yu-Gi-Oh! GX is Coming Back with a Remastered Version! 🎉🔥,,,AnimeNewsAndFacts,/r/AnimeAlley/comments/1j2ecto/yugioh_gx_is_coming_back_with_a_remastered_version/,1,0,0,1740991805.0,rumor
Latest Anime Updates: ‘Dragon Ball DAIMA’ Finale and Pokémon’s New Short Film,[removed],,AnimeNewsAndFacts,http://animelorehub.blogspot.com/2025/02/latest-anime-updates-dragon-ball-daima.html,1,0,0,1740878477.0,rumor
"Solo Leveling Season 2 Episode 7 Countdown : Release Date, Time, and Where to Watch – Phinix",,,AnimeNewsAndFacts,https://phinix.home.blog/2025/02/10/solo-leveling-season-2-episode-7-countdown-release-date-time-and-where-to-watch-phinix/,1,0,0,1739203624.0,rumor
Judgment.,"The death sentence has been confirmed for Shinji Aoba, the perpetrator of the Kyoto Animation attack that killed 36 people and injured 32 others in 2019. He has withdrawn his appeal against the death sentence.",,AnimeNewsAndFacts,https://www.reddit.com/r/animenewsandfacts/comments/1icdtt6/judgment/,1,0,0,1738102117.0,rumor
 Seirei Gensouki: Spirit Chronicles Season 2 Unveils New Trailer for October 7th Release Date ,,,AnimeNewsAndFacts,https://animeblogwithths.blogspot.com/2024/09/seirei-gensouki-spirit-chronicles.html,1,0,0,1726173863.0,rumor
A Terrified Teacher at Ghoul School unveiled a new trailer with theme songs,,,AnimeNewsAndFacts,https://animeblogwithths.blogspot.com/2024/09/a-terrified-teacher-at-ghoul-school.html,1,0,0,1725964424.0,rumor
Wistoria: Wand and Sword Unveils Episode 10 Trailer,,,AnimeNewsAndFacts,https://animeblogwithths.blogspot.com/2024/09/wistoria-wand-and-sword-unveils-episode.html,1,0,0,1725819253.0,rumor
CygamesPictures and CyberAgent Announcement of Apocalypse Hotel Original Anime for 2025,,,AnimeNewsAndFacts,https://animeblogwithths.blogspot.com/2024/08/cygamespictures-and-cyberagent.html,1,0,0,1724868292.0,rumor
Seirei Gensouki: Spirit Chronicles Season 2 Uncovers Liselotte Cretia Visual,,,AnimeNewsAndFacts,https://animeblogwithths.blogspot.com/2024/08/seirei-gensouki-spirit-chronicles_22.html,1,0,0,1724350702.0,rumor
"A Terrified Teacher at Ghoul School Anime Receives Two Consecutive Cours From October 8, New Visual",,,AnimeNewsAndFacts,https://animeblogwithths.blogspot.com/2024/08/a-terrified-teacher-at-ghoul-school.html,1,0,0,1723833753.0,rumor
" Danjo no Yujo wa Seiritsu suru? (Iya, Shinai!!) Release Date and Teaser Image Announced for 2025 ",,,AnimeNewsAndFacts,https://animeblogwithths.blogspot.com/2024/08/danjo-no-yujo-wa-seiritsu-suru-iya.html,1,0,0,1723200804.0,rumor
Aharen-san Season 2 Announced,,,AnimeNewsAndFacts,https://animeblogwithths.blogspot.com/2024/08/aharen-san-season-2-announced.html,1,0,0,1722710047.0,rumor
MILF Hunting In Another World Chapter 58 Release Date (official),,,AnimeNewsAndFacts,https://milyin.com/661710/milf-hunting-in-another-world-chapter-58-release-date-and-where-to-read/,1,0,0,1722419151.0,rumor
Top 10 Strongest Pokemon in the Johto Region ( Excluding Legendaries),,,AnimeNewsAndFacts,https://animeblogwithths.blogspot.com/2024/07/top-10-strongest-pokemon-in-johto.html,1,0,0,1720969368.0,rumor
Top 10 Summer 2024 animes to watch out for!!!,,,AnimeNewsAndFacts,https://animeblogwithths.blogspot.com/2024/06/top-10-summer-2024-animes-to-watch-out.html,1,0,0,1720771715.0,rumor
Top 10 Strongest Pokemon in the Kanto Region( excluding Legendaries),,,AnimeNewsAndFacts,https://animeblogwithths.blogspot.com/2024/06/top-10-strongest-pokemon-in-kanto.html,1,0,0,1720688426.0,rumor
" VTuber Legend Anime releases the main image, and cast member Hareru Asagiri ",,,AnimeNewsAndFacts,https://animeblogwithths.blogspot.com/2024/05/vtuber-legend-anime-releases-main-image.html,1,0,0,1720591761.0,rumor
The Café Terrace and Its Goddesses Season 2 Trailer and key visual for July 4th release,,,AnimeNewsAndFacts,https://animeblogwithths.blogspot.com/2024/05/the-cafe-terrace-and-its-goddesses.html,1,0,0,1720507545.0,rumor
Ace of the Diamond Act II Anime Sequel formally declared,,,AnimeNewsAndFacts,https://animeblogwithths.blogspot.com/2024/05/ace-of-diamond-act-ii-anime-sequel.html,1,0,0,1720415531.0,rumor
Roshidere Anime reveals the opening theme song and new trailer.,,,AnimeNewsAndFacts,https://animeblogwithths.blogspot.com/2024/05/roshidere-anime-reveals-opening-theme.html,1,0,0,1720338873.0,rumor
The announcement of Hana-Kimi: For You in Full Blossom anime,,,AnimeNewsAndFacts,https://animeblogwithths.blogspot.com/2024/05/the-announcement-of-hana-kimi-for-you.html,1,0,0,1720256749.0,rumor
Key visual and theme song details are revealed by I Parry Everything Anime.,,,AnimeNewsAndFacts,https://animeblogwithths.blogspot.com/2024/05/key-visual-and-theme-song-details-are.html,1,0,0,1720196460.0,rumor
July Release Date and New Key Visual for My Wife Has No Emotion Anime Revealed,,,AnimeNewsAndFacts,https://animeblogwithths.blogspot.com/2024/05/july-release-date-and-new-key-visual.html,1,0,0,1720109381.0,rumor
New Trailer and Visuals for Murai in Love Anime,,,AnimeNewsAndFacts,https://animeblogwithths.blogspot.com/2024/05/new-trailer-and-visuals-for-murai-in.html,1,0,0,1720024768.0,rumor
Manga Kujima Utaeba Ie Hororo to Become an Anime,,,AnimeNewsAndFacts,https://animeblogwithths.blogspot.com/2024/05/manga-kujima-utaeba-ie-hororo-to-become.html,1,0,0,1719938751.0,rumor
"Anime Weekly News Rundown ( June 23 - June 30, 2024) - Demon Slayer, Kaiju No.8, Jobless Reincarnation, Wind Breaker, Black Clover and much more to discuss this week.","||
||
|🌸 A**ll Spring Anime with Confirmed Sequels**|
||
|With the Spring season ending, many anime have confirmed their next sequel projects. Here is a quick rundown of the announced sequels and key details:|
|**Kaiju No. 8**: Sequel announced, format and release TBA, Studio IG Productions **Jobless Reincarnation** Season 3: Release TBA, Studio Bind . **Go Go Loser Ranger** Season 2: Releasing in 2025, Yostar Pictures **The Irregular at Magic High School: Yotsuba Succession Arc**: Film adaptation announced, release TBA  **Wind Breaker** Season 2: Announced for 2025, Studio CloverWorks **Unnamed Memory** Season 2: January 2025 **TSUKIMICHI -Moonlight Fantasy-** Season 3: In production **As a Reincarnated Aristocrat, I'll Use My Appraisal Skill to Rise in the World** Season 2: Fall 2024|
|**🎬 Demon Slayer: Infinity Castle Arc Anime Trilogy Announced**|
|[](https://www.youtube.com/watch?v=wyiZWYMilgk&amp;pp=ygUgZGVtb24gc2xheWVyIGluZmluaXR5IGNhc3RsZSBhcmM%3D&amp;utm_source=animenewsandfacts.beehiiv.com&amp;utm_medium=newsletter&amp;utm_campaign=demon-slayer-infinity-castle-arc-movies-announced)|
|Right after the Epic Finale of the Hashira training arc, **""Demon Slayer: Kimetsu no Yaib",,AnimeNewsAndFacts,https://www.reddit.com/r/animenewsandfacts/comments/1dt6rwi/anime_weekly_news_rundown_june_23_june_30_2024/,1,0,0,1719874914.0,rumor
Sound Euphonium Season 3 Has New Visuals to Kick Off Auditions,,,AnimeNewsAndFacts,https://animeblogwithths.blogspot.com/2024/05/sound-euphonium-season-3-has-new.html,1,0,0,1719820774.0,rumor
Wistoria: Wand and Sword Anime Releases Serfort Action Visual,,,AnimeNewsAndFacts,https://animeblogwithths.blogspot.com/2024/05/wistoria-serfort-action-visual-anime.html,1,0,0,1719728781.0,rumor
A 2025 anime adaptation of Kakushite Makina-san has been announced.,,,AnimeNewsAndFacts,https://animeblogwithths.blogspot.com/2024/05/a-2025-anime-adaptation-of-kakushite.html,1,0,0,1719642649.0,rumor
Code Geass: Z of the Recapture : Unveils Act 2 Trailer and Key Visual,,,AnimeNewsAndFacts,https://animeblogwithths.blogspot.com/2024/05/code-geass-z-of-recapture-unveils-act-2.html,1,0,0,1719565558.0,rumor
"July 5th marks the premiere of 2.5 Dimensional Seduction, which announces two consecutive courses.",,,AnimeNewsAndFacts,https://animeblogwithths.blogspot.com/2024/05/july-5th-marks-premiere-of-25.html,1,0,0,1719465826.0,rumor
Suicide Squad ISEKAI Unveils the Character Trailer for Harley Quinn,,,AnimeNewsAndFacts,https://animeblogwithths.blogspot.com/2024/05/suicide-squad-isekai-unveils-character.html#google_vignette,1,0,0,1719383622.0,rumor
 A Light Novel Adapted for Animation Based on Possibly the Greatest Alchemist of All Time ,,,AnimeNewsAndFacts,https://animeblogwithths.blogspot.com/2024/05/a-light-novel-adapted-for-animation.html,1,0,0,1719312867.0,rumor
One-hour premiere plans and new key visuals are revealed in Sword of the Demon Hunter.,,,AnimeNewsAndFacts,https://animeblogwithths.blogspot.com/2024/05/one-hour-premiere-plans-and-new-key.html,1,0,0,1719218690.0,rumor
Why Does Nobody Remember Me? Anime Releases Kai's Character Trailer and New Key Visual,,,AnimeNewsAndFacts,https://animeblogwithths.blogspot.com/2024/05/why-does-nobody-remember-me-anime.html,1,0,0,1719039298.0,rumor
"With a new key visual, Quality Assurance in Another World confirms the July premiere",,,AnimeNewsAndFacts,https://animeblogwithths.blogspot.com/2024/05/with-new-key-visual-quality-assurance.html,1,0,0,1718867221.0,rumor
Yo???,,,AnimeNewsAndFacts,https://i.redd.it/jz0gc2opr65d1.jpeg,1,0,0,1717781999.0,rumor
Jujutsu Kaisen Chapter 262: What to Expect - Zumaki,,,AnimeNewsAndFacts,https://zumaki.co.in/jujutsu-kaisen-chapter-262/,1,0,0,1717510805.0,rumor
Zoro and Sanji on the magazine cover of One Piece; a prequel novel is revealed,,,AnimeNewsAndFacts,https://animeblogwithths.blogspot.com/2024/05/zoro-and-sanji-on-magazine-cover-of-one.html,1,0,0,1716209702.0,rumor
"In a new trailer, Monogatari: Off Season &amp; Monster Season Unveils Theme Song",[deleted],,AnimeNewsAndFacts,,1,0,0,1715926999.0,rumor
"In a new trailer, Monogatari: Off Season &amp; Monster Season Unveils Theme Song",,,AnimeNewsAndFacts,https://animeblogwithths.blogspot.com/2024/05/in-new-trailer-monogatari-off-season.html,1,0,0,1715926946.0,rumor
October 2024 is the planned release date for Blue Lock Season 2.,,,AnimeNewsAndFacts,https://animeblogwithths.blogspot.com/2024/05/october-2024-is-planned-release-date.html,1,0,0,1715313974.0,rumor
Season 2 of Kakuriyo: Bed &amp; Breakfast for Spirits,,,AnimeNewsAndFacts,https://animeblogwithths.blogspot.com/2024/05/season-2-of-kakuriyo-bed-breakfast-for.html,1,0,0,1715071747.0,rumor
"Mononoke : Karakasa reveals Key Visual and Trailer, Premieres in July!!!",,,AnimeNewsAndFacts,https://animeblogwithths.blogspot.com/2024/05/mononoke-karakasa-reveals-key-visual.html,1,0,0,1714587696.0,rumor
After Finale Quintessential Quintuplets Gets New Anime Project,,,AnimeNewsAndFacts,https://animeblogwithths.blogspot.com/2024/04/after-finale-quintessential-quintuplets.html,1,0,0,1714484186.0,rumor
First Trailer for Season 3 of Arknights Anime Released,,,AnimeNewsAndFacts,https://animeblogwithths.blogspot.com/2024/04/first-trailer-for-season-3-of-arknights.html,1,0,0,1714471275.0,rumor
The cozy economics,,living for the aesthetics and vibes,Animemes,https://i.redd.it/fxszxjmg5qze1.png,1,1,1,1746782589.0,rumor
The Peak of Journalism,,"We made a new meta thread for this month! [Let us know what you thought about April's incest ban.](https://www.reddit.com/r/Animemes/comments/1kezmzn/meta_discussion_thread_53/) Or whatever else subreddit related.


*I am a bot, and this action was performed automatically. Please [contact the moderators of this subreddit](/message/compose/?to=/r/Animemes) if you have any questions or concerns.*",Animemes,https://i.redd.it/9vg87tql2qze1.jpeg,1,1,1,1746781631.0,rumor
She a 69 dog,,"We made a new meta thread for this month! [Let us know what you thought about April's incest ban.](https://www.reddit.com/r/Animemes/comments/1kezmzn/meta_discussion_thread_53/) Or whatever else subreddit related.


*I am a bot, and this action was performed automatically. Please [contact the moderators of this subreddit](/message/compose/?to=/r/Animemes) if you have any questions or concerns.*",Animemes,https://i.redd.it/c0ieiqtxlcte1.png,1,1,1,1746778497.0,rumor
The hard way,,Why is it left to right? O.o,Animemes,https://i.redd.it/llhyh8l9i2ue1.png,1,1,1,1746778362.0,rumor
Werking Figueroa Kat,,"We made a new meta thread for this month! [Let us know what you thought about April's incest ban.](https://www.reddit.com/r/Animemes/comments/1kezmzn/meta_discussion_thread_53/) Or whatever else subreddit related.


*I am a bot, and this action was performed automatically. Please [contact the moderators of this subreddit](/message/compose/?to=/r/Animemes) if you have any questions or concerns.*",Animemes,https://i.redd.it/qsekv0vdt5ue1.png,1,1,1,1746777388.0,rumor
Me Writing a Letter to My Mom for Mother's Day,,"We made a new meta thread for this month! [Let us know what you thought about April's incest ban.](https://www.reddit.com/r/Animemes/comments/1kezmzn/meta_discussion_thread_53/) Or whatever else subreddit related.


*I am a bot, and this action was performed automatically. Please [contact the moderators of this subreddit](/message/compose/?to=/r/Animemes) if you have any questions or concerns.*",Animemes,https://i.redd.it/lcsmjxezopze1.png,1,1,1,1746777061.0,rumor
Tom Lady,,"We made a new meta thread for this month! [Let us know what you thought about April's incest ban.](https://www.reddit.com/r/Animemes/comments/1kezmzn/meta_discussion_thread_53/) Or whatever else subreddit related.


*I am a bot, and this action was performed automatically. Please [contact the moderators of this subreddit](/message/compose/?to=/r/Animemes) if you have any questions or concerns.*",Animemes,https://i.redd.it/uqftxyesupse1.png,1,1,1,1746776883.0,rumor
Bite,,"We made a new meta thread for this month! [Let us know what you thought about April's incest ban.](https://www.reddit.com/r/Animemes/comments/1kezmzn/meta_discussion_thread_53/) Or whatever else subreddit related.


*I am a bot, and this action was performed automatically. Please [contact the moderators of this subreddit](/message/compose/?to=/r/Animemes) if you have any questions or concerns.*",Animemes,https://i.redd.it/dbrtk9nxzbte1.png,1,1,1,1746776784.0,rumor
Hood Katz,,"What does she mean by ""Show me""?",Animemes,https://i.redd.it/xzwfcxop94ue1.png,1,1,1,1746776468.0,rumor
Iykyk 😤😶‍🌫️,,https://preview.redd.it/4d0u3yzx2qze1.jpeg?width=2919&amp;format=pjpg&amp;auto=webp&amp;s=87252e09195a0df739affe40a88d71309e17937b,Animemes,https://i.redd.it/bi88gh5ojpze1.jpeg,1,1,1,1746775263.0,rumor
Can't...,,Aqua always comes through in the most unexpected moments lmao,Animemes,https://i.redd.it/waxybd7hfpze1.jpeg,1,1,1,1746773883.0,rumor
Dancin',,"We made a new meta thread for this month! [Let us know what you thought about April's incest ban.](https://www.reddit.com/r/Animemes/comments/1kezmzn/meta_discussion_thread_53/) Or whatever else subreddit related.


*I am a bot, and this action was performed automatically. Please [contact the moderators of this subreddit](/message/compose/?to=/r/Animemes) if you have any questions or concerns.*",Animemes,https://v.redd.it/so24ly8jxwye1,1,1,1,1746768800.0,rumor
Watamote irl,,"We made a new meta thread for this month! [Let us know what you thought about April's incest ban.](https://www.reddit.com/r/Animemes/comments/1kezmzn/meta_discussion_thread_53/) Or whatever else subreddit related.


*I am a bot, and this action was performed automatically. Please [contact the moderators of this subreddit](/message/compose/?to=/r/Animemes) if you have any questions or concerns.*",Animemes,https://v.redd.it/aeoqvv3bk8ye1,1,1,1,1746768258.0,rumor
ChatGPT waifu,,"Your [submission](https://www.reddit.com/r/Animemes/comments/1kiaulu/chatgpt_waifu/) in /r/Animemes was automatically removed because you posted a youtube video. Youtube links posted on /r/Animemes are very often rule-breaking and are usually ignored by our users even when not, so we do not allow them. If you believe the video in question complies with the rules, please upload it directly to reddit, which will make it much more likely to be successful, and share a link to the youtube mirror in the comments.

If you’re posting someone else’s video and know the source, remember to credit the creator.


*I am a bot, and this action was performed automatically. Please [contact the moderators of this subreddit](/message/compose/?to=/r/Animemes) if you have any questions or concerns.*",Animemes,https://youtu.be/QazjinUM-M4?si=03buZn--0n_tYuLB,1,1,1,1746768141.0,rumor
Furries eh?!,,"We made a new meta thread for this month! [Let us know what you thought about April's incest ban.](https://www.reddit.com/r/Animemes/comments/1kezmzn/meta_discussion_thread_53/) Or whatever else subreddit related.


*I am a bot, and this action was performed automatically. Please [contact the moderators of this subreddit](/message/compose/?to=/r/Animemes) if you have any questions or concerns.*",Animemes,https://i.redd.it/rri5mf0bkmze1.png,1,1,1,1746767440.0,rumor
Do the Homie,,german suplex!!,Animemes,https://i.redd.it/j01hedbtcoze1.png,1,1,1,1746767367.0,rumor
Money bag's,,"We made a new meta thread for this month! [Let us know what you thought about April's incest ban.](https://www.reddit.com/r/Animemes/comments/1kezmzn/meta_discussion_thread_53/) Or whatever else subreddit related.


*I am a bot, and this action was performed automatically. Please [contact the moderators of this subreddit](/message/compose/?to=/r/Animemes) if you have any questions or concerns.*",Animemes,https://i.redd.it/x3tc4hc4doze1.png,1,1,1,1746767233.0,rumor
Anime_irl,,"Your post has been automatically removed for Rule 7. Please use a more descriptive title.

*I am a bot, and this action was performed automatically. Please [contact the moderators of this subreddit](/message/compose/?to=/r/Animemes) if you have any questions or concerns.*",Animemes,https://i.redd.it/x3tc4hc4doze1.png,1,1,1,1746767036.0,rumor
All Potential With No Direction,,I thought it was more so ripped from bleach. I enjoyed it tho. ,Animemes,https://i.redd.it/h7nw68yqjoze1.jpeg,1,1,1,1746763180.0,rumor
Alcohol Cougar hell yeah🫡👀 lol,,Name ??? Sauce???,Animemes,https://i.redd.it/9hlh04g8coze1.jpeg,1,1,1,1746762780.0,rumor
"Thank you, Japan.",,People say modern shonen has shittie endings but the ending of fire force is peak,Animemes,https://i.redd.it/dhu7rib1znze1.png,1,1,1,1746756213.0,rumor
There's no way that gorilla can beat 100 ninas,,"One Nina will destroy the gorilla with .....
I don't know what that brass thing of the drum is called.",Animemes,https://i.redd.it/66l9jdm7unze1.jpeg,1,1,1,1746754592.0,rumor
Squid Game Challenge:,,"No don’t make me watch more than one season per week, I can’t handle that much anime! Just let me read the manga instead you monster! ",Animemes,https://i.redd.it/xjtoz4ywmnze1.jpeg,1,1,1,1746752182.0,rumor
I assure you dear viewer not putting music is also part of the plan,,"I found it cute, though I am not sure what dance this is supposed to be for :0",Animemes,https://v.redd.it/r1abw01fmnze1,1,1,1,1746752016.0,rumor
Just get good bro!! xddd,,"We made a new meta thread for this month! [Let us know what you thought about April's incest ban.](https://www.reddit.com/r/Animemes/comments/1kezmzn/meta_discussion_thread_53/) Or whatever else subreddit related.


*I am a bot, and this action was performed automatically. Please [contact the moderators of this subreddit](/message/compose/?to=/r/Animemes) if you have any questions or concerns.*",Animemes,https://i.redd.it/92lsfnn84nze1.jpeg,1,1,1,1746745858.0,rumor
Watched the dub on cable before I knew what it would be about,,I remember watching first two AOT episodes in the Nintendo 3ds eshop when i was a kid,Animemes,https://i.redd.it/2i0yu3gormze1.png,1,1,1,1746741691.0,rumor
This is why I don't open up to other people,,You just described the US marine corp,Animemes,https://v.redd.it/w923t3t7amze1,1,1,1,1746735799.0,rumor
What manga do you think the author dosent even try to disguise their fetish?,,"{Succubus &amp; Hitman}

Despite what the title may say, the real fetish galore is actually muscular women",Animemes,https://i.redd.it/j0l3fil48mze1.jpeg,1,1,1,1746735058.0,rumor
Legends say it helps,,"We made a new meta thread for this month! [Let us know what you thought about April's incest ban.](https://www.reddit.com/r/Animemes/comments/1kezmzn/meta_discussion_thread_53/) Or whatever else subreddit related.


*I am a bot, and this action was performed automatically. Please [contact the moderators of this subreddit](/message/compose/?to=/r/Animemes) if you have any questions or concerns.*",Animemes,https://v.redd.it/l019ukkh6mze1,1,1,1,1746734551.0,rumor
Finger lickin good,,"This submission was removed for breaking [**Rule 6: Post Quality Standards**](https://www.reddit.com/r/Animemes/wiki/extendedrules#wiki_rule_6.3A__post_quality_standards).

--- 

Posts cannot be too small or low-res, and must meet basic standards for readability, cropping, image or video quality, and watermarking. 

For a detailed explanation of this rule, [see our example album](https://imgur.com/a/g1wASKn).

--- 

I am a bot and this comment was made automatically. **If you have questions or concerns about this removal, please contact the moderators through modmail.**",Animemes,https://i.redd.it/9f5p9wfp2mze1.png,1,1,1,1746733234.0,rumor
Someone actually made this 😭💀,,Am I going to hell for chuckling?,Animemes,https://v.redd.it/zqk5gsz5zlze1,1,1,1,1746732047.0,rumor
Just cute girls doing cute girl things,,"One of these isn't a girl, Tooru is actually a dragon.",Animemes,https://i.redd.it/e1i79sfhslze1.jpeg,2,1,1,1746729921.0,rumor
Education: School of Hard... Knocks.,,I also had unrestricted internet access as a kid and it just made me really cool,Animemes,https://i.redd.it/70g4hdwailze1.png,1,1,1,1746726373.0,rumor
/LeavesChat,,Wait why is Fuji’s mom in the chat,Animemes,https://i.redd.it/romx4u3gelze1.jpeg,1,1,1,1746725092.0,rumor
Double The Training,,![gif](giphy|qs4ll1FSxKnNHeSmom),Animemes,https://i.redd.it/y1c1081ualze1.jpeg,1,1,1,1746723861.0,rumor
The Japanese must be stopped!,,"This submission was removed for breaking [**Rule 2: No Insubstantial Edits**](https://www.reddit.com/r/Animemes/wiki/extendedrules#wiki_rule_2.3A_no_insubstantial_edits).

--- 

Unedited anime clips, screenshots, manga panels, IRL pictures, social media sites, text messages, plain text, non-OC fanart, comics, AI, etc. will be removed. While often funny or interesting, these forms of unedited media aren’t considered memes by themselves.

--- 

I am a bot and this comment was made automatically. **However, this submission was removed manually by a member of the mod team. If you have questions or concerns about this removal, please contact the moderators through modmail.**",Animemes,https://i.redd.it/1dtcx9haykze1.jpeg,1,1,1,1746719644.0,rumor
We having PTSD with this one 🥀💔,,"We made a new meta thread for this month! [Let us know what you thought about April's incest ban.](https://www.reddit.com/r/Animemes/comments/1kezmzn/meta_discussion_thread_53/) Or whatever else subreddit related.


*I am a bot, and this action was performed automatically. Please [contact the moderators of this subreddit](/message/compose/?to=/r/Animemes) if you have any questions or concerns.*",Animemes,https://v.redd.it/dwc5xonrmkze1,1,1,1,1746718272.0,rumor
"Chat, is this true?!",,r/speedoflobsters,Animemes,https://i.redd.it/4kpqid09tkze1.jpeg,1,1,1,1746717948.0,rumor
humanity has lost!!!,,Canon event.,Animemes,https://i.redd.it/zbqnbskurkze1.jpeg,1,1,1,1746717476.0,rumor
Close call,,Imagine being Spanish and use that word almost every day without problem.,Animemes,https://i.redd.it/o7r91fcvpkze1.png,1,1,1,1746716819.0,rumor
"BUT IT WAS ME, DIO!",,"We made a new meta thread for this month! [Let us know what you thought about April's incest ban.](https://www.reddit.com/r/Animemes/comments/1kezmzn/meta_discussion_thread_53/) Or whatever else subreddit related.


*I am a bot, and this action was performed automatically. Please [contact the moderators of this subreddit](/message/compose/?to=/r/Animemes) if you have any questions or concerns.*",Animemes,https://i.redd.it/kt3n2qq5ckze1.png,1,1,1,1746713907.0,rumor
skill issues,,Holding it in with style,Animemes,https://v.redd.it/jahc5xgsbkze1,1,1,1,1746712078.0,rumor
Double-slit experiment,,"This submission was removed for breaking [**Rule 3: Reaction Meme Restrictions**](https://www.reddit.com/r/Animemes/wiki/extendedrules#wiki_rule_3.3A_reaction_meme_restrictions).

--- 

Text-based reaction memes are only allowed on weekends (Saturday and Sunday [UTC time](https://time.is/UTC)). 

They are defined as ""*Any situation described in text followed by an image(s) showing that situation or the direct results of that situation.*"" 

A reaction meme removed under this rule may be posted on the weekend, and will not count as a repost.

--- 

I am a bot and this comment was made automatically. **However, this submission was removed manually by a member of the mod team. If you have questions or concerns about this removal, please contact the moderators through modmail.**",Animemes,https://i.redd.it/30z76nvs7kze1.jpeg,1,1,1,1746710944.0,rumor
Hit the pose,,someone took a picture of my morning dump,Animemes,https://i.redd.it/jle1nhty4kze1.jpeg,1,1,1,1746709782.0,rumor
Chat is this Confirmed?,,"I could have sworn it would be October 23, 2077",Animemes,https://i.redd.it/m4lzj9rl0kze1.png,1,1,1,1746708314.0,rumor
To be a shut-in that no one understands...!,,"Second post with that character i have seen here, yet i don't know who that is.",Animemes,https://i.redd.it/wdpvqwa6zjze1.png,1,1,1,1746707837.0,rumor
I do not accept this,,"We made a new meta thread for this month! [Let us know what you thought about April's incest ban.](https://www.reddit.com/r/Animemes/comments/1kezmzn/meta_discussion_thread_53/) Or whatever else subreddit related.


*I am a bot, and this action was performed automatically. Please [contact the moderators of this subreddit](/message/compose/?to=/r/Animemes) if you have any questions or concerns.*",Animemes,https://i.redd.it/5mg02iyoyjze1.png,1,1,1,1746707672.0,rumor
How missing is the torso you should have?,,"😂😂😂 your title seriously cracked me up! But this pose is actually possible! I do a less bent over version of this pose all the time and it shows off both pretty decently. And it works for me even with way smaller boobs and butt 😂 But I do have a small torso, lol.",Animemes,https://i.redd.it/fsd8epi9tjze1.jpeg,1,1,1,1746705845.0,rumor
Classic move,,"We made a new meta thread for this month! [Let us know what you thought about April's incest ban.](https://www.reddit.com/r/Animemes/comments/1kezmzn/meta_discussion_thread_53/) Or whatever else subreddit related.


*I am a bot, and this action was performed automatically. Please [contact the moderators of this subreddit](/message/compose/?to=/r/Animemes) if you have any questions or concerns.*",Animemes,https://i.redd.it/ympclrgksjze1.jpeg,1,1,1,1746705612.0,rumor
"Vent (Mega Man ZX, ref included)",,,AnimeSketch,https://www.reddit.com/gallery/1kqmkw7,1,1,0,1747687245.0,rumor
doodle,,,AnimeSketch,https://i.redd.it/f9lvn8vzps1f1.png,1,1,0,1747685423.0,rumor
My aketch of the Arena,[deleted],,AnimeSketch,,1,1,0,1747679519.0,rumor
"sketch shanks, made by me",,,AnimeSketch,https://i.redd.it/wx6usm55cr1f1.png,1,1,0,1747668706.0,rumor
Hi! I'm still learning digital art this is a drawing of Teto i made i’d love any feedback,,,AnimeSketch,https://static.wikia.nocookie.net/vocaloid/images/5/5a/Teto.png/revision/latest?cb=20221104223053,1,1,0,1747664820.0,rumor
Hi! I'm still learning digital art this is a drawing of Teto i made i’d love any feedback,[removed],,AnimeSketch,https://www.reddit.com/r/AnimeSketch/comments/1kqcyqt/hi_im_still_learning_digital_art_this_is_a/,1,1,0,1747664585.0,rumor
Looks better then I thought,,,AnimeSketch,https://i.redd.it/nhome16mdq1f1.jpeg,1,1,0,1747657028.0,rumor
No comment ✋😗🤚,,,AnimeSketch,https://i.redd.it/px8doktf6o1f1.jpeg,1,1,0,1747630401.0,rumor
Arona from blue archive,[removed],,AnimeSketch,,1,1,0,1747618512.0,rumor
Yinlin rkgk,,,AnimeSketch,https://i.redd.it/b3tby8ae1n1f1.jpeg,1,1,0,1747616599.0,rumor
Tried to make a small animation,"It was my first time, and I didn't exactly know how to link up frames, but I tried",Sorry that it's bad quality. It looks fine until I upload it to reddit.,AnimeSketch,https://i.redd.it/ov79mgfnjm1f1.gif,6,2,2,1747610628.0,rumor
recent practice doodles,learning to draw pretty lashes,,AnimeSketch,https://www.reddit.com/gallery/1kpv05k,19,1,0,1747603794.0,rumor
Random OCs,[deleted],,AnimeSketch,,0,1,0,1747596969.0,rumor
Random OCs,[removed],,AnimeSketch,,1,1,0,1747596775.0,rumor
My first try on sketching anime,"I don't sketch allot, and I usually copy other people's work. Since I have a daughter she asked me to draw with her and I copied this sketch from the internet. 

I like to sketch, but I cannot sketch without seeing another work :(

I hope you like it and you can provide some feedback",,AnimeSketch,https://i.redd.it/0bw8fioe5l1f1.jpeg,0,1,0,1747593734.0,rumor
Raphtalia &amp; Filo,[removed],,AnimeSketch,,1,1,0,1747585649.0,rumor
ede,[removed],,AnimeSketch,,1,1,0,1747585550.0,rumor
Just a sketch from ref,,,AnimeSketch,https://www.reddit.com/gallery/1kpnlp0,1,1,0,1747584730.0,rumor
Morrigan Aensland,Had a blast painting this one! I've loved her design ever since she was my main when I played Marvel vs. Capcom at the arcade as a kid. She’s such an iconic character!,,AnimeSketch,https://i.redd.it/l7t27m4bak1f1.jpeg,1,1,0,1747583274.0,rumor
Drew : Luffy GEAR5,~ just an random fre-hnad drawing ,,AnimeSketch,https://i.redd.it/fek739i27k1f1.jpeg,1,1,0,1747582185.0,rumor
"The Sandworm and thhe Beduine, my new drawing 17.05.25, SeN Art",[removed],,AnimeSketch,,1,1,0,1747545902.0,rumor
"I drew ""the"" dress.",[removed],,AnimeSketch,,1,1,0,1747544634.0,rumor
Most recent art of this char vs oldest,,,AnimeSketch,https://www.reddit.com/gallery/1kpbpvy,1,1,0,1747542722.0,rumor
Never offer dwarven ale to an elven girl,"Young elven girls love dwarven ale for its unique taste, but they simply cannot handle it. Just a few sips, and they become chatty and bothersome—so much that you'll regret knowing them.  ",,AnimeSketch,https://i.redd.it/vcb0g0j9rg1f1.png,1,1,0,1747541055.0,rumor
My attempt at a Nurarihyon from Monster Girl Encyclopedia,,,AnimeSketch,https://i.redd.it/bqu5z7ihbg1f1.jpeg,1,1,0,1747535310.0,rumor
something (NSFW!!),[deleted],,AnimeSketch,,10,1,0,1747529963.0,rumor
"Aile (Mega Man ZX, ref included)",,,AnimeSketch,https://www.reddit.com/gallery/1kp5hsl,1,1,0,1747522167.0,rumor
Tech-Adepts of the Adeptus Mechanicus - WH40K,"Her: a Skitarii Vanguard  
Him: a Tech-Priest",,AnimeSketch,https://i.redd.it/vkrnpbbsae1f1.png,1,1,0,1747510923.0,rumor
Atena Saotome,[removed],,AnimeSketch,,1,1,0,1747494189.0,rumor
Hakari art,,[reference](https://images.app.goo.gl/PqgrDaCjWmresJE4A),AnimeSketch,https://i.redd.it/fovhxt1blc1f1.jpeg,1,1,1,1747490118.0,rumor
Guess the character without going to the next image ..!!,[deleted],,AnimeSketch,,7,3,0,1747464324.0,rumor
Makima doodle ( by me),[removed],,AnimeSketch,,1,1,0,1747456943.0,rumor
So maybe I like anime elfs,,It’s not a trace my guy,AnimeSketch,https://www.reddit.com/gallery/1koi02h,1,1,1,1747447562.0,rumor
Makima art I drew,[removed],,AnimeSketch,,1,1,0,1747443076.0,rumor
An odd couple of mercenaries,"Guys, sorry if I messed up posting today, but it was my first time and I got a bit lost. Now I've got the hang of it, I promise I won't mess it up again! u\_u",,AnimeSketch,https://i.redd.it/h40ym59kj61f1.png,1,1,0,1747416975.0,rumor
An odd couple of mercenaries,"No more spam for today, I promise! u\_u",,AnimeSketch,https://i.redd.it/yyxl65eka61f1.png,1,0,0,1747413979.0,rumor
Adepta Soror - Warhammer 40K,,,AnimeSketch,https://i.redd.it/fma424j6461f1.jpeg,1,1,0,1747411755.0,rumor
"The elf of the party, every time you're about to leave the dungeon","I'll try again! If I made a mistake, I sincerely apologize.","Now, a question. What if an ordinary chest is only disguised as a mimic? Will the elf still go for it, or will she sense no danger and take no interest?",AnimeSketch,https://i.redd.it/h2ej4pg9r51f1.png,295,18,1,1747407395.0,rumor
🖌️ Hello r/AnimeSketch ! Sharing My New YouTube Channel – SS Draw Simple (Easy Anime Drawing Tutorials) 🎥,[removed],,AnimeSketch,https://www.reddit.com/r/AnimeSketch/comments/1ko2mie/hello_ranimesketch_sharing_my_new_youtube_channel/,1,1,0,1747406642.0,rumor
"The elf of the party, every time you're about to leave the dungeon","First drawing I'm publishing, I hope I didn't mess anything up.
","I think I did something wrong, lol...",AnimeSketch,https://ibb.co/4nY4mPDg,1,1,1,1747406252.0,rumor
"Drew her for mermay, colors are inspired by a sea slug",[deleted],,AnimeSketch,,7,1,0,1747390671.0,rumor
Dandadadadan,Sketch for today,,AnimeSketch,https://i.redd.it/iqd0riy9231f1.png,1,1,0,1747374775.0,rumor
OC piece,,,AnimeSketch,https://i.redd.it/4l0b0spcz11f1.png,1,1,0,1747361673.0,rumor
"Otacon (Metal Gear Solid, ref included)",,,AnimeSketch,https://www.reddit.com/gallery/1knkf53,1,1,0,1747345706.0,rumor
"I scanned in and colored, fun doodles c:",,,AnimeSketch,https://i.redd.it/6vhm5zitfz0f1.jpeg,1,1,0,1747330882.0,rumor
Haruhara Haruko // FLCL fanart,,,AnimeSketch,https://i.redd.it/ldwdqdoy2z0f1.png,1,1,0,1747326584.0,rumor
"Hi everyone! I’m CKNoSekai, an aspiring mangaka sharing my anime-style art journey 🎨✨",[removed],,AnimeSketch,,1,1,0,1747316325.0,rumor
Baseball throwing animation practice [OC],[deleted],[deleted],AnimeSketch,,81,5,1,1747305137.0,rumor
Baseball throwing animation practice,[deleted],,AnimeSketch,,0,1,0,1747304282.0,rumor
