title,text,url,source,anime,label
Bride of the Water GodManhwa Returns After 11 Years With New Sequel Series,,https://www.animenewsnetwork.com/news/2025-11-22/bride-of-the-water-god-manhwa-returns-after-11-years-with-new-sequel-series/.231266,AnimeNewsNetwork,unknown,real
"Zipangu Music Festival Brings Ado, 'Atarashii Gakkō!,' More Japanese Artists to Los Angeles",,https://www.animenewsnetwork.com/news/2025-11-22/zipangu-music-festival-brings-ado-atarashii-gakko-more-japanese-artists-to-los-angeles/.231295,AnimeNewsNetwork,unknown,real
"Expelled from ParadiseSequel Film's 3rd Teaser Unveils Cast, More Staff, November 2026 Opening",,https://www.animenewsnetwork.com/news/2025-11-22/rakuen-tsuiho-expelled-from-paradise-kokoro-no-resonance-sequel-film-3rd-teaser-unveils-more-staff-/.231300,AnimeNewsNetwork,One Piece,real
"Japan's Video Game Rankings, November 10-16",,https://www.animenewsnetwork.com/news/2025-11-22/japan-video-game-rankings-november-10-16/.231294,AnimeNewsNetwork,unknown,real
Scum of the BraveTV Anime Casts Yumiri Hanamori,,https://www.animenewsnetwork.com/news/2025-11-22/scum-of-the-brave-tv-anime-casts-yumiri-hanamori/.231298,AnimeNewsNetwork,unknown,real
"Japanese Animation TV Ranking, November 10-16",,https://www.animenewsnetwork.com/news/2025-11-22/japanese-animation-tv-ranking-november-10-16/.231293,AnimeNewsNetwork,unknown,real
Tokyopop Reveals 11 New Manga Licenses,,https://www.animenewsnetwork.com/cms/discuss/231292,AnimeNewsNetwork,One Piece,real
"Demon Slayer, Scarlet, Chainsaw Man, ChaO, More Anime Films Confirmed Eligible for 2026 Oscars",,https://www.animenewsnetwork.com/cms/discuss/231289,AnimeNewsNetwork,Demon Slayer,real
My Happy MarriageAnime Gets 3-Episode Special in 2026,,https://www.animenewsnetwork.com/cms/discuss/231270,AnimeNewsNetwork,unknown,real
"Korean Appeals Court Sentences Operator Behind NunuTV, OKToon Piracy Sites to 4.5 Years in Prison",,https://www.animenewsnetwork.com/cms/discuss/231186,AnimeNewsNetwork,One Piece,real
Jaedam Media to Release French Webtoon Selection in Korean in 2026,,https://www.animenewsnetwork.com/news/2025-11-21/jaedam-media-to-release-french-webtoon-selection-in-korean-in-2026/.231183,AnimeNewsNetwork,unknown,real
Lezhin Entertainment Launches New Webtoon-Based Music Project Group,,https://www.animenewsnetwork.com/cms/discuss/231258,AnimeNewsNetwork,unknown,real
An Hour of RomanceWebtoon Confirmed for Live-Action Adaptation,,https://www.animenewsnetwork.com/news/2025-11-21/an-hour-of-romance-webtoon-confirmed-for-live-action-adaptation/.231187,AnimeNewsNetwork,unknown,real
My Daughter is a ZombieFilm Wins Top Audience Award at Blue Dragon Film Awards,,https://www.animenewsnetwork.com/news/2025-11-21/my-daughter-is-a-zombie-film-wins-top-audience-award-at-blue-dragon-film-awards/.231261,AnimeNewsNetwork,One Piece,real
'Now That We Draw'Manga Gets TV Anime,,https://www.animenewsnetwork.com/cms/discuss/231278,AnimeNewsNetwork,unknown,real
"'Noble Reincarnation: Born Blessed, So I'll Obtain Ultimate Power' Anime Reveals More Cast, Key Visual",,https://www.animenewsnetwork.com/news/2025-11-21/noble-reincarnation-born-blessed-so-ill-obtain-ultimate-power-anime-reveals-more-cast-key-visual/.231274,AnimeNewsNetwork,unknown,real
"Hindi Dubs ofWeathering With You,your name., More Makoto Shinkai Films Stream on Crunchyroll on December 4",,https://www.animenewsnetwork.com/news/2025-11-21/hindi-dubs-of-weathering-with-you-your-name-more-makoto-shinkai-films-stream-on-crunchyroll-on-/.231155,AnimeNewsNetwork,unknown,real
"'Anyway, I'm Falling in Love with You'2nd Season Reveals January 8 Debut, New Visual",,https://www.animenewsnetwork.com/news/2025-11-21/anyway-im-falling-in-love-with-you-2nd-season-reveals-january-8-debut-new-visual/.231273,AnimeNewsNetwork,unknown,real
"MF Ghost3rd Season Anime Reveals January 4 Debut, Theme Songs in Promo Video",,https://www.animenewsnetwork.com/news/2025-11-21/mf-ghost-3rd-season-anime-reveals-january-4-debut-theme-songs-in-promo-video/.231272,AnimeNewsNetwork,unknown,real
Live-ActionReturn to Silent HillFilm's Trailer Shows James Drawn to Town,,https://www.animenewsnetwork.com/cms/discuss/231271,AnimeNewsNetwork,unknown,real
2nd Live-ActionGolden KamuyFilm Casts Tetta Sugimoto as Anji Toni,,https://www.animenewsnetwork.com/news/2025-11-21/2nd-live-action-golden-kamuy-film-casts-tetta-sugimoto-as-anji-toni/.231253,AnimeNewsNetwork,unknown,real
Let This Grieving Soul Retire!2nd Season Anime Casts Hidenari Ugaki,,https://www.animenewsnetwork.com/news/2025-11-21/let-this-grieving-soul-retire-2nd-season-anime-casts-hidenari-ugaki/.231256,AnimeNewsNetwork,unknown,real
Nippon Ichi RevealsShinigami Hime to Ishokan no KaibutsuGame,,https://www.animenewsnetwork.com/cms/discuss/231252,AnimeNewsNetwork,unknown,real
The Great Jahy Will Not Be Defeated!Manga to End in 13th Volume,,https://www.animenewsnetwork.com/cms/discuss/231254,AnimeNewsNetwork,unknown,real
"Fist of the North Star: Elegy of Ken-Oh's Army GruntsAnime Unveils Staff, January 5 Debut",,https://www.animenewsnetwork.com/news/2025-11-20/fist-of-the-north-star-elegy-of-ken-oh-army-grunts-anime-unveils-staff-january-5-debut/.231255,AnimeNewsNetwork,unknown,real
Gundam: Silver PhantomVR Anime Debuts on PlayStation VR2 on November 21,,https://www.animenewsnetwork.com/cms/discuss/231251,AnimeNewsNetwork,unknown,real
"Donkey Kong Bananza,Pokémon GOWin at Golden Joystick Awards 2025",,https://www.animenewsnetwork.com/cms/discuss/231250,AnimeNewsNetwork,unknown,real
"Seishōnen Ashibe'sHiromi Morishita, Syohei Launch New Manga on December 19",,https://www.animenewsnetwork.com/cms/discuss/231200,AnimeNewsNetwork,unknown,real
Sai-Kyo-Oh! Zukan: The Ultimate TournamentAnime Gets 'Special Edition' Film on January 23,,https://www.animenewsnetwork.com/news/2025-11-20/sai-kyo-oh-zukan-the-ultimate-tournament-anime-gets-special-edition-film-on-january-23/.231241,AnimeNewsNetwork,unknown,real
"Sickness Unto DeathArtist Takahiro Seguchi, Yōshō Tokiwa Launches New Manga",,https://www.animenewsnetwork.com/cms/discuss/231136,AnimeNewsNetwork,unknown,real
Hiru Morino'sLuna KnightManga Ends,,https://www.animenewsnetwork.com/cms/discuss/231143,AnimeNewsNetwork,unknown,real
Yasuo Ohtagaki's'Candy Box Creations'1-Shot Series Ends,,https://www.animenewsnetwork.com/cms/discuss/231220,AnimeNewsNetwork,unknown,real
Ys X: Proud NordicsGame Heads West on February 20,,https://www.animenewsnetwork.com/news/2025-11-20/ys-x-proud-nordics-game-heads-west-on-february-20/.231246,AnimeNewsNetwork,unknown,real
Are You Lost?Manga Creator Kentarō Okamoto Launches New Manga,,https://www.animenewsnetwork.com/news/2025-11-20/are-you-lost-manga-creator-kentaro-okamoto-launches-new-manga/.231178,AnimeNewsNetwork,unknown,real
Chainsaw ManManga Ranks at #4 onNYTNovember Bestseller List,,https://www.animenewsnetwork.com/cms/discuss/231123,AnimeNewsNetwork,Chainsaw Man,real
Young Magazine USReveals 5 Manga Poll Winners to Get Simultaneous English Serialization,,https://www.animenewsnetwork.com/cms/discuss/231244,AnimeNewsNetwork,unknown,real
Frieren: Beyond Journey's End2nd Season Anime's New Trailer Reveals milet's Ending Theme,,https://www.animenewsnetwork.com/cms/discuss/231237,AnimeNewsNetwork,unknown,real
"'Saioshi no Gikei o Mederu Tame, Nagaikishimasu!'Light Anime Stars Ayumu Murase, Shōta Aoi",,https://www.animenewsnetwork.com/news/2025-11-20/saioshi-no-gikei-o-mederu-tame-nagaikishimasu-light-anime-stars-ayumu-murase-shota-aoi/.231243,AnimeNewsNetwork,unknown,real
Live-ActionSolitary GourmetShow Gets 9th Consecutive New Year's Special,,https://www.animenewsnetwork.com/news/2025-11-20/live-action-solitary-gourmet-show-gets-9th-consecutive-new-year-special/.231242,AnimeNewsNetwork,unknown,real
Crunchyroll Adds Thai Dubs forMy Hero AcademiaAnime Seasons 1-7,,https://www.animenewsnetwork.com/news/2025-11-20/crunchyroll-adds-thai-dubs-for-my-hero-academia-anime-seasons-1-7/.231238,AnimeNewsNetwork,My Hero Academia,real
"Kaya-chan Isn't ScaryAnime's 2nd Promo Video Unveils More Cast, Staff, Theme Song Artists, January 11 Debut",,https://www.animenewsnetwork.com/cms/discuss/231234,AnimeNewsNetwork,unknown,real
Crunchyroll Adds Thai Dub for 1st 2 Seasons ofJujutsu KaisenAnime,,https://www.animenewsnetwork.com/news/2025-11-20/crunchyroll-adds-thai-dub-for-1st-2-seasons-of-jujutsu-kaisen-anime/.231232,AnimeNewsNetwork,Jujutsu Kaisen,real
Steins;Gate Re:BootGame Heads West in 2026,,https://www.animenewsnetwork.com/cms/discuss/231239,AnimeNewsNetwork,Steins;Gate,real
Daemon x Machina: Titanic ScionGame's Into the Abyss DLC Launches,,https://www.animenewsnetwork.com/cms/discuss/231140,AnimeNewsNetwork,unknown,real
"Chainsaw ManAnime Film Back at #1,Jujutsu Kaisen: ExecutionDrops to #2 in Japan",,https://www.animenewsnetwork.com/cms/discuss/231158,AnimeNewsNetwork,One Piece,real
Marika's Love Meter MalfunctionRomantic Comedy Manga Gets AnimeFesta Anime,,https://www.animenewsnetwork.com/cms/discuss/231233,AnimeNewsNetwork,unknown,real
Kishi Ueno'sThe Oddballs of RookerieManga Ends,,https://www.animenewsnetwork.com/cms/discuss/231189,AnimeNewsNetwork,Dragon Ball,real
Taiikukan no SatsujinManga Starts Final Chapter,,https://www.animenewsnetwork.com/cms/discuss/231177,AnimeNewsNetwork,unknown,real
Homura: The Crimson WarriorsVisual Novel Launches in English Next April,,https://www.animenewsnetwork.com/cms/discuss/231173,AnimeNewsNetwork,unknown,real
Live-ActionRomantic KillerFilm Casts Alan Shirahama,,https://www.animenewsnetwork.com/cms/discuss/231219,AnimeNewsNetwork,unknown,real
Blooming LoveManga Ends in Shonen Jump+ on December 2,,https://www.animenewsnetwork.com/cms/discuss/231180,AnimeNewsNetwork,unknown,real
Yellow Tanabe ResumesKai-hen WizardsManga on November 26,,https://www.animenewsnetwork.com/cms/discuss/231196,AnimeNewsNetwork,unknown,real
'Cherry Magic! Thirty Years of Virginity Can Make You a Wizard?!' Manga Ends in Volume 17,,https://www.animenewsnetwork.com/cms/discuss/231217,AnimeNewsNetwork,unknown,real
Disney Twisted-Wonderland The Comic: Episode of SavanaclawEnds on January 17,,https://www.animenewsnetwork.com/cms/discuss/231152,AnimeNewsNetwork,unknown,real
Path of Mystery: A Brush with DeathGame Launches in West in February 2026,,https://www.animenewsnetwork.com/cms/discuss/231210,AnimeNewsNetwork,unknown,real
HIDIVE RevealsMy Gift Lvl 9999 Unlimited GachaAnime's English Dub Cast,,https://www.animenewsnetwork.com/cms/discuss/231214,AnimeNewsNetwork,unknown,real
Ultraman: RisingFilm Nominated in Children's & Family Emmys,,https://www.animenewsnetwork.com/cms/discuss/231216,AnimeNewsNetwork,unknown,real
"Seven Seas LicensesPredator Witches,When It Rains, It Pours,Phenomenon X, 4 More Titles",,https://www.animenewsnetwork.com/cms/discuss/231212,AnimeNewsNetwork,unknown,real
Drops of GodManga Gets TV Anime in 2026,,https://www.animenewsnetwork.com/cms/discuss/231215,AnimeNewsNetwork,One Piece,real
Live-ActionChiruran: Shinsengumi RequiemSeries Casts Antagonists,,https://www.animenewsnetwork.com/news/2025-11-19/live-action-chiruran-shinsengumi-requiem-series-casts-antagonists/.231213,AnimeNewsNetwork,unknown,real
Manga Up! Global AddsAoi-kun Wants This Muscular Girl to Flex!Manga in English,,https://www.animenewsnetwork.com/cms/discuss/231132,AnimeNewsNetwork,Sword Art Online,real
Tales of Berseria RemasteredGame Launches on February 26,,https://www.animenewsnetwork.com/cms/discuss/231206,AnimeNewsNetwork,unknown,real
Muse Asia Licenses 2ndThat Time I Got Reincarnated as a SlimeFilm for Southeast Asia,,https://www.animenewsnetwork.com/news/2025-11-19/muse-asia-licenses-2nd-that-time-i-got-reincarnated-as-a-slime-film-for-southeast-asia/.231195,AnimeNewsNetwork,unknown,real
"'Majutsu o Kiwanete Tabi ni Deta Tensei Elf, Moteamashita Jumyō de Ikeru Densetsu to Naru'Novels Get TV Anime",,https://www.animenewsnetwork.com/cms/discuss/231198,AnimeNewsNetwork,unknown,real
Jujutsu KaisenCompilation Film With Season 3 Preview Opens in Malaysia on December 4,,https://www.animenewsnetwork.com/news/2025-11-19/jujutsu-kaisen-compilation-film-with-season-3-preview-opens-in-malaysia-on-december-4/.231194,AnimeNewsNetwork,One Piece,real
The Last BlossomFilm Opens in Taiwan on November 5,,https://www.animenewsnetwork.com/news/2025-11-19/the-last-blossom-film-opens-in-taiwan-on-november-5/.231192,AnimeNewsNetwork,One Piece,real
Live-ActionNanashiSuspense Film Announces 3 More Cast Members,,https://www.animenewsnetwork.com/news/2025-11-19/live-action-nanashi-suspense-film-announces-3-more-cast-members/.231191,AnimeNewsNetwork,unknown,real
Jujutsu Kaisen Season 3: The Culling Game Part 1Casts Yoshiko Sakakibara as Tengen,,https://www.animenewsnetwork.com/cms/discuss/231181,AnimeNewsNetwork,Jujutsu Kaisen,real
L'étoile de Paris en fleurAnime Film's 2nd Teaser Highlights 2 Leads,,https://www.animenewsnetwork.com/cms/discuss/231179,AnimeNewsNetwork,unknown,real
NACHERRY Singer-Voice Actor Unit to Cease Activities,,https://www.animenewsnetwork.com/cms/discuss/231174,AnimeNewsNetwork,unknown,real
New Live-ActionCutie HoneySeries Reveals More Cast,,https://www.animenewsnetwork.com/news/2025-11-18/new-live-action-cutie-honey-series-reveals-more-cast/.231167,AnimeNewsNetwork,unknown,real
Romelia War ChronicleAnime Posts English-Subtitled Teaser,,https://www.animenewsnetwork.com/cms/discuss/231168,AnimeNewsNetwork,unknown,real
"The Camphorwood CustodianAnime Film's Trailer Unveils More Cast, Composer",,https://www.animenewsnetwork.com/cms/discuss/231169,AnimeNewsNetwork,unknown,real
"Hoppe-chanAnime's New Video Reveals More Cast, Opening Song Artist, January Debut",,https://www.animenewsnetwork.com/news/2025-11-18/hoppe-chan-anime-new-video-reveals-more-cast-opening-song-artist-january-debut/.231161,AnimeNewsNetwork,One Piece,real
NewHigh School! KimengumiAnime Casts 'Omegumi' All-Girl Gang,,https://www.animenewsnetwork.com/cms/discuss/231160,AnimeNewsNetwork,unknown,real
"Witch Hat AtelierAnime's Teaser Reveals Cast, More Staff, April 2026 Debut",,https://www.animenewsnetwork.com/cms/discuss/231159,AnimeNewsNetwork,unknown,real
Steins;Gate Re:BootGame's Delay to 2026 Confirmed,,https://www.animenewsnetwork.com/cms/discuss/231156,AnimeNewsNetwork,Steins;Gate,real
Hindi Dub ofPokémon: Adventures in the Orange IslandsStreams on YouTube,,https://www.animenewsnetwork.com/news/2025-11-18/hindi-dub-of-pokemon-adventures-in-the-orange-islands-streams-on-youtube/.231112,AnimeNewsNetwork,unknown,real
"Crayon Shin-chan, Live-ActionCells at Work!Films Delayed in China Amid Political Tensions",,https://www.animenewsnetwork.com/news/2025-11-18/crayon-shin-chan-live-action-cells-at-work-films-delayed-in-china-amid-political-tensions/.231148,AnimeNewsNetwork,unknown,real
Chimamire Sukeban Chainsaw'sRei Mikamoto Launches New Horror Manga,,https://www.animenewsnetwork.com/cms/discuss/231122,AnimeNewsNetwork,unknown,real
Live-ActionHirayasumiSeries Announces More Cast,,https://www.animenewsnetwork.com/news/2025-11-17/live-action-hirayasumi-series-announces-more-cast/.231147,AnimeNewsNetwork,unknown,real
Mamoru Hosoda'sScarletAnime Film Streams English-Subtitled Trailer,,https://www.animenewsnetwork.com/cms/discuss/231145,AnimeNewsNetwork,unknown,real
"2ndThat Time I Got Reincarnated as a SlimeFilm's Trailer Unveils More Cast, Theme Song",,https://www.animenewsnetwork.com/cms/discuss/231142,AnimeNewsNetwork,unknown,real
The Game Awards 2025 Reveals Nominees,,https://www.animenewsnetwork.com/cms/discuss/231133,AnimeNewsNetwork,unknown,real
Chainsaw ManRanks #1 on Bookscan's October Adult Graphic Novel List in U.S.,,https://www.animenewsnetwork.com/news/2025-11-17/chainsaw-man-ranks-no.1-on-bookscan-october-adult-graphic-novel-list-in-u.s/.231120,AnimeNewsNetwork,Chainsaw Man,real
Ranjō Miyake'sHamushi no HertzManga Ends on December 12,,https://www.animenewsnetwork.com/cms/discuss/231111,AnimeNewsNetwork,unknown,real
1stDemon Slayer: Infinity CastleFilm Is 1st Japanese Film Ever to Top 100 Billion Yen Globally,,https://www.animenewsnetwork.com/cms/discuss/231128,AnimeNewsNetwork,One Piece,real
"Live-ActionZeldaMovie Begins Filming, Presents 3 Stills",,https://www.animenewsnetwork.com/cms/discuss/231127,AnimeNewsNetwork,unknown,real
Jujutsu KaisenRanks #1 on Bookscan's September Adult Graphic Novel List in U.S.,,https://www.animenewsnetwork.com/cms/discuss/231116,AnimeNewsNetwork,Jujutsu Kaisen,real
Minami Mizuno'sAo Haru Sō e YōkosoManga Ends,,https://www.animenewsnetwork.com/cms/discuss/231113,AnimeNewsNetwork,Sword Art Online,real
"OceanVeil RevealsNukitashi The Animation'sEnglish Dub Cast, Staff",,https://www.animenewsnetwork.com/cms/discuss/231117,AnimeNewsNetwork,unknown,real
"Kohei Kadowaki, Film Label Nothing New RevealWe Are AliensAnime Film in Video",,https://www.animenewsnetwork.com/cms/discuss/231119,AnimeNewsNetwork,unknown,real
"Champignon WitchTV Anime Reveals More Cast, Theme Song Artists",,https://www.animenewsnetwork.com/cms/discuss/231118,AnimeNewsNetwork,unknown,real
Miss Shachiku and the Little Baby GhostManga Ends in 2 Chapters,,https://www.animenewsnetwork.com/cms/discuss/231096,AnimeNewsNetwork,unknown,real
Jujutsu KaisenCompilation Film With Season 3 Preview Opens in the Philippines on December 3,,https://www.animenewsnetwork.com/news/2025-11-17/jujutsu-kaisen-compilation-film-with-season-3-preview-opens-in-the-philippines-on-december-3/.231109,AnimeNewsNetwork,One Piece,real
Therapy GameManga Gets Stage Play on January 16-25,,https://www.animenewsnetwork.com/news/2025-11-17/therapy-game-manga-gets-stage-play-on-january-16-25/.231107,AnimeNewsNetwork,unknown,real
Celebrating 60 years of Ultraman at the American Dream Mall,Check out this article celebrating the 60 years of a hero who continues to&hellip;,https://animecorner.me/celebrating-60-years-of-ultraman-at-the-american-dream-mall/,AnimeCorner,unknown,real
Avatar: The Last Airbender - 20th Anniversary Panel at NYCC 2025,,https://animecorner.me/avatar-the-last-airbender-20th-anniversary-panel-at-nycc-2025/,AnimeCorner,unknown,real
WEBTOON Interview: Ro-taniah (Star Catcher) & ToniRenea (Osora),Check out this interview with WEBTOON Creators Ro-Taniah (Star Catcher) &amp; ToniRenea (Osora),https://animecorner.me/webtoon-interview-ro-taniah-star-catcher-tonirenea-osora/,AnimeCorner,unknown,real
An Interview With the Legendary Kenjiro Tsuda: Yu-Gi-Oh! 25th Anniversary at Anime NYC 2025,"Check out this exhilarating interview with Kenjiro Tsuda-san, who voices Seto Kaiba in Yu-Gi-Oh!",https://animecorner.me/an-interview-with-the-legendary-kenjiro-tsuda-yu-gi-oh-25th-anniversary-at-anime-nyc-2025/,AnimeCorner,unknown,real
"WEBTOON Interview: Punko (Stagtown, Cinderella Boy) & Brent Bristol (Ordeal)",,https://animecorner.me/webtoon-interview-punko-stagtown-cinderella-boy-brent-bristol-ordeal/,AnimeCorner,unknown,real
"Tetsuo Hara in Lucca Comics & Games 2025: Award, Exhibition, and Activities",,https://animecorner.me/tetsuo-hara-in-lucca-comics-games-award-exhibition-and-activities/,AnimeCorner,unknown,real
My Happy Marriage Gets Special Episodes in 2026,"My Happy Marriage anime is getting three special episodes in 2026, exclusively streamed on&hellip;",https://animecorner.me/my-happy-marriage-gets-special-episodes-in-2026/,AnimeCorner,unknown,real
Fall 2025 Anime Rankings - Week 7,"The seventh weekly poll for the Fall 2025 anime season, hosted by Anime Corner,&hellip;",https://animecorner.me/fall-2025-anime-rankings-week-7/,AnimeCorner,unknown,real
Now That We Draw Gets Anime Adaptation,Now That We Draw manga is getting an anime adaptation by studio ROLL2. The&hellip;,https://animecorner.me/now-that-we-draw-gets-anime-adaptation/,AnimeCorner,unknown,real
"Anyway, I'm Falling in Love with You Season 2 Unveils New Visual, January 8 Premiere","The upcoming Anyway, I'm Falling in Love with You Season 2 anime unveiled a&hellip;",https://animecorner.me/anyway-im-falling-in-love-with-you-season-2-unveils-new-visual-january-8-premiere/,AnimeCorner,unknown,real
"Newgenesis.cos on the Art of Cosplay, Umamusume and Italian Otaku Culture",Cosplay is an art. There's more to cosplaying than merely replicating the looks of&hellip;,https://animecorner.me/newgensis-cos-on-the-art-of-cosplay-umamusume-and-italian-otaku-culture/,AnimeCorner,unknown,real
Frieren: Beyond Journey's End Season 2 Unveils New Trailer,The upcoming Frieren: Beyond Journey's End Season 2 unveiled a new trailer on Thursday.&hellip;,https://animecorner.me/frieren-beyond-journeys-end-season-2-unveils-new-trailer/,AnimeCorner,unknown,real
"Kaya-chan Isn’t Scary Anime Unveils New Trailer, Additional Cast, Theme Songs, January 11 Premiere","Kaya-chan Isn’t Scary anime unveiled a new trailer along with additional cast members, theme&hellip;",https://animecorner.me/kaya-chan-isnt-scary-anime-unveils-new-trailer-additional-cast-theme-songs-january-11-premiere/,AnimeCorner,unknown,real
"Magnetic Press Brings FREAKS’ SQUEELE to Kickstarter With All Seven Volumes, Artbook, and Collector's Box","Magnetic Press is launching a Kickstarter campaign for FREAKS’ SQUEELE, the seven-volume comic series&hellip;",https://animecorner.me/magnetic-press-brings-freaks-squeele-to-kickstarter-with-all-seven-volumes-artbook-and-collectors-box/,AnimeCorner,unknown,real
"That Time I Got Reincarnated as a Slime the Movie: Tears of the Azure Sea Reveals Key Visual, Trailer, Additional Cast",The upcoming That Time I Got Reincarnated as a Slime the Movie: Tears of&hellip;,https://animecorner.me/that-time-i-got-reincarnated-as-a-slime-the-movie-tears-of-the-azure-sea-reveals-key-visual-trailer-additional-cast/,AnimeCorner,unknown,real
"Killed Again, Mr. Detective Light Novel Gets Anime","Killed Again, Mr. Detective light novel written by Teniwoha and illustrated by Riichu is&hellip;",https://animecorner.me/killed-again-mr-detective-light-novel-gets-anime/,AnimeCorner,unknown,real
"Witch Hat Atelier Reveals New Teaser Trailer, Main Cast, April 2026 Premiere",Witch Hat Atelier revealed a new teaser trailer featuring the main cast and an&hellip;,https://animecorner.me/witch-hat-atelier-reveals-new-teaser-trailer-main-cast-april-2026-premiere/,AnimeCorner,unknown,real
"Re:ZERO Season 4 Reveals New Trailer, Visual, April 2026 Premiere, Reid's Voice Actor","At the MF Bunko J Autumn School Festival special program, the upcoming Re:ZERO Season&hellip;",https://animecorner.me/rezero-season-4-reveals-new-trailer-visual-april-2026-premiere-reids-voice-actor/,AnimeCorner,Re:Zero,real
"A Misanthrope Teaches a Class for Demi-Humans Reveals Additional Cast, Opening Theme Song",The previously announced A Misanthrope Teaches a Class for Demi-Humans revealed five additional cast&hellip;,https://animecorner.me/a-misanthrope-teaches-a-class-for-demi-humans-reveals-additional-cast-opening-theme-song/,AnimeCorner,unknown,real
Sasaki and Peeps Season 2 Unveils New Visual,The upcoming Sasaki and Peeps Season 2 has unveiled a new visual and a&hellip;,https://animecorner.me/sasaki-and-peeps-season-2-unveils-new-visual/,AnimeCorner,unknown,real
"Playing Death Games to Put Food on the Table Reveals Visual, Trailer, Additional Cast",The upcoming Playing Death Games to Put Food on the Table revealed a new&hellip;,https://animecorner.me/playing-death-games-to-put-food-on-the-table-reveals-visual-trailer-additional-cast/,AnimeCorner,unknown,real
"The Detective Is Already Dead Season 2 Reveals Teaser Trailer, July 2026 Premiere",The Detective Is Already Dead Season 2 revealed a teaser trailer and a July&hellip;,https://animecorner.me/the-detective-is-already-dead-season-2-reveals-teaser-trailer-july-2026-premiere/,AnimeCorner,unknown,real
Fam Kuji Is Giving Us The Cafe Terrace and Its Goddessed Neko Maids,"The Megami no Café Terrace has ended, but thanks to the Fam Kuji x&hellip;",https://animecorner.me/fam-kuji-is-giving-us-the-cafe-terrace-and-its-goddessed-neko-maids/,AnimeCorner,unknown,real
"Classroom of the Elite Season 4 New Trailer Features Additional Cast, April 2026 Premeire",Classroom of the Elite Season 4 revealed a new trailer featuring 6 additional cast&hellip;,https://animecorner.me/classroom-of-the-elite-season-4-new-trailer-features-additional-cast-april-2026-premeire/,AnimeCorner,unknown,real
The 19 Episode of Umamusume: Cinderella Gray Is Delayed,It's an unfortunate week for horse-girl lovers. The 19th episode of Umamusume: Cinderella Gray&hellip;,https://animecorner.me/the-19-episode-of-umamusume-cinderella-gray-is-delayed/,AnimeCorner,unknown,real
MANGA REVIEW: Isekai Metaller Is a Hard Rocking Fantasy Adventure,"Ever think the current wave of reincarnation isekai could be more&#8230; well&#8230; metal? Good news: now there&#8217;s one that is! Kasuga Ryo&#8217;s Isekai Metaller is coming from Titan Manga next month, bringing with it an unlikely fantasy hero. But don&#8217;t let his grim appearance fool you. His goal is to help everyone feel heard and understood. Join us...",https://otakuusamagazine.com/manga-review-isekai-metaller-volume-1/,OtakuUSA,unknown,real
Three Powerful Back-to-School Anime,"It&#8217;s back-to-school time again! And we could hit you with the usual school-centric anime series to get you back in the mindset. But we&#8217;re pretty sure you&#8217;ve all caught up to My Hero Academia and MASHLE: MAGIC &#38; MUSCLES by now. (And if you haven&#8217;t, you really should!) So we&#8217;re diving backward to find some classics, as well...",https://otakuusamagazine.com/back-to-school-anime-2025/,OtakuUSA,My Hero Academia,real
Classic Japanese TRPG Wares Bade is Now Live on Kickstarter,"Love tabletop RPGs, but wish they had a little more mecha in them? The solution is on its way! Classic Japanese TRPG Wares Blade is coming soon from LionWing, and a crowdfunding campaign is now underway. With your support, the company can bring this vintage title to the West in a faithful, playable format. But who...",https://otakuusamagazine.com/wares-blade-lionwing-kickstarter/,OtakuUSA,unknown,real
Interview with KAF of KAMITSUBAKI CITY UNDER CONSTRUCTION,"After our interview in October 2024, Otaku USA caught up with KAF about the airing of the new KAMITSUBAKI CITY UNDER CONSTRUCTION anime on Crunchyroll. Read the full interview with KAF to learn more about her creative process and experience on her first anime credit. ©KAMITSUBAKI STUDIO/SINKA ANIMATION PROJECT Congratulations on the airing of KAMITSUBAKI...",https://otakuusamagazine.com/kaf-interview-kamitsuki-city-under-construction/,OtakuUSA,unknown,real
"Plus-Sized Misadventures in Love! Anime Shares New Trailer, Adds to Cast","More details have arrived for the Plus-Sized Misadventures in Love! anime, which kicks off its adaptation of mamakari’s manga on October 6. In addition to a new trailer and visual, the staff behind the series announced more cast members and theme song info. GANG PARADE is on the opening song, “Happy Yummy Lucky Yummy,” and...",https://otakuusamagazine.com/plus-sized-misadventures-in-love-anime-shares-new-trailer-adds-to-cast/,OtakuUSA,unknown,real
"I Want Your Mother to Be with Me! Is a Laid-back, Slice-of-Life Love Story","In I Want Your Mother to Be with Me!, Ryo is working part-time while trying to pass his accounting exam. He’s also head over heels in love with his coworker, Yuzuki, though she doesn’t know that yet. Yuzuki is a single mom whose husband died shortly after she had her baby. Ryo thinks everything about...",https://otakuusamagazine.com/i-want-your-mother-to-be-with-me-is-a-laid-back-slice-of-life-love-story/,OtakuUSA,unknown,real
Manga’s Disaster “Prediction” Might Still Be Affecting Japanese Tourism,"Japan saw a drop in tourism — most specifically from Hong Kong — due to the prediction of a manga creator whom some people believe to be psychic. Ryo Tatsuki, the mangaka, rose to fame after her dream book allegedly predicted the 2011 earthquake. When she published another book saying there would be a terrible...",https://otakuusamagazine.com/mangas-disaster-prediction-might-still-be-affecting-japanese-tourism/,OtakuUSA,unknown,real
"Room of Guilty Pleasure Anime Shows Off Trailer After Revealing Early, Uncensored Release","The manga Room of Guilty Pleasure (a.k.a. Guilty Hole: Oshiego Shika Shimei Dekinai Mise for the original Japanese title) is getting an anime adaptation from AnimeFesta. It’s debuting on Japanese TV on October 5, but will get an early (and uncensored) release on September 12 on the streaming outlet OceanVeil. This trailer also dropped for...",https://otakuusamagazine.com/room-of-guilty-pleasure-anime-shows-off-trailer-after-revealing-early-uncensored-release/,OtakuUSA,unknown,real
Kaiju No. 8 Season 2 Trailer Looks Ahead to Next Arc,"A new arc is about to kick off in Kaiju No. 8 season 2, which continues to adapt the Shonen Jump manga by Naoya Matsumoto. Next up for the series is the Bungui-toge Subjugation Operation arc, which begins in episode 19. Check out a preview in the trailer below. Kaiju No. 8 Bungui-toge Subjugation Operation...",https://otakuusamagazine.com/kaiju-no-8-season-2-trailer-looks-ahead-to-next-arc/,OtakuUSA,unknown,real
MANGA REVIEW: City Hunter and Cat’s Eye Omnibus Editions,"Between the new City Hunter movie on Netflix and an upcoming Cat&#8217;s Eye anime adaptation, it&#8217;s a big couple of years for Tsukasa Hojo fans. His two biggest series have always been popular, but they&#8217;re getting more attention than ever lately. So it feels like the perfect time to dive back into the manga that started it all&#8230;...",https://otakuusamagazine.com/manga-review-city-hunter-and-cats-eye-omnibus-editions/,OtakuUSA,unknown,real
Translator Yuki Tejima Talks With Anime Herald,"""The brilliant bookstores, big and small, were how I familiarized myself with Tokyo when I first moved to the city, as they took me to neighborhoods I would never know about otherwise.""
Translator Yuki Tejima Talks With Anime Herald - Seth Burn",https://www.animeherald.com/2025/11/20/translator-yuki-tejima-talks-with-anime-herald/?utm_source=rss&utm_medium=rss&utm_campaign=translator-yuki-tejima-talks-with-anime-herald,AnimeHerald,unknown,real
A Pair of Conversations With Studio Trigger,"""For twenty to thirty minutes, I want fans to laugh like an idiot and then forget what they’ve watched. I hope it can be that fun time each week they get to do that.""
A Pair of Conversations With Studio Trigger - Seth Burn",https://www.animeherald.com/2025/11/19/a-pair-of-conversations-with-studio-trigger/?utm_source=rss&utm_medium=rss&utm_campaign=a-pair-of-conversations-with-studio-trigger,AnimeHerald,unknown,real
Kenjiro Tsuda Talks Yu-Gi-Oh! At Anime NYC 2025,"Anime Corner: The rivalry between Seto Kaiba and Yugi is one of the most iconic in modern anime. How do you approach the scenes whenever they clash? Kenjiro Tsuda: Kaiba is a character with strong mental fortitude. Sometimes, he’ll be driven into a corner in battle, but he never gives up. That’s the mindset that [&#8230;]
Kenjiro Tsuda Talks Yu-Gi-Oh! At Anime NYC 2025 - Seth Burn",https://www.animeherald.com/2025/11/15/kenjiro-tsuda-talks-yu-gi-oh-at-anime-nyc-2025/?utm_source=rss&utm_medium=rss&utm_campaign=kenjiro-tsuda-talks-yu-gi-oh-at-anime-nyc-2025,AnimeHerald,unknown,real
Yoko Takahashi Talks With Anime Herald,"Unidentified Gaming Magazine: Over your entire career, you’ve sang jazz, pop, and rock. How have you trained your voice to do so many genres and maintain your voice? Yoko Takahashi: When I was growing up, I was in a chorus group for ten years. A lot of the training that I learned during that time [&#8230;]
Yoko Takahashi Talks With Anime Herald - Seth Burn",https://www.animeherald.com/2025/11/08/yoko-takahashi-talks-with-anime-herald/?utm_source=rss&utm_medium=rss&utm_campaign=yoko-takahashi-talks-with-anime-herald,AnimeHerald,unknown,real
A Conversation With Spy x Family’s Kenichirō Matsuda and Emiri Katō,"""I think being nervous is actually important. You don’t need to overcome it. You need to accept that part of yourself. That makes me feel more serious about this role. I am becoming friends with my nervousness.""
A Conversation With Spy x Family&#8217;s Kenichirō Matsuda and Emiri Katō - Seth Burn",https://www.animeherald.com/2025/11/01/a-conversation-with-spy-x-familys-kenichiro-matsuda-and-emiri-kato/?utm_source=rss&utm_medium=rss&utm_campaign=a-conversation-with-spy-x-familys-kenichiro-matsuda-and-emiri-kato,AnimeHerald,Spy x Family,real
A Brief Preview of Anime Herald Magazine,"Good evening, everybody. I&#8217;m excited to announce that the design phase for Anime Herald Magazine is nearly complete. With November just a few days away, we&#8217;re all hard at work to bring you the best publication possible. I have a surprise to share with you today, though, as we received preview pages for our reprint [&#8230;]
A Brief Preview of Anime Herald Magazine - Samantha Ferreira",https://www.animeherald.com/2025/10/29/a-brief-preview-of-anime-herald-magazine/?utm_source=rss&utm_medium=rss&utm_campaign=a-brief-preview-of-anime-herald-magazine,AnimeHerald,unknown,real
A Conversation With 100 Meters Director Kenji Iwaisawa,"""Personally, I don’t like to include violence in my work unless it is necessary, and it is usually not. Even though a fight is about to break out, it’s not going to actually. That’s a conscious decision I make, because I don’t want to depict it.""
A Conversation With 100 Meters Director Kenji Iwaisawa - Seth Burn",https://www.animeherald.com/2025/10/28/a-conversation-with-100-meters-director-kenji-iwaisawa/?utm_source=rss&utm_medium=rss&utm_campaign=a-conversation-with-100-meters-director-kenji-iwaisawa,AnimeHerald,unknown,real
Miss Kobayashi’s Dragon Maid’s Cast Talks With Anime Herald,"""I feel like in the movie, there are a lot more scenes where, for Kanna’s lines, I am tearing up. Of course, there are a lot of very serious scenes throughout the movie.""
Miss Kobayashi&#8217;s Dragon Maid&#8217;s Cast Talks With Anime Herald - Seth Burn",https://www.animeherald.com/2025/10/27/miss-kobayashis-dragon-maids-cast-talks-with-anime-herald/?utm_source=rss&utm_medium=rss&utm_campaign=miss-kobayashis-dragon-maids-cast-talks-with-anime-herald,AnimeHerald,unknown,real
The Unseen Art of Anime Storyboarding,"While flashy animation and iconic voice acting steal the spotlight, it’s the storyboard that quietly shapes every episode’s identity. These humble sketches are where an anime breathes its first breath—where action scenes come to life and emotional moments find their framing.
The Unseen Art of Anime Storyboarding - Rohan",https://www.animeherald.com/2025/10/25/the-unseen-art-of-anime-storyboarding/?utm_source=rss&utm_medium=rss&utm_campaign=the-unseen-art-of-anime-storyboarding,AnimeHerald,unknown,real
The Call of the Night Dub Cast Talks With Anime Herald,"Anime Herald: For my first question, I need to make it clear that I knew the two of you would be here (Natalie Rial, Gabriel Regojo), but I did not know you would be here (Shannon D. Reed). You will understand how that is very relevant to the question. Natalie Rial: I’m excited. Anime Herald: [&#8230;]
The Call of the Night Dub Cast Talks With Anime Herald - Seth Burn",https://www.animeherald.com/2025/10/23/the-call-of-the-night-dub-cast-talks-with-anime-herald/?utm_source=rss&utm_medium=rss&utm_campaign=the-call-of-the-night-dub-cast-talks-with-anime-herald,AnimeHerald,unknown,real
My Hero Academia Creator Says Goodbye to Major Character After Anime’s Most Important Episode,"Studio Bones
The battle between Izuku Midoriya and Shigaraki has ended in My Hero Academia, and with it, the anime adaptation is only a handful of episodes away from bringing its story to a close. Hitting the small screen in 2016, the hard-hitting superhero shonen has spent years becoming one of the biggest anime series in the [&#8230;]
The post My Hero Academia Creator Says Goodbye to Major Character After Anime&#8217;s Most Important Episode appeared first on ComicBook.com.",https://comicbook.com/anime/news/my-hero-academia-creator-says-goodbye-to-major-character-after-animes-most-important-episode/,ComicBook,My Hero Academia,real
5 Great Anime That Deserve To Be Called Modern Classics,"Image Courtesy of Netflix
The definition of classic regarding entertainment media can vary depending on the format, genre, and medium. It can also change from person to person, with some fans having wildly different opinions on what makes a classic than others within the community. Anime classics are often debated and discussed at length, though there are undoubtedly a [&#8230;]
The post 5 Great Anime That Deserve To Be Called Modern Classics appeared first on ComicBook.com.",https://comicbook.com/anime/list/5-great-anime-that-deserve-to-be-called-modern-classics/,ComicBook,unknown,real
10 Most Powerful Jujutsu Kaisen Characters Ranked,"Image Courtesy of MAPPA
Warning: This article contains spoilers from the Jujutsu Kaisen manga! Gege Akutami&#8217;s Jujutsu Kaisen is famous for featuring intense battles full of thrilling and exciting moments. This dark fantasy follows Yuji Itadori, who gets tangled up in the world of Jujutsu sorcery after meeting Megumi Fushiguro and learning about curses. After being attacked by powerful [&#8230;]
The post 10 Most Powerful Jujutsu Kaisen Characters Ranked appeared first on ComicBook.com.",https://comicbook.com/anime/list/10-most-powerful-jujutsu-kaisen-characters-ranked/,ComicBook,Jujutsu Kaisen,real
Dragon Ball: 7 Most Powerful Saiyans of All Time Ranked,"Courtesy of Toei Animation
Over forty years ago, the world of Shonen took a drastic turn as Akira Toriyama&#8217;s Dragon Ball manga debuted in Shueisha&#8217;s Weekly Shonen Jump magazine. The series eventually became one of the most iconic anime and manga franchises in Shonen history, influencing the entire demographic as we know today. Dragon Ball has forever etched its [&#8230;]
The post Dragon Ball: 7 Most Powerful Saiyans of All Time Ranked appeared first on ComicBook.com.",https://comicbook.com/anime/list/dragon-ball-7-most-powerful-saiyans-of-all-time-ranked/,ComicBook,Dragon Ball,real
"Jujutsu Kaisen Didn’t Make Use of Its Biggest Strength, But the Sequel Can Change That","Image Courtesy of Shueisha
Warning: This article contains spoilers from the Jujutsu Kaisen Modulo manga! Gege Akutami&#8217;s hit Weekly Shonen Jump manga, Jujutsu Kaisen, is one of the most popular series of all time. The manga has already reached its conclusion in September 2024, but the popularity only keeps rising with the anime&#8217;s upcoming season and the new manga [&#8230;]
The post Jujutsu Kaisen Didn&#8217;t Make Use of Its Biggest Strength, But the Sequel Can Change That appeared first on ComicBook.com.",https://comicbook.com/anime/feature/jujutsu-kaisen-didnt-make-use-of-its-biggest-strength-but-the-sequel-can-change-that/,ComicBook,Jujutsu Kaisen,real
"34 Years Ago Today, This Classic The Simpsons Episode Sparked a Surprise Homer Feud (And Even Made it to Fortnite)","Courtesy of 20th Television Animation
34 years ago today, The Simpsons aired an episode that became such a classic because of its surprise feud for Homer that it even made it to Fortnite decades later. The Simpsons has been going on for over three decades at this point, so it&#8217;s no surprise to know that all of the characters have [&#8230;]
The post 34 Years Ago Today, This Classic The Simpsons Episode Sparked a Surprise Homer Feud (And Even Made it to Fortnite) appeared first on ComicBook.com.",https://comicbook.com/tv-shows/feature/34-years-ago-today-this-classic-the-simpsons-episode-sparked-a-surprise-homer-feud-and-even-made-it-to-fortnite/,ComicBook,unknown,real
Official One Piece Reveal Immediately Revives a Famous Theory,"Image Courtesy of Toei Animation
Warning: This article contains spoilers from the One Piece manga! The One Piece manga will soon wrap up the highly anticipated God Valley flashback and move on to unveil the truth behind Harald&#8217;s death. It doesn&#8217;t take long for the fabled land of the Giants to turn into a warzone after Luffy and his crew [&#8230;]
The post Official One Piece Reveal Immediately Revives a Famous Theory appeared first on ComicBook.com.",https://comicbook.com/anime/feature/official-one-piece-reveal-immediately-revives-a-famous-theory/,ComicBook,One Piece,real
Shonen Jump’s Hardest-Hitting Classic Series Prepares an Anime Funeral For Its Villains,"Toei Animation
Like many other villains in pop culture, the villains of anime can often be so evil that few survivors mourn their loss. Antagonists such as Dragon Ball Z&#8217;s Frieza, My Hero Academia&#8217;s All For One, Bleach&#8217;s Aizen, and Jujutsu Kaisen&#8217;s Sukuna have so many casualties lying at their feet that it&#8217;s hard to believe that [&#8230;]
The post Shonen Jump&#8217;s Hardest-Hitting Classic Series Prepares an Anime Funeral For Its Villains appeared first on ComicBook.com.",https://comicbook.com/anime/news/shonen-jump-hardest-hitting-classic-series-prepares-an-anime-funeral-for-its-villains/,ComicBook,Bleach,real
Jujutsu Kaisen Just Resurrected a Major Character (And You Probably Missed It),"MAPPA
Jujutsu Kaisen fans are counting down the days until they can see the third season of the popular anime adaptation hit the screen, with the shonen franchise giving them a chance to see it early next month. While Jujutsu Kaisen season three lands on television in January, the compilation film, Jujutsu Kaisen: Execution, hits North [&#8230;]
The post Jujutsu Kaisen Just Resurrected a Major Character (And You Probably Missed It) appeared first on ComicBook.com.",https://comicbook.com/anime/news/jujutsu-kaisen-just-resurrected-a-major-character-and-you-probably-missed-it/,ComicBook,Jujutsu Kaisen,real
Popular Free RPG Reveals New Details for Delicious In Dungeon Collab with Spot-On Trailer,"Courtesy of Studio Trigger
When it comes to free RPGs, your mileage may vary. But since its release in 2024, fantasy RPG AFK Journey has claimed the hearts and gaming time of many fans. Released as a sequel to the idle RPG AFK Arena, this game features board game-style combat and a vast open world for players to explore. [&#8230;]
The post Popular Free RPG Reveals New Details for Delicious In Dungeon Collab with Spot-On Trailer appeared first on ComicBook.com.",https://comicbook.com/gaming/news/popular-free-rpg-reveals-new-details-for-delicious-in-dungeon-collab-with-spot-on-trailer/,ComicBook,unknown,real
Star Wars: Stunt Performer Accuses Disney of Plagiarism With Anime Series,"Disney
Star Wars: Visions marked the first time that the universe of the Jedi and the Sith was given stories born from the anime world. Bringing together anime studios from Japan, as well as North American animation companies over the course of its first three seasons, the Disney franchise saw success wth this new anthology series. [&#8230;]
The post Star Wars: Stunt Performer Accuses Disney of Plagiarism With Anime Series appeared first on ComicBook.com.",https://comicbook.com/anime/news/star-wars-stunt-performer-accuses-disney-of-plagiarism-with-anime-series/,ComicBook,unknown,real
Family Guy Showrunners Explain Why Major Characters Are Missing From The Holiday Special,"Hulu
While series like Family Guy and The Simpsons remain a part of Fox&#8217;s Animation Domination, the animated shows are releasing a steady string of specials on streaming services these days. While Springfield&#8217;s finest routinely bring their specials to Disney+, Quahog&#8217;s favorite family releases their chapters on Hulu. Releasing a Halloween special earlier this year, Family [&#8230;]
The post Family Guy Showrunners Explain Why Major Characters Are Missing From The Holiday Special appeared first on ComicBook.com.",https://comicbook.com/tv-shows/news/family-guy-showrunners-explain-why-major-characters-are-missing-from-the-holiday-special/,ComicBook,unknown,real
10 Best Toonami Anime That Made Everyone An Anime Fan,"Image Courtesy of MAPPA
Anyone who became an anime fan in the &#8217;90s or 2000s probably became one thanks to the anime programming block Toonami; before the advent of streaming and simulcasts, Toonami was one of the only ways to watch old and new anime alike, and even though it’s fallen off in relevancy, it’s still beloved for its [&#8230;]
The post 10 Best Toonami Anime That Made Everyone An Anime Fan appeared first on ComicBook.com.",https://comicbook.com/anime/list/10-best-toonami-anime-list/,ComicBook,unknown,real
Naruto’s Live-Action Movie Shares Unfortunate Update,"Pierrot
The world of live-action anime adaptations is only continuing to grow, with recent success like Netflix&#8217;s One Piece leading the charge for this new medium to expand in ways that many believed would be impossible. Announced in recent years, the Hidden Leaf Village of Konoha is set to receive a live-action movie from Lionsgate. Helmed [&#8230;]
The post Naruto&#8217;s Live-Action Movie Shares Unfortunate Update appeared first on ComicBook.com.",https://comicbook.com/anime/news/naruto-live-action-movie-shares-unfortunate-update/,ComicBook,One Piece,real
Boruto Kicks Off Its Most Exciting Battle Yet (With the Potential to Surpass Every Previous One),"Boruto: Two Blue Vortex’s new chapter has recently been released, and as the series has been hinting at over the past few chapters, it finally kicks off its newest battle against Mamushi, one of the Divine Trees. After their encounter with Jura, Boruto and Kashin Koji warned the Hokage, Shikamaru, about the next threat, with [&#8230;]
The post Boruto Kicks Off Its Most Exciting Battle Yet (With the Potential to Surpass Every Previous One) appeared first on ComicBook.com.",https://comicbook.com/anime/feature/boruto-kicks-off-its-most-exciting-battle-yet-with-the-potential-to-surpass-every-previous-one/,ComicBook,unknown,real
"After 41 Years, Dragon Ball Will Finally Decide Its Most Popular Character (And You Can Help)","Image Courtesy of Toei Animation
On November 20th, 2025, the Dragon Ball franchise marked 41 years since the manga first debuted, and to celebrate, the series is planning major events, including finally settling the long-standing debate over who is the most popular character. The franchise features a diverse cast, each beloved for their own charm. With decades of legacy behind [&#8230;]
The post After 41 Years, Dragon Ball Will Finally Decide Its Most Popular Character (And You Can Help) appeared first on ComicBook.com.",https://comicbook.com/anime/news/after-41-years-dragon-ball-will-finally-decide-its-most-popular-character-and-you-can-help/,ComicBook,Dragon Ball,real
Jujutsu Kaisen’s Sequel Seriously Needs To Fix The Franchise’s Biggest Problem,"Image Courtesy of Shueisha
As Jujutsu Kaisen has risen to be one of the biggest names in modern anime, it has also, inevitably, become one of the most controversial. Despite its popularity, Jujutsu Kaisen has often been criticized for how it handles certain characters and story beats, all of which led to an unfortunately lackluster finale that only tarnished [&#8230;]
The post Jujutsu Kaisen&#8217;s Sequel Seriously Needs To Fix The Franchise&#8217;s Biggest Problem appeared first on ComicBook.com.",https://comicbook.com/anime/feature/jujutsu-kaisen-modulo-female-cast-problem-op-ed/,ComicBook,Jujutsu Kaisen,real
10 Exciting Upcoming Anime in 2026 No One Is Talking About,"Image Courtesy of Kyoto Animation/Arvo Animation
2025 has been a phenomenal year for anime fans with the return of several exciting shows such as Solo Leveling, Dandadan, and many more. Additionally, the year also introduced several new additions to the anime world, including Sakamoto Days and Witch Watch. However, if you thought this year was thrilling, you will be blown away [&#8230;]
The post 10 Exciting Upcoming Anime in 2026 No One Is Talking About appeared first on ComicBook.com.",https://comicbook.com/anime/list/10-exciting-upcoming-anime-in-2026-no-one-is-talking-about/,ComicBook,Solo Leveling,real
5 Ongoing Shonen Jump Series That Deserve a Lot More Attention,"Image Courtesy of Shueisha
Shueisha&#8217;s most famous and best-selling manga magazine, Weekly Shonen Jump, launched its first issue in 1968 and has slowly climbed to the top since then. The magazine has serialized several hundred series since then, including the all-time classics such as Dragon Ball, One Piece, Naruto, and Bleach, which still have massive global fan followings. The [&#8230;]
The post 5 Ongoing Shonen Jump Series That Deserve a Lot More Attention appeared first on ComicBook.com.",https://comicbook.com/anime/list/5-ongoing-shonen-jump-series-that-deserve-a-lot-more-attention/,ComicBook,One Piece,real
Jujutsu Kaisen Season 3 Faces Major Issue After Recent Update,"Image Courtesy of MAPPA
Warning: This article contains spoilers from the Jujutsu Kaisen manga! The highly anticipated Jujutsu Kaisen Season 3 is all set for its premiere on January 8th, 2026. The latest film, Jujutsu Kaisen: Execution, is already a massive hit across the globe, featuring a compilation of the Shibuya Incident Arc and the first two episodes of [&#8230;]
The post Jujutsu Kaisen Season 3 Faces Major Issue After Recent Update appeared first on ComicBook.com.",https://comicbook.com/anime/news/jujutsu-kaisen-season-3-faces-major-issue-after-recent-update/,ComicBook,Jujutsu Kaisen,real
Netflix’s One Piece Reveals Live-Action Wapol (And He’s Perfect),"Toei Animation 
Netflix&#8217;s One Piece is set to return in 2026, with the second season of the live-action hit bringing in plenty of villains, old and new, to the Grand Line. While the villainous Crocodile might be the biggest fiend in season two, running Baroqueworks behind the scenes, there&#8217;s another antagonist that might be considered the &#8220;big [&#8230;]
The post Netflix&#8217;s One Piece Reveals Live-Action Wapol (And He&#8217;s Perfect) appeared first on ComicBook.com.",https://comicbook.com/anime/news/netflix-one-piece-reveals-live-action-wapol-and-hes-perfect/,ComicBook,One Piece,real
Shonen Jump Wraps Up 2025 With Two Hottest Series Confirming Exciting Collab,"Courtesy of Shueisha
As the year draws near its end, Weekly Shonen Jump confirms an exciting start to the year 2026 with Kagurabachi and Ichi the Witch sharing the spotlight in the first issue. 2026&#8217;s first issue is expected to be released on December 22nd, 2025. 2025 has been a rocky year for Weekly Shonen Jump, with several [&#8230;]
The post Shonen Jump Wraps Up 2025 With Two Hottest Series Confirming Exciting Collab appeared first on ComicBook.com.",https://comicbook.com/anime/news/shonen-jump-wraps-up-2025-with-two-hottest-series-confirming-exciting-collab/,ComicBook,unknown,real
Crunchyroll’s Newest Shonen Anime Has a Chance to Do Something Never Done Before (And It Shouldn’t Miss It),"Crunchyroll
Crunchyroll&#8216;s newest and darkest shonen anime in years has been an outstanding installment since its debut in the summer of 2025, and in its latest arc, it has created an opportunity to present its protagonist in a light never before seen in any shonen series. Shonen protagonists have always been portrayed as characters with driven [&#8230;]
The post Crunchyroll&#8217;s Newest Shonen Anime Has a Chance to Do Something Never Done Before (And It Shouldn’t Miss It) appeared first on ComicBook.com.",https://comicbook.com/anime/feature/crunchyrolls-newest-shonen-anime-has-a-chance-to-do-something-never-done-before-and-it-shouldnt-miss-it/,ComicBook,unknown,real
Black Panther’s Michael B. Jordan Explains My Hero Academia to Other Celebrities,"Disney &amp; Shueisha
Actor Michael B. Jordan has worn his love of anime on his sleeve in recent years. The star of Black Panther, Creed, Sinners, and more has long had an affinity for series such as Attack on Titan, Naruto, and many other stories that make up the medium. Recently, the prolific star recently sat down with [&#8230;]
The post Black Panther&#8217;s Michael B. Jordan Explains My Hero Academia to Other Celebrities appeared first on ComicBook.com.",https://comicbook.com/anime/news/black-panthers-michael-b-jordan-explains-my-hero-academia-to-other-celebrities/,ComicBook,Naruto,real
Demon Slayer Creator Set to Return With Exciting Surprise After Infinity Castle’s Success,"Image Courtesy of Ufotable
The first installment of the&#160;Demon Slayer: Infinity Castle&#160;trilogy made history after crossing the 100 billion yen milestone across the globe, becoming the first Japanese film ever to do so. It even surpassed the overall box office records of several Hollywood hits, including all the Marvel and DC films released this year, and continues to rise [&#8230;]
The post Demon Slayer Creator Set to Return With Exciting Surprise After Infinity Castle&#8217;s Success appeared first on ComicBook.com.",https://comicbook.com/anime/news/demon-slayer-creator-set-to-return-with-exciting-surprise-after-infinity-castles-success/,ComicBook,Demon Slayer,real
One Piece Unveils the Official Coloring of the Best Panel of All Time,"Image Courtesy of Toei Animation
Warning: This article contains spoilers from the One Piece manga! The highly anticipated Elbaph Arc in the One Piece manga continues to surprise fans with several mystery reveals and introductions to new characters. Fans have been awaiting this arc for over two decades, ever since the Straw Hat Pirates met Dorry and Brogy in the [&#8230;]
The post One Piece Unveils the Official Coloring of the Best Panel of All Time appeared first on ComicBook.com.",https://comicbook.com/anime/news/one-piece-unveils-the-official-coloring-of-the-best-panel-of-all-time/,ComicBook,One Piece,real
Seven Deadly Sins Introduces Wildly Controversial Change to Major Character (And Fans Are Furious),"The Seven Deadly Sins has been one of those anime franchises that has found success in more ways than one. Even when the original manga ended, the world that introduced anime fans to the likes of Meliodas and Elisabeth has continued thanks to sequels and spin-offs. Perhaps the biggest has been Seven Deadly Sins: Four [&#8230;]
The post Seven Deadly Sins Introduces Wildly Controversial Change to Major Character (And Fans Are Furious) appeared first on ComicBook.com.",https://comicbook.com/anime/news/seven-deadly-sins-introduces-wildly-controversial-change-to-major-character-and-fans-are-furious/,ComicBook,unknown,real
5 Underrated Slice-of-Life Anime Gems You Probably Missed,"The slice-of-life genre can offer some of the most heartfelt and memorable experiences in anime.
The post 5 Underrated Slice-of-Life Anime Gems You Probably Missed appeared first on ComicBook.com.",https://comicbook.com/anime/list/5-underrated-slice-of-life-anime-gems-you-probably-missed/,ComicBook,unknown,real
Jujutsu Kaisen Star Teases Epic Gojo Moment in Season 3,"Image Courtesy of MAPPA
Warning: This article contains spoilers from the Jujutsu Kaisen manga! The latest Jujutsu Kaisen: Execution film has been a major blockbuster hit, which further grows anticipation among fans for the upcoming Season 3. The film features a recap of the Shibuya Incident Arc as well as the first two episodes of the upcoming season, which [&#8230;]
The post Jujutsu Kaisen Star Teases Epic Gojo Moment in Season 3 appeared first on ComicBook.com.",https://comicbook.com/anime/news/jujutsu-kaisen-star-teases-epic-gojo-moment-in-season-3/,ComicBook,Jujutsu Kaisen,real
Solo Leveling Shares Major Live-Action Adaptation Update,"Following the footsteps of successful projects like One Piece, Avatar: The Last Airbender, and Yu Yu Hakusho, Netflix is planning to dive right into a live-action adaptation of one of anime&#8217;s biggest new series. Solo Leveling is set to hit the streaming service with a live-action series that will recreate the adventures of Jinwoo Sung [&#8230;]
The post Solo Leveling Shares Major Live-Action Adaptation Update appeared first on ComicBook.com.",https://comicbook.com/anime/news/solo-leveling-shares-major-live-action-adaptation-update/,ComicBook,One Piece,real
Dragon Ball Z Abridged’s Spiritual Successor is Here (And It’s a Toonami Favorite),"Warner Bros
Dragon Ball Z Abridged has become legendary within the anime world, thanks to Team Four Star recreating a good portion of the beloved shonen franchise. Recreating the story of the Z-Fighters with a far more humorous take, while also adding new dialogue to hammer home the hilarity, the YouTube creators decided to leave the world [&#8230;]
The post Dragon Ball Z Abridged&#8217;s Spiritual Successor is Here (And It&#8217;s a Toonami Favorite) appeared first on ComicBook.com.",https://comicbook.com/anime/news/dragon-ball-z-abridged-spiritual-successor-is-here-and-its-a-toonami-favorite/,ComicBook,Dragon Ball,real
3 Ways Boruto Is a Better Main Hero Than Naruto (#1 Also Proves His Story Has Even Deeper Potential),"Image courtesy of Pierrot
As a direct continuation of the legacy Naruto series and its titular character, Boruto and its protagonist had a lot to prove about why this sequel was worth investing in. Unlike his father’s story, Boruto’s journey as the son of a famous Hokage without a clear dream was intriguing, and many fans were skeptical about [&#8230;]
The post 3 Ways Boruto Is a Better Main Hero Than Naruto (#1 Also Proves His Story Has Even Deeper Potential) appeared first on ComicBook.com.",https://comicbook.com/anime/list/3-ways-boruto-is-a-better-main-hero-than-naruto-1-also-proves-his-story-has-even-deeper-potential/,ComicBook,Naruto,real
Adult Swim Confirms Primal Season 3 Release Date (And It’s Coming Very Soon),"Courtesy of Adult Swim
Genndy Tartakovsky&#8217;s Primal is going to be making its highly anticipated return for Season 3, and Adult Swim has confirmed just how soon it&#8217;s going to be hitting with the official confirmation of its release date. Primal is one of the most surprising continuations with Adult Swim as the second season really seemed to come [&#8230;]
The post Adult Swim Confirms Primal Season 3 Release Date (And It&#8217;s Coming Very Soon) appeared first on ComicBook.com.",https://comicbook.com/tv-shows/news/adult-swim-confirms-primal-season-3-release-date-and-its-coming-very-soon/,ComicBook,unknown,real
One of the Decade’s Best Animated Movies Finally Gets the Sequel Update We’ve Been Waiting For,"Dreamworks
DreamWorks has created some of the best examples of animated movies in recent memory, with some of the biggest examples taking place in a magical, fairy tale land. The green ogre known as Shrek might have first landed in 2001, but the Mike Myers-voiced swamp dweller has helped create a world where supporting characters can [&#8230;]
The post One of the Decade&#8217;s Best Animated Movies Finally Gets the Sequel Update We’ve Been Waiting For appeared first on ComicBook.com.",https://comicbook.com/movies/news/one-of-the-decades-best-animated-movies-finally-gets-the-sequel-update-weve-been-waiting-for/,ComicBook,unknown,real
Frieren Season 2 Finally Drops Trailer Ahead of Premiere: Watch Now,"Courtesy of TOHO Animation
Frieren: Beyond Journey&#8217;s End is likely the most anticipated anime return of 2026, and the anime has finally dropped a full trailer for Season 2 ahead of its big premiere. This year was a pretty strong year for new anime releases, and it&#8217;s already looking like it&#8217;s going to be the same with 2026. There [&#8230;]
The post Frieren Season 2 Finally Drops Trailer Ahead of Premiere: Watch Now appeared first on ComicBook.com.",https://comicbook.com/anime/news/frieren-season-2-finally-drops-trailer-ahead-of-premiere-watch-now/,ComicBook,unknown,real
The Mighty Nein Is Critical Role’s Magic At Its Best (Review),"Critical Role successfully brought its first campaign to life on the small screen with The Legend of Vox Machina, but now it&#8217;s time for the lovable ragtag group of adventurers known as The Mighty Nein to step into the spotlight. While it takes a few episodes to officially get the gang together, those early episodes [&#8230;]
The post The Mighty Nein Is Critical Role&#8217;s Magic At Its Best (Review) appeared first on ComicBook.com.",https://comicbook.com/tv-shows/review/the-mighty-nein-is-critical-roles-magic-at-its-best-review/,ComicBook,unknown,real
One-Punch Man Season 3 Is Breaking Records (Just Not the Ones Fans Expected),"Image Courtesy of J.C. Staff
One-Punch Man Season 3 was one of the most anticipated yet most controversial releases of the year. Once celebrated for being one of the highest-quality and most fluid anime adaptations, the series’ reputation took a major hit after Season 2’s poor animation. This left fans cautious about how Season 3 would be handled. The director’s [&#8230;]
The post One-Punch Man Season 3 Is Breaking Records (Just Not the Ones Fans Expected) appeared first on ComicBook.com.",https://comicbook.com/anime/news/one-punch-man-season-3-is-breaking-records-just-not-the-ones-fans-expected/,ComicBook,unknown,real
Hazbin Hotel Star on THAT Finale Twist. “That’s What Season 3 is About.” [Exclusive],"Whatever happens, Talai is confident that the answers will be worth the wait, confirming the finale twist was merely the opening act.
The post Hazbin Hotel Star on THAT Finale Twist. “That’s What Season 3 is About.” [Exclusive] appeared first on ComicBook.com.",https://comicbook.com/tv-shows/news/hazbin-hotel-star-on-that-finale-twist-thats-what-season-3-is-about-exclusive/,ComicBook,unknown,real
Fans Of Netflix’s New Masterpiece Samurai Show Already Have 5 Perfect Movies To Watch Next,"Netflix
Netflix has a brand new samurai action series that has been taking over the streamer service since it made its debut, and there are already five perfect movies to watch once you&#8217;ve wrapped it up to keep the party going. Adapting Shogo Imamura&#8217;s novel of the same name, Last Samurai Standing has introduced fans to [&#8230;]
The post Fans Of Netflix&#8217;s New Masterpiece Samurai Show Already Have 5 Perfect Movies To Watch Next appeared first on ComicBook.com.",https://comicbook.com/tv-shows/feature/fans-of-netflixs-new-masterpiece-samurai-show-already-have-5-perfect-movies-to-watch-next/,ComicBook,unknown,real
Shonen Shouldn’t Be the Only Kind of Anime Hollywood is Banking On,"Hollywood doesn’t need another chosen one. It needs to choose different ones.
The post Shonen Shouldn’t Be the Only Kind of Anime Hollywood is Banking On appeared first on ComicBook.com.",https://comicbook.com/anime/feature/shonen-shouldnt-be-the-only-kind-of-anime-hollywood-is-banking-on/,ComicBook,unknown,real
5 Anime That Fell Off Just as They Were Getting Good,"There are plenty of anime that fall in quality over time, but it&#8217;s especially disappointing when that happens just as they&#8217;re getting good. Momentum is an important part of keeping viewers invested, and some of the best anime series get better with every release. Strong pacing, well-placed plot twists, and satisfying character moments contribute to [&#8230;]
The post 5 Anime That Fell Off Just as They Were Getting Good appeared first on ComicBook.com.",https://comicbook.com/anime/list/anime-fell-off-quality-after-getting-good/,ComicBook,unknown,real
Jujutsu Kaisen Sequel Already Has Its Next Best Couple After Yuta and Maki,"Image Courtesy of MAPPA
Warning: This article contains spoilers from the Jujutsu Kaisen Modulo manga! Only a year after the main story&#8217;s ending, Gege Akutami returns with a new sequel manga titled Jujutsu Kaisen Modulo. Illustrated by Yuji Iwasaki, the story takes place 68 years after the Culling Game and the defeat of Ryomen Sukuna, the King of the [&#8230;]
The post Jujutsu Kaisen Sequel Already Has Its Next Best Couple After Yuta and Maki appeared first on ComicBook.com.",https://comicbook.com/anime/feature/jujutsu-kaisen-sequel-already-has-its-next-best-couple-after-yuta-and-maki/,ComicBook,Jujutsu Kaisen,real
7 Underrated Comfort Anime You Need to Watch This Fall Season,"Image Courtesy of MAPPA/Brain's Base
Just like any other anime season, Fall 2025 has no shortage of flashy, action shows that immediately grab the viewers&#8217; eyes. This is especially true for the number of sequels to famous series released each year. However, sometimes series are filled with gentle humor, wholesome characters, and heart-warming stories that make everyday moments feel extraordinary. As [&#8230;]
The post 7 Underrated Comfort Anime You Need to Watch This Fall Season appeared first on ComicBook.com.",https://comicbook.com/anime/news/7-underrated-comfort-anime-you-need-to-watch-this-fall-season/,ComicBook,unknown,real
"30 Years Ago Today, The Simpsons Gave Fans Its Saddest Ending of All Time (With a Heartbreaking Goodbye)","Courtesy of 20th Television Animation
30 years ago today, The Simpsons debuted an episode that broke fans hearts with the saddest ending in the series to date, and it&#8217;s a goodbye that has still left an impact all these decades later. The Simpsons is no stranger to heartbreaking moments as the long running adult animated series has ran through a [&#8230;]
The post 30 Years Ago Today, The Simpsons Gave Fans Its Saddest Ending of All Time (With a Heartbreaking Goodbye) appeared first on ComicBook.com.",https://comicbook.com/tv-shows/feature/30-years-ago-today-the-simpsons-gave-fans-its-saddest-ending-of-all-time-with-a-heartbreaking-goodbye/,ComicBook,unknown,real
Godzilla Destroys The Marvel Universe Ends With The King of The Monsters Teaming Up With Major Comic Villain,"Marvel &amp; Toho
Godzilla might be tearing his way through the silver screen thanks to offerings like Godzilla Minus One and Godzilla x Kong: The New Empire, along with the small screen thanks to Monarch: Legacy of Monsters, but the King of the Monsters has also been hitting the comics hard. With the titular IDW series taking a [&#8230;]
The post Godzilla Destroys The Marvel Universe Ends With The King of The Monsters Teaming Up With Major Comic Villain appeared first on ComicBook.com.",https://comicbook.com/anime/news/godzilla-destroys-the-marvel-universe-ends-with-the-king-of-the-monsters-teaming-up-with-major-comic-villain/,ComicBook,unknown,real
New Look at Adult Aang From Avatar: The Last Airbender’s First Movie Finds Its Way Online,"Paramount
Avatar: The Last Airbender is a franchise that refuses to die, with Paramount creating &#8220;Avatar Studios&#8221; to not only create a new television series, but feature-length films as well. Before we witness Avatar: Seven Havens hit the small screen, Aang and the gang are set to return in October of next year, thanks to The [&#8230;]
The post New Look at Adult Aang From Avatar: The Last Airbender&#8217;s First Movie Finds Its Way Online appeared first on ComicBook.com.",https://comicbook.com/anime/news/new-look-at-adult-aang-from-avatar-the-last-airbenders-first-movie-finds-its-way-online/,ComicBook,unknown,real
Cancelled Shonen Jump Creator to Return With New Series in 2026,"Shueisha
One cancelled Shonen Jump creator is coming back for a new series next year according to a recent update from Shueisha. Shueisha&#8217;s Weekly Shonen Jump magazine is one of the most competitive Shonen franchises running today. Not only do creators need to release a new chapter every week, but they also need to make waves [&#8230;]
The post Cancelled Shonen Jump Creator to Return With New Series in 2026 appeared first on ComicBook.com.",https://comicbook.com/anime/news/cancelled-shonen-jump-creator-to-return-with-new-series-in-2026/,ComicBook,unknown,real
Hazbin Hotel Secretly Suggests Vox Helped Create One of the Most Infamous Cults in History,"The breadcrumbs are there, woven into seemingly throwaway lines and visuals, waiting to be pieced together into an even more sinister backstory for the former murderous TV personality. 
The post Hazbin Hotel Secretly Suggests Vox Helped Create One of the Most Infamous Cults in History appeared first on ComicBook.com.",https://comicbook.com/tv-shows/news/hazbin-hotel-secretly-suggests-vox-helped-create-one-of-the-most-infamous-cults-in-history/,ComicBook,unknown,real
Jujutsu Kaisen Unveils First Look At Season 3’s Most Crucial Character,"Image Courtesy of MAPPA
Warning: This article contains spoilers from the Jujutsu Kaisen manga! After its massive success at the theaters with the latest film, Jujutsu Kaisen: The Execution, the series is all set for its Season 3 premiere in January 2026. While the latest film features a compilation of the Shibuya Incident Arc and the first two episodes [&#8230;]
The post Jujutsu Kaisen Unveils First Look At Season 3&#8217;s Most Crucial Character appeared first on ComicBook.com.",https://comicbook.com/anime/news/jujutsu-kaisen-unveils-first-look-at-season-3s-most-crucial-character/,ComicBook,Jujutsu Kaisen,real
Cartoon Network Fan Favorite Series Announces New Season For Hulu,"Warner Bros
While Cartoon Network might still be a cable television network, this doesn&#8217;t mean that the Warner Bros channel isn&#8217;t getting with the times. Many of its series don&#8217;t just find homes in the world of streaming; there have been some animated shows that completely bypass the airwaves to arrive on streaming services. In recent memory, [&#8230;]
The post Cartoon Network Fan Favorite Series Announces New Season For Hulu appeared first on ComicBook.com.",https://comicbook.com/anime/news/cartoon-network-fan-favorite-series-announces-new-season-for-hulu/,ComicBook,unknown,real
PassCode Reveals New Song at Arena Concert! Roll Over and Die Tie-Up to Be Released as Single Next Year!,"[sourceLink asin="""" asin_jp="""" cdj_product_id="""" text="""" url="""" ]
	



[en]What You Need to Know: [/en][es]Lo que necesitas saber: [/es] 


	On November 9, the four-member female vocal and dance group PassCode held their arena concert PassCode YOKOHAMA BUNTAI 2025 “DESTINEX” at Yokohama BUNTAI in Kanagawa. Marking their first arena performance in about three years and nine months since their 2022 Budokan show, the event was a special occasion for both the group and their fans. On this day, they surprised the audience with the first-ever live performance of their latest song “Liberator,” announced as the opening theme for the TV anime Roll Over and Die, set to begin airing in January 2026. They also revealed that the song will be released as a single on March 4, 2026.

		Published by Micro Magazine, Roll Over and Die is a dark fantasy story about the protagonist, Flum, who, despite having zero stats, is chosen by the God Origin to join the Hero’s Party and continues to push forward alongside newfound companions. PassCode’s opening theme “Liberator” can be heard in the anime’s newly released PV.

	Alongside the single announcement, PassCode unveiled a new artist photo featuring the denim-based outfits worn at Yokohama BUNTAI. The fresh visual marks a shift from their previous images, showcasing a brighter, more pop-inspired style.

It was also announced that the Yokohama BUNTAI concert will be exclusively streamed on U-NEXT, with the streaming start date to be revealed later via PassCode’s official social media. Leading up to that release, several past performances will be available for unlimited streaming: PassCode ASIA TOUR 2024 Final at Zepp Osaka Bayside on November 13, PassCode presents VERSUS PASSCODE 2024 Vol.2 at Spotify O-EAST on November 27, and PassCode Zephyren 10th Anniversary A.V.E.S.T project Kodo at Yoyogi National Stadium First Gymnasium on December 18. Whether you couldn’t make it to the arena or joined the excitement in person, you can relive the energy through these past live performances before the Yokohama BUNTAI stream goes live.

https://youtu.be/kgPDvYyeJzk

	Product Information
Release Date: March 4, 2026
Title: Liberator
Artist: PassCode
Price:
Limited First Edition: ¥8,250 (incl. tax)
Standard Edition: ¥1,540 (incl. tax)
Product No.:
Limited First Edition: LAMR-34040 (CD+BD)
Standard Edition: LAMR-4040 (CD only)
 
	CD Tracklist
1. Liberator (OP theme of Roll Over and Die)
2. Untitled track
3. Every time, I knew
4. Liberator -Instrumental-
5. Untitled track -Instrumental-
6. Every time, I knew -Instrumental-

	Blu-ray Contents
PassCode YOKOHAMA BUNTAI 2025 “DESTINEX”

*More details to follow later

	U-NEXT Streaming Information
URL: video.unext.jp

Streaming Schedule: 
November 13: PassCode ASIA TOUR 2024 Final at Zepp Osaka Bayside
November 27: PassCode presents VERSUS PASSCODE 2024 Vol.2 at Spotify O-EAST
December 18: PassCode Zephyren 10th Anniversary A.V.E.S.T project Kodo at Yoyogi National Stadium First Gymnasium

Exclusive Stream:
PassCode YOKOHAMA BUNTAI 2025 “DESTINEX”

*More details to follow later
	
About PassCode
PassCode consists of four members: Nao Minami, Kaede Takashima, Hinako Ogami, and Emily Arima. They have a versatile repertoire based on a band sound, punctuated by their distinctive shouts and screams, and have performed at numerous major festivals such as SUMMER SONIC and ROCK IN JAPAN FESTIVAL, earning broad support from both rock enthusiasts and idol fans.

After making their major debut in 2016, they released their first international album Ex Libris PassCode in America, Europe, and Canada under the UK’s JPU Records in October 2018. The track “Ichikabachika” from their 2019 album CLARITY was selected as the opening theme for the TV drama Kakegurui season 2 and the movie Kakegurui. In 2020, their single “STARRY SKY,” which was chosen as the theme song for the drama 182 Days Left, earned them their first-ever No. 1 on the Oricon Weekly Single Chart and Billboard JAPAN Weekly Single Chart. They also made their debut appearance on Nippon Broadcasting System’s All Night Nippon 0.

In February 2022, they held their first concert at Nippon Budokan. In 2023, they embarked on their first US tour, “PassCode US / JAPAN TOUR 2023 -GROUNDSWELL-,” which included stops in Dallas, Los Angeles, and New York, as well as 11 cities and 12 venues in Japan. In June 2024, they moved to Bandai Namco Music Live. Their September release “WILLSHINE” was chosen as the OP theme for season 2 of the anime SHY, and their new song “SKILLAWAKE” was selected as the OP theme for season 2 of As a Reincarnated Aristocrat, I’ll Use My Appraisal Skill to Rise in the World. Looking ahead, their first arena concert in about three years, PassCode YOKOHAMA BUNTAI 2025 “DESTINEX”, is scheduled for November 2025.

Official website: passcode-official.com
Official fan club “Linkage” website: fannect.jp/passcode-linkage

Social Media:
X: twitter.com/passcodeo
YouTube: youtube.com/user/PASSCODE0000
Facebook: facebook.com/PassCodeOfficial
Instagram: instagram.com/passcodeo		

[en]Source: [/en][es]Fuente: [/es]Official Press Release

[ad_bottom class=""mt40""]",https://honeysanime.com/passcode-reveals-new-song-at-arena-concert-roll-over-and-die-tie-up-to-be-released-as-single-next-year/,Honey's Anime,unknown,real
AVIOT Opens Pre-Orders for HAIKYU!! Collaboration True Wireless Earbuds,"[sourceLink asin="""" asin_jp="""" cdj_product_id="""" text="""" url="""" ]
	



[en]What You Need to Know: [/en][es]Lo que necesitas saber: [/es] 


	AVIOT, operated by Preseed Japan Corporation, which manufactures and sells consumer electronics, has opened pre-orders for the TE-Q3-HK series of true wireless earbuds, created in collaboration with the anime HAIKYU!!. Based on the TE-Q3, this special edition features original designs inspired by the anime with over 370 newly recorded voice lines.*

*Total across all four models.

	
	The TE-Q3-HK is a special edition series designed to fully capture the charm of the HAIKYU!! cast. Based on AVIOT’s signature TE-Q3 model from the hit Q series, which has shipped approximately 320,000 units*. The earbuds feature a compact, palm-sized design and are equipped with active noise cancellation (ANC).

	The collaboration lineup includes four models, each themed after a different school from the series: Karasuno High, Nekoma High, Fukurodani Academy, and Inarizaki High. Both the earbuds and charging cases feature special designs inspired by each team, while the packaging showcases exclusive new illustrations.

Each model includes system guidance voiced by the characters, along with a “random voice” feature that plays memorable lines from the anime. In total, over 370 newly recorded voice lines are available for fans to enjoy.**

*As of the end of April 2025
**Total across all four models

	
Product Characteristics
	Base Model
This collaboration model is based on the TE-Q3, the latest entry in AVIOT’s Q Series, which has shipped approximately 320,000 units1. Despite being one of the most compact active noise canceling earbuds on the market, the TE-Q3 offers up to 11.5 hours of playback on a single charge and up to 42 hours with the charging case. The ear tips are made from skin-friendly, medical-grade silicone*3. In addition to its robust core features, the TE-Q3 is equipped with 10 mm dynamic drivers for high-quality audio, making it a well-balanced model that excels in design, usability, and sound.

*1 As of April 2025
*2 Based on the combined dimensions of all three sides of the charging case for true wireless earbuds with ANC
*3 Use of medical-grade silicone does not guarantee the absence of allergic reactions in all individuals

	Special Voice Lines
The earbuds feature voice guidance for notifications such as power status and connection, plus a “random voice” feature that includes memorable lines from the series, totaling over 370 newly recorded voice lines. Each model offers both single voice modes and duo modes for character interactions. Users can easily switch between the modes using a dedicated app.
	
To see the other voice lines, please check the product page: aviot.jp/product/te-q3-hk.	
	
	Special Design
The earbuds and charging case feature a purple-based color scheme that’s both dazzling and mysterious, letting you carry the world of Oshi no Ko wherever you go. With the Ichigo Production logo and a rabbit silhouette, the design embodies the flawless charm of an idol.
	


	
		
			
		
		[sourceLink asin="""" asin_jp="""" cdj_product_id="""" text="""" url="""" ]
	

	
	
	Special Packaging
The packaging features a special design with exclusive new illustrations of Shoyo Hinata, Tetsuro Kuroo, Kotaro Bokuto, and Atsumu Miya wearing the earbuds. Enjoy seeing them in a new light, out of their usual game-time uniforms!
	


	
		
			
		
		[sourceLink asin="""" asin_jp="""" cdj_product_id="""" text="""" url="""" ]
	

	
	
	Product Information
	TE-Q3-HK1 / TE-Q3-HK2 / TE-Q3-HK3 / TE-Q3-HK4
Price: ¥22,880 (incl. tax)
Currently open for pre-orders
*Preorders may close once the quota is reached. We recommend placing your order early.
Expected Delivery Date: October 2025 or later

Available at:
AVIOT ONLINE MALL shop.aviot.jp/products/te-q3-hk-us	
AMAZON amazon.com/dp/B0FG794HSY

→ Basic Specifications
・Driver: 10 mm dynamic
・Microphone for calls: High-performance MEMS mic ×1 (single side) 
・Battery capacity: Earbud single ear 50mAh  / Case 380mAh 
・Talk time: Up to 5.5 hours
・Playback time*: Up to 11.5 hours (with charging case: up to 42 hours)
・Earbud charging time: Approximately 1.5 hours
・Charging port: USB Type-C
・Water resistance level**: Equivalent to IPX4
・Weight: Earbud single ear approximately 4.2g
・Other features: Multipoint support (up to 2 devices), single ear usage, earbuds can be individually turned on or off, fast charging (up to 90 minutes of playback with a 10-minute charge), wireless charging
	
→ Accessories
・Silicone earpieces (1 pair each in sizes XS/S/M/L)
・USB Type-C cable
・User manual
・Product warranty registration card

→ Bluetooth Specifications
・Supported codecs: SBC, AAC
・Supported profiles: A2DP, AVRCP, HFP, HSP
・Bluetooth version: 5.3
・Number of Bluetooth multi-pairing registrable devices: 8

*Exact time may vary depending on your usage environment
**Earbuds only

About AVIOT
AVIOT, born in 2018 as the original brand of Preseed Japan Corporation, aims to deliver products that convey high-quality Japanese craftsmanship in sound, delicate and beautiful design, and easy-to-use electronic products. In 2023, the brand restarted with the addition of “A Visionary Innovation On Technology” to its name, aiming to be an electronic devices brand that goes beyond the framework of audio-visual products. The vision is to bring innovation through the power of technology and deliver “something that changes your lives” to customers.

Company Name: Preseed Japan Corporation
Representative: CEO Founder Hirokazu Tsuchiyama
Address: 4-16-7 Sendagaya, Shibuya-ku, Tokyo 151-0051, DT Building 3F
Business Activities: 
1) Manufacturing, importing, and selling wireless audio equipment and IoT-related products
2) Importing and selling mobile accessories
3) Managing an e-commerce website

AVIOT Official Website: aviot.jp
AVIOT Official X (formerly Twitter): twitter.com/AVIOT_JP
AVIOT Official Instagram: instagram.com/aviotjapan
AVIOT Official TikTok: tiktok.com/discover/AVIOT	

[en]Source: [/en][es]Fuente: [/es]Official Press Release

[ad_bottom class=""mt40""]",https://honeysanime.com/aviot-opens-pre-orders-for-haikyu-collaboration-true-wireless-earbuds/,Honey's Anime,unknown,real
AVIOT Opens Pre-Orders for Oshi no Ko Collaboration True Wireless Earbuds,"[sourceLink asin="""" asin_jp="""" cdj_product_id="""" text="""" url="""" ]
	



[en]What You Need to Know: [/en][es]Lo que necesitas saber: [/es] 


	AVIOT, operated by Preseed Japan Corporation, which manufactures and sells consumer electronics, has opened pre-orders for the TE-V1R-ONK true wireless earbuds, created in collaboration with the anime. Based on the TE-V1R, this special edition features over 220 newly recorded voice lines, packaging with brand-new illustrations, and sound tuning by series composer Takuro Iga!
	
	Based on the TE-V1R, the TE-V1R-TP1 and TE-V1R-TP2 are special edition wireless earbuds designed to fully capture the charm of The Prince of Tennis II.

	The TE-V1R-ONK are special edition wireless earbuds designed to fully capture the charm of Oshi no Ko. They feature a total of 220 newly recorded voice lines, including power and connection notifications, as well as a “random voice” function packed with memorable quotes from the series and original lines. From the earbuds themselves to the charging case and packaging, every detail has been carefully crafted to deliver a premium, fan-focused experience.


https://youtu.be/hfDnx7cwb7w	
	
Product Characteristics
	Base Model
The TE-V1R is the latest model in AVIOT’s popular V series, which has sold approximately 190,000 units*. The earbuds offer an ultra-long battery life of 19 hours (62 hours with the charging case) and Adaptive Hybrid Noise Canceling, which automatically adjusts the noise reduction strength based on the surrounding environment. They also feature the new Hybrid Dual Driver 2.0 for enhanced sound quality, LDAC™ support for high-resolution playback, and wireless charging functionality, making them a high-grade model that perfectly balances sound quality and functionality.

*As of the end of April 2025

	Special Voice Lines
In addition to voice guidance for power and connection notifications, the earbuds feature a “random voice” function packed with memorable quotes from the series and original lines, for a total of 220 newly recorded voice lines. There are six individual character modes, plus three duo modes where characters interact with each other during the guidance. Enjoy a rich variety of charming voice lines!
	
To see the other voice lines, please check the product page: aviot.jp/product/te-v1r-onk.	
	
	Special Design
The earbuds and charging case feature a purple-based color scheme that’s both dazzling and mysterious, letting you carry the world of Oshi no Ko wherever you go. With the Ichigo Production logo and a rabbit silhouette, the design embodies the flawless charm of an idol.
	


	
		
			
		
		[sourceLink asin="""" asin_jp="""" cdj_product_id="""" text="""" url="""" ]
	

	
	
	Special Packaging
The packaging features an all-new illustration of the six main characters in their school uniforms, ready to brighten up your music life! Even the inner packaging and accessory box have been carefully designed, making it a perfect piece to display on its own.
	


	
		
			
		
		[sourceLink asin="""" asin_jp="""" cdj_product_id="""" text="""" url="""" ]
	

	

Special Tuning
The sound tuning was performed by Takuro Iga, composer of the Oshi no Ko soundtrack, resulting in a unique audio experience that brings out the best in the series’ music.
	
	Product Information
	TE-V1R-ONK
Price: ¥22,880 (incl. tax)
Pre-orders currently open
Expected Delivery Date: October 2025 or later

Available at:
AVIOT ONLINE MALL shop.aviot.jp/products/te-v1r-onk-us	
AMAZON amazon.com/dp/B0FGQD4PR6

→ Basic Specifications
・Driver: Hybrid type with φ10mm dynamic and balanced armature drivers
・Microphone for calls: MEMS microphone
・Battery capacity: Earbud single ear 85mAh / Case 600mAh
・Talk time*: Up to 9 hours
・Playback time*: Up to 19 hours (with charging case: up to 62 hours)
・Earbud charging time: Approximately 1.5 hours
・Charging port: USB Type-C
・Water resistance level**: Equivalent to IPX4
・Weight: Earbud single ear approximately 6.5g
・Other features: Multipoint support (up to 2 devices), single ear usage, earbuds can be individually turned on or off, fast charging (up to 120 minutes of playback with a 10-minute charge), wireless charging
	
→ Accessories
・Silicone earpieces (1 pair each in sizes S/M/L)
・USB Type-C cable
・User manual

→ Bluetooth Specifications
・Supported codecs: SBC, AAC, LDAC
・Supported profiles: A2DP, AVRCP, HFP, HSP
・Bluetooth version: 5.3
・Number of Bluetooth multi-pairing registrable devices: 8

*Exact time may vary depending on your usage environment
**Earbuds only

About AVIOT
AVIOT, born in 2018 as the original brand of Preseed Japan Corporation, aims to deliver products that convey high-quality Japanese craftsmanship in sound, delicate and beautiful design, and easy-to-use electronic products. In 2023, the brand restarted with the addition of “A Visionary Innovation On Technology” to its name, aiming to be an electronic devices brand that goes beyond the framework of audio-visual products. The vision is to bring innovation through the power of technology and deliver “something that changes your lives” to customers.

Company Name: Preseed Japan Corporation
Representative: CEO Founder Hirokazu Tsuchiyama
Address: 4-16-7 Sendagaya, Shibuya-ku, Tokyo 151-0051, DT Building 3F
Business Activities: 
1) Manufacturing, importing, and selling wireless audio equipment and IoT-related products
2) Importing and selling mobile accessories
3) Managing an e-commerce website

AVIOT Official Website: aviot.jp
AVIOT Official X (formerly Twitter): twitter.com/AVIOT_JP
AVIOT Official Instagram: instagram.com/aviotjapan
AVIOT Official TikTok: tiktok.com/discover/AVIOT	

[en]Source: [/en][es]Fuente: [/es]Official Press Release

[ad_bottom class=""mt40""]",https://honeysanime.com/aviot-opens-pre-orders-for-%e3%80%90oshi-no-ko%e3%80%91-collaboration-true-wireless-earbuds/,Honey's Anime,unknown,real
AVIOT Releases The Prince of Tennis II Collaboration True Wireless Earbuds in North America!,"[sourceLink asin="""" asin_jp="""" cdj_product_id="""" text="""" url="""" ]
	



[en]What You Need to Know: [/en][es]Lo que necesitas saber: [/es] 


	AVIOT, operated by Preseed Japan Corporation, which manufactures and sells consumer electronics, has released its The Prince of Tennis II collaboration true wireless earbuds in North America. The earbuds are available in two models themed after the series’ iconic schools: TE-V1R-TP1, inspired by Seishun Academy (Seigaku), and TE-V1R-TP2, inspired by Rikkai University-Affiliated Middle School (Rikkai).
	
	Based on the TE-V1R, the TE-V1R-TP1 and TE-V1R-TP2 are special edition wireless earbuds designed to fully capture the charm of The Prince of Tennis II.

	The Seigaku model includes voices from nine characters: Ryoma Echizen, Kunimitsu Tezuka, Shuichiro Oishi, Shusuke Fuji, Sadaharu Inui, Eiji Kikumaru, Takashi Kawamura, Takeshi Momoshiro, and Kaoru Kaido. The Rikkai model includes eight characters: Seiichi Yukimura, Genichiro Sanada, Renji Yanagi, Masaharu Niou, Hiroshi Yagyu, Bunta Marui, Jackal Kuwahara, and Akaya Kirihara.

	Together, the two models contain 350 newly recorded voice lines, from operational voice guidance for notifications like power and connection status to a “random voice” function that plays memorable quotes from the series. Users can switch between 17 modes through the dedicated app.

From the earbuds and charging case to the packaging, every detail has been carefully crafted for a premium, fan-focused experience, with audio tuned by series composer UZA for optimal music playback. In the promotional video, Ryoma Echizen and Kunimitsu Tezuka themselves introduce the products. Please check it out!


https://youtu.be/MZGwMhqIjcE	
	
Product Characteristics
	Base Model
The TE-V1R is the latest model in AVIOT’s popular V series, which has sold approximately 190,000 units*. The earbuds offer an ultra-long battery life of 19 hours (62 hours with the charging case) and Adaptive Hybrid Noise Canceling, which automatically adjusts the noise reduction strength based on the surrounding environment. They also feature the new Hybrid Dual Driver 2.0 for enhanced sound quality, LDAC™ support for high-resolution playback, and wireless charging functionality, making them a high-grade model that perfectly balances sound quality and functionality.

*As of the end of April 2025

	Special Voice Lines
The earbuds feature over 350 newly recorded lines across two models, including voice guidance for notifications such as power and connection status, as well as a “random voice” function with memorable quotes from the series. The Seigaku model offers 9 modes featuring Ryoma and teammates, while the Rikkai model includes 8 modes featuring Yukimura and his teammates.
	
To see the other voice lines, please check the product page: aviot.jp/product/te-v1r-tp.	
	
	Special Design
The charging cases feature color schemes inspired by Seigaku and Rikkai, with a glossy finish for a premium feel. The sides of the cases and the metal parts of the earbuds are adorned with original logos based on the series title, creating a design that captures the anime’s world while blending naturally into everyday use.
	


	
		
			
		
		[sourceLink asin="""" asin_jp="""" cdj_product_id="""" text="""" url="""" ]
	

	
	
	Special Packaging
The packaging showcases brand-new illustrations of the players enjoying the earbuds, highlighting their expressions and charm.
	


	
		
			
		
		[sourceLink asin="""" asin_jp="""" cdj_product_id="""" text="""" url="""" ]
	

	

Special Tuning
The sound was tuned by UZA, who composed the soundtrack for The Prince of Tennis II, creating a unique audio experience that lets you feel the excitement of the Prince of Tennis Festival wherever you are.
	
	Comment from Composer UZA
“With this tuning, my goal was to recreate the atmosphere of the Prince of Tennis Festival.

I drew on songs from across the series’ 20-plus-year history as reference material, but with such a long history, the volume levels and sound quality varied widely, which made finding the right balance a real challenge. When in doubt, I went back to my roots: I listened to the first season’s opening, “future,” and adjusted the sound so the lows and mids would carry more weight, while the highs would highlight the richness and vibrancy of the artists’ and voice actors’ voices.

I hope you’ll feel the same excitement as if you were actually at a Prince of Tennis Festival. Whether recording, mixing, or mastering, I always strive for the best balance and sound quality, and through this collaboration with AVIOT, I was reminded that sound can always keep evolving. Thank you!”

	About UZA
UZA (Lyricist, Composer, Sound Producer, Singer-Songwriter)
Born in Tokyo on April 23, 1970.

He began his career in 1993 after participating in “BAD AUDITION,” organized by Being, and signed an exclusive songwriter contract with the company. After going freelance in 1999, he focused on club music with a strong Western influence. In 2001, with the first season opening of The Prince of Tennis, “future,” he became involved in producing many anime songs.

In 2006, he founded Aglets Entertainment, taking a more hands-on role in production, from songwriting and composing to planning, recording, and mastering. In 2019, he opened the Aglets Music School, dedicating himself to nurturing new talent.

Major Collaborations:
AKB48, Masayuki Suzuki, Hiromi Iwasaki, Ryu Si-won, Tackey & Tsubasa, Maki Goto, Bless4, Yui Horie, Aki Toyosaki, Yui Makino, and others.

His work spans a wide range, from anime songs for The Prince of Tennis, GeGeGe no Kitaro, and the Pretty Cure series, to music production for stage performances such as Kinichi Hagimoto’s Meijiza shows, as well as sound production for corporate mascots, including those for GMO Internet and Kanro.

In 2015, at the request of his hometown, Higashimurayama City, he created the departure and arrival chimes for Higashimurayama Station using a traditional local folk song.

On August 31, 2022, he released his fourth full album, Yumeutsutsu, through Bellwood Records.
	
	Product Information
	TE-V1R-TP1, TP2
Price: ¥22,880 (incl. tax)
Available at:
AVIOT ONLINE MALL shop.aviot.jp/products/v1r-tp-us	
AMAZON amazon.com/dp/B0FGQC6Y7Y

→ Basic Specifications
・Driver: Hybrid type with φ10mm dynamic and balanced armature drivers
・Microphone for calls: MEMS microphone
・Battery capacity: Earbud single ear 85mAh / Case 600mAh
・Talk time*: Up to 9 hours
・Playback time*: Up to 19 hours (with charging case: up to 62 hours)
・Earbud charging time: Approximately 1.5 hours
・Charging port: USB Type-C
・Water resistance level**: Equivalent to IPX4
・Weight: Earbud single ear approximately 6.5g
・Other features: Multipoint support (up to 2 devices), single ear usage, earbuds can be individually turned on or off, fast charging (up to 120 minutes of playback with a 10-minute charge), wireless charging
	
→ Accessories
・Silicone earpieces (1 pair each in sizes S/M/L)
・USB Type-C cable
・User manual

→ Bluetooth Specifications
・Supported codecs: SBC, AAC, LDAC
・Supported profiles: A2DP, AVRCP, HFP, HSP
・Bluetooth version: 5.3
・Number of Bluetooth multi-pairing registrable devices: 8

*Exact time may vary depending on your usage environment
**Earbuds only

About AVIOT
AVIOT, born in 2018 as the original brand of Preseed Japan Corporation, aims to deliver products that convey high-quality Japanese craftsmanship in sound, delicate and beautiful design, and easy-to-use electronic products. In 2023, the brand restarted with the addition of “A Visionary Innovation On Technology” to its name, aiming to be an electronic devices brand that goes beyond the framework of audio-visual products. The vision is to bring innovation through the power of technology and deliver “something that changes your lives” to customers.

Company Name: Preseed Japan Corporation
Representative: CEO Founder Hirokazu Tsuchiyama
Address: 4-16-7 Sendagaya, Shibuya-ku, Tokyo 151-0051, DT Building 3F
Business Activities: 
1) Manufacturing, importing, and selling wireless audio equipment and IoT-related products
2) Importing and selling mobile accessories
3) Managing an e-commerce website

AVIOT Official Website: aviot.jp
AVIOT Official X (formerly Twitter): twitter.com/AVIOT_JP
AVIOT Official Instagram: instagram.com/aviotjapan
AVIOT Official TikTok: tiktok.com/discover/AVIOT	

[en]Source: [/en][es]Fuente: [/es]Official Press Release

[ad_bottom class=""mt40""]",https://honeysanime.com/aviot-releases-the-prince-of-tennis-ii-collaboration-true-wireless-earbuds-in-north-america/,Honey's Anime,unknown,real
TV Anime Easygoing Territory Defense by the Optimistic Lord Theme Song “Okirakuze~shon” Goes on Sale February 18!,"[sourceLink asin="""" asin_jp="""" cdj_product_id="""" text="""" url="""" ]
	



[en]What You Need to Know: [/en][es]Lo que necesitas saber: [/es] 


	Up and coming singer Rei Nakashima, winner of the InuCon! 2022 grand prix, will be releasing her highly anticipated third single “Okirakuze~shon” February 18, 2026! The song was produced by Hyadain (Kenichi Maeyamada) and chosen as the opening theme song for TV anime Easygoing Territory Defense by the Optimistic Lord.

	Written by renowned hit-maker Kenichi Maeyamada, “Okirakuze~shon” is a lively track that deviates from Rei Nakashima’s previous image. Rei Nakashima’s laid-back style and the fun-filled atmosphere of the track result in a relaxed and easygoing pop song. Its upbeat, cheery melody and Nakashima’s silky smooth vocals pair perfectly with the feel of the anime and will invite listeners to sit back and take a load off. A portion of the track was sampled in the latest promotional video for Easygoing Territory Defense by the Optimistic Lord that was released on October 19.


Rei Nakashima’s “Moshimo,” the theme song for her weekly Sunday night radio show “Kyou mo Hanamaru!” will be recorded on both the first editions and standard editions of the single as the coupling track. “Moshimo” was produced by Nakashima herself and remains her most popular track among fans. The first edition of the single will also include “Otona Atsukai,” an exclusive track that’s never been recorded on CD. It was written by Nakashima when she was in high school and produced in commemoration of her 20th birthday last year for online streaming. More track information will be released at a later date.


	Release Information
Coming February 18, 2026
Rei Nakashima’s 3rd single “Okirakuze~shon”
“Yoisho” first edition  (CD & Blu-ray): VTZL-263 / 4,400 yen (tax in.)
“Nonbiri” standard edition (CD): VTCL-35389 / 1,540 yen (tax in.)

	Bonus Feature
Photoshoot “tREIding card” (random)
*Included in the initial press of all first editions and standard editions.

	Tracklist
“Yoisho” first edition (CD & Blu-ray)
M1. Okirakuze~shon (lyrics/composer: Kenichi Maeyamada, producer: Keita Miyoshi)
M2. Moshimo (lyrics: Rei Nakashima, composer/producer: Ginnojo Hoshi)
M3. To be released
M4. Otona Atsukai (lyrics/composer: Rei Nakashima, producer: Wataru Sena)
More details coming soon.

	Blu-ray Bonus Content
“Okirakuze~shon” Music Video and Behind-the-Scenes
More details coming soon.

	“Nonbiri” standard edition (CD)
M1. Okirakuze~shon (lyrics/composer: Kenichi Maeyamada, producer: Keita Miyoshi)
M2. Moshimo (lyrics: Rei Nakashima, composer/producer: Ginnojo Hoshi)
M3. To be released
More details coming soon.

	Distribution Information
Pre-add/Pre-save link: jvcmusic.lnk.to/Okiraku
Available on streaming services and major download sites such as the iTunes Store, RecoChoku, and more, on Wednesday, February 18, 2026!
Streaming services: Apple Music, Spotify, YouTube Music, LINE MUSIC, Amazon Music, Deezer, AWA, KKBOX, and Rakuten Music.

Rei Nakashima Official Web: e-stonemusic.com/nakashimarei 
Rei Nakashima Official X Account: x.com/nakashimarei04 
Rei Nakashima Official Instagram: instagram.com/nakashima_rei　
Rei Nakashima Official YouTube: youtube.com/@nakashimarei	

[en]Source: [/en][es]Fuente: [/es]Official Press Release

[ad_bottom class=""mt40""]",https://honeysanime.com/tv-anime-easygoing-territory-defense-by-the-optimistic-lord-theme-song-okirakuzeshon-goes-on-sale-february-18/,Honey's Anime,unknown,real
Mori Calliope Releases Music Video for Gachiakuta Second Cour Opening Theme “LET’S JUST CRASH”,"[sourceLink asin="""" asin_jp="""" cdj_product_id="""" text="""" url="""" ]
	



[en]What You Need to Know: [/en][es]Lo que necesitas saber: [/es] 


	Mori Calliope, a VTuber artist known for her bilingual Japanese-English lyrics and outstanding rap skills, has released a music video for her latest song, “LET’S JUST CRASH.” Directed by Yohei Kameyama, known for Milky☆Subway: The Galactic Limited Express, the music video delivers a fast-paced, sharply animated viewing experience.

	Kameyama commented: “I had the pleasure of serving as director and character designer for the ‘LET’S JUST CRASH’ music video. I’ve been a fan of Calliope’s for some time and have listened to many of her songs, but from the first time I heard ‘LET’S JUST CRASH,’ its explosive energy hit me like a powerful drug. I’m extremely grateful to have been part of the production. I put a lot of thought into how to visually express the captivating sounds and vocals scattered throughout the track. I hope you enjoy it.”

The CG production was handled by Kanaban Graphics, known for Usavich. This marks Mori Calliope’s first fully 3D animated music video.


https://youtu.be/do8EmK-XoAg

Links to Music Streaming Sites: lnk.to/mc_ljc
	
	About Mori Caliope	
Mori Calliope is a virtual artist popular not only in Japan but also around the world. She has attracted many music fans with her one-and-only unique lyrics, flowing freely between Japanese and English, and outstanding rap skills which lead to her major debut from Universal Music in 2022. Her latest album “PHANTOMIME” debuted at No. 1 on the iTunes Alternative Album Chart in 10 countries/regions around the world and has charted in the US Billboard Artist 100, World Album, Top Album Sales, Heatseekers Albums and more. As she expands her global recognition as a ""Made in Japan artist,"" her first overseas solo concert was held at Hollywood Palladium in Los Angeles with much success.

YouTube：youtube.com/@MoriCalliope
Twitter：twitter.com/moricalliope
Staff Twitter：twitter.com/calliope_info
Official International Online Shop：shop.moricalliopeofficial.com	

[en]Source: [/en][es]Fuente: [/es]Official Press Release

[ad_bottom class=""mt40""]",https://honeysanime.com/mori-calliope-releases-music-video-for-gachiakuta-second-cour-opening-theme-lets-just-crash/,Honey's Anime,unknown,real
mekakushe’s New Song “Space Gate” Now Streaming! Full Tracklist Revealed for Upcoming Album  Love After 13.8 Billion Years!,"[sourceLink asin="""" asin_jp="""" cdj_product_id="""" text="""" url="""" ]
	



[en]What You Need to Know: [/en][es]Lo que necesitas saber: [/es] 


	Singer-songwriter mekakushe has released a new song titled “Space Gate” on streaming services. This track is a pre-release from her upcoming digital album Love After 13.8 Billion Years, which will be out on November 7, 2025.

Written and composed by mekakushe and arranged by Kosuke Hayashi of Scenarioart, “Space Gate” is a beautifully crafted medium-tempo ballad that expresses a yearning for pop music through a rich, live arrangement. The jacket illustration and music video were created by illustrator Otsukimi.


https://youtu.be/Hj4Tg9Eu1P0
	
	Product Information
Track Title: “Space Gate”
Lyrics/Composition: mekakushe　
Arrangement: Kosuke Hayashi (Scenarioart)
Jacket Art: Otsukimi

On streaming websites: linkco.re/TZan8fg4

	Digital Album Love After 13.8 Billion Years Tracklist
1. Retronym of Love (ED theme of Kowloon Generic Romance)
2. Rendezvous
3. Oyasumi Beige
4. Kimi wa Snorkel
5. Zutto Emerald
6. Yuwanamerou (insert song from Kowloon Generic Romance)
7. Snow Globe Galaxy
8. My Own Polaris (insert song from Kowloon Generic Romance)
9. Sky Above
10. Space Gate

Pre-add/Pre-save: linkco.re/HrHzqSFv
	
Mekakushe’s Comment
When we are born, and when we die, we are all alone.
Even when you’re beside me, I am still alone.
That loneliness feels unbearable sometimes.
Unless you—Loneliness itself—knock on the door of dawn, my night will never end.
But lately, I’ve begun to think maybe that’s alright.
It’s okay to be lonely.
Because I’m lonely, I want to be with you.
Because I’m lonely, I sing.
And I want to feel joy in that.
May my album Love After 13.8 Billion Years never stop playing.
May I keep wandering through your universe, even in the next life.

	Kyabeshi’s Comment
Just like you see different scenes when you flip a snow globe, we’ve packed a variety of scenes into this music video. I’d love to hear how this video, this world, looks to you.

P.S. I secretly hid seven shrimp, Mekakushe’s favorite, somewhere in the video. See if you can find them!

	Meyoco’s Comment
It’s an honor to create an artwork for mekakushe-san’s music. I had a lot of fun creating the illustration from beginning to end. I was given the chance to create the artwork according to my style, which I deeply appreciate. The main theme I wanted to cover is a combination of “time” and “space,” with the motif of the clock being a dominant element in the artwork alongside the girl. I wanted the artworks to look warm and peaceful, the way you would feel when remembering someone you love. I hope my illustrations could serve well as a companion to mekakushe-san’s music.

	Comment from Kousuke Hayashi (Scenarioart)
I arranged the song to evoke a sense of nostalgia in anyone’s heart. While working on it, I found comfort in how the music seemed to gently loosen the heart, like returning to a shared hometown.
	
	Comment from Otsukimi
I’m truly honored to have been asked to create the music video for “Space Gate.”
I had a wonderful time illustrating a world inspired by the moon, the stars, and the cosmos. The rotating merry-go-round scene is especially dear to me. It came together through many rounds of brainstorming and careful fine-tuning. The reversal of its rotation between the first and second halves expresses the emotional shift of the girl in the story. I hope you enjoy this touch along with the beautiful song and lyrics.

	Kousuke Hayashi’s Profile
Vocalist and guitarist for the rock band Scenarioart, Kosuke also works as a lyricist, composer, and arranger.

X: x.com/kosukedao

	Otsukimi’s Profile
A Tokyo-based illustrator whose work centers on the theme of “softness with a touch of romance.” Known for designs featuring moon and star motifs that bring out the gentle charm of girls.

X: x.com/otsukimi8　
Instagram: instagram.com/_o_tsukimi_

	Mekakushe’s Profile
Handling lyrics, composition, vocals, and piano performance by herself, the next-generation singer-songwriter Mekakushe enjoys immense popularity among artists and creators. Starting classical piano at the age of three, she gradually gravitated towards pop music. Her independently produced songs were featured in a Kao Laurier commercial, and she was one of the top artists on the Spotify official playlist “Kirakira Pop Japan” with a total of 3 million plays. She is a promising emerging artist with anticipated future success. With electronica as the foundation in her recordings, her musical style continues to expand, featuring classical solos and band sets in live performances.

Official YouTube channel: youtube.com/@_mekakushe_
Official X: twitter.com/_mekakushe_
Official Instagram: instagram.com/_mekakushe_
Official TikTok: tiktok.com/@_mekakushe_
Official homepage: mekakushe.com

[en]Source: [/en][es]Fuente: [/es]Official Press Release

[ad_bottom class=""mt40""]",https://honeysanime.com/mekakushes-new-song-space-gate-now-streaming-full-tracklist-revealed-for-upcoming-album-love-after-13-8-billion-years/,Honey's Anime,unknown,real
The Brave Fighter of Legend Da-Garn 35th Anniversary Blu-Ray Boxsets I & II coming in 2026!,"[sourceLink asin="""" asin_jp="""" cdj_product_id="""" text="""" url="""" ]
	



[en]What You Need to Know: [/en][es]Lo que necesitas saber: [/es] 


	The third installment of the popular Brave series The Brave Fighter of Legend Da-Garn, will be released as a Blu-ray boxset to celebrate its 35th anniversary since its TV anime debut. All 46 episodes will be digitally remastered for Blu-ray and released in two boxsets, each containing 4 discs. The first boxset containing episodes 1 through 23 will be released March 25, 2026, and the second boxset containing episodes 24 through 26 will be released July 22, 2026.

Boxset I will come in a digipak case featuring special illustrations by artist Atsuko Ishida. bonus content such as audio commentary by the director Katsuyoshi Yatabe, Rica Matsumoto (voice of Seiji Takasugi), and Show Hayami (voice of Da-Garn), special features, special booklet, character art files and more are included in this extravagant collection. A comparison video showcasing the difference in quality is available to watch on the official Sunrise YouTube channel.

https://youtu.be/D2voemfsJRw

	Release Information:
Brave Series 35th Anniversary
The Brave Fighter of Legend Da-Garn Blu-ray Box I
Date: March 25, 2026
VTXF-181~184 / 35,300 yen (tax in.)

	Product Information:
HD remastered Blu-ray 4-disc set (containing episodes 1~23)
Tri-fold case, digipak, special booklet, Character & Art File
Digipak Illustration by: Atsuko Ishida

	Bonus Content:
Creditless opening and ending theme songs and promotional video compilation
Episode 1 “Message from Earth” with audio commentary.
68-page booklet featuring Director Yatabe’s interview from DX BRAVEST, character profiles, mecha profiles, early character designs, episode introductions, liner notes, illustrations, messages from Da-Garn, and broadcast lists.
Character & Art File (68 pages) with character profiles and design settings.

	Brave Series 35th Anniversary
The Brave Fighter of Legend Da-Garn Blu-ray Box II
Date: July 22, 2026
VTXF-185~188 / 35,200 yen (tax in.)

	Product Information:
HD remastered Blu-ray 4-disc set (containing episodes 24~46)
Tri-fold case, digipak, special booklet, Machine & Art File
Digipak Illustration by: TBA

	Bonus Content:
Creditless opening theme song ver.02, full opening theme song (full version), full opening theme song (karaoke)
Episode 44 “Battle on Orbus” with audio commentary.
68-page booklet featuring an interview with Director Yatabe, character profiles, mecha profiles, early robot designs, episode introductions, liner notes, illustrations, messages from Da-Garn, and broadcast lists.
Machine & Art File (68 pages) with mecha profiles and design settings.

*Please note that the bonus content may be subject to change without notice.


Official TV Anime Website: da-garn.net
Official Sunrise Website: sunrise-world.net
Official Sunrise YouTube: youtube.com/channel/UCmDLyFjSutfb1MK7F6cMVSA

[en]Source: [/en][es]Fuente: [/es]Official Press Release

[ad_bottom class=""mt40""]",https://honeysanime.com/the-brave-fighter-of-legend-da-garn-35th-anniversary-blu-ray-boxsets-i-ii-coming-in-2026/,Honey's Anime,unknown,real
Official Merchandise for “Chainsaw Man – The Movie: Reze Arc” will be available in North America!,"[sourceLink asin="""" asin_jp="""" cdj_product_id="""" text="""" url="""" ]
	



[en]What You Need to Know: [/en][es]Lo que necesitas saber: [/es] 


	KAIJYU WORKS LLC (headquartered in California), a company engaged in the planning, manufacturing, and sales of professional sports and character IP merchandise, is proud to announce the launch of the official product line for “Chainsaw Man – The Movie: Reze Arc”.
	
	In North America, Neutral Corporation Ltd., which holds the licensing agreement with MAPPA Co., Ltd. and global Anime brand Crunchyroll, has produced the merchandise. The collection will be jointly released through MAPPA Online Shop USA starting Friday, October 24.
	
	These officially licensed items were planned and designed in Japan, faithfully capturing the essence of the film through a lineup that includes T-shirts, pins, and other collectible goods.
	
Coinciding with the nationwide theatrical release of “Chainsaw Man – The Movie: Reze Arc” via Sony Pictures/Crunchyroll on Friday, October 24, we aim to deliver the same excitement and emotional impact of the film—together with the artistry and design quality of Japanese anime culture—to fans across North America.


	Product Details


	
		
			
		
		[sourceLink asin="""" asin_jp="""" cdj_product_id="""" text="""" url="""" ]
	

	

	Sales Information	
Order Period: October 24, 2025 (Fri) – December 18, 2025 (Thu) MAPPA Online Shop: mappa-onlineshop-usa.com
Shipping Schedule: Orders will begin shipping in early December 2025.

	About MAPPA Co., Ltd.
An animation studio established in 2011.
With a focus on the production of TV animation, we plan and produce animated content across all genres and in various other formats such as movies, commercials, and online videos. We also use the rights we own for specific IPs as we operate our domestic and overseas licensing business.
Representative works include JUJUTSU KAISEN, Attack on Titan Final Season, and Chainsaw Man.
mappa.co.jp/en

	About Neutral Corporation Ltd.
Founded in 1995 and headquartered in Meguro, Tokyo, Neutral Corporation is a creative production company that handles everything from commercial facility development and exhibition planning to character, manga, animation, and film licensing, product design, manufacturing, and e-commerce. Guided by the philosophy “Let’s create it together, let’s share our dreams,” Neutral offers comprehensive production services that maximize the appeal of entertainment content. Through collaboration with diverse companies and creators in Japan and abroad, it serves as a bridge for the next generation of cultural expression.
ntrl.co.jp/company/en

	KAIJYU WORKS LLC
Based in California, KAIJYU WORKS LLC is a creative company specializing in the planning, design, manufacturing, and sales of licensed merchandise related to professional sports and character IPs. Leveraging Japanese design excellence and craftsmanship, the company develops anime, sports, and music merchandise for the North American market. By bridging Japanese and American pop cultures, KAIJYU WORKS promotes global projects and distributes official goods through both online platforms and real-world events. Under the theme “Japanese Creativity to the World,” it continues to share the spirit of Japanese culture worldwide.
kaijuworks.net

[en]Source: [/en][es]Fuente: [/es]Official Press Release

[ad_bottom class=""mt40""]",https://honeysanime.com/official-merchandise-for-chainsaw-man-the-movie-reze-arc-will-be-available-in-north-america/,Honey's Anime,Jujutsu Kaisen,real
"[Honey's Anime Interview] ASH Talks Ultraman, Inspiration, and What’s Next for ASH DA HERO","Once again, we’re thrilled to welcome ASH, the charismatic frontman of ASH DA HERO, for another interview with Honey’s Anime! Known for his powerful vocals and boundless energy, ASH has been captivating audiences both in Japan and overseas with his band’s electrifying performances. Following the release of “Kyoukai Revolution,” the ending theme for the second half of Ultraman Omega, ASH sat down with us once again to talk about his love for the Ultraman series, the creative process behind the new songs, and what fans can look forward to during the band’s ongoing world tour.



		
 
	
    	
			ASH




 

    
         Honey-Chan





Interview with ASH from ASH DA HERO
[gray-hex-decoration]

    
        
            
            
                
                
            
        
    
    
        
We love the Ultraman Omega opening and ending themes. How would you describe the connection of “BRIGHT EYES,” and which elements of the series influenced the music and lyrics of the song?
        
    



    
        
            
            
                
                
            
        
    
    
It’s truly an honor. From NARASAKI, who composed the music, and Matsui, who wrote the lyrics, I received a song of great importance. The moment I first heard the demo, I thought, “This is Ultraman.”

I’ve been a huge fan of the Ultraman series since childhood, right up to now. For all six years of elementary school, I used to write letters to Ultraman. I would even get replies, and reading those letters was part of my childhood.

That’s why, with all my love for Ultraman, I put my heart into singing every single note, hoping to give courage to the children who will grow up watching Omega. Who knows, maybe among those kids, there will be someone who dreams of becoming a musician and one day sings a theme song like I did. I want to keep passing the baton into the future.




    
        
            
            
                
                
            
        
    
    
        
You incorporated rap and lyrics into ""Missing Link,"" the ending theme with MindaRyn. Do you prefer rapping or singing, and which do you find more challenging to perform live?

    



    
        
            
            
                
                
            
        
    
    
Both are part of my expression and my roots. I don’t find either one more challenging than the other. I always strive to give my best and make sure I’m fully prepared.
    


https://youtu.be/vkyJG809-mQ


    
        
            
            
                
                
            
        
    
    
        
Now, ASH DA HERO is currently on a world tour. What has this experience been like so far? Do you have a road story you'd like to share with your fans?
        
    



    
        
            
            
                
                
            
        
    
    
It’s been full of interesting experiences. One tour story that stands out is from San Antonio, Texas. When I sang Deep in the Heart of Texas, the audience sang along and clapped with me, which was both wonderful and hilarious! Everyone in San Antonio was laughing, kind of like, “Why?” I really love surprises like that.
    



    
        
            
            
                
                
            
        
    
    
        
And what can ASH DA HERO fans anticipate for the rest of the dates of the tour? Could you offer a sneak peek into the stage setup or setlist?

    



    
        
            
            
                
                
            
        
    
    
We plan to play new songs from our new album. And of course, we’ll play the Omega song as well. A special guest has also been confirmed to join us.
	



    
        
            
            
                
                
            
        
    
    
        
That's so exciting! So, what are your plans for 2026?
        
    



    
        
            
            
                
                
            
        
    
    
I’m going to immediately start working on new music. Please look forward to it!



    
        
            
            
                
                
            
        
    
    
        
We always talk about your amazing career, and how fans have been follow you for so long, but what are some of your preferred songs and music videos that you would suggest to new listeners?
        
    



    
        
            
            
                
                
            
        
    
    
I’d love for them to listen to HYPERBEAT! It turned out to be an amazing album!
    



    
        
            
            
                
                
            
        
    
      
As always, ASH’s passion for music and his genuine connection with fans shine through in every word and performance. With HYPERBEAT marking an exciting new chapter for ASH DA HERO and more music already in the works, there’s plenty for fans to look forward to. We’d like to thank ASH once again for taking the time to speak with us, and we can’t wait to see what comes next from this unstoppable force of rock.	
    


Connect with ASH DA HERO
Official website: ashdahero.com
X (formerly Twitter): https://twitter.com/ashdahero
Weibo: weibo.com/ASHDAHERO  
Instagram: instagram.com/ashdahero__official 
TikTok: tiktok.com/@ashdahero_official 
LINE: lin.ee/dVPCVHz 
Facebook: facebook.com/ASHDAHERO 
YouTube: youtube.com/user/ASHDAHERO 
Spotify: open.spotify.com/artist/2XKXvzE0lpnqHcqu5l2lyT
Apple Music: music.apple.com/jp/artist/ash-da-hero/987304750",https://honeysanime.com/honeys-anime-interview-ash-talks-ultraman-inspiration-and-whats-next-for-ash-da-hero/,Honey's Anime,unknown,real
"Worldwide Launch Set for October 27: “MyAnimeList x Honeyfeed Writing Contest 2025 - Twilight Frontiers,” Presented by Frontier Works","[sourceLink asin="""" asin_jp="""" cdj_product_id="""" text="""" url="""" ]
	



[en]What You Need to Know: [/en][es]Lo que necesitas saber: [/es] 


	Frontier Works will co-host the novel contest, MyAnimeList x Honeyfeed Writing Contest 2025 - Twilight Frontiers presented by Frontier Works, in partnership with qdopp Inc. and MyAnimeList Co., Ltd.. The contest will be held on Honeyfeed, a novel submission platform operated by qdopp, with the goal of discovering exceptional storytelling talent from around the world.

		For this contest, Frontier Works will be searching for storytellers who can ignite readers' imaginations with worlds of magic and action or captivate hearts with romances lived out under the relentless gaze of fame. Now's your chance to enchant audiences, step into the spotlight, and prove that your stories have the power to stand alongside the most beloved titles in the anime industry.

	Contest Information
Entry fee: Free
Writing platform: Honeyfeed
Voting platform: MyAnimeList
Novel entry period: October 27, 2025, at 21:00 EDT – January 20, 2026, at 23:59 EST
Judges voting period: January 21 – March 22, 2026
Public voting period (Finals): March 23, at 21:00 EDT – April 22, 2026, at 23:59 EDT
Winners announced: June 24, 2026

	Contest Prompts:
Prompt 1:  Urban Fantasy
Prompt 2:  Spotlight Romance
	
	Prizes:
The contest offers monetary rewards for outstanding entries:
Most Voted “Urban Fantasy” Entry: US$3,000
Most Voted “Spotlight Romance” Entry: US$3,000
Most Voted Entry by Judges/Jury [From both prompts]: US$3,000
For complete contest details, submission guidelines, and updates, visit mhwc.myanimelist.net/202510.

	About Frontier Works
Frontier Works Inc. (fwinc.co.jp) is part of the animate GROUP, a leading company in anime, comics, and game-related products that holds one of the top market shares in Japan. Guided by its mission to “prioritize ‘Only 1’ over ‘No.1’ and become a creative hub where Japanese culture meets the world,” it is engaged in planning, producing, and managing a wide range of content, including video and music software, drama CDs, radio programs, merchandise, publishing, and online games.

	About Honeyfeed
Honeyfeed is a leading writing platform that empowers authors to create, share, and engage with their original stories. With a vibrant community of readers and writers, Honeyfeed provides an immersive space for storytelling across various genres, including anime and manga-inspired narratives. For more about Honeyfeed, please visit honeyfeed.fm.

	About MyAnimeList (MAL)
MyAnimeList is one of the world’s largest communities and databases for Japanese anime and manga, with 16 million registered members from 240 countries and regions worldwide. An indispensable site for tracking anime and manga progress, it holds over 1.2 billion records of viewing and reading big data. Founded in 2004, MyAnimeList has become a crucial source of information for overseas fans, especially among Generation Z in North America. For more about MyAnimeList, please visit myanimelist.net. 

[en]Source: [/en][es]Fuente: [/es]Official Press Release

[ad_bottom class=""mt40""]",https://honeysanime.com/worldwide-launch-set-for-october-27-myanimelist-x-honeyfeed-writing-contest-2025-twilight-frontiers-presented-by-frontier-works/,Honey's Anime,unknown,real
Aria the Animation Celebrates 20 Years! Original Soundtrack to be Released on Vinyl!,"[sourceLink asin="""" asin_jp="""" cdj_product_id="""" text="""" url="""" ]
	



[en]What You Need to Know: [/en][es]Lo que necesitas saber: [/es] 


	In celebration of Aria celebrating 20 years since its anime adaptation this year, the original soundtrack from Aria The Animation will be released on 2-disc vinyl set, making it the first vinyl soundtrack of the series.

The record will feature the same jacket artwork by manga-ka Kozue Amano that was first used on the original CD soundtrack. In addition, it’s been announced that first edition copies of the record set will be pressed on clear blue vinyl and clear vinyl. Don’t miss out on this exclusive design that incorporates the beautiful and translucent world of the original work.
	
	Release Information
Title: Aria The Animation Original Soundtrack Vinyl Edition
Release Date: December 17, 2025
Price: 6,820 yen (tax in.)
Serial Number: VTJL-40~41

Featuring all 25 songs from the original soundtrack.
First edition copies pressed on clear blue and clear vinyl.

	Tracklist:
	Disc 1
A1 Gondola no Yume / Choro Club feat. Senoo
A2 Undine -Forest Mix- / Yui Makino
A3 Shoro No Patri -Neo Venice- / Choro Club feat. Senoo
A4 Aqua / Choro Club feat. Senoo
A5 Natsu Dayori / Choro Club feat. Senoo
A6 Aqua Alta Biyori / Choro Club feat. Senoo
A7 Mangestu No Dolce / Choro Club feat. Senoo
A8 Koi To Wa Donna Mono? / Choro Club feat. Senoo

B1 Barcarolle / Eri Kawai
B2 Mayoikonda Roji E To / Choro Club feat. Senoo
B3 Genso Carnival / Choro Club feat. Senoo
B4 Shizukani Afureru Namida / Choro Club feat. Senoo
B5 Todokanu Omoi / Choro Club feat. Senoo
B6 Gyakukogi Queen / Choro Club feat. Senoo



	
		
			
		
		[sourceLink asin="""" asin_jp="""" cdj_product_id="""" text="""" url="""" ]
	

	

	Disc 2
A1 Aria / Choro Club feat. Senoo, Eri Kawai
A2 Mizu no Kagami / Choro Club feat. Senoo
A3 Adria No Umibe / Choro Club feat. Senoo
A4 Hoshikage No Gondola / Choro Club feat. Senoo
A5 Orange no Hibi / Choro Club feat. Senoo
A6 Tenkiame / Choro Club feat. Senoo

B1 Santa Claus no Sora / Choro Club feat. Senoo, Eri Kawai
B2 Kanki No Machi / Choro Club feat. Senoo
B3 Aqua -Reprise- / Choro Club feat. Senoo
B4 Soshite Fune Wa Iku / Choro Club feat. Senoo
B5 Rainbow -Acoustic Ver. / ROUND TABLE feat. Nino


This tracklist features the same titles included on the CD-version of Aria The Animation Original Soundtrack (VTCL-60171).	

	Streaming Information
Available to stream on iTunes Store, Recochoku, mora and all other major music platforms and streaming services!
Streaming Service Providers: Apple Music, Spotify, YouTube Music, LINE MUSIC, Amazon Music, Deezer, AWA, Rakuten Music, KKBOX
jvcmusic.lnk.to/ariathebest20052025_all	

[en]Source: [/en][es]Fuente: [/es]Official Press Release

[ad_bottom class=""mt40""]",https://honeysanime.com/aria-the-animation-celebrates-20-years-original-soundtrack-to-be-released-on-vinyl/,Honey's Anime,unknown,real
"The Ancient Magus’ Bride Complete Best, Featuring Themes and Insert Songs From the Anime and Game, Goes on Sale November 26!","[sourceLink asin="""" asin_jp="""" cdj_product_id="""" text="""" url="""" ]
	



[en]What You Need to Know: [/en][es]Lo que necesitas saber: [/es] 


	World-wide hit series The Ancient Magus’ Bride has over 12 million copies of the manga sold, two anime adaptations and numerous multi-media projects to date. The new best album featuring theme songs and insert songs from the popular series will be going on sale November 26, 2025! The CD cover for both the first edition and standard edition albums will feature special illustrations by the author Koré Yamazaki.

	The first disc will include all of the main theme songs from both seasons such as “Here”, “Cycle”, “Nemurasareta Lineage” and more! The second disc will include popular insert songs from the anime such as “Iruna Eteluro” and “Dance of the Spirit.” Tracks such as “Quiet Choir” and “Holiday” which will be recorded on CD for the very first time on this album. The main theme song from the recently released game The Ancient Magus’ Bride: Seika no Maboroshi to Yume Miru Tabiji “Sagashimono” will be featured as well.

	First editions will include a third disc featuring a collection of 15 tracks from the anime score selected by pianist Junichi Matsumoto, making the album a complete collection of music from the world of The Ancient Magus’ Bride.

		Ahead of the album’s release, voices of Chise (Atsumi Tanezaki) and Elias (Ryouta Takeuchi), JUNNA and Junichi Matsumoto gave a special comment.

	Comment From Atsumi Tanezaki (Chise V.A.)
Congratulations on the release of the new album The Ancient Magus’ Bride Complete Best! Every song plays a crucial role in the world of The Ancient Magus’ Bride. JUNNA’s “Here” pulls on my heartstrings as it takes me back to where it all began. I still remember humming “Hana Kazoe” like a lullaby during a recording session, trying to sing like Chise. I hope everyone immerses themselves once more into this magical world through this album. I know I will be. I can’t wait for its release...!


	Comment From Ryouta Takeuchi (Elias V.A.)
The soundtrack and music of The Ancient Magus’ Bride is so memorable, but the scene that stands out to me the most is from season 1 episode 12 when Chise finishes making her wand and returns to Elias using magic! For a scene with zero dialogue, it makes for a truly touching and beautiful scene, consisting of only the opening theme “Here” and the visuals! The music of this anime has a mysterious way of making emotions visible. I want everyone to revisit this story through this album!

	Comment From JUNNA
Congratulations on the new album. My first single as a singer was “Here,” so The Ancient Magus’ Bride truly is a work that allowed me to grow alongside it and encounter new things. As a fan of a series that’s loved by many, and as an artist, I’m looking forward to enjoying what’s to come.

	Comment From Junichi Matsumoto
Congratulations on the new album. It all came back to me...the scenes, the colors, the atmosphere, the air, the eyes, the expressions, the voices and the sounds... I’m happy to experience them all again through the music. I’ve carefully selected 15 tracks. I hope you enjoy this brief journey through the sounds of The Ancient Magus’ Bride.

	Release Information
November 26, 2025
The Ancient Magus’ Bride Complete Best
First Edition (3 CDs + Booklet): VTZL-262/ 5,720 yen (tax in.)
Standard Edition (2 CDs): VTCL-60653~60654/ 3,850 yen (tax in.)

	Tracklist
Disc 1
Here / JUNNA
Kan -cycle- / Hana Itoki
You / May’n
Tsuki no Mou Hanbun / AIKI & AKINO from bless4
The Legend of “The Ancient Magus’ Bride” / Jessica
Dear / JUNNA
Mubansou / edda
Nemurasareta Lineage / JUNNA
Fam / yuyu
Clockwork Quick and Lightning Slow / Julia Shortreed
Auro nowe / inocencia
Sagashimono / reche

Disc 2
Libero ala / Miu Sakamoto
Kimi no Yukue / KOCHO
Seirei no Mai ~Dance of the Spirit~ / KOKIA
Anno Domini / Hibiki Hojo
Iruna Eteluro / Daichi Takenaka
Rose / Kaco
Hana Kazoe / Akino Arai
Story / Kotringo
Quiet Choir / Akira Yamamoto
Holiday / Sonoko Inoue

Disc 3
15-song soundtrack collection by Junichi Matsumoto.
*Details coming soon

	Distribution Information
Pre-add/Pre-save link: jvcmusic.lnk.to/mahoyome_best_pre
Available on streaming services and major download sites such as the iTunes Store, RecoChoku, and more, on Wednesday, November 26, 2025!
Streaming services: Apple Music, LINE MUSIC, Amazon Music, Deezer, AWA, KKBOX, Rakuten Music, Spotify, YouTube Music.


Official Anime Website: mahoyome.jp
Official Anime X Account (Twitter): x.com/mahoyomeproject
Official Anime Instagram: instagram.com/mahoyomeproject
Official Game Website: mahoyome.bushiroadgames.com
Official Game X Account (Twitter): x.com/mahonatsu_game	

[en]Source: [/en][es]Fuente: [/es]Official Press Release

[ad_bottom class=""mt40""]",https://honeysanime.com/the-ancient-magus-bride-complete-best-featuring-themes-and-insert-songs-from-the-anime-and-game-goes-on-sale-november-26/,Honey's Anime,unknown,real
Mori Calliope to Perform “LET’S JUST CRASH” as Opening Theme for Gachiakuta Second Cour,"[sourceLink asin="""" asin_jp="""" cdj_product_id="""" text="""" url="""" ]
	



[en]What You Need to Know: [/en][es]Lo que necesitas saber: [/es] 


	Mori Calliope, a VTuber artist known for her bilingual Japanese-English lyrics and outstanding rap skills, has been chosen to perform the opening theme for the second cour of the anime series Gachiakuta.
	
	Gachiakuta, a dark fantasy manga by Kei Urana, is currently serialized in Kodansha’s Weekly Shonen Magazine. The anime adaptation began broadcasting and streaming on July 6 and is now entering its second cour. A longtime fan of the original manga, Mori Calliope will perform the theme song, “LET’S JUST CRASH,” adding her signature style to the series.
	
Since her major debut in 2022 under Universal Music, Mori Calliope has gained international recognition as a “Made in Japan” artist. Her latest album, PHANTOMIME, debuted at No. 1 on the iTunes Alternative Album Chart in 10 countries/regions around the world and has charted in the US Billboard Artist 100, World Album, Top Album Sales, Heatseekers Albums and more. In February 2025, she held her first overseas solo concert at the Hollywood Palladium in Los Angeles, which sold out.


https://youtu.be/j3jLWNKZp90
	
	Comment From Mori Caliope
Are you guys ready for the next arc?! It’s finally time for Rudo and the cleaners to take on their first huge challenge!! As a longtime fan of the manga I can’t wait to see one of my favorite arcs animated this season…what kind of OST can we expect from some of the hottest battles in the series thus far?! And in BONES FILM’s glorious animation style, we’re gonna be on the edge of our seats. Some of my favorite villains are getting ready to show what they’re made of so I hope you guys are as hyped as I am. Let’s riot!! Please listen to LET’S JUST CRASH a lot, okay?!
	
	About Mori Caliope	
Mori Calliope is a virtual artist popular not only in Japan but also around the world. She has attracted many music fans with her one-and-only unique lyrics, flowing freely between Japanese and English, and outstanding rap skills which lead to her major debut from Universal Music in 2022. Her latest album “PHANTOMIME” debuted at No. 1 on the iTunes Alternative Album Chart in 10 countries/regions around the world and has charted in the US Billboard Artist 100, World Album, Top Album Sales, Heatseekers Albums and more. As she expands her global recognition as a ""Made in Japan artist,"" her first overseas solo concert was held at Hollywood Palladium in Los Angeles with much success.

YouTube：youtube.com/@MoriCalliope
Twitter：twitter.com/moricalliope
Staff Twitter：twitter.com/calliope_info
Official International Online Shop：shop.moricalliopeofficial.com	

[en]Source: [/en][es]Fuente: [/es]Official Press Release

[ad_bottom class=""mt40""]",https://honeysanime.com/mori-calliope-to-perform-lets-just-crash-as-opening-theme-for-gachiakuta-second-cour/,Honey's Anime,unknown,real
WurtS Announces First-Ever Arena Solo Shows “WurtS LIVE AT ARENA -INSIDE MY CAP-” in February 2026! Special DAN DA DAN Collaboration Music Video Released!,"[sourceLink asin="""" asin_jp="""" cdj_product_id="""" text="""" url="""" ]
	



[en]What You Need to Know: [/en][es]Lo que necesitas saber: [/es] 


	WurtS, currently on his “WurtS CONCERT HALL TOUR II -DIGITAL LOVE-,” has announced his first-ever arena solo shows, “WurtS LIVE AT ARENA -INSIDE MY CAP-,” coming to Yokohama Arena and Osaka-Jo Hall in February 2026.


	https://youtu.be/PPpirB1gfzY
	
	WurtS LIVE AT ARENA -INSIDE MY CAP-
Feb 10, 2026 (Tue) – Yokohama Arena (Doors Open 18:00 / Show Starts 19:00)
Feb 11, 2026 (Wed) – Yokohama Arena (Doors Open 17:00 / Show Starts 18:00)
Feb 23, 2026 (Mon) – Osaka-Jo Hall (Doors Open 17:00 / Show Starts 18:00)

Tickets will be available first to paid members of the official W’s Project app from October 7 (Tue) 21:00 – October 13 (Mon) 23:59. For full details, visit wurts.jp.

Meanwhile, a special collaboration music video for “Doukashiteru,” the ending theme of the recently concluded TV anime DAN DA DAN, is now streaming on WurtS’ official YouTube channel. The video blends memorable scenes from DAN DA DAN with WurtS’ live performance and visual cut-ins, offering a treat for fans of both WurtS and the anime.
	
	WurtS' Profile	
Launched in 2021, WurtS is a 21st-century-born solo artist who self-produces everything, from lyrics, composition, and arrangement to artwork and visuals. His music, centered on dance, is constantly evolving into a unique style of pop that blends genres such as rock, hip-hop, soul, and more.

	WurtS Information 
Official Website: wurts.jp
X: x.com/wurts2021
Instagram: instagram.com/wurts2021
TikTok: tiktok.com/@nia_n_
YouTube Channel: youtube.com/@wurts2021

[en]Source: [/en][es]Fuente: [/es]Official Press Release

[ad_bottom class=""mt40""]",https://honeysanime.com/wurts-announces-first-ever-arena-solo-shows-wurts-live-at-arena-inside-my-cap-in-february-2026-special-dan-da-dan-collaboration-music-video-released/,Honey's Anime,unknown,real
Up to 50% Off! AVIOT’s High-Quality Japanese Wireless Earbuds on Sale for Amazon Prime Big Deal Days 2025 – Featuring This Year’s Lowest Prices,"[sourceLink asin="""" asin_jp="""" cdj_product_id="""" text="""" url="""" ]
	



[en]What You Need to Know: [/en][es]Lo que necesitas saber: [/es] 


	AVIOT, which manufactures and sells consumer electronics products, a renowned Japanese consumer electronics manufacturer, is thrilled to announce that its acclaimed range of wireless earbuds will be available at up to 50% off during Amazon Prime Big Deal Days 2025.
	
	
The sale will run from 12:01 AM PDT on Oct 7 through 11:59 PM PDT on Oct 8. (A Prime membership is required to take advantage of the deals.)

	
	Connect to an Anime World Through Your Ears — and More	
AVIOT's diverse product lineup includes anime collaboration models, fashion-forward designs, and flagship high-resolution audio models. Designed and engineered in Japan, AVIOT earbuds are known for their meticulous craftsmanship, unique aesthetic, and exceptional sound quality.

Highlights of the sale include:
	→ Up to 50% OFF on selected models
	→ Special Voice Lines by popular anime characters (collaboration models)
	→ Jewelry-Inspired Designs such as the popular TE-I3 model
	→ Award-Winning Japanese Quality, recognized by VGP 2024 SUMMER	
	
	Collaboration Models:

	AVIOT TE-Q3-FFR Frieren: Beyond Journey’s End Collaboration Wireless Earbuds 
	https://www.youtube.com/watch?v=E8bouGn23Qc
	URL: amazon.com/dp/B0CVQBM8RM
  Sale Price: $169.00 → $143.65　(15% OFF)	
	
	AVIOT Gintama Series Anime Wireless Earbuds TE-V1R-GTJ Jouishi Shitennou Model 
	https://www.youtube.com/watch?v=f4Gj8qMREP0
	URL: amazon.com/dp/B0DDXKB1XD
  Sale Price: $169.00 → $135.2　(20% OFF - Lowest price this year)	
	
	AVIOT Gintama Series Anime Wireless Earbuds TE-V1R-GTS Sinsengumi Model 
	https://www.youtube.com/watch?v=f4Gj8qMREP0
	URL: amazon.com/dp/B0DDXHNX1F
  Sale Price: $169.00 → $135.2　(20% OFF - Lowest price this year)
	
	AVIOT Kamen Rider W Collaboration Wireless Earbuds, Special Package, Design, Japanese Special Voice, Adaptive Noise Cancelling, Wireless Charging Case, Bluetooth 5.3 TE-V1R-WCJ
	https://www.youtube.com/watch?v=2wLiWyPFxGc
	URL: amazon.com/dp/B0DVT3987S
	Sale Price: $159.00 → $127.2 (20% OFF – Lowest price this year)
	
		AVIOT Sword Art Online Anime Wireless Earbuds TE-D01v-SOW (Heroine Model)
	https://www.youtube.com/watch?v=ejI9yTyjU_A
	URL: amazon.com/dp/B0CSSPY9JV
	Sale Price: $169.00 → $135.2 (20% OFF)

	AVIOT Masked Rider Faiz Wireless Earbuds TE-D01v-555,Officially Licensed(Exclusive Edition) Special Package,Design,Japanese Special Voice,Noise Canceling Earbuds
	https://www.youtube.com/watch?v=2wLiWyPFxGc
	URL: amazon.com/dp/B0D814K1JW
	Sale Price: $149.00 → $119.2 (20% OFF)	
	
	AVIOT GRIDMAN Universe Wireless Earbuds TE-D01v-GMU,Officially Licensed(Exclusive Edition) Special Package,Design,Japanese Special Voice,Noise Cancelling Earbuds
	https://www.youtube.com/watch?v=2oBSK4ycd74
	URL: amazon.com/dp/B0D81479H6
	Sale Price: $169.00 → $127.2 (20% OFF)
	
		AVIOT Sword Art Online Anime Wireless Earbuds TE-D01v-SOB (Hero Model)
	https://www.youtube.com/watch?v=ejI9yTyjU_A
	URL: amazon.com/dp/B0CSSR2HFY
	Sale Price: $169.00 → $135.2 (20% OFF)
	
AVIOT TE-Z1PNK Noise Cancelling Earbuds | Wireless Earbuds with Planar Magnetic Driver | High-Resolution Audio | Up to 18 Hours Playback | IPX4 Water Resistance | Psycho-Pass Voice Guidance
  https://www.youtube.com/watch?v=xu6DlD1geyw
	URL: amazon.com/dp/B0C3M2XW87
  Sale Price: $229 → $160.30 (30% OFF – Lowest price this year)
	
	Standard Models
	
AVIOT TE-I3 Earbuds, 32 Hours Long Battery Life, Deep Bass, IPX4 Waterproof,Medical Grade Silicone, Multipoint, Charging Case, Gaming Model, Built-in Microphones
	

	
		
			
		
		[sourceLink asin="""" asin_jp="""" cdj_product_id="""" text="""" url="""" ]
	


	URL: amazon.com/dp/B0CSRZT6J5 
	coupon price : $59 → $44.25 (25%OFF – Lowest price this year)

AVIOT TE-Q3 Small Active Noise Cancelling Wireless Earbuds, Bluetooth 5.3, Multipoint Connection, Built-in Mic, Medical Grade Silicone, Up to 42 Hours Playtime, IPX4 Waterproof (Lavender)
	

	
		
			
		
		[sourceLink asin="""" asin_jp="""" cdj_product_id="""" text="""" url="""" ]
	


	URL: amazon.com/dp/B0CSS5NCJD
Sale Price: $69 → $55.20 (20% OFF)	
	
AVIOT TE-H1 Open-Ear Earphones, Non-occluding Design, Ear-Hook Style, Hi-Res Audio and LDAC, Sound Leakage Reduction Mode, Up to 42 Hours of Playback, Lightweight Design (Silver)
	

	
		
			
		
		[sourceLink asin="""" asin_jp="""" cdj_product_id="""" text="""" url="""" ]
	


	URL: amazon.com/dp/B0DKDNXT6R
Sale Price: $119 → $59.5 (50% OFF – Lowest price this year)
	
b>AVIOT WA-V1 High-Resolution Wireless Headphones with Adaptive Hybrid Noise Cancelling | Up to 120 Hours Playback | Superior Sound Quality and Comfort | Foldable Design (Navy)
	

	
		
			
		
		[sourceLink asin="""" asin_jp="""" cdj_product_id="""" text="""" url="""" ]
	


	URL: amazon.com/dp/B0D9Y8VPYK
Sale Price: $99 → $79.2 (20% OFF)
	
	
*These items are only available while stocks last.	

	About AVIOT
AVIOT, born in 2018 as the original brand of Preseed Japan Corporation, aims to deliver products that convey high-quality Japanese craftsmanship in sound, delicate and beautiful design, and easy-to-use electronic products. In 2023, the brand restarted with the addition of “A Visionary Innovation On Technology” to its name, aiming to be an electronic devices brand that goes beyond the framework of audio-visual products. The vision is to bring innovation through the power of technology and deliver “something that changes your lives” to customers.

Company Name: Preseed Japan Corporation
Representative: CEO Founder Hirokazu Tsuchiyama
Address: 4-16-7 Sendagaya, Shibuya-ku, Tokyo 151-0051, DT Building 3F
Business Activities: 
1) Manufacturing, importing, and selling wireless audio equipment and IoT-related products
2) Importing and selling mobile accessories
3) Managing an e-commerce website

AVIOT Official Website: aviot.jp
AVIOT Official X (formerly Twitter): twitter.com/AVIOT_JP
AVIOT Official Instagram: instagram.com/aviotjapan
AVIOT Official TikTok: tiktok.com/discover/AVIOT		
	
	
	

[en]Source: [/en][es]Fuente: [/es]Official Press Release

[ad_bottom class=""mt40""]",https://honeysanime.com/up-to-50-off-aviots-high-quality-japanese-wireless-earbuds-on-sale-for-amazon-prime-big-deal-days-2025-featuring-this-years-lowest-prices/,Honey's Anime,Sword Art Online,real
AiScReam to Perform at YouTube Fanfest Japan 2025 on December 3!,"[sourceLink asin="""" asin_jp="""" cdj_product_id="""" text="""" url="""" ]
	



[en]What You Need to Know: [/en][es]Lo que necesitas saber: [/es] 


	The Love Live! Series unit AiScReam will take the stage at YouTube Fanfest Japan 2025 on December 3 at Makuhari Event Hall!

	Now in its 12th year, YouTube Fanfest Japan brings together creators and artists who left their mark on YouTube, celebrating 2025’s biggest trends with live performances. AiScReam will deliver a special stage show exclusive to the Fanfest!

	The event will be streamed live on the official YouTube Japan channel and available worldwide, so fans everywhere can join in. Don’t miss it!
	

https://youtu.be/8Yy7Jzle338

	YouTube Fanfest Japan 2025 – Event Details
Date: December 3, 2025
Doors Open: 4:00 PM / Show Starts: 6:00 PM (subject to change)
Venue: Makuhari Event Hall (2-1 Nakase, Mihama-ku, Chiba City)

YouTube Japan Official YouTube Channel: youtube.com/@YouTubeJapan
YouTube Fanfest Japan 2025 Website: youtubefanfest.com/intl/ALL_jp/events/2025-jp
Organizer: YouTube
	
	Product Information
Release Date: January 22, 2025
Title: Ai♡Scream!
Artist: AiScReam
Streaming & Download: lnk.to/LACM-24620d

AiScReam Webpage (Japanese only)
lovelive-anime.jp/special/live/live_detail.php?p=aiscream

	AiScReam Profile
A special unit formed by Ruby Kurosawa (CV: Ai Furihata) from Aqours, Ayumu Uehara (CV: Aguri Onishi) from Nijigasaki High School Idol Club, and Shiki Wakana (CV: Wakana Okuma) from Liella! of the Love Live! series. Currently active as a limited-time unit with the concept of “Screaming for Love.”

	Website & Social Media
Love Live! Series Official Website: lovelive-anime.jp
Love Live! Series Official X: twitter.com/LoveLive_staff
Love Live! Series Official TikTok: tiktok.com/@lovelive_official
Love Live! Series Official YouTube Channel: youtube.com/@lovelive_series

[en]Source: [/en][es]Fuente: [/es]Official Press Release

[ad_bottom class=""mt40""]",https://honeysanime.com/aiscream-to-perform-at-youtube-fanfest-japan-2025-on-december-3/,Honey's Anime,unknown,real
mekakushe’s New Song “Snow Globe Galaxy” Now Streaming! Jacket Art for Upcoming Album 138-Oku Nen Me no Koi Revealed!,"[sourceLink asin="""" asin_jp="""" cdj_product_id="""" text="""" url="""" ]
	



[en]What You Need to Know: [/en][es]Lo que necesitas saber: [/es] 


	Singer-songwriter mekakushe has released a new song, “Snow Globe Galaxy.” This track is a pre-release from the digital album 138 Oku-nen Me no Koi, scheduled for release on November 7, 2025. Written and composed by mekakushe and arranged by Sondai Nishijima, the song is a two-step track that condenses three minutes of technical beats, as if the universe itself were trapped inside a snow globe. The jacket art and music video were created by collage artist kyabeshi.

The jacket art for 138 Oku-nen Me no Koi has also been revealed. It was created by Southeast Asia–based illustrator Meyoco, an Instagram influencer with over 1.17 million followers who also runs her own apparel line. In addition to the main artwork, she drew complementary illustrations, which will appear on acrylic panels distributed as special gifts for the 1st and 2nd stages of mekakushe Planetarium Acoustic Live ~138 Oku-nen Me no Koi~ on November 27.

	https://youtu.be/pDI2RVFDg78
	
	Product Information
Track Title: “Snow Globe Galaxy”
Lyrics/Composition: mekakushe　
Arrangement: Sondai Nishijima
Jacket Art: Kyabeshi

On streaming websites: linkco.re/5TdgzZRr

Mekakushe’s Comment
Snow globes are beautiful and lonely, holding beginnings and endings, a fleeting eternity trapped inside. When I was little, I loved gazing at them. An infinite world fit in the palm of my hand, self-contained, compressed into a single space, and it made my heart race. Music feels the same. It ends eventually, but for a moment, it becomes my own small, enclosed world of beauty. This song is like a snow globe you can listen to, three minutes capturing beginnings and endings, beauty and loneliness, all in one.

	Sondai Nishijima’s Comment
“Snow Globe Galaxy” is the wild card of the album, packed with surprises in its short runtime. Its signature lies in rollercoaster-like twists and technical beats. I asked Mekakushe to tackle many challenging harmonies and choruses (sorry!), and she sang beautifully, bringing to life a one-of-a-kind snow globe. Enjoy!

	Kyabeshi’s Comment
Just like you see different scenes when you flip a snow globe, we’ve packed a variety of scenes into this music video. I’d love to hear how this video, this world, looks to you.

P.S. I secretly hid seven shrimp, Mekakushe’s favorite, somewhere in the video. See if you can find them!

	Meyoco’s Comment
It’s an honor to create an artwork for mekakushe-san’s music. I had a lot of fun creating the illustration from beginning to end. I was given the chance to create the artwork according to my style, which I deeply appreciate. The main theme I wanted to cover is a combination of “time” and “space,” with the motif of the clock being a dominant element in the artwork alongside the girl. I wanted the artworks to look warm and peaceful, the way you would feel when remembering someone you love. I hope my illustrations could serve well as a companion to mekakushe-san’s music.

	138-Oku Nen Me no Koi Tracklist
Retronym of Love (ED theme of Kowloon Generic Romance)
Zutto Emerald
Kimi wa Snorkel
My Own Polaris (insert song from Kowloon Generic Romance)
Yuwanamerou (insert song from Kowloon Generic Romance)
Sky Above
Rendezvous
Snow Globe Galaxy
And other new songs

*Tracklist subject to change. Final order and content may be updated without notice.
	
	Sondai Nishijima’s Profile
Sondai Nishijima began experimenting with digital music production while at university and launched his activities as a Vocaloid producer. His work includes contributing songs to the TV anime Ore no Imouto ga Konnani Kawaii Wake ga Nai (Season 2), performing piano for The Idolmaster (Bandai Namco) songs, writing lyrics for Denenbu (Bandai Namco), providing music for Break My Case (coly), and writing columns for Singing Synthesizer Music Magazine (Stripeless Label). He has participated in a wide range of projects, both independent and commercial. He also teaches in the Arranging and Composition Department at Shobi College of Music.

X: x.com/thorndique
YouTube: youtube.com/@thorndique	
	
	Kyabeshi’s Profile
Born in Tokyo. Using a delicate and complex collage technique, they create fantastical worlds.

X: x.com/kyabeshi
Instagram: instagram.com/kyabeshi
	
	Meyoco’s Profile
Meyoco is an illustrator and designer based in Southeast Asia. Her work is deeply influenced by comics, animation, and fashion. She’s currently focused on creating her own apparel products.

Instagram: instagram.com/meyoco
X: x.com/meyoco_
Bluesky: bsky.app/profile/meyoco.bsky.social

	Mekakushe’s Profile
Handling lyrics, composition, vocals, and piano performance by herself, the next-generation singer-songwriter Mekakushe enjoys immense popularity among artists and creators. Starting classical piano at the age of three, she gradually gravitated towards pop music. Her independently produced songs were featured in a Kao Laurier commercial, and she was one of the top artists on the Spotify official playlist “Kirakira Pop Japan” with a total of 3 million plays. She is a promising emerging artist with anticipated future success. With electronica as the foundation in her recordings, her musical style continues to expand, featuring classical solos and band sets in live performances.

Official YouTube channel: youtube.com/@_mekakushe_
Official X: twitter.com/_mekakushe_
Official Instagram: instagram.com/_mekakushe_
Official TikTok: tiktok.com/@_mekakushe_
Official homepage: mekakushe.com

[en]Source: [/en][es]Fuente: [/es]Official Press Release

[ad_bottom class=""mt40""]",https://honeysanime.com/mekakushes-new-song-snow-globe-galaxy-now-streaming-jacket-art-for-upcoming-album-138-oku-nen-me-no-koi-revealed/,Honey's Anime,unknown,real
Daoko’s New Single “Boku dake no Photon”  from Her Upcoming Digital EP Now Streaming. Music Video Out Now!,"[sourceLink asin="""" asin_jp="""" cdj_product_id="""" text="""" url="""" ]
	



[en]What You Need to Know: [/en][es]Lo que necesitas saber: [/es] 


	Daoko released her new song “Boku dake no Photon” on September 24, 2025. This track is an advance single from her upcoming digital EP, scheduled for release on November 19, 2025.

	The song features lyrics by Daoko, with composition and arrangement by x0o0x_ (pronounced Wakame), an up-and-coming artist with 1.22 million YouTube subscribers known for a mysterious presence and dark, atmospheric style. Together they create a unique soundscape that seems to turn fragments of the city and memory into light.

	The jacket artwork was illustrated by Numata Zombie!?, a frequent collaborator with singers and Vocaloid producers. The psychedelic, vivid colors expand the world of the song and leave a strong impression. A music video featuring this artwork has been released on YouTube.
	
	Daoko’s first Asia tour, “THE ‘YOU’ ZIZAI ASIA TOUR 2025,” wraps up with its final show at Shibuya WWW X in Tokyo on November 28. Starting in Shenzhen and traveling through Shanghai, Bangkok, Taipei, and Seoul, the tour has drawn fans across the region.
	
	The tour title, combining “YOU” and “ZIZAI” (“freely”), builds on the theme of Slash-&-Burn: clearing away the old to make room for new growth. It reflects Daoko’s wish to share new musical expressions with listeners, as she continues exploring fresh creative territory with fans across Asia.

https://youtu.be/_zgjWHqVUKM
	
	Video Credits
Movie: Mikuru.copy
Illustration: Numata Zombie!?	
	
	Product Information
	Daoko’s Digital Single “Boku dake no Photon”
Find it on your favorite streaming service!
lnk.to/Boku_dake_no_Photon

Lyrics: Daoko
Composition: x0o0x_, Daoko
Arrangement: x0o0x_
Jacket Illustration: Numata Zombie!?

Daoko’s Digital EP “Title TBA”
Scheduled for release on November 19 
Includes tracks such as “Zense wa Busho” and “Boku dake no Photon,” among others

Daoko Tour - Tokyo Show Overview
THE “YOU” ZIZAI ASIA TOUR 2025
Artist: Daoko
Support members: DJ / Manipulator / Bass: GuruConnect & Drummer: Beat Satoshi (a.k.a Rhythmkills)
Date: November 28, 2025
Venue: Shibuya WWW X
Open: 18:15, Start: 19:00

	Ticket Information
Tokyo Show ▶︎ General sale begins September 27, at 10:00 AM
*All standing
*Children below school age not admitted (tickets required for elementary school age and above)
*Up to 4 tickets per person

Ticket sales: eplus.tickets/daoko
	
	Daoko's Profile
Tokyo-born in 1997, Daoko rose to prominence at 15 with a song uploaded to Niconico Douga, making her major debut in 2015. Since then, she’s been active across music, anime, and commercial projects. Her hit collaboration with Kenshi Yonezu, “Uchiage Hanabi,” has surpassed 600 million views on YouTube. 

A multi-talented creator, Daoko has also written novels, curated live events, exhibited paintings, and acted. She founded her own agency, Tefu Tefu, in 2019. In 2023, she became the lead vocalist of the band QUBIT, and in 2024, she released her first solo album in four years, Slash-&-Burn. That same year, she was featured on Ringo Sheena’s seventh album. In 2025, Daoko has drawn further attention through her feature on Giga and TeddyLoid’s “Act,” followed by the July 23 digital release of her new single “Zense wa Busho.” A digital EP is set to follow on November 19.

X (Twitter): twitter.com/Daok0
Instagram: instagram.com/daoko_official
YouTube: youtube.com/c/Daoko_official
Daoko Fan Club “Hidamari”: hidamari.daoko.jp

[en]Source: [/en][es]Fuente: [/es]Official Press Release

[ad_bottom class=""mt40""]",https://honeysanime.com/daokos-new-single-boku-dake-no-photon-from-her-upcoming-digital-ep-now-streaming-music-video-out-now/,Honey's Anime,unknown,real
"ASH and MindaRyn to Perform Part 2 Ending Theme for Ultraman Omega, “Kyoumei Revolution”!","[sourceLink asin="""" asin_jp="""" cdj_product_id="""" text="""" url="""" ]
	



[en]What You Need to Know: [/en][es]Lo que necesitas saber: [/es] 


	ASH and MindaRyn will perform the ending theme for part 2 of the tokusatsu drama Ultraman Omega, which has been airing in Japan since July 2025.

		Following the opening theme “BRIGHT EYES” (ASH) and the part 1 ending theme “Missing Link” (MindaRyn feat. ASH), the two artists team up again for the part 2 ending theme, bringing a fresh chapter to life. The new song is titled “Kyoumei Revolution” (Resonance Revolution).

		Part 2 of Ultraman Omega begins in October. “Kyoumei Revolution” is a high-energy rock track that blends the powerful voices of ASH and MindaRyn, with lyrics crafted to complement the series and a dynamic vocal interplay in the chorus as standout elements.

		The single will be released on October 22, featuring cover art of Omega wearing the Valgenes Armor and wielding the Valgenes Halberd. Pre-release streaming will begin on October 11, giving fans the chance to hear the track ahead of the CD release.

	
	Product Information
Title: Ultraman Omega Part 2 Ending Theme “Kyoumei Revolution”
Artist: ASH × MindaRyn
Release Date: October 22, 2025
Product No.: LACM-24745
Price: ¥2,200 (tax incl.)

	

	
		
			
		
		[sourceLink asin="""" asin_jp="""" cdj_product_id="""" text="""" url="""" ]
	


	
	Pre-Release Streaming Cover
Title: “Kyoumei Revolution”
Streaming Date: October 11, 2025
Product No.: LZC-3243



	
		
			
		
		[sourceLink asin="""" asin_jp="""" cdj_product_id="""" text="""" url="""" ]
	


	
	Tracklist
	1. Kyoumei Revolution
Artist: ASH × MindaRyn
Lyrics: ASH
Composition: thug. / ASH
Arrangement: thug.

	2. Unbreakable
Artist: ASH feat. MindaRyn
Lyrics: ASH
Composition: thug. / ASH
Arrangement: thug.

	3. BRIGHT EYES
Artist: ASH
Lyrics: Yohei Matsui
Composition: NARASAKI
Arrangement: Kazuya Nishioka

	4. Missing Link
Artist: MindaRyn feat. ASH
Lyrics: Yohei Matsui / ASH
Composition: thug.
Arrangement: thug.

	ASH's Profile
Vocalist of the four-member band ASH DA HERO. A singer with a versatile style rooted in rock, punk, and hip hop. Known for his dynamic voice and commanding live performances, he has contributed to tie-ins ranging from the TV anime Blue Lock to New Japan Pro-Wrestling. The second cour opening theme for Blue Lock, “Judgement,” has surpassed 5 million views on YouTube and 30 million streams worldwide, drawing significant attention. He actively communicates in English and other languages, and his overseas fanbase continues to grow. 

Currently on the ASH DA HERO “WORLD TOUR” 2025, he has completed successful shows in the U.S., Brazil, the UAE, South Korea, and more. The domestic tour includes stops in Osaka and Aichi, with the finale set for November 8 at KT Zepp Yokohama in Kanagawa.

ASH DA HERO Official Website: ashdahero.com
Official X: ASH x.com/ash_ashdahero / ASH DA HERO x.com/ashdahero
Official YouTube: youtube.com/user/ASHDAHERO	

	MindaRyn's Profile
Originally from Thailand, MindaRyn was exposed to Japanese culture and anime from a young age and eventually relocated to Japan to pursue a career as an anime song singer. She is a trilingual artist fluent in Thai, Japanese, and English.
	
Her YouTube channel, which has over 1.15 million subscribers, features overseas performances, anime song covers, and acoustic arrangements of her tie-up tracks. She has performed theme songs for a range of hit anime and tokusatsu series, including That Time I Got Reincarnated as a Slime, Arifureta: From Commonplace to World’s Strongest, and Ultraman Blazar.

In 2025, she launched her first world tour, “Hello New Friends,” with successful shows in Brazil, Sweden, Canada, the U.S., and more, further establishing herself as a global ambassador for anime music.


Official Website: mindaryn.com
Official X: MindaRyn x.com/mindaryn_ / STAFF x.com/MindaRyn_staff
Official YouTube: youtube.com/channel/UCI3GAvwaZwf1abbeREza8eA	

[en]Source: [/en][es]Fuente: [/es]Official Press Release

[ad_bottom class=""mt40""]",https://honeysanime.com/ash-and-mindaryn-to-perform-part-2-ending-theme-for-ultraman-omega-kyoumei-revolution/,Honey's Anime,unknown,real
AVIOT Opens Pre-Orders for Ultraman Z Collaboration True Wireless Earbuds,"[sourceLink asin="""" asin_jp="""" cdj_product_id="""" text="""" url="""" ]
	



[en]What You Need to Know: [/en][es]Lo que necesitas saber: [/es] 


	AVIOT, operated by Preseed Japan Corporation, which manufactures and sells consumer electronics, has opened pre-orders for the TE-V1R-ULZ true wireless earbuds, created in collaboration with Ultraman Z. Based on the TE-V1R, this special edition features over 350 newly recorded voice lines by four members of the anti-kaiju robot force   STORAGE and four Ultraman, original earbud design and packaging, and sound tuning by Masaaki Endoh.
	
	From the packaging and design to the voice guidance and sound tuning, the TE-V1R-ULZ has been fully customized in tribute to Ultraman Z.

	The earbuds and charging case feature a color scheme inspired by the STORAGE unit insignia, blending a military aesthetic with the heroic spirit of the Ultraman universe.

	In addition to voice guidance for notifications like power and connection status, these earbuds feature a “random voice” function packed with memorable lines from the show. Altogether, 350 newly recorded voice lines are included across 14 modes, including 6 duo modes with interactions between the four STORAGE members (Haruki Natsukawa, Shota Hebikura, Yoko Nakashima, and Yuka Ohta) and the four Ultraman (Ultraman Z, Ultraman Zero, Ultraman Geed, and Ultraman Belial).

	The special STORAGE-themed packaging includes two exclusive oversleeves showcasing all four featured Ultraman.

	The sound tuning was supervised by Masaaki Endoh, vocalist of the opening theme “I ask that you chant my name!”

Product Characteristics
	Base Model
The TE-V1R is the latest model in AVIOT’s popular V series, which has sold approximately 190,000 units*. The earbuds offer an ultra-long battery life of 19 hours (62 hours with the charging case) and Adaptive Hybrid Noise Canceling, which automatically adjusts the noise reduction strength based on the surrounding environment. They also feature the new Hybrid Dual Driver 2.0 for enhanced sound quality, LDAC™ support for high-resolution playback, and wireless charging functionality, making them a high-grade model that perfectly balances sound quality and functionality.

*As of the end of April 2025

	Special Voice Lines
In addition to voice guidance for notifications like power and connection status, these earbuds feature a “random voice” function packed with memorable lines from the show. With four members of STORAGE (Haruki Natsukawa, Shota Hebikura, Yoko Nakashima, and Yuka Ohta) and four Ultraman (Ultraman Z, Ultraman Zero, Ultraman Geed, and Ultraman Belial), the earbuds offer 14 modes, including six duo modes that highlight the strength of their bonds.

With over 350 voice lines, this dream collaboration of legendary heroes comes to life right in your ears.

Sample voice clips will be released on the product page. Be sure to check them out!
	
	Special Design
The earbuds and charging case design are inspired by the anti-kaiju robot force “STORAGE” and feature colors matching the unit insignia. While embracing a military aesthetic, the metallic gold accents evoke the Power of Light and the Rise Ultra Medals, capturing the heroic spirit of the Ultra heroes.
	


	
		
			
		
		[sourceLink asin="""" asin_jp="""" cdj_product_id="""" text="""" url="""" ]
	

	
	
	Special Packaging
The front and back of the package feature the STORAGE and AVIOT logos, respectively, while the inside displays portraits of the four members. Additionally, two types of oversleeves are included: one featuring Ultraman Z & Ultraman Zero, and another featuring Ultraman Geed & Ultraman Belial.
It’s a thoughtfully crafted set designed to be enjoyed in three ways.
	


	
		
			
		
		[sourceLink asin="""" asin_jp="""" cdj_product_id="""" text="""" url="""" ]
	

	

Special Tuning
Masaaki Endoh, who performed the opening theme “I ask that you chant my name! ,” supervised the sound tuning. He passionately brings the music of Ultraman Z to life.
	
	Product Information
	TE-V1R-ULZ
Price: ¥22,880 (incl. tax)
Currently open for pre-orders
Expected Delivery Date: September 2025 or later

Available at:
AVIOT ONLINE MALL shop.aviot.jp/products/te-v1r-ulz	
AMAZON amazon.com/dp/B0FGQ6WTSV

→ Basic Specifications
・Driver: Hybrid type with φ10mm dynamic and balanced armature drivers
・Microphone for calls: MEMS microphone
・Battery capacity: Earbud single ear 85mAh / Case 600mAh
・Talk time*: Up to 9 hours
・Playback time*: Up to 19 hours (with charging case: up to 62 hours)
・Earbud charging time: Approximately 1.5 hours
・Charging port: USB Type-C
・Water resistance level**: Equivalent to IPX4
・Weight: Earbud single ear approximately 6.5g
・Other features: Multipoint support (up to 2 devices), single ear usage, earbuds can be individually turned on or off, fast charging (up to 120 minutes of playback with a 10-minute charge), wireless charging
	
→ Accessories
・Silicone earpieces (1 pair each in sizes S/M/L)
・USB Type-C cable
・User manual

→ Bluetooth Specifications
・Supported codecs: SBC, AAC
・Supported profiles: A2DP, AVRCP, HFP, HSP
・Bluetooth version: 5.3
・Number of Bluetooth multi-pairing registrable devices: 8

*Exact time may vary depending on your usage environment
**Earbuds only

About AVIOT
AVIOT, born in 2018 as the original brand of Preseed Japan Corporation, aims to deliver products that convey high-quality Japanese craftsmanship in sound, delicate and beautiful design, and easy-to-use electronic products. In 2023, the brand restarted with the addition of “A Visionary Innovation On Technology” to its name, aiming to be an electronic devices brand that goes beyond the framework of audio-visual products. The vision is to bring innovation through the power of technology and deliver “something that changes your lives” to customers.

Company Name: Preseed Japan Corporation
Representative: CEO Founder Hirokazu Tsuchiyama
Address: 4-16-7 Sendagaya, Shibuya-ku, Tokyo 151-0051, DT Building 3F
Business Activities: 
1) Manufacturing, importing, and selling wireless audio equipment and IoT-related products
2) Importing and selling mobile accessories
3) Managing an e-commerce website

AVIOT Official Website: aviot.jp
AVIOT Official X (formerly Twitter): twitter.com/AVIOT_JP
AVIOT Official Instagram: instagram.com/aviotjapan
AVIOT Official TikTok: tiktok.com/discover/AVIOT	

[en]Source: [/en][es]Fuente: [/es]Official Press Release

[ad_bottom class=""mt40""]",https://honeysanime.com/aviot-opens-pre-orders-for-ultraman-z-collaboration-true-wireless-earbuds/,Honey's Anime,unknown,real
AVIOT Opens Pre-Orders for The Apothecary Diaries Collaboration True Wireless Earbuds,"[sourceLink asin="""" asin_jp="""" cdj_product_id="""" text="""" url="""" ]
	



[en]What You Need to Know: [/en][es]Lo que necesitas saber: [/es] 


	AVIOT, operated by Preseed Japan Corporation, which manufactures and sells consumer electronics, has opened pre-orders for the TE-Q3-KSR true wireless earbuds, created in collaboration with the anime The Apothecary Diaries. Based on the TE-Q3, this special edition features an original design inspired by the anime and newly recorded voice lines from Maomao and Jinshi.
	
Product Characteristics
	Base Model
This collaboration model is based on the TE-Q3, the latest entry in AVIOT’s Q Series, which has shipped approximately 320,000 units*1. Despite being one of the most compact active noise canceling earbuds on the market*2, the TE-Q3 offers up to 11.5 hours of playback on a single charge and up to 42 hours with the charging case. The ear tips are made from skin-friendly, medical-grade silicone*3. In addition to its robust core features, the TE-Q3 is equipped with 10 mm dynamic drivers for high-quality audio, making it a well-balanced model that excels in design, usability, and sound.

*1 As of April 2025
*2 Based on the combined dimensions of all three sides of the charging case for true wireless earbuds with ANC
*3 Use of medical-grade silicone does not guarantee the absence of allergic reactions in all individuals

	Special Voice Lines
The earbuds include 76 newly recorded voice lines, featuring both guidance for power and connection notifications and a “random voice” feature with quotes from the anime. In addition to separate Maomao and Jinshi modes, there’s also a combined Maomao & Jinshi mode where the two characters interact, letting you enjoy their charming back-and-forth, just like in the anime.
	
	Special Design
The earbuds and charging case feature an elegant olive green and gold color scheme that exudes a premium feel. The logo, inspired by medicinal herbs, subtly captures the world of The Apothecary Diaries. 

The multi-layer coating and rubber finish add a sophisticated touch, making the design both stylish and practical for everyday use.
	


	
		
			
		
		[sourceLink asin="""" asin_jp="""" cdj_product_id="""" text="""" url="""" ]
	

	
	
	Special Packaging
The packaging features motifs inspired by The Apothecary Diaries and a premium finish that includes a foil-stamped original logo. Inside, a newly illustrated visual shows Maomao and Jinshi relaxing in the shade of a tree. With its blend of elegant design and character appeal, the box is a display-worthy piece in its own right.
	


	
		
			
		
		[sourceLink asin="""" asin_jp="""" cdj_product_id="""" text="""" url="""" ]
	

	

Special Tuning
Featuring a special sound tuning that fully brings out the charm of The Apothecary Diaries soundtrack!
	
	Product Information
	TE-Q3-KSR
Price: ¥22,880 (incl. tax)
Currently open for pre-orders
Expected Delivery Date: October 2025 or later

Available at:
AVIOT ONLINE MALL shop.aviot.jp/products/te-q3-ksr	
AMAZON amazon.com/dp/B0FG7LFPQW

→ Basic Specifications
・Driver: 10 mm dynamic
・Microphone for calls: High-performance MEMS mic ×1 (single side) 
・Battery capacity: Earbud single ear 50mAh  / Case 380mAh 
・Talk time: Up to 5.5 hours
・Playback time*: Up to 11.5 hours (with charging case: up to 42 hours)
・Earbud charging time: Approximately 1.5 hours
・Charging port: USB Type-C
・Water resistance level**: Equivalent to IPX4
・Weight: Earbud single ear approximately 4.2g
・Other features: Multipoint support (up to 2 devices), single ear usage, earbuds can be individually turned on or off, fast charging (up to 90 minutes of playback with a 10-minute charge), wireless charging
	
→ Accessories
・Silicone earpieces (1 pair each in sizes S/M/L)
・USB Type-C cable
・User manual

→ Bluetooth Specifications
・Supported codecs: SBC, AAC
・Supported profiles: A2DP, AVRCP, HFP, HSP
・Bluetooth version: 5.3
・Number of Bluetooth multi-pairing registrable devices: 8

*Exact time may vary depending on your usage environment
**Earbuds only

About AVIOT
AVIOT, born in 2018 as the original brand of Preseed Japan Corporation, aims to deliver products that convey high-quality Japanese craftsmanship in sound, delicate and beautiful design, and easy-to-use electronic products. In 2023, the brand restarted with the addition of “A Visionary Innovation On Technology” to its name, aiming to be an electronic devices brand that goes beyond the framework of audio-visual products. The vision is to bring innovation through the power of technology and deliver “something that changes your lives” to customers.

Company Name: Preseed Japan Corporation
Representative: CEO Founder Hirokazu Tsuchiyama
Address: 4-16-7 Sendagaya, Shibuya-ku, Tokyo 151-0051, DT Building 3F
Business Activities: 
1) Manufacturing, importing, and selling wireless audio equipment and IoT-related products
2) Importing and selling mobile accessories
3) Managing an e-commerce website

AVIOT Official Website: aviot.jp
AVIOT Official X (formerly Twitter): twitter.com/AVIOT_JP
AVIOT Official Instagram: instagram.com/aviotjapan
AVIOT Official TikTok: tiktok.com/discover/AVIOT	

[en]Source: [/en][es]Fuente: [/es]Official Press Release

[ad_bottom class=""mt40""]",https://honeysanime.com/aviot-opens-pre-orders-for-the-apothecary-diaries-collaboration-true-wireless-earbuds/,Honey's Anime,unknown,real
"Love Live! 15th Anniversary Uma Musume Joins Tribute Album, Four New Songs Revealed!","[sourceLink asin="""" asin_jp="""" cdj_product_id="""" text="""" url="""" ]
	



[en]What You Need to Know: [/en][es]Lo que necesitas saber: [/es] 


	Since its launch as a project in 2010, the Love Live! franchise has expanded into multiple series, including Love Live!, Love Live! Sunshine!!, Love Live! Nijigasaki High School Idol Club, Love Live! Superstar!!, Love Live! Hasunosora Girls’ High School Idol Club, School Idol Musical, and, most recently in 2025, Ikizulive! Love Live! Bluebird. In June 2025, the franchise celebrated its 15th anniversary.

	To mark the occasion, the series is releasing its first-ever Love Live! series tribute album, featuring renowned artists and characters performing songs from across the franchise. The CD is scheduled for release on January 14, 2026.

	A star-studded lineup has already been revealed, including the Aikatsu! series, THE IDOLM@STER 765PRO ALLSTARS, Ado, You and Idol PreCure, Hatsune Miku, and BanG Dream!. The announcement sparked excitement not only among Love Live! fans but also among fans of the participating artists and characters.

And now, it has been confirmed that Uma Musume: Pretty Derby, another expanding cross-media franchise, will also be taking part! In addition, four of the featured songs have been revealed. More artists and characters will be announced in the coming months, so stay tuned for further updates.

	
	Participating Artists & Characters / Songs
(in no particular order; track order will be announced later)

	Aikatsu! series
??? (to be announced)

	THE IDOLM@STER 765PRO ALLSTARS
“KiRa-KiRa Sensation!” (Original: Love Live! μ’s)
Performed by: Haruka Amami (CV. Eriko Nakamura), Chihaya Kisaragi (CV. Asami Imai), Miki Hoshii (CV. Akiko Hasegawa), Yukiho Hagiwara (CV. Azumi Asakura), Makoto Kikuchi (CV. Hiromi Hirata)

	Ado
??? (to be announced)

	Uma Musume: Pretty Derby
??? (to be announced)

	You and Idol PreCure
“Kimetayo Hand in Hand” (Original: Love Live! Sunshine!!, Chika Takami, Riko Sakurauchi, You Watanabe)
Performed by: Cure Idol (CV. Misato Matsuoka), Cure Wink (CV. Minami Takahashi), Cure Kyun-Kyun (CV. Natsumi Takamori)

	Hatsune Miku
“Fly with You!!” (Original: Love Live! Nijigasaki High School Idol Club, Nijigasaki High School Idol Club)

	BanG Dream!
“START!! True dreams” (Original: Love Live! Superstar!! Liella!)
Performed by: Poppin’Party - Kasumi Toyama (CV. Aimi), Tae Hanazono (CV. Sae Otsuka), Rimi Ushigome (CV. Rimi Nishimoto), Saya Yamabuki (CV. Ayaka Ohashi), Arisa Ichigaya (CV. Ayasa Ito)

...and more!

	About Uma Musume: Pretty Derby
Uma Musume: Pretty Derby, developed by Cygames, is a cross-media franchise centered on “uma musume,” anthropomorphized racehorses who inherit the names and spirits of real racehorses. In this world, the uma musume spend their school days with friends and trainers while aiming to win the Twinkle Series. Since its announcement, the project has expanded into games, anime, music, manga, and more.

	Product Information
Title: Love Live! series tribute album (Title to be announced)
Artist: Various
Release Date: January 14, 2026
Product No.: LACA-25260
Price: ¥4,400 (incl. tax)
Label: Lantis



	
		
			
		
		[sourceLink asin="""" asin_jp="""" cdj_product_id="""" text="""" url="""" ]
	


	
	Love Live! Series 15th Anniversary Website
lovelive-anime.jp/special/15th
	
	Website & Social Media
Love Live! Series Official Website: lovelive-anime.jp
Love Live! Series Official X (formerly Twitter): x.com/LoveLive_staff
Love Live! Series Official YouTube: youtube.com/c/lovelive_series
Love Live! Series Official TikTok: tiktok.com/@lovelive_official	
	

[en]Source: [/en][es]Fuente: [/es]Official Press Release

[ad_bottom class=""mt40""]",https://honeysanime.com/love-live-15th-anniversary-uma-musume-joins-tribute-album-four-new-songs-revealed/,Honey's Anime,unknown,real
AVIOT Opens Pre-Orders for BUSTAFELLOWS Collaboration True Wireless Earbuds,"[sourceLink asin="""" asin_jp="""" cdj_product_id="""" text="""" url="""" ]
	



[en]What You Need to Know: [/en][es]Lo que necesitas saber: [/es] 


	AVIOT, operated by Preseed Japan Corporation, which manufactures and sells consumer electronics, has opened pre-orders for the TE-Q3-BSF true wireless earbuds, created in collaboration with the visual novel BUSTAFELLOWS. Based on the TE-Q3, this special edition features a total of 150 newly recorded voice lines by the protagonist Teuta and five male characters, exclusive new illustrations by artist Kohaku Sumeragi, and sound tuning by KENN.
	
	From the packaging and design to the voice guidance and sound tuning, the TE-Q3-BSF has been fully customized in tribute to BUSTAFELLOWS.

		The packaging features brand-new artwork by series illustrator Kohaku Sumeragi, and the earbuds themselves capture the distinctive atmosphere of the visual novel. In addition to the protagonist Teuta, five male characters working behind the scenes in New Sieg provide voice guidance. With seven modes in total, including a duo mode with character interactions, the earbuds feature over 150 newly recorded voice lines, along with sound tuning supervised by KENN, making them a must-have for fans of the series.
	
Product Characteristics
	Base Model
This collaboration model is based on the TE-Q3, the latest entry in AVIOT’s Q Series, which has shipped approximately 320,000 units*1. Despite being one of the most compact active noise canceling earbuds on the market*2, the TE-Q3 offers up to 11.5 hours of playback on a single charge and up to 42 hours with the charging case. The ear tips are made from skin-friendly, medical-grade silicone*3. In addition to its robust core features, the TE-Q3 is equipped with 10 mm dynamic drivers for high-quality audio, making it a well-balanced model that excels in design, usability, and sound.

*1 As of April 2025
*2 Based on the combined dimensions of all three sides of the charging case for true wireless earbuds with ANC
*3 Use of medical-grade silicone does not guarantee the absence of allergic reactions in all individuals

	Special Voice Lines
In addition to voice guidance for notifications like power and connection status, these earbuds feature a “random voice” function that plays memorable lines from the game alongside original conversations, for a total of 150 newly recorded lines. 

There are seven modes in total—six solo modes where each character whispers directly in your ear, and one duo mode featuring conversations between Teuta and the male characters. You can switch between them anytime via the app. Relive iconic lines from the game, brought vividly to life right by your ears!

Sample voice clips will be released on the product page. Be sure to check them out!

	Voice line samples are available on the product page:
aviot.jp/product/te-q3-bsf
	
	Special Design
A deep black paired with the gold that symbolizes BUSTAFELLOWS. This chic yet glamorous color scheme is designed to evoke the nights of New Sieg. The earbuds and charging case feature the series’ logo, creating a device that balances everyday usability with the appeal of a fan collectible.
	


	
		
			
		
		[sourceLink asin="""" asin_jp="""" cdj_product_id="""" text="""" url="""" ]
	

	
	
	Special Packaging
The packaging showcases brand-new illustrations by BUSTAFELLOWS artist Kohaku Sumeragi. Enjoy the exclusive artwork as you listen to music with these collaboration earbuds
	


	
		
			
		
		[sourceLink asin="""" asin_jp="""" cdj_product_id="""" text="""" url="""" ]
	

	

Special Tuning
The sound tuning was done by KENN, the voice of Limbo. His original tuning brings out the diverse charm of the game’s soundtrack.
	
	Product Information
	TE-Q3-BSF
Price: ¥22,880 (incl. tax)
Currently open for pre-orders
Expected Delivery Date: October 2025 or later

Available at:
AVIOT ONLINE MALL shop.aviot.jp/products/te-q3-bsf	
AMAZON amazon.com/dp/B0FGQBXZX4

→ Basic Specifications
・Driver: 10 mm dynamic
・Microphone for calls: High-performance MEMS mic ×1 (single side) 
・Battery capacity: Earbud single ear 50mAh  / Case 380mAh 
・Talk time: Up to 5.5 hours
・Playback time*: Up to 11.5 hours (with charging case: up to 42 hours)
・Earbud charging time: Approximately 1.5 hours
・Charging port: USB Type-C
・Water resistance level**: Equivalent to IPX4
・Weight: Earbud single ear approximately 4.2g
・Other features: Multipoint support (up to 2 devices), single ear usage, earbuds can be individually turned on or off, fast charging (up to 90 minutes of playback with a 10-minute charge), wireless charging
	
→ Accessories
・Silicone earpieces (1 pair each in sizes S/M/L)
・USB Type-C cable
・User manual

→ Bluetooth Specifications
・Supported codecs: SBC, AAC
・Supported profiles: A2DP, AVRCP, HFP, HSP
・Bluetooth version: 5.3
・Number of Bluetooth multi-pairing registrable devices: 8

*Exact time may vary depending on your usage environment
**Earbuds only

About AVIOT
AVIOT, born in 2018 as the original brand of Preseed Japan Corporation, aims to deliver products that convey high-quality Japanese craftsmanship in sound, delicate and beautiful design, and easy-to-use electronic products. In 2023, the brand restarted with the addition of “A Visionary Innovation On Technology” to its name, aiming to be an electronic devices brand that goes beyond the framework of audio-visual products. The vision is to bring innovation through the power of technology and deliver “something that changes your lives” to customers.

Company Name: Preseed Japan Corporation
Representative: CEO Founder Hirokazu Tsuchiyama
Address: 4-16-7 Sendagaya, Shibuya-ku, Tokyo 151-0051, DT Building 3F
Business Activities: 
1) Manufacturing, importing, and selling wireless audio equipment and IoT-related products
2) Importing and selling mobile accessories
3) Managing an e-commerce website

AVIOT Official Website: aviot.jp
AVIOT Official X (formerly Twitter): twitter.com/AVIOT_JP
AVIOT Official Instagram: instagram.com/aviotjapan
AVIOT Official TikTok: tiktok.com/discover/AVIOT	

[en]Source: [/en][es]Fuente: [/es]Official Press Release

[ad_bottom class=""mt40""]",https://honeysanime.com/aviot-opens-pre-orders-for-bustafellows-collaboration-true-wireless-earbuds/,Honey's Anime,unknown,real
"Hatsune Miku “Magical Mirai 2025” Final Tokyo Night Show Coming to Blu-ray and DVD February 4, 2026!","[sourceLink asin="""" asin_jp="""" cdj_product_id="""" text="""" url="""" ]
	



[en]What You Need to Know: [/en][es]Lo que necesitas saber: [/es] 


	Hatsune Miku “Magical Mirai 2025” is an event that combines 3DCG live performances by Miku Hatsune and other virtual singers with an exhibition that allows visitors to experience the joy of creativity. A Blu-ray and DVD of the full final night show in Tokyo will be released on February 4, 2026.

	This year marks the 13th iteration of the event, which was held under the theme “Starry River in the Sky.” It took place at Sendai Sun Plaza (Sendai venue) from August 1 to August 3, at INTEX Osaka (Osaka venue) from August 9 to August 11, and at Makuhari Messe (Tokyo venue) from August 29 to August 31. This was the first time the event was held in Sendai.

		Both the regular and limited editions contain a full recording of the final night show in Tokyo. The limited edition bonus discs include the daily songs not performed on this night as well as a video titled “Focus on Singers,” which contains footage focusing exclusively on the virtual singers.

The package visuals will feature the main event artwork illustrated by Tiv. The limited edition package will come in a deluxe case with special finishing that perfectly complements the “Starry River in the Sky” theme. Bonus content includes a polaroid photo card of the singers in Sendai.

	
	8/31 Tokyo Night Setlist (Makuhari Messe)
Hiasobi / Camellia feat. Hatsune Miku
Antenna39 / Hiiragi Magnetite feat. Hatsune Miku
Kochira, Koufuku Anshin Iinkai desu. / UtataP feat. Hatsune Miku
MAGA MAGA / Yuurei Ichimonji feat. Megurine Luka
Hoshikuzu Utopia / otetsu feat. Megurine Luka
Lavie / Surii feat. Kagamine Len
Young Girl A / Shiina Mota feat. Kagamine Rin
Kimipedia / Junky feat. Kagamine Rin and Kagamine Len
1/6 -out of the gravity- / Bocariodo P (noa) feat. Hatsune Miku
Hajimemashite Chikyuujin-san / PinocchioP feat. Hatsune Miku
Vanish / Guchiri feat. KAITO
Mikaboshi /  3106。feat. MEIKO
Genten / Daibakuhashin feat. MEIKO
Yomau Silhouette / Miyamoru Bungaku feat. MEIKO
Flyway / halyosy feat. Kagamine Len and KAITO
Meteor / John feat. Hatsune Miku
Last Night, Good Night (Re:Dialed) / livetune feat. Hatsune Miku
METEOR / DIVELA feat. Hatsune Miku
StargazeR / Kotsuban-P feat. Hatsune Miku
Damatte Rock wo Yarette Itten no! / Nekotachi Kotatsu feat. Hatsune Miku, Kagamine Rin, Megurine Luka, and MEIKO
Blue Planet / DECO*27 feat. Hatsune Miku
Hand in Hand / livetune feat. Hatsune Miku, Kagamine Rin, Kagamine Len, Megurine Luka, MEIKO and KAITO
Street Light / Kaga (Negi Shower P) feat. Hatsune Miku, Kagamine Rin, Kagamine Len, Megurine Luka, KAITO and MEIKO
Blessing / halyosy feat. Hatsune Miku, Kagamine Rin, Kagamine Len, Megurine Luka, MEIKO and KAITO
Lustrous / *Luna feat. Hatsune Miku

	Product Information
Release Date: February 4, 2026
Produced by TOKYO MX / Crypton Future Media Inc.
Distributor: FlyingDog Inc.

	Blu-ray
Miku Hatsune “Magical Mirai 2025” (Blu-ray limited edition)
Price: 10,450 yen (tax incl.)/ VTZL-259
Miku Hatsune “Magical Mirai 2025” (Blu-ray standard edition)
Price: 6,930 yen (tax incl.)/ VTXL-58

	DVD
Miku Hatsune “Magical Mirai 2025” (DVD limited edition)
Price: 9,350 yen (tax incl.)/ VTZL-260
*Blu-ray and DVD are not region-locked.

Package Design Art by Tiv

	

	
		
			
		
		[sourceLink asin="""" asin_jp="""" cdj_product_id="""" text="""" url="""" ]
	

	
	
	Limited Edition Bonus features
Luxurious case
Polaroid Photo card of the singers in Sendai (included in standard edition.)
Special book (details coming soon.)
Bonus disc

	Bonus disc contents
 Live concert and behind-the-scenes
Exhibition digest
“Magical Mirai 2025” Daily Songs
Contents: Special live footage of songs not performed at Tokyo’s final night concert.
	Tracklist: 
Hatsune Creation Myth / cosMo@BousouP feat. Hatsune Miku
Batsu Byou / Nanahoshi Orchestra feat. Megurine Luka
Gemini / Dixie Flatline feat. Kagamine Rin and Kagamine Len
Doctor = Funk Beat / nyanyannya (DaitensaiP) feat. KAITO
Hoshizora Chronograph / MINO-U feat. MEIKO
Starduster / Jimmythumb P feat. Hatsune Miku
Hitorinbo Envy / koyori (Den Poll P) feat. Hatsune Miku
Taiyou-kei Disco / NayutalieN feat. Hatsune Miku

	“Focus on Singers” live footage
Contents: Special live footage of virtual singers performing including Miku Hatsune.
	Tracklist:
Lustrous / *Luna feat. Hatsune Miku
MAGA MAGA / Yuurei Ichimonji feat. Megurine Luka
Young Girl A / Shiina Mota feat. Kagamine Rin
Genten / Daibakuhashin feat. MEIKO
Flyway / halyosy feat. Kagamine Len and KAITO
Damatte Rock wo Yarette Itten no! / Nekotachi Kotatsu feat. Hatsune Miku, Kagamine Rin, Megurine Luka, and MEIKO
Street Light / Kaga (Negi Shower P) feat. Hatsune Miku, Kagamine Rin, Kagamine Len, Megurine Luka, KAITO and MEIKO
Hiasobi (Vtai Stage ver.) / Camellia feat. Hatsune Miku
Meteor (Vtai Stage ver.) / John feat. Hatsune Miku

“Daily Songs” and “Focus on Singers” are compatible with 5.1ch and Japanese subtitles.
Blu-ray and DVD limited edition bonus disc is included in DVD format.



	
		
			
		
		[sourceLink asin="""" asin_jp="""" cdj_product_id="""" text="""" url="""" ]
	

	
	
	What is Hatsune Miku?
Hatsune Miku is a virtual singer developed by Crypton Future Media, Inc. By entering lyrics and a melody, anyone can make her sing. The movement took off when a large number of creators created music with Hatsune Miku and uploaded their songs to the Internet. She has also attracted attention as a character and is now active as a virtual singer in a variety of fields, including merchandising and live performances, and her popularity is spreading around the world.

	Piapro: piapro.net.
	Official Product Website: magicalmirai.com/package.	

[en]Source: [/en][es]Fuente: [/es]Official Press Release

[ad_bottom class=""mt40""]",https://honeysanime.com/hatsune-miku-magical-mirai-2025-final-tokyo-night-show-coming-to-blu-ray-and-dvd-february-4-2026/,Honey's Anime,unknown,real
Mekakushe’s Digital Album 138-Oku Nen Me no Koi to Release on November 7! “Zutto Emerald” Available for Early Streaming Ahead of Release!,"[sourceLink asin="""" asin_jp="""" cdj_product_id="""" text="""" url="""" ]
	



[en]What You Need to Know: [/en][es]Lo que necesitas saber: [/es] 


	Singer-songwriter mekakushe will release her digital album 138-Oku Nen Me no Koi on November 7, 2025.

	The album’s concept is “the universe.” Centered on tracks inspired by planets, galaxies, and cosmic imagery, it includes mekakushe’s first anime tie-in: “Retronym of Love,” the ending theme of Kowloon Generic Romance, plus insert songs “My Own Polaris” and “Yuwanamerou.” This is one of Mekakushe’s most ambitious works to date. 

To mark her birthday on July 26, she released “Zutto Emerald” from the album for early streaming. The song blends hope and melancholy in a dreamy electro tune with a floating feel. Written and composed by mekakushe, it was arranged by Tomggg, who also worked on “Kimi wa Snorkel.” The cover art and music video were created by pixel artist Nanami Yuki.


youtu.be/RGaXcJgGQaM
	
	Product Information
Track Title: “Zutto Emerald”
Lyrics/Composition: mekakushe　
Arrangement: Tomggg
Jacket Art: Yuki Nanami

On streaming websites: linkco.re/29Fx4Qf6
	


	
		
			
		
		[sourceLink asin="""" asin_jp="""" cdj_product_id="""" text="""" url="""" ]
	


	
	138-Oku Nen Me no Koi Tracklist
Retronym of Love (ED theme of Kowloon Generic Romance)
Zutto Emerald
Kimi wa Snorkel
My Own Polaris (insert song from Kowloon Generic Romance)
Yuwanamerou (insert song from Kowloon Generic Romance)
Sky Above
And other new songs

*Tracklist subject to change. Final order and content may be updated without notice.

	Mekakushe performance at ACG Hong Kong 2025
youtube.com/shorts/fULFKxQI3SU
	
	Mekakushe’s Comment
“Love is wonderful. I’m so glad I finally realized it.
Enough to wipe away everything that came before.”
I’m honestly amazed that a day has come when I truly want to write lyrics full of hope like this.
That’s the symbolic meaning of an emerald.
The 1/f fluctuation—since water and music are alike, they’re both cold and warm at the same time.
Tomggg arranged the sound to make it feel that way.
It’s a secret that this song continues the story of “Kimi wa Snorkel.”

	Tomggg’s Comment
With “Kimi wa Snorkel,” the music felt like floating and diving underwater. In this new song, “Zutto Emerald,”  you can imagine happily floating and swimming around with cute floaties. I hope the music captures the feeling of a pool of happiness and the unique sparkle of emerald, expressing all kinds of light through sound.

	Yuki Nanami’s Comment
From the moment I first heard it, images of being gently rocked by emerald water and floating softly in space came to mind, sparking a flood of ideas that made creating the illustrations very enjoyable.
It’s a soft, happy song, but with a hint of sadness that makes you want to listen to it again and again. I’m very happy to be involved in the music video. It’s been a wonderful experience!

	Tomggg’s Profile
A prolific arranger who has collaborated on projects with all kinds of artists within Japan and abroad, such as Kaho Nakamura, Chelmico, Haruno, Harmoe, Daoko, Shelheil, and Ena Mori, to name a few. His reach has since gotten even wider with the release of “Nante ne” in a recent commercial for Pokari Sweat.

	Yuki Nanami’s Profile 
A pixel artist who mainly draws girls and landscapes, known for a style that captures everyday moments with a nostalgic atmosphere. She has created many video works, including music videos with looped animations, and collaborates with companies to produce and sell apparel and merchandise.

	Mekakushe’s Profile
Handling lyrics, composition, vocals, and piano performance by herself, the next-generation singer-songwriter Mekakushe enjoys immense popularity among artists and creators. Starting classical piano at the age of three, she gradually gravitated towards pop music. Her independently produced songs were featured in a Kao Laurier commercial, and she was one of the top artists on the Spotify official playlist “Kirakira Pop Japan” with a total of 3 million plays. She is a promising emerging artist with anticipated future success. With electronica as the foundation in her recordings, her musical style continues to expand, featuring classical solos and band sets in live performances.

Official YouTube channel: youtube.com/@_mekakushe_
Official X: twitter.com/_mekakushe_
Official Instagram: instagram.com/_mekakushe_
Official TikTok: tiktok.com/@_mekakushe_
Official homepage: mekakushe.com	

[en]Source: [/en][es]Fuente: [/es]Official Press Release

[ad_bottom class=""mt40""]",https://honeysanime.com/mekakushes-digital-album-138-oku-nen-me-no-koi-to-release-on-november-7-zutto-emerald-available-for-early-streaming-ahead-of-release/,Honey's Anime,unknown,real
HypMic Movie Hits 2 Billion Yen Box Office Mark! “Claim Victory (Immersive Edition)” Exhibition Video Available for a Limited Time!,"[sourceLink asin="""" asin_jp="""" cdj_product_id="""" text="""" url="""" ]
	



[en]What You Need to Know: [/en][es]Lo que necesitas saber: [/es] 


	Tokyo (November 3, 2025)- The ""HYPNOSISMIC -Division Rap Battle-"" movie (hereafter referred to as ""HypMovie"") began its revival screening at 66 theaters across Japan starting September 2nd, HypMic's anniversary, to commemorate the 8th anniversary of the project's launch. With the revival, HypMovie has finally surpassed the major milestone of 2 billion yen in box office revenue. 

	HypMovie is Japan's ""first"" interactive movie and made its screen debut on February 21st, 2025 at 85 theaters in Japan. Due to the limited amount of interactive screening equipment, the movie continued its run at a limited number of 60 to 80 theaters in Japan. While there have been many movies in the past that started with small-scale releases of around 10 theaters, gained popularity and expanded to over 150 theaters to become major hits, HypMovie has become the first movie in Japan to surpass a box office revenue of 2 billion yen with fewer than 100 theaters from its opening day. (Source: Kogyo Tsushinsha)

	One of the reasons the movie has been such a hit is due to its interactive nature, the first of its kind in Japan, and which plays a central role in the viewing experience. The outcome of each rap battle unfolding on the screen is decided by the audience via a specialized voting system carried out via smartphone. Viewers vote during the movie a total of 5 times to determine the winner of each battle, which means there are a total of 48 different ways the movie can play out and 7 different endings.
　
	Furthermore, to commemorate the movie's success, the specially-produced video ""Claim Victory (Immersive Edition)""—which is being shown at the ""HYPNOSISMIC -Division Rap Battle-"" exhibition currently in Nagoya—has been uploaded to the official Hypnosis Mic YouTube channel for a limited time.

The video encapsulates the intensity of the final Division Rap Battle during the movie and is a must-see for any HypMic fan. It will only be available until September 7th 23:59 JST, so don't miss it.

	
	The battle continues in theaters where HypMovie continues to be shown, and audiences in Japan have the opportunity to get their hands on some limited bonus items. As the 11th round of bonuses, “clear cards” featuring new illustrations by the Hypnosis Mic character designer Kazui will be given out to moviegoers. 2 sets of 3 designs will be randomly distributed, the first of which is Buster Bros!!!/MAD TRIGGER CREW/Fling Posse, which will be given out until September 12th, followed by the Matenro/DOTSUITARE-HOMPO/Bad Ass Temple version from September 13th until September 19th. Both are exclusive to theaters, so if you're in the area, be sure to check out the revival screenings. For theater details, check the dedicated webpage ""NOVELTY"" on the official HypMovie website.
	
	Additionally, part of the latest round of live HypMic events featuring HypMic cast members ""HYPNOSISMIC -Division Rap Battle- 11th LIVE "" (hereafter referred to as 11th Live), will be livestreamed in theaters in Japan alongside HypMovie. These special ""Live Viewing"" screenings will include a live broadcast of part of the stage performances before the movie screening, and will include the opening greeting from the cast on-stage.

		Tickets for Fling Posse & Matenro's performance on September 6th are currently on sale. Tickets for MAD TRIGGER CREW & DOTSUITARE-HOMPO's performance on September 20th go on sale on September 13th, and tickets for Buster Bros!!! & Bad Ass Temple's October 4th performance goes on sale on September 27th. Check the official HypMovie website for information regarding participating theaters. 

	All 6 of the 11th Live performances will be livestreamed by ABEMA exclusively on their “Abema PPV” platform, with tickets currently on sale. In addition to the standard ticket which will stream footage from the main camera only, a special “multi-angle” ticket is also on sale, which allows you to freely choose between the “upper camera”, “lower camera” and “full-view camera” during the stream. PPV viewers can also enjoy special bonus content: an “I’m Home” video of the cast members recorded right after the performance, where they will talk to the camera about their thoughts and feelings directly after the show. All 6 performances can only be watched in their entirety on “Abema PPV”, so don’t miss out!

	https://youtu.be/wIhsuSUvOyQ
	
	HypMovie ""HYPNOSISMIC -Division Rap Battle-"" special site: NOVELTY
	Link: hypnosismic-movie.com/novelty
	
	“Abema PPV” livestream/ticket purchase page
Fling Posse & Matenro: abema.go.link/dv05N
MAD TRIGGER CREW & DOTSUITARE-HOMPO: abema.go.link/98uOH
Buster Bros!!! & Bad Ass Temple: abema.go.link/13rPT	
	
	HypMovie ""HYPNOSISMIC -Division Rap Battle-"" 11th LIVE [Final D.R.B] Stage Greeting ""Live Viewing"" Broadcast	
September 6th, 17:45 showing (before movie screening)
HypMovie ""HYPNOSISMIC -Division Rap Battle-"" 11th LIVE [Final D.R.B] Fling Posse & Matenro opening greeting ""Live Viewing"" Broadcast 

Tickets on sale at theaters across Japan
(Ticket sales may have ended at some theaters.)

September 20th, 17:40 showing (before movie screening)
HypMovie ""HYPNOSISMIC -Division Rap Battle-"" 11th LIVE [Final D.R.B] MAD TRIGGER CREW & DOTSUITARE-HOMPO opening greeting ""Live Viewing"" Broadcast 

Ticket sale start date: September 13th 0:00 JST

October 10th, 17:40 showing (before movie screening)
HypMovie ""HYPNOSISMIC -Division Rap Battle-"" 11th LIVE [Final D.R.B] Buster Bros!!! & Bad Ass Temple opening greeting ""Live Viewing"" Broadcast 
Ticket sale start date: September 27th 0:00 JST

	""HYPNOSISMIC -Division Rap Battle-"" 11th LIVE [Final D.R.B]	
	


	
		
			
		
		[sourceLink asin="""" asin_jp="""" cdj_product_id="""" text="""" url="""" ]
	



	Event Schedule/Venue/Performer Information
September 6th, 2025 | Doors: 16:00 / Start: 17:00
September 7th, 2025 | Doors: 15:00 / Start: 16:00
""HYPNOSISMIC -Division Rap Battle-"" 11th LIVE [Final D.R.B] Fling Posse & Matenro
Venue: Keio Arena TOKYO (Musashino Forest Sports Plaza)
Performers: Yusuke Shirai, Soma Saito, Yukihiro Nozuyama, Sho Hayami, Ryuichi Kijima, Kento Ito

September 20th, 2025 | Doors: 16:00 / Start: 17:00
September 21st, 2025 | Doors: 15:00 / Start: 16:00
""HYPNOSISMIC -Division Rap Battle-"" 11th LIVE [Final D.R.B] MAD TRIGGER CREW & DOTSUITARE-HOMPO
Venue: Nihon Kogakuin Arena
Performers: Shintaro Asanuma, Wataru Komada, Shinichiro Kamio, Ryota Iwasaki, Kengo Kawanishi, Takaya Kuroda

October 4th, 2025 | Doors: 16:00 / Start: 17:00
October 5th, 2025 | Doors: 16:00 / Start: 17:00
""HYPNOSISMIC -Division Rap Battle-"" 11th LIVE [Final D.R.B] Buster Bros!!! & Bad Ass Temple
Venue: Nihon Kogakuin Arena
Performers: Subaru Kimura, Haruki Ishiya, Kohei Amasaki, Shota Hayama, Yuki Sakakihara, Eiji Takeuchi

	Ticket Price
Allocated seating: 12,000 JPY (incl. tax)
(Tickets required for children 6+; under 6s are not permitted)
(Refunds will not be permitted in the event of a change in performers or event content.)
(Up to 2 tickets per person may be purchased.)
(Ticket resale or auction is strictly prohibited. Entry with resold tickets will not be permitted.)

	“Abema PPV Online Live” broadcast information
""HYPNOSISMIC -Division Rap Battle-"" 11th LIVE [Final D.R.B] Fling Posse & Matenro
	
Livestream date: 
Day 1: 2025/9/8 17:00 performance (livestream starts 16:30) JST
Day 2: 2025/9/7 16:00 performance (livestream starts 15:30) JST
 
Catch-up stream:
Day 1 & 2 available to watch until 2025/9/14 23:59 JST
 
Ticket sale period:
2025/8/8 12:00 ~ 2025/9/14 21:00 JST
 
Livestream/ticket purchase page:
Day 1: abema.tv/live-event/593addfa-c0ab-469e-820a-f181b99ee3cb
Day 2: abema.tv/live-event/b56d1069-a98d-476c-bdbe-5a5477518869
 
""HYPNOSISMIC -Division Rap Battle-"" 11th LIVE [Final D.R.B] MAD TRIGGER CREW & DOTSUITARE-HOMPO
 
Livestream date: 
Day 1: 2025/9/20 17:00 performance (livestream starts 16:30) JST
Day 2: 2025/9/21 16:00 performance (livestream starts 15:30) JST
 
Catch-up stream:
Day 1 & 2 available to watch until 2025/9/28 23:59 JST
 
Ticket sale period:
2025/8/8 12:00 ~ 2025/9/28 21:00 JST

Livestream/ticket purchase page:
Day 1: abema.tv/live-event/0f8aef4c-898a-45a1-a047-6f2c399d1d70
Day 2: abema.tv/live-event/1cad9a7e-40e9-4d7c-8a2d-3c80bc60e56b
 
""HYPNOSISMIC -Division Rap Battle-"" 11th LIVE [Final D.R.B] Buster Bros!!! & Bad Ass Temple
Livestream date: 
Day 1: 2025/10/4 17:00 performance (livestream starts 16:30) JST
Day 2: 2025/10/5 17:00 performance (livestream starts 16:30) JST
 
Catch-up stream:
Day 1 & 2 available to watch until 2025/10/12 23:59 JST

 Ticket sale period:
2025/8/8 12:00 ~ 2025/10/12 21:00 JST

Livestream/ticket purchase page:
Day 1: abema.tv/live-event/9ab09e8c-9e28-46c4-98e3-711971a666fa
Day 2: abema.tv/live-event/fe178581-310d-4880-b9ac-d05eb9d45833
 
Livestream ticket price (all performances):
Standard ticket: 5,000 JPY per ticket (incl. tax)
(In-app purchases will incur a separate handling fee of 500 JPY.)

Multi-angle ticket: 6,500 JPY per ticket (incl. tax)
(In-app purchases will incur a separate handling fee of 600 JPY.)

2-day pass: 10,000 JPY per ticket (incl. tax)
(In-app purchases will incur a separate handling fee of 1,000 JPY.)

Multi-angle 2-day pass: 13,000 JPY per ticket (incl. tax)
(In-app purchases will incur a separate handling fee of 1,800 JPY.)
	
	HypMovie ""HYPNOSISMIC -Division Rap Battle-"" is Back in Theaters!	
	11th Theater Bonus
""Kazui Original Illustration CLEAR CARD ver.2: Buster Bros!!!/MAD TRIGGER CREW/Fling Posse ver."" (3 designs, random)
Distribution period: September 2nd ~ 12th

	

	
		
			
		
		[sourceLink asin="""" asin_jp="""" cdj_product_id="""" text="""" url="""" ]
	


	
	12th Theater Bonus
""Kazui Original Illustration CLEAR CARD ver.2: Matenro/DOTSUITARE-HOMPO/Bad Ass Temple ver."" (3 designs, random)
Distribution period: September 13th ~ 19th

	

	
		
			
		
		[sourceLink asin="""" asin_jp="""" cdj_product_id="""" text="""" url="""" ]
	


	
(One item will be distributed per movie ticket holder.)
(Quantities are limited. Please understand that distribution will end once stock runs out.)
(Ticker holders will receive one of the three designs at random. The design cannot be chosen.)
(Items may have minor scratches or stains, but please understand that returns or exchanges are not accepted.)
(The above image is a sample image and may differ slightly from the actual item.)
(This item is not for sale. Any resale, copying or reproduction of its contents are strictly prohibited.)
	
	Introduction
Music-based character rap project Hypnosis Mic: started in September 2017
Hypnosis Mic features 18 unique characters who are divided into 6 teams: Ikebukuro Division, ""Ikebukuro Division,"" ""Yokohama Division,"" ""Shibuya Division,"" ""Shinjuku Division,"" ""Osaka Division,"" and ""Nagoya Division,"" where they engage in intense rap battles. 

Leading figures in Japan's hip hop scene are featured as creators in the tracks used for each rap battle. Each character's voice actor performs all their own songs, and so each character's story develops through the music.

The world of Hypnosis Mic has been explored across a range of media, including manga, video games, stage plays, anime and more, all based on its strongly characteristic music and narrative audio dramas.

	What’s the MOVIE?
""HYPNOSISMIC -Division Rap Battle-"" is Japan's ""first"" audience-participation style interactive movie.
 
The outcome of each rap battle unfolding on the screen is decided by the audience vote. Voting is conducted in real-time through the smartphone app ""CtrlMovie"" system by Kino Industries, and the story progresses based on the outcome of these votes.

The movie’s story and ending shift with each screening depending on the choices of each audience member, making each screening unique...
The first-ever interactive movie experience in the history of Japanese cinema.

	Introducing Interactive Movie System ""CtrlMovie""
HypMovie's interactive aspects are brought to you by ""CtrlMovie"", an interactive movie system by Kino Industries.
Download ""CtrlMovie"" to your smartphone from the App Store or Google Play and enjoy Japan's very first interactive movie experience.

	Download ""CtrlMovie""
App Store:
apps.apple.com/app/ctrlmovie/id1069306593

Google Play:
play.google.com/store/apps/details?id=com.ctrl.cinemaapp

	Cast
Buster Bros!!!
Ichiro Yamada: Subaru Kimura
Jiro Yamada: Haruki Ishiya
Saburo Yamada: Kohei Amasaki

MAD TRIGGER CREW
Samatoki Aohitsugi: Shintaro Asanuma
Iruma Jyuto: Wataru Komada
Rio Mason Busujima: Shinichiro Kamio

Fling Posse
Ramuda Amemura: Yusuke Shirai
Yumeno Gentaro: Soma Saito
Dice Arisugawa: Yukihiro Nozuyama

Matenro
Jakurai Jinguji: Sho Hayami
Hifumi Izanami: Ryuichi Kijima
Doppo Kannonzaka: Kento Ito

DOTSUITARE-HOMPO
Sasara Nurude: Ryota Iwasaki
Rosho Tsutsujimori: Kengo Kawanishi
Rei Amayado: Takaya Kuroda

Bad Ass Temple
Kuko Harai: Shota Hayama
Jyushi Aimono: Yuki Sakakihara
Hitoya Amaguni: Eiji Takeuchi

Party of Words
Otome Touhoten: Yuu Kobayashi
Ichijiku Kadenokoji: Chiaki Takahashi
Nemu Aohitsugi: Nozomi Yamamoto 

	Staff
Original Work & Music Production: EVIL LINE RECORDS
Original Character Design & Setting Design: EVIL LINE RECORDS, Yuichiro Momose
Director: Takanori Tsujimoto
Script: Yuichiro Momose
Character Design: Kazui
Animation Production: Polygon Pictures
Distribution: TOHO NEXT
Production: Hypnosis Mic -Division Rap Battle- Movie Production Committee
	

[en]Source: [/en][es]Fuente: [/es]Official Press Release

[ad_bottom class=""mt40""]",https://honeysanime.com/hypmic-movie-hits-2-billion-yen-box-office-mark-claim-victory-immersive-edition-exhibition-video-available-for-a-limited-time/,Honey's Anime,unknown,real
Love Live! Unit AiScReam Drops Live-Action Music Video as “Ai♡Scream!” Surpasses 100 Million Streams!,"[sourceLink asin="""" asin_jp="""" cdj_product_id="""" text="""" url="""" ]
	



[en]What You Need to Know: [/en][es]Lo que necesitas saber: [/es] 


	The Love Live! Series Unit AiScReam has released a live-action music video for their breakout debut single, “Ai♡Scream!”

	Since its release in January 2025, “Ai♡Scream!” has been a sensational hit both in Japan and overseas, sweeping music charts across multiple countries. The song continues to spread globally on social media, with TikTok user-generated content reaching 11 million posts and 13.3 billion views, and related YouTube videos totaling 17.5 billion views as of September 1, 2025. Streaming numbers have now exceeded 100 million plays, and the momentum shows no sign of slowing.

The new live-action video features scenes set in an American-style diner, with rooms reflecting each of the three members’ individual “flavors.” Fans can also enjoy the viral phrases that helped the song trend online, along with tightly synchronized dance sequences.
	
	In addition, AiScReam will host a live event, “AiScReam presents ‘TOPPING LIVE’: Come See Me Before I Melt♡♡♡,” at Pacifico Yokohama on September 6–7, 2025. The event will be streamed exclusively on U-NEXT, with live viewings available both domestically and overseas!	

https://www.youtube.com/watch?v=9Upo1ELtvhw
	
	Product Information
Release Date: January 22, 2025
Title: Ai♡Scream!
Artist: AiScReam
Streaming & Download: lnk.to/LACM-24620d

AiScReam Webpage (Japanese only)
lovelive-anime.jp/special/live/live_detail.php?p=aiscream

	AiScReam Profile
A special unit formed by Ruby Kurosawa (CV: Ai Furihata) from Aqours, Ayumu Uehara (CV: Aguri Onishi) from Nijigasaki High School Idol Club, and Shiki Wakana (CV: Wakana Okuma) from Liella! of the Love Live! series. Currently active as a limited-time unit with the concept of “Screaming for Love.”

	Website & Social Media
Love Live! Series Official Website: lovelive-anime.jp
Love Live! Series Official X: twitter.com/LoveLive_staff
Love Live! Series Official TikTok: tiktok.com/@lovelive_official
Love Live! Series Official YouTube Channel: youtube.com/@lovelive_series

[en]Source: [/en][es]Fuente: [/es]Official Press Release

[ad_bottom class=""mt40""]",https://honeysanime.com/love-live-unit-aiscream-drops-live-action-music-video-as-ai%e2%99%a1scream-surpasses-100-million-streams/,Honey's Anime,unknown,real
"WurtS to Release New EP Digital Love Featuring “Doukashiteru” and “BEAT” on November 26, 2025!","[sourceLink asin="""" asin_jp="""" cdj_product_id="""" text="""" url="""" ]
	



[en]What You Need to Know: [/en][es]Lo que necesitas saber: [/es] 


	WurtS announced during the YouTube Music Weekend 10.0 stream that his new EP Digital Love will be released on November 26. The EP will include five tracks and will be available on CD and digitally.

	In addition to “Doukashiteru,” the ending theme for DAN DA DAN season 2, and “BEAT,” the theme song for the drama Koi wa Yami, it will also feature the collaboration track “UPDATE feat. Deu & Ito (PEOPLE 1), Moto (Chilli Beans.),” which was first performed as a surprise during the three-man live event UPDATE in July with longtime friends PEOPLE 1 and Chilli Beans. The remaining two tracks will be brand-new songs featuring guest artists. Further details will be announced at a later date.

The CD will be available in three formats: a First Press Limited Edition with a bonus Blu-ray of WurtS’s live performance from UPDATE, a Standard Edition with the CD only, and a Concert Venue Reservation Edition available exclusively to fans who preorder at WurtS CONCERT HALL TOUR II -DIGITAL LOVE venues, starting with the Kumamoto show on October 4. The Concert Venue Reservation Edition includes the Standard Edition CD along with special goods: a towel and a rubber wristband, all packaged in a box as a commemorative item for tour attendees.


	Release Information
WurtS
New EP Digital Love
Release Date: November 26, 2025

First Press Limited Edition
CD+Blu-ray
UPCH-29500
¥5,500 (incl. tax)

Blu-ray: WurtS’s live performance from UPDATE

Standard Edition
CD
UPCH-20713
¥2,200 (incl. tax)

	Tracks:
Digital Love feat. ???
Clash feat. ???
UPDATE feat. Deu & Ito (PEOPLE 1), Moto (Chilli Beans.)
Beat
Doukashiteru
*Track order TBD

WurtS CONCERT HALL TOUR II -DIGITAL LOVE- Concert Venue Reservation Edition
PRON-1099
¥6,380 (incl. tax)
Standard Edition CD + Original Towel + Original Rubber Wristband [Box Package]

*Reservation details for this product will be provided in flyers distributed at WurtS CONCERT HALL TOUR II -DIGITAL LOVE- venues. Please refer to the flyer for full instructions before placing your order.


*Orders placed at the November 24 (Mon) Takamatsu Sunport Hall show will be delivered after the official release date.

	WurtS CONCERT HALL TOUR Ⅱ -DIGITAL LOVE-
Aug 10 (Sun) – UKFC on the Road 2025 – 15th ANNIVERSARY at Zepp Haneda
Aug 23 (Sat) – WILD BUNCH FEST. 2025 – YUMEBANCHI 50th ANNIVERSARY at Kirara Expo Memorial Park, Yamaguchi
Aug 29 (Fri) – SPACE SHOWER SWEET LOVE SHOWER 2025 – 30th ANNIVERSARY at Yamanakako Community Plaza Kirara, Yamanashi
Sept 6 (Sat) – TREASURE05X 2025 at Gamagori Laguna Beach
Sept 21 (Sun) – ROCK IN JAPAN FESTIVAL 2025 at Soga Sports Park, Chiba
Sept 28 (Sun) – JA Kyosai presents RADIO BERRY Beriten Live 2025 Special at Igashira Park Sports Field	
	
	Oct 4 (Sat) – Kumamoto: Civic Hall Sears Home Yume Hall
Oct 5 (Sun) – Fukuoka: Sun Palace
Oct 7 (Tue) – Osaka: Orix Theater
Oct 13 (Mon) – Sendai: Sun Plaza Hall
Oct 17 (Fri) – Sapporo: Kanamoto Hall
Oct 21 (Tue) – Tokyo: Line Cube Shibuya
Oct 22 (Wed) – Tokyo: Line Cube Shibuya
Oct 26 (Sun) – Kobe: Kobe International House Kokusai Hall
Oct 28 (Tue) – Hiroshima: JMS Aster Plaza, Main Hall
Nov 1 (Sat) – Niigata: Terrsa
Nov 2 (Sun) – Kanazawa: Hondanomori Hokuden Hall
Nov 14 (Fri) – Nagoya: Niterra Japan Mfg. Civic Center, Forest Hall
Nov 15 (Sat) – Nagoya: Niterra Japan Mfg. Civic Center, Forest Hall
Nov 24 (Mon) – Takamatsu: Sunport Hall
More info: wurts.jp

	Other Concert Information
Sep 6 (Sat) – TREASURE05X 2025 @ Gamagori Laguna Beach
Sep 21 (Sun) – ROCK IN JAPAN FESTIVAL 2025 @ Chiba City Soga Sports Park
Sep 28 (Sun) – JA Kyosai presents RADIO BERRY Beriten Live 2025 Special @ Igashira Park Sports Ground
	
	
	WurtS' Profile	
Launched in 2021, WurtS is a 21st-century-born solo artist who self-produces everything, from lyrics, composition, and arrangement to artwork and visuals. His music, centered on dance, is constantly evolving into a unique style of pop that blends genres such as rock, hip-hop, soul, and more.

	WurtS Information 
Official Website: wurts.jp
X: x.com/wurts2021
Instagram: instagram.com/wurts2021
TikTok: tiktok.com/@nia_n_
YouTube Channel: youtube.com/@wurts2021

[en]Source: [/en][es]Fuente: [/es]Official Press Release

[ad_bottom class=""mt40""]",https://honeysanime.com/wurts-to-release-new-ep-digital-love-featuring-doukashiteru-and-beat-on-november-26-2025/,Honey's Anime,unknown,real
Hito no Calendar Theme Song by Nonoka Obuchi “Hachigatsu no Afterglow” is Out Now on Streaming Platforms!,"[sourceLink asin="""" asin_jp="""" cdj_product_id="""" text="""" url="""" ]
	



[en]What You Need to Know: [/en][es]Lo que necesitas saber: [/es] 


	The popular adventure game Hito no Calendar came to an end Sunday, August 31. Following the conclusion of the game, multi-talented singer, voice actress, and actress Nonoka Obuchi released the game’s theme song “Hachigatsu no Afterglow” as her new digital single at midnight on September 1.

	Hito no Calendar is the latest installment in the Hito no Wallet series by D4KK(Daiyonkyokai), a group of creators that weave stories in the space between reality and virtuality. It went on sale on the official online shop in May.

	The game is described as “a web-based adventure game that begins with a young girl’s calendar.” The story would develop in real time until Sunday, August 31 when it reached its ending. The ending theme song was revealed at that moment as Nonoka Obuchi’s “Hachigatsu no Afterglow.”

	In tandem with the game’s conclusion, “Hachigatsu no Afterglow” was promptly released as a digital single at midnight Monday, September 1. The single marks her very first grand ballad, featuring emotional vocals and the sound of live instruments that bring the scenes to life in a way that will leave a lasting impression on listeners.

A digital jacket design was released alongside the single featuring an illustration that was used in the game. Listeners can check out the design on the official audio.

https://youtu.be/58YkoByIvHs	
	
	Release Information
	Hito no Calendar Theme Song “Hachigatsu no Afterglow”
Artist: Nonoka Obuchi
Digital Release: September 1, 2025

	Track Information
“Hachigatsu no Afterglow”
Lyrics: Yuki Kawano
Composer/Producer: Yosuke Kori

	Distribution information
Available on streaming services and major download sites such as the iTunes Store, RecoChoku, and mora.
Streaming services: Apple Music, LINE MUSIC, Amazon Music Unlimited, AWA, KKBOX, Rakuten Music, Spotify, YouTube Music.
Stream/Download Link: jvcmusic.lnk.to/HachigatsunoAfterglow
	
	Nonoka Obuchi's Profile
Birthday: March 13
Place of Birth: Saitama Prefecture
Blood Type: A
Height: 147 cm
Hobbies: Reading, listening to music, eating super spicy foods
Special Skill: Reading news manuscripts

She began her career in entertainment at a young age, showcasing her multifaceted talents by placing in a singing audition program, appearing in the stage production Lycoris Recoil, and serving as a student newscaster on ABEMA and BS Asahi.

After winning the Special Award at FlyingDog’s InuCon! audition, she began her career as a voice actress and singer. She made her singing debut with the ending theme song of the TV anime Mysterious Disappearances, which aired in April 2024.

She performed the opening theme song for TV anime I’m a Behemoth, an S-Ranked Monster, but Mistaken for a Cat, I Live as an Elf Girl’s Pet, in which she also voices the character Lily. On September 1, 2025, she released her digital single “Hachigatsu no Afterglow,” the theme song for the adventure game Hito no Calendar.

Official Site: e-stonemusic.com/nonoka
Official X: twitter.com/tiny_WildFlor
Official Instagram: instagram.com/tiny_wildflor
Official YouTube: youtube.com/@obuchinonoka
Official TikTok：tiktok.com/@obuchinonoka

[en]Source: [/en][es]Fuente: [/es]Official Press Release

[ad_bottom class=""mt40""]",https://honeysanime.com/hito-no-calendar-theme-song-by-nonoka-obuchi-hachigatsu-no-afterglow-is-out-now-on-streaming-platforms/,Honey's Anime,unknown,real
“Nande?” from majiko’s Upcoming EP GOLDEN JUNKIE Is Now Available with Its Music Video!,"[sourceLink asin="""" asin_jp="""" cdj_product_id="""" text="""" url="""" ]
	



[en]What You Need to Know: [/en][es]Lo que necesitas saber: [/es] 


	Singer-songwriter majiko, who has garnered over 200 million streams across Asia and more than 580,000 YouTube subscribers, released her new song “Nande?” on August 22. This follows the release of “NA TTE NAI” on July 18. Both tracks will be part of her upcoming digital EP GOLDEN JUNKIE, set to release on October 17.

Written, composed, and arranged entirely by majiko, “Nande?” marks a shift from the beat-driven style of “NA TTE NAI,” featuring primarily live instruments. A catchy pop tune, it is anchored by the repeated chorus phrase “Nande?” (“Why?”). The music video, illustrated by Messy Nyasuppeno—who also created the visuals for “Teddy”—was released on the same day as the song.


	Release Information
“Nande?”
On music streaming websites: 
lnk.to/Nande

GOLDEN JUNKIE
To be released on music streaming websites on October 17

	majiko's Profile
Since 2010, majiko has been posting cover songs on video-sharing platforms, gradually building a following in the online scene. She writes, composes, arranges, and illustrates her own work, showcasing her multifaceted talents across a range of creative activities. In recent years, she has held solo shows in China and Taiwan, and with over 200 million streams across Asia, her growing success is now drawing attention both regionally and worldwide.

Official Website: majiko.net
YouTube: youtube.com/user/majikoofficial
X: twitter.com/majakoja
Instagram: instagram.com/_majiko_
TikTok: tiktok.com/@majiko_official
Facebook: facebook.com/majikoofficial
Weibo: weibo.com/u/7053204102
BiliBili: space.bilibili.com/2024958074?spm_id_from=333.337.0.0
PINUPS artist: pinupsartist.jp
UNIERA: uniera-label.jp

[en]Source: [/en][es]Fuente: [/es]Official Press Release

[ad_bottom class=""mt40""]",https://honeysanime.com/nande-from-majikos-upcoming-ep-golden-junkie-is-now-available-with-its-music-video/,Honey's Anime,unknown,real
Nao Toyama Secures Both Opening and Ending Themes for Kakuriyo no Yadomeshi: Ni!,"[sourceLink asin="""" asin_jp="""" cdj_product_id="""" text="""" url="""" ]
	



[en]What You Need to Know: [/en][es]Lo que necesitas saber: [/es] 


	It has been announced that singer and voice actress Nao Toyama will be singing “Namida no Recipe,” the ending theme song for Kakuriyo no Yadomeshi: Ni. This news comes weeks after it was announced that her single “Tooryanse” was chosen as the opening theme song. It will be released November 5th on the same CD as the new single. In addition, there will be a special live stream Friday, August 29th at 9PM (JST) to celebrate!

	The song was written and composed by hit-maker Masayoshi Oishi. This upbeat pop song with a Japanese twist that stays true to the lively and unique world of Kakuriyo no Yadomeshi, where supernatural beings and humans dwell together and explore themes such as “connection” and “belonging.” On the other hand, the ending theme song explores the main character, Aoi Tsubaki’s feelings towards her Odanna in a warm and heartfelt ballad by Tota Kasamura (LIVE LAB).

	Additionally, a new photo of Nao Toyama pays homage to the original photo used during the initial announcement of Toyama’s tie-in with the anime seven years ago. While the photo evokes memories of the past, Nao appears to embody “maturity” and “change.” 

	Limited first edition copies of the single will include select recordings from Nao Toyama’s solo live concert “Watashi no Kangaeta Muteki na Setlist!” on Blu-Ray. These valuable recordings were chosen by Nao Toyama herself for the single. The limited anime edition will include an original illustrated CD cover and a special variety program “Nao’s Kitchen” featuring Nao Toyama recreating the dishes served in Kakuriyo no Yadomeshi: Ni as well.

Don’t miss out on these charming theme songs and spectacular extras included in the gorgeous new single!

	Release Information
November 5, 2025

Limited First Edition: VTZL-257
CD and Blu-ray: 3,740 yen (tax incl.)

Limited Anime Edition: VTZL-258
CD and DVD: 2,860 yen (tax incl.)

Standard Edition: VTCL-35388
CD only: 1,540 (tax incl.) 

	“Tooryanse” Special Live Stream!
URL：youtube.com/live/FjGjkUgtQaE	
	
	Track List
	Limited First Edition
1. Tooryanse (by Masayoshi Oishi)
2. Namida no Recipe (by Tota Kasamura and Tsubasa Handa)
3. Utagoe wo Mejirushi ni (by cassilatte and Takahiro Sakida)
4~6. Instrumental versions

	Limited Anime Edition
1. Tooryanse (by Masayoshi Oishi)
2. Namida no Recipe (by Tota Kasamura and Tsubasa Handa)
3. Hitosaji no Hikari (by Tota Kasamura and Tsubasa Handa)
4~6. Instrumental versions

	Standard Edition
1. Tooryanse (by Masayoshi Oishi)
2. Namida no Recipe (by Tota Kasamura and Tsubasa Handa)
3. Sou iu Kanji no n-kai me(by Sho Yamamoto)
4~6. Instrumental versions

	Limited First Edition Blu-ray
Watashi no Kangaeta Muteki na Setlist! Solo Live Video Digest
1. Muteki na Girl!
2. DJ Medley (Tomoshibi no Manimani, Slow Motion, de messiah, Otomeiro)
3. Shut Out My Lie
4. Over!!
5. Muteki na Girl! (encore ver.)

	Limited Anime Edition DVD
Nao’s Kitchen ~Kakuriyo Shuccho-ban~
	
	Streaming Information
jvcmusic.lnk.to/toyamanao
Available on select music streaming services and major music download platforms such as iTunes Store, Rekochoku and mora.
Streaming services:
Apple Music, Spotify, YouTube Music, LINE MUSIC,  Amazon Music, Deezer, AWA, Rakuten Music, KKBOX	
	
	Nao Toyama's Profile
Birthday: March 11
Blood Type: A
Hometown: Tokyo
Hobbies: Singing, dancing, playing the electric organ

Nao Toyama made her voice acting debut in 2010. She attracted a lot of attention for her role as Kanon Nakagawa in the TV anime The World God Only Knows. After that, she went on to play characters in numerous popular works, such as Karen Kujo in Kin-iro Mosaic, Chitoge Kirisaki in Nisekoi, Reina Prowler in MacrossΔ, and Rin Shima in Yuru CampΔ.

She also belongs to popular groups Rhodanthe* and Walküre, both of which were born in anime, and has enthralled fans with her clear voice and flawless performances. On February 1, 2017, she made her debut as a singer with “True Destiny/Chain the world,” tie-up songs for the anime Chain Chronicle: Haecceitas no Hikari, and on February 3, 2018, she held her first solo live at the Nippon Budokan. 

In 2019, she held her first solo tour and performed overseas in Taipei and Shanghai. In 2020, she celebrated her 10th anniversary as a voice actress by releasing her character song best album “Special Thanks” and holding a 10th anniversary concert titled “Special Thanks! Festival” at Tokyo Garden Theater. In 2022, she celebrated the 5th anniversary of her singing debut with five projects. On February 22, 2025, she held her solo live concert “Watashi no Kangaeta Muteki na Setlist!”

	Social Media
Official X (formerly Twitter): @naobou_official
Line account search ID: toyamanao
Artist homepage: toyamanao.com
Official blog: ameblo.jp/naobouofficial
Official YouTube channel: youtube.com/c/naobou_channel
Instagram: @naobou_official
TikTok account: tiktok.com/@official_naotoyama

[en]Source: [/en][es]Fuente: [/es]Official Press Release

[ad_bottom class=""mt40""]",https://honeysanime.com/nao-toyama-secures-both-opening-and-ending-themes-for-kakuriyo-no-yadomeshi-ni/,Honey's Anime,unknown,real
Anime NYC 2025 - Post-Show Field Report,"[sourceLink asin="""" asin_jp="""" cdj_product_id="""" text="""" url="""" ]
	




  
Anime NYC 2025 has come and gone so quickly! Every year, we have to wait till Anime NYC arrives again and begin to prepare. We grab our notepads, think about how to tackle all that’s within the convention halls, and ready our wallets to be emptied by the merchandise we’ll buy and the food we’ll devour! It’s hard not to feel like, when this convention finally starts, it’s over in the blink of an eye...

That being said, we attended 4 days of Anime NYC 2025 and had quite a few experiences, some good and others bad, and that’s why we once more present to you all our post-show field report to entertain you! Read all about our various trials and tribulations, as well as some of the shining moments of this year’s Anime NYC! Now, let’s relive Anime NYC 2025! 
	




	
		
			
		
		[sourceLink asin="""" asin_jp="""" cdj_product_id="""" text="""" url="""" ]
	

		
	
  
    
While the prices have risen pretty dramatically, Anime NYC 2025 was larger than previous years and had a lot more events and big name guests. The prices might be a bit hard to stomach for some but again, it was kind of unavoidable. 
		
  
	

Company/Event Message for Fans/Attendees
  
    
			“Anime NYC is a creation of LeftField Media, an event company made of dedicated fans and convention organizers. Anime NYC is built with tremendous support from Crunchyroll and publishers across the Japanese pop culture industry.”
		
  
	



	
		
			
		
		[sourceLink asin="""" asin_jp="""" cdj_product_id="""" text="""" url="""" ]
	

		

What Anime NYC 2025 Did Better Than Before
  
    
In comparison to 2024, Anime NYC 2025 had a lot more to explore. There were plenty of booths, from VTUBERS such as Hololive, where fans of various VTUBERs could join together, sing with them, listen to their randomness, and just enjoy a dedicated gaming hall where various tournaments were being held, like Tekken 8, Street Fighter 6, and even Super Smash Bros! Famous YouTubers like IronMouse and CDAWG VA were there too (sadly, we couldn’t watch them due to time constraints), and that was pretty neat!

There were also a slew of popular voice actors out there for meetups, interviews, and fan questions. Needless to say, this Anime NYC was without a doubt the most varied one to date. Regardless of what type of otaku you are, Anime NYC 2025 had you covered!

There were plenty of booths this year, ensuring a bit more variety than past outings. There was the Hololive stage, where fans of various VTUBERs could join their favorites, sing with them—they performed numerous anime and popular English songs—listen to them talk about silly topics, and even join in as if they were part of the group! Almost every day, Hololive was the loudest event by far, showing just how passionate those fans are.

Those who wanted a more typical anime con affair could scour the floors for merchandise from numerous vendors, like Yen Press, Good Smile Company, Viz Media, and plenty of others. But with how pricey Anime NYC 2025 was, this certainly would stretch your savings a bit. We’d be lying if we didn’t admit we got a ton of figures ourselves, but it was well worth it to show our support to our favorite vendors.

Gaming otaku weren’t left in the dark at Anime NYC 2025! There was a big emphasis on games this year, with an entire floor dedicated to hosting gaming events. Con-goers could play against others in their favorite fighting games like Tekken 8, Street Fighter 6, and even Super Smash Bros! There were also card game tables for all the favorites, like Magic the Gathering, Yu-Gi-Oh, and so on. We even heard that some popular YouTubers like IronMouse and CDawgVA were playing games with the crowd! Due to time constraints, we couldn’t see them ourselves, but from the fan roars, we know they were enjoying the event!

Lastly, there were quite a few panels and voice actor meetups available! Famous voice talent like Kaiji Tang, Christopher Sabat, Aleks Le, AMALEE, and others were there to talk to con-goers, sign merch, or take photos! There were also plenty of panels where con-goers could learn more about numerous industry themes and/or upcoming projects. It would be impossible to see and experience everything in one day, let alone four, but at the very least, you couldn’t say there was nothing to do at Anime NYC 2025! 
    
  
	



	
		
			
		
		[sourceLink asin="""" asin_jp="""" cdj_product_id="""" text="""" url="""" ]
	

		

What Anime NYC 2025 Could Have Done Slightly Better
  
    
Unfortunately, Anime NYC 2025 wasn’t without its drawbacks. The first—and most glaring—was overcrowding. We here at Honey’s Anime have been to our fair share of conventions, large and small, and Anime NYC 2025 is a medium-sized one compared to the titan that is Anime Expo. Nevertheless, it was clear that there was either no limit on how many could attend or a false expectation of how many would show up. Lines affected almost everything at the con, from food stalls and vendors to meeting some of the guests. The lines for food stalls were so long at times that they spilled into the non-food vendor areas, which was just terrible. Equally, seeing some of the guests was a nightmare, as lines could go on so long that it would be either impossible to meet them—unless you were there early enough—or by the time you worked your way up to the guest, they were on break or done with their time slot. Seriously, Anime NYC 2026 needs to consider capping ticket amounts or opening more of the Javits Center so there’s more room.

Another issue was the lack of big gaming vendors. Despite scouring the floor, we really only saw a few minor ones. Don’t get us wrong—we were more than thrilled to see Honor of Kings with their Detective Conan collaboration and Kaiju No.8, which we could play briefly—it looks and plays incredibly well for a mobile/Steam game. Yet, we were expecting some bigger gaming panels, maybe from Capcom or even SEGA. We get that this is an anime convention, but it does have a lot of gamers who attend, and we would have liked some more gaming content.
    
  




	
		
			
		
		[sourceLink asin="""" asin_jp="""" cdj_product_id="""" text="""" url="""" ]
	

		

Cosplay Was Amazing, Once Again
  
    
As you can see, there was a lot of cosplay, but we always try to look for the more unique ones. In our gallery, there are the usual cosplayers, but we are very happy to include some funny and stylish ones from Anime NYC 2025! All cosplayers who had individual photos taken were asked for permission beforehand, so thank you all for posing for Honey’s Anime! Hopefully next year we’ll see even more from newer anime airing!
		
  




	
		
			
		
		[sourceLink asin="""" asin_jp="""" cdj_product_id="""" text="""" url="""" ]
	

	



	
		
			
		
		[sourceLink asin="""" asin_jp="""" cdj_product_id="""" text="""" url="""" ]
	

	



	
		
			
		
		[sourceLink asin="""" asin_jp="""" cdj_product_id="""" text="""" url="""" ]
	

	

Anime NYC 2025 was great despite some issues here and there. In our opinion, more people attending shows a greater appreciation for the convention, which is wonderful—but it also means that more of the Javits Center should be opened to help remedy the crowd. All things considered, we had a great time and would love to thank Anime NYC 2025 for allowing us the privilege to attend as press once again! We hope to see you all at Anime NYC 2026, which will no doubt happen after the success of this year! For now, though, we’re going to rest our tired wings and take a much-deserved nap… 

[author author_id=""078"" author="""" translator_id=""""]

[ad_bottom class=""mt40""]",https://honeysanime.com/anime-nyc-2025-post-show-field-report/,Honey's Anime,unknown,real
KADOKAWA Greenlights Publication Project for Popular Honeyfeed Title “Why Kill? When Witches Can Be Tentacled!”,"[sourceLink asin="""" asin_jp="""" cdj_product_id="""" text="""" url="""" ]
	



[en]What You Need to Know: [/en][es]Lo que necesitas saber: [/es] 


	qdopp Inc., the operator of the global novel submission platform Honeyfeed, is pleased to announce that the popular web novel Why Kill? When Witches Can Be Tentacled! by author kazesenken is now officially in development for potential publication in Japan by KADOKAWA CORPORATION.
		
	The story gained significant attention within the Honeyfeed community and was eventually picked up by KADOKAWA MF BOOKS. As a result, the project was approved internally to move forward under the Global UGC Publishing Project, part of KADOKAWA’s Global Business Acceleration Program. This initiative aims to discover promising international writers through overseas novel platforms like Honeyfeed.
	
	“This announcement marks a new milestone in our mission to connect international authors with Japanese publishers,” said Manami Fukunaga, Manager of The Hivemind Literary Agency, a division of qdopp Inc. that represents select Honeyfeed authors. “We’re excited to see kazesenken’s talent formally recognized and supported within the Japanese publishing industry.”
	
	Further details such as final publication approval, release date, and format will be shared in due course. For now, fans can celebrate the exciting news that Why Kill? is officially in the pipeline for future print development.
	


	
		
			
		
		[sourceLink asin="""" asin_jp="""" cdj_product_id="""" text="""" url="""" ]
	

		
	
	Novel Synopsis
Misunderstandings - created at a glance, but difficult to get rid of. Two people are caught in the midst of them, fighting to find a place for themselves. For Maribell Schuzen, stumbling upon the Grimoire of Lies meant being labeled as a Witch, a follower of the slain Demon Lord and enemy of the entire world. For Snazzy-chan, a popular streamer and otaku extraordinaire, a new fate has him wrapped up with tentacles. Tentacles, you say? Why, Snazzy is now a jellyfish of all things!

“But don’t worry, Snazzy is a gentlemanly jellyfish!”

Swearing to protect Maribell with all that his little body can do, Snazzy will show the world that keeping a Witch wrapped up is preferable to a dead Witch!	
	
	Check out the novel here:
honeyfeed.fm/novels/3120

	About KADOKAWA CORPORATION
	KADOKAWA Group, a comprehensive entertainment company, develops a wide range of businesses such as Publication, Animation, Film, Gaming, Web services, and Education/EdTech. We discover talent globally, create diverse IP (Intellectual property), and deliver it through various media. We maximize the value of IP under our strategy “Global Media Mix with Technology” which refers to global rollouts of created IP by utilizing technology. Website: group.kadokawa.co.jp/global.
	
	About Honeyfeed
Honeyfeed is a leading writing platform that empowers authors to create, share, and engage with their original stories. With a vibrant community of readers and writers, Honeyfeed provides an immersive space for storytelling across various genres, including anime and manga-inspired narratives. For more about Honeyfeed, please visit honeyfeed.fm.

	About The Hivemind Literary Agency
The Hivemind Literary Agency supports novelists whose works are inspired by Japanese anime and manga, with the goal of helping their stories get adapted into anime and manga in Japan. The agency actively scouts writers on Honeyfeed, including both contest winners and authors whose works are especially popular or of exceptional quality. Acting as a bridge between creators and Japanese publishers, Hivemind not only supports award-winning titles but also proactively pitches new projects by its authors to the industry. For more information about Hivemind, please visit hivemindagency.net.

[en]Source: [/en][es]Fuente: [/es]Official Press Release

[ad_bottom class=""mt40""]",https://honeysanime.com/kadokawa-greenlights-publication-project-for-popular-honeyfeed-title-why-kill-when-witches-can-be-tentacled/,Honey's Anime,Fate,real
Main Visual and Promotional Video Out Now! Exclusive Worldwide Streaming on Prime Video Begins October 4!,"[sourceLink asin="""" asin_jp="""" cdj_product_id="""" text="""" url="""" ]
	



[en]What You Need to Know: [/en][es]Lo que necesitas saber: [/es] 


	SANDA, by Paru Itagaki (creator of BEASTARS), is an unconventional Santa Claus action series set in near-future Japan, where extreme measures are taken to protect children amid a sharp population decline. The anime premieres in Japan on October 3, 2025, with exclusive worldwide streaming on Prime Video beginning October 4 at 2:53 a.m.

	Today, the main visual and full promotional video were released. The main visual depicts Daikoku Welfare Academy, where protagonist Sanda and his classmates study, with school principal Hifumi Oshibu—who exerts extreme control over the children—looming in the background. Santa Claus dramatically bursts through glass, symbolizing hope in a bleak future.

	The reveal also introduces key characters and cast: Toshihiko Seki voices 92-year-old principal Oshibu, who obsessively clings to youth through repeated full-body plastic surgery, and Hiroaki Hirata plays Saburo Yagiuda, ace of the St. Nick Pursuit Unit dedicated to capturing Santa. Comments from both voice actors are included below.

	The promotional video, showcasing Science SARU’s dynamic animation, portrays a world where children are tightly controlled and Santa is freed from a curse through wishes. It also features the first voice lines from the newly revealed characters Oshibu and Yagiuda.

The opening and ending themes have also been announced. The opening theme, “Childlike Adults,” is by yama, and the ending theme, “Diary,” is by Soushi Sakiyama. Comments from both artists are included below.


https://youtu.be/PG9F1afLT-Y
	
	New Characters and Voice Cast Revealed, with Comments!
		Hifumi Oshibu (Voiced by Toshihiko Seki)
The 92-year-old principal of Daikoku Welfare Academy, where Sanda and his classmates study. Obsessed with youth, he repeatedly undergoes full-body plastic surgery. He has an extreme dislike of adults and goes to abnormal lengths to protect and monitor his students’ every move.

		Comment
1. How did you feel when you were cast as Oshibu in SANDA? And what message do you have for fans looking forward to the series?
Of all Paru Itagaki’s works, SANDA was one I was especially interested in. And among her many characters, Hifumi Oshibu’s personality stands out. I approached the role with a fresh mindset to fully capture his unique presence. Please look forward to it!

2. Since this is an action series featuring Santa Claus, is there anything you’d want to ask him for?
If Santa Claus were like the one in this series, every Christmas would be far more exciting! But if a real Santa Claus existed, I think I’d ask him to promise a future where children everywhere can live in safety.

		Profile
Born: Tochigi Prefecture
Major roles: Muzan Kibutsuji in Demon Slayer: Kimetsu no Yaiba, Medama Oyaji in Birth of Kitaro: The Mystery of GeGeGe, and Hansuke Doi in Nintama Rantaro


		Saburo Yagiuda (Voiced by Hiroaki Hirata)
The ace of the St. Nick Pursuit Unit dedicated to capturing Santa. Twenty years ago, he inflicted a serious injury on Santa Claus.

		Comment
1. How did you feel when you were cast as Yagiuda in SANDA? And what message do you have for fans looking forward to the series?
Although my character only appears partway through the story, I was warmly welcomed and had a great time recording. These days, there aren’t many productions where we go out drinking after recording, but with this one, everyone’s a heavy drinker, and I got dragged out until late at night every time. I’m counting on you, Murase!

2. Since this is an action series featuring Santa Claus, is there anything you’d want to ask him for?
Although I’m over 60, I’m still full of worldly desires. I think I’d ask Santa to help me become the kind of person who can say, “I have nothing more to wish for.”

		Profile
Born: August 7, 1963, Tokyo
Major roles: Sanji in ONE PIECE, Sha Gojyo in Saiyuki, and Beryl Gardenant in From Old Country Bumpkin to Master Swordsman
		
		Opening Theme Song
“Childlike Adults” by yama (Sony Music Labels Inc.)

		Comment from yama　　　
What does it mean to be an adult? Simply growing older does not necessarily make you one. Likewise, I do not believe that being young automatically makes someone a child.
Silently carrying pain is both weakness and fragility, and facing it alone might be a clumsy way of avoiding reality.
I once thought there was virtue in growing older while holding onto that fragility. But in recent years, whether with people close to me or through music, I have gradually begun to open my heart.
The line between myself and others has not changed, yet through connecting with others I discover new sides of myself. I do not think of myself as either an adult or a child, but rather believe that people possess both qualities at any age.
It is not about clinging to one side or deciding what is right or wrong. I have simply realized that I want to trust someone, and that is also a way of trusting myself.
To anyone else who feels caught between the two, I hope this reaches you.

		Ending Theme Song
“Diary” by Soushi Sakiyama (Sony Music Labels Inc.)

		Comment from Soushi Sakiyama
I’m honored to perform the ending theme. I felt a deep connection to Kazushige’s inner struggle, caught between adulthood and childhood, and I poured those emotions into the song. In a world without clear answers, where each person’s idea of justice collides, the way Kazushige moves forward with so many voices in his heart has moved me time and again. I hope you enjoy the song together with the anime.
		
			TV Anime SANDA Overview
Broadcast begins October 3, 2025 in Japan
Official X (formerly Twitter): x.com/sanda_anime
Official website: sanda.red

		Cast
Kazushige Sanda: Ayumu Murase
Santa Claus: Hiroki Touchi
Shiori Fuyumura: Umeka Shoji
Ichie Ono: Anna Nagase
Hitoshi Amaya: Yuuki Shin
Nico Kazao: Misato Matsuoka
Hifumi Oshibu: Toshihiko Seki
Saburo Yagiuda: Hiroaki Hirata

		Staff
Original: “SANDA” by Paru Itagaki (Akita Shoten / Shonen Champion Comics)
Director: Tomohisa Shimoyama
Script: Kimiko Ueno
Music: Tomoyuki Tanaka (FPM)
Character Design & Chief Animation Director: Masamichi Ishiyama
Art Director: Miki Higaki
Color Design: Saori Goda
Compositing Director: Hikari Itoh
Editor: Kiyoshi Hirose
Sound Director: Keiichiro Miyoshi
Animation Production: Science SARU

Opening Theme song: “Childlike Adults” by yama
Ending Thema song: “Diary” by Soushi Sakiyama
	
	Original Manga
Volumes 1 through 16 of Paru Itagaki’s SANDA (published by Akita Shoten under the Shonen Champion Comics label) are now on sale!	

[en]Source: [/en][es]Fuente: [/es]Official Press Release

[ad_bottom class=""mt40""]",https://honeysanime.com/main-visual-and-promotional-video-out-now-exclusive-worldwide-streaming-on-prime-video-begins-october-4/,Honey's Anime,One Piece,real
Maaya Sakamoto’s 30th Anniversary Best Album  M30 ~Your Best~ Coming October 22!!,"[sourceLink asin="""" asin_jp="""" cdj_product_id="""" text="""" url="""" ]
	



[en]What You Need to Know: [/en][es]Lo que necesitas saber: [/es] 


	The multi-talented artist, Maaya Sakamoto, is in the middle of her 30th year in the industry making music, voice acting, writing and more. Today, the top 15 songs that fans voted for during her special anniversary campaign “Maaya’s Best Song” have been released to the public.

The two-month-long campaign lasted from April 24th to June 30th of this year, during which fans from around the world voted for their favorite Maaya Sakamoto songs out of a whopping 255 total tracks spanning over 30 years. Here are the top 15 results

	Maaya Sakamoto’s 30th Anniversary Website
jvcmusic.co.jp/maaya/30th
	
	Top 15 Songs by Maaya Sakamoto
#1 Platinum
#2 tune the rainbow
#3 Be Mine!
#4 Yakusoku wa Iranai
#5 Hikari A-re
#6 Mameshiba
#7 Loop
#8 Kiseki no Umi
#9 Hemisphere
#10 Magic Number
#11 blind summer fish
#12 Chikai
#13 Yucca
#14 Remedy
#15 Kore Kara

Maaya’s new 30th anniversary best compilation album titled M30 ~Your Best~ has also been given a release date. This is the first best album to be released since everywhere, which came out 15 years ago. The two-disc album will include the top 15 fifteen songs chosen by fans and 15 songs chosen by artists and peers who worked with Maaya over the course of her 30-year-long career. First-edition copies will come with a Blu-ray disc with recordings of live performances of all top 15 songs and a 30th anniversary music video featuring a medley of 30 songs.	
	
	Product Information
Artist: Maaya Sakamoto
Title: 30th Anniversary Best Album M30 ~Your Best~
Release: October 22, 2025
First Edition (2CD+Blu-ray): VTZL-261/ 6,600 yen (tax incl.)
Standard Edition (CD): VTCL-60651~2/ 3,520 yen (tax incl.)

	Disc 1 “30th Anniversary Campaign Maaya’s Best Song Top 15”
1. Platinum
2. tune the rainbow
3. Be Mine!
4. Yakusoku wa Iranai
5. Hikari A-re
6. Mameshiba
7. Loop
8. Kiseki no Umi
9. Hemisphere
10. Magic Number
11. blind summer fish
12. Chikai
13. Yucca
14. Remedy
15. Kore Kara

	Disc 2 “Maaya’s Best 15 Songs as Chosen by Peers”
1. Bokura no Rekishi
2. Hashiru
3. eternal return
4. Get No Satisfaction!
5. coming up 
6. birds
7. Dive
8. Koucha
9. Yuuran Goblet
10. Shikisai
11. Sunshine
12. Topia
13. Okaerinasai
14. Singer-Songwriter
15. Nekoze

	Streaming Information
Available on select music streaming services and major music download platforms such as iTunes Store, Rekochoku and mora on October 22, 2025!

	Streaming services:
Apple Music, Spotify, YouTube Music, LINE MUSIC,  Amazon Music, Deezer, AWA, Rakuten Music, KKBOX, Qobuz
Music videos will be available on Apple Music, YouTube Music, LINE MUSIC, and U-NEXT.

Pre-add/Pre-save Here: jvcmusic.lnk.to/m30yourbest	
	
	Maaya Sakamoto
Born in Tokyo, she began her career as a child actress at the age of eight. She made her CD debut in 1996 with the single “Yakusoku wa Iranai.” Following her 2011 album You Can’t Catch Me, which topped the Oricon chart, she began actively collaborating with a wide range of other artists and musicians. Since her 2013 album Singer-Songwriter, she has also been composing music for other artists.

In 2019, she released her 30th single “Uchuu no Kioku” (produced by Ringo Sheena) and her 10th original album Kyou Dake no Ongaku. In 2020, she released her 25th anniversary album Single Collection+ Achikochi and the digital single “Yakudo,” which topped the Oricon chart.

In July 2021, her radio program “Vitamin M,” which she had been hosting for 20 years, reached its 1,000th broadcast and entered its 21st year. In May 2022, she released the double tie-up single “Sumire / Kotoba ni Dekinai,” with music written and arranged by Shigeru Kishida.

To date, she has released 35 singles and 11 full albums. As a lyricist, in addition to writing her own original songs, she has also written many songs for other artists, including Kinki Kids’ “Hikari no Kehai,” Mamoru Miyano’s “Toumei,” and Walküre’s “Kaze wa Yokoku Naku Fuku,” and has published her own lyrics book Shishu (Kadokawa). 

She won the 38th Kazuo Kikuta Theater Award for her performance as Jerusha in the musical Daddy-Long-Legs. Her latest essay collection Manpukuron - Asu ni Kaburitsuke (Kadokawa) has also garnered attention.

In addition to her singing career, she is active as a voice actress, actress, lyricist, essayist, and radio personality. Her fresh and vibrant voice is loved by fans not only in Japan but also around the world. In 2025, she will celebrate her 30th anniversary as a performer and is set to contribute the opening theme song for the TV anime Aru Majo ga Shinu Made.

Official homepage: jvcmusic.co.jp/maaya
Official YouTube channel: youtube.com/user/maayasakamotoCh
X: x.com/maayas_official
Instagram: instagram.com/maayasakamoto_official
TikTok: tiktok.com/@maayasakamoto_official
Tags: #maaya_30th
	

[en]Source: [/en][es]Fuente: [/es]Official Press Release

[ad_bottom class=""mt40""]",https://honeysanime.com/maaya-sakamoto-30th-anniversary-best-album-m30-your-best-coming-october-22/,Honey's Anime,unknown,real
ELLEGARDEN Releases Music Video for  ONE PIECE Opening Theme “Carmine”,"[sourceLink asin="""" asin_jp="""" cdj_product_id="""" text="""" url="""" ]
	



[en]What You Need to Know: [/en][es]Lo que necesitas saber: [/es] 


	ELLEGARDEN released the music video for their latest song, “Carmine,” on August 17. 

The video features realistic concert scenes, brought to life with the help of about 300 fans who appeared as extras. The track is their first new release in about three years, following their sixth album The End of Yesterday (2022). It also marks the band’s first song written specifically for an anime, serving as the opening theme for the TV anime ONE PIECE.


https://youtu.be/Qp8SwP3Ggl8	
	
	Music Video Staff Credit
Producer: Kaishu Kamotani
Director: O
Assistant Director: Issyo Suzuki
Offline Director: Ryuji Noda
Online Editor: Drug Store Cowboy, ayumu yokoi (moff)

Cast: Kudotsu, Miyuzu, Masato Fukuda, Kenshiro Nakamoto, JAY, ELENA
Casting: OIP, Mona Nakahara (SKALY)

Carmine on music services:
lnk.to/EG_carmine

Opening video on official ONE PIECE YouTube channel:
youtube.com/watch?v=JqUWua4MrIM

	ELLEGARDEN LINK
Official Website: https://ellegarden.jp
X: https://twitter.com/ELLEGARDEN_OFCL 
Instagram: https://www.instagram.com/ellegarden_official 
YouTube: https://www.youtube.com/channel/UC5CRHe4xL-hoQclcBzPb_mg/videos 	

[en]Source: [/en][es]Fuente: [/es]Official Press Release

[ad_bottom class=""mt40""]",https://honeysanime.com/ellegarden-releases-music-video-for-one-piece-opening-theme-carmine/,Honey's Anime,One Piece,real
"AVIOT to Exhibit at Anime NYC 2025,  the Largest Anime Convention on the U.S. East Coast","[sourceLink asin="""" asin_jp="""" cdj_product_id="""" text="""" url="""" ]
	



[en]What You Need to Know: [/en][es]Lo que necesitas saber: [/es] 


	AVIOT, operated by Preseed Japan Corporation, which manufactures and sells consumer electronics, has announced that it will exhibit at Anime NYC 2025, the largest anime convention on the U.S. East Coast, held in New York City from August 21 to August 24, 2025.
	
	Exhibition Content
	Exhibition and Sale of Collaboration Wireless Earbuds Featuring Various IP Contents
We will be showcasing and selling collaboration models featuring various IPs, including anime, games, and VTubers. Some products will be available to try at the venue.

	Life-Size Panels of hololive English -Advent- and -Myth- Members
To commemorate the release of the AVIOT × hololive English -Advent- collaboration model, life-size panels of Shiori Novella, Koseki Bijou, Nerissa Ravencroft, Fuwawa Abyssgard, and Mococo Abyssgard will be on display.
The life-size panels of Mori Calliope, Takanashi Kiara, Ninomae Ina’nis, Gawr Gura, and Watson Amelia from the AVIOT × hololive English -Myth- collaboration, which were very popular at last year’s Anime NYC 2024, will also be making a return appearance!

*Please note that the event details are subject to change without prior notice.

	Exclusive Event Gifts for Pre-Orders of the hololive English -Advent- Collaboration Model
Customers who pre-order the AVIOT × hololive English -Advent- collaboration model “TE-V1R-HE2” will receive an exclusive gift at the event. Visit the AVIOT booth and show proof of your pre-order (such as an order confirmation email or a screenshot of the web page) to receive a postcard featuring a newly drawn illustration.
*Limited to one postcard per person. Available while supplies last.



	
		
			
		
		[sourceLink asin="""" asin_jp="""" cdj_product_id="""" text="""" url="""" ]
	



In addition, those who purchase the AVIOT × hololive English -Myth- collaboration model “TE-V1R-HEN” at the event will receive a limited-edition postcard set.

*Limited to one set per person. Available while supplies last.
	


	
		
			
		
		[sourceLink asin="""" asin_jp="""" cdj_product_id="""" text="""" url="""" ]
	

	
	
	TE-V1R-HE2 Product Details
Product Page: 
en.aviot.jp/product/te-v1r-he2


	TE-V1R-HEN Product Details
Product Page: 
	en.aviot.jp/product/te-v1r-hen
Promotion Movie:
youtu.be/A_MwLSNwQSM

	About the Exhibition
Venue: Jacob K. Javits Convention Center
AVIOT (Preseed Japan Corporation) Booth Number: 1809
Exhibition Period:
Thursday, August 21 to Sunday, August 24 (Eastern Daylight Time, U.S.)

About AVIOT
AVIOT, born in 2018 as the original brand of Preseed Japan Corporation, aims to deliver products that convey high-quality Japanese craftsmanship in sound, delicate and beautiful design, and easy-to-use electronic products. In 2023, the brand restarted with the addition of “A Visionary Innovation On Technology” to its name, aiming to be an electronic devices brand that goes beyond the framework of audio-visual products. The vision is to bring innovation through the power of technology and deliver “something that changes your lives” to customers.

Company Name: Preseed Japan Corporation
Representative: CEO Founder Hirokazu Tsuchiyama
Address: 4-16-7 Sendagaya, Shibuya-ku, Tokyo 151-0051, DT Building 3F
Business Activities: 
1) Manufacturing, importing, and selling wireless audio equipment and IoT-related products
2) Importing and selling mobile accessories
3) Managing an e-commerce website

AVIOT Official Website: aviot.jp
AVIOT Official X (formerly Twitter): twitter.com/AVIOT_JP
AVIOT Official Instagram: instagram.com/aviotjapan
AVIOT Official TikTok: tiktok.com/discover/AVIOT	

[en]Source: [/en][es]Fuente: [/es]Official Press Release

[ad_bottom class=""mt40""]",https://honeysanime.com/aviot-to-exhibit-at-anime-nyc-2025-the-largest-anime-convention-on-the-u-s-east-coast/,Honey's Anime,unknown,real
"ELLEGARDEN Releases ONE PIECE Opening Theme “Carmine” Digitally, Reveals Jacket Visual","[sourceLink asin="""" asin_jp="""" cdj_product_id="""" text=""尾田栄一郎／集英社・フジテレビ・東映アニメーション"" url="""" ]
	



[en]What You Need to Know: [/en][es]Lo que necesitas saber: [/es] 


	ELLEGARDEN’s latest single “Carmine” was released digitally on August 10. Their first new work in about three years—following their sixth album The End of Yesterday in 2022—the track was written as the opening theme for the TV anime ONE PIECE. This is the first time in the band’s history that they have created a song specifically for an anime.

	The offer to create the opening theme was extended to vocalist and guitarist Takeshi Hosomi, a longtime fan of the series, leading to the collaboration. The song was released at 11:45 p.m., immediately after the episode in which it first aired.

The opening video is now available on the official ONE PIECE YouTube channel. The music video for “Carmine” will premiere on ELLEGARDEN’s official YouTube channel at 11:45 p.m. on August 17.


	Artwork
Illustration (Original Sketch): Chiharu Akakura
Coloring: Miki Horiike
Typography & Layout: Tomoko Kikuchi (TOYBOX)

Carmine on music services:
lnk.to/EG_carmine

Opening video on official ONE PIECE YouTube channel:
youtube.com/watch?v=JqUWua4MrIM

	ELLEGARDEN LINK
Official Website: https://ellegarden.jp
X: https://twitter.com/ELLEGARDEN_OFCL 
Instagram: https://www.instagram.com/ellegarden_official 
YouTube: https://www.youtube.com/channel/UC5CRHe4xL-hoQclcBzPb_mg/videos 	

[en]Source: [/en][es]Fuente: [/es]Official Press Release

[ad_bottom class=""mt40""]",https://honeysanime.com/ellegarden-releases-one-piece-opening-theme-carmine-digitally-reveals-jacket-visual/,Honey's Anime,One Piece,real
Next-Generation Virtual Esports Project VSPO! Announces First Original Album VSPO! Songs Collection “DIAMOND in the ROUGH” with Jacket Art and Tracklist Revealed,"[sourceLink asin="""" asin_jp="""" cdj_product_id="""" text="""" url="""" ]
	



[en]What You Need to Know: [/en][es]Lo que necesitas saber: [/es] 


	VSPO!, a VTuber project with over 10 million YouTube subscribers, is set to release their first original album VSPO! Songs Collection “DIAMOND in the ROUGH,” on November 15, 2025. Newly created illustrations, jacket designs, and the tracklist have now been revealed.

	Produced in collaboration with Bandai Namco Music Live’s label Lantis, the album features 24 tracks: the concept song “DIAMOND in the ROUGH” for VSPO! Festival 2025 (November 22–24), plus solo songs from each of the 23 VSPO! members. Notable creators such as Shinji Suzuki, Yuki Honda, and Hiroto Kikuchi contributed, crafting tracks that highlight the members’ unique personalities.

	Additionally, the album comes with 24 custom EP-sized jacket cards, allowing fans to select their favorite jacket as the CD cover. When placed together, the 24 cards form a large diamond-shaped design.

This limited edition will be available at the VSPO! Festival 2025 event held over three days at LaLa arena TOKYO-BAY, as well as through the VSPO! OFFICIAL ONLINE STORE and Animate stores in Japan (including Animate’s online shop).


	Product Information
VSPO!
Songs Collection “DIAMOND in the ROUGH”
Release Date: November 15, 2025

	Limited Edition
Price: ¥4,950 (including 10% tax)
Product No.: LACZ-10315–6
24 tracks (1 group song and 23 solo songs)
Includes 24 EP-sized custom jacket cards + clear sleeve

Released by: Bandai Namco Music Live Inc.
Distributed by: Bandai Namco Filmworks Inc.

	

	
		
			
		
		[sourceLink asin="""" asin_jp="""" cdj_product_id="""" text="""" url="""" ]
	


	
	Participating Members
Sumire Kaga, Nazuna Kaga, Toto Kogara, Uruha Ichinose, Noah Kurumi, Mimi Tosaki, Sena Asumi, Hinano Tachibana, Lisa Hanabusa, Ren Kisaragi, Qpi Kaminari, Beni Yakumo, Ema Aizawa, Runa Shinomiya, Tsuna Nekota, Ramune Shirana, Met Komori, Akari Yumeno, Kuromu Yano, Kokage Tsumugi, Yuuhi Sendo, Hanabi Choya, Moka Amayui

	Tracklist
1. DIAMOND in the ROUGH
2. Tama ni wa Yume no Escape
3. Nasunazo Wonderland
4. Kimi ga Kureta Hane
5. Ever Blue
6. Kimi no Ichiban ni Naritai
7. Rabirabyu
8. Momentary Light
9. Dai♡Dai♡Dai♡Daisuki
10. Hisuika
11. Slow Bloom
12. Thunderbolt
13. Temptation
14. Aizome no Sora
15. Anone
16. Tekizai Tekisho One More Try!
17. Yurayura Summer
18. Everyday Party Time!
19. Big Dreamer
20. Ready set glow
21. Hitokuchi no Mahou
22. Sunset Explorer
23. Chouei Kiran
24. Next Page



	
		
			
		
		[sourceLink asin="""" asin_jp="""" cdj_product_id="""" text="""" url="""" ]
	


	
	Festival Information
Title: VSPO! Festival 2025
Venue: LaLa arena TOKYO-BAY (https://lalaarenatokyo-bay.com/)
Dates: November 22 (Sat), 23 (Sun), and 24 (Mon), 2025
Time: Doors open 10:00 / Start 11:00 / End 21:00 *Ends at 18:00 on day one only
Performers: VSPO!, VSPO! EN, VSPO! CN
Official site: event.vspo.jp/vspo-festival-2025/en/index.html

	VSPO! PROFILE
VSPO! is a next-generation virtual esports project that approaches gaming with real passion. Using games and esports as a common language, it inspires fans to move forward by embracing challenges and effort. The project spans multiple media, including VTuber streaming, esports tournaments, and anime.

	Website & Social Media
Official Website: vspo.jp/en
X: x.com/Vspo77
YouTube: youtube.com/@Vspo77	

[en]Source: [/en][es]Fuente: [/es]Official Press Release

[ad_bottom class=""mt40""]",https://honeysanime.com/next-generation-virtual-esports-project-vspo-announces-first-original-album-vspo-songs-collection-diamond-in-the-rough-with-jacket-art-and-tracklist-revealed/,Honey's Anime,unknown,real
Opening Theme Song for Kakuriyo no Yadomeshi: Ni is Masayoshi Oishi’s “Tooryanse” sung by Nao Toyama!,"[sourceLink asin="""" asin_jp="""" cdj_product_id="""" text="""" url="""" ]
	



[en]What You Need to Know: [/en][es]Lo que necesitas saber: [/es] 


	The new opening theme song for TV anime Kakuriyo no Yadomeshi: Ni  “Tooryanse” by voice actress and singer Nao Toyama will be released November 5, 2025. The song was written and composed by hit-maker Masayoshi Oishi. This upbeat pop song with a Japanese twist that stays true to the lively and unique world of Kakuriyo no Yadomeshi, where supernatural beings and humans dwell together and explore themes such as “connection” and “belonging.”

Limited first edition copies of the single will include select recordings from Nao Toyama’s solo live concert “Watashi no Kangaeta Muteki na Setlist!” These valuable recordings were chosen by Nao Toyama herself for the single. The limited anime edition will include an original illustrated CD cover and a special variety program featuring Nao Toyama recreating the dishes served in Kakuriyo no Yadomeshi: Ni as well.
Don’t miss out on this charming opening theme song and gorgeous single!


	Nao Toyama’s Comment
It was my pleasure to sing the theme song “Tooryanse” for the sequel of Kakuriyo no Yadomeshi. Thank you! Seven years ago, “Tomoshibi no Manimani” became one of my signature songs and a frequent number during my live concerts, still loved by fans until this day. Masayoshi Oishi’s killer track “Tooryanse” captures the bizarre and lively feeling of living alongside demons in the world of Kakuriyo no Yadomeshi. I hope that this song will become a treasure that everyone can treasure together! Please enjoy!

	Masayoshi Oishi’s Comment
I had the pleasure of writing and composing the opening theme song “Tooryanse!” I had always wanted to write a song for Nao Toyama and for a popular series like Kakuriyo no Yadomeshi, so I was incredibly happy when I was approached for this song! I wanted to create something lively with a distinct Japanese sound that was powerful and exotic. I hope this track brings  a little something extra to the work!

	Release Information
November 5, 2025

Limited First Edition: VTZL-257
CD and Blu-ray: 3,740 yen (tax incl.)

Limited Anime Edition: VTZL-258
CD and DVD: 2,860 yen (tax incl.)

Standard Edition: VTCL-35388
CD only: 1,540 (tax incl.) 

	Streaming Information
jvcmusic.lnk.to/toyamanao
Available on select music streaming services and major music download platforms such as iTunes Store, Rekochoku and mora.
Streaming services:
Apple Music, Spotify, YouTube Music, LINE MUSIC,  Amazon Music, Deezer, AWA, Rakuten Music, KKBOX

	Nao Toyama's Profile
Birthday: March 11
Blood Type: A
Hometown: Tokyo
Hobbies: Singing, dancing, playing the electric organ

Nao Toyama made her voice acting debut in 2010. She attracted a lot of attention for her role as Kanon Nakagawa in the TV anime The World God Only Knows. After that, she went on to play characters in numerous popular works, such as Karen Kujo in Kin-iro Mosaic, Chitoge Kirisaki in Nisekoi, Reina Prowler in MacrossΔ, and Rin Shima in Yuru CampΔ.

She also belongs to popular groups Rhodanthe* and Walküre, both of which were born in anime, and has enthralled fans with her clear voice and flawless performances. On February 1, 2017, she made her debut as a singer with “True Destiny/Chain the world,” tie-up songs for the anime Chain Chronicle: Haecceitas no Hikari, and on February 3, 2018, she held her first solo live at the Nippon Budokan. 

In 2019, she held her first solo tour and performed overseas in Taipei and Shanghai. In 2020, she celebrated her 10th anniversary as a voice actress by releasing her character song best album “Special Thanks” and holding a 10th anniversary concert titled “Special Thanks! Festival” at Tokyo Garden Theater. In 2022, she celebrated the 5th anniversary of her singing debut with five projects. On February 22, 2025, she held her solo live concert “Watashi no Kangaeta Muteki na Setlist!”

	Masayoshi Oishi's Profile
Born in 1980 in Uwajima city, Ehime Prefecture.
Singer, songwriter, musician.

Debuted in 2001 with the three-man band Sound Schedule which he formed while in university. In 2008, he made his solo debut under the name Masayoshi Oishi. His unique style of storytelling while playing guitar and impressive fingering technique has become a topic of interest on YouTube and has captured the attention of younger generations.

In 2014, he began creating anime and gaming content. In 2017, his track “Welcome to Japari Park” the opening theme song for Kemono Friends became a huge hit. He’s worked on numerous popular anime series, formed the musical unit OxT with Tom-H@ck, and created songs for various artists under different names.

[en]Source: [/en][es]Fuente: [/es]Official Press Release

[ad_bottom class=""mt40""]",https://honeysanime.com/opening-theme-song-for-kakuriyo-no-yadomeshi-ni-is-masayoshi-oishis-tooryanse-sung-by-nao-toyama/,Honey's Anime,unknown,real
New Panty & Stocking with Garterbelt The Soundtrack On Sale September 24!,"[sourceLink asin="""" asin_jp="""" cdj_product_id="""" text="""" url="""" ]
	



[en]What You Need to Know: [/en][es]Lo que necesitas saber: [/es] 


	Listen to all the colorful tracks featured in New Panty & Stocking with Garterbelt compiled onto one original soundtrack going on sale Wednesday, September 24, 2025!

	This collection thoroughly pursues the anime’s unique sound, featuring songs carefully selected by music producer Taku Takahashi (m-flo), including over 15 vocal tracks used in the anime all in one place. The energetic, genre-less sound further accelerates the extreme yet stylish world of Panty & Stocking. 

	Limited first edition copies will include 2 discs; the main disc compiled of all the vocal songs and a second bonus disc with special tracks. The standard edition will include previously unrecorded vocal tracks,  BGM and instrumental versions on a jam-packed disc that music fans won’t want to miss. In addition, the cast makes a comeback in another audio drama “intermisshion,” for a whopping total of 140 minutes of “ear-gasmic” content on two cds.

The case features exclusive artwork by director Youji Imaishi. Experience the fresh sound and charm of New Panty & Stocking!


	Release Information
Title: New Panty & Stocking with Garterbelt The Soundtrack
Release date: September 24, 2025
Limited first edition (2-disc): VTZL-256/ 4,620 yen (tax incl.)
Standard edition (1-disc): VTCL-60650/ 3,520 yen (tax incl.)

	Streaming information
Available for streaming and download September 25, 2025.
Pre-add/pre-save here: jvcmusic.lnk.to/newpantystocking_ost
Available on select music streaming services and major music download platforms such as iTunes Store, Rekochoku and mora.

	Streaming services:
Apple Music, Spotify, YouTube Music, LINE MUSIC,  Amazon Music, Deezer, AWA, Rakuten Music, KKBOX

[en]Source: [/en][es]Fuente: [/es]Official Press Release

[ad_bottom class=""mt40""]",https://honeysanime.com/new-panty-stocking-with-garterbelt-the-soundtrack-on-sale-september-24/,Honey's Anime,unknown,real
BEYBLADE X US National Tournament Brings Anime-Worthy Duels to Los Angeles Anime Expo 2025,"[sourceLink asin="""" asin_jp="""" cdj_product_id="""" text="""" url="""" ]
	




  
TAKARATOMY held its first-ever Beyblade X National U.S. Open-Class Qualifier as part of their BEYBLADE X World Championship 2025, hosted inside the Los Angeles Anime Expo ― marking 25 years since the brand first arrived in the U.S.!  If that’s not hinting at how exhilarating this contest was, keep on reading!
 




	
		
			
		
		[sourceLink asin="""" asin_jp="""" cdj_product_id="""" text="""" url="""" ]
	

		
	
  
    
A surge of excitement radiated through the Entertainment Hall,  and for those attendees who visited, it was common to hear the thrilling chant of “3… 2… 1… Let it RIP!!” echoing through the venue. It was an instant attention-grabber for fans young and old who had ever watched the anime or played Beyblade themselves. Impossible to miss, the Beyblade championship arena drew in thousands of spectators over the four days of the convention. On Saturday, July 5, the tournament reached its final stage, attracting 128 competitors who made history by participating in the first official U.S. Open-Class single-elimination showdown.    
  
	



	
		
			
		
		[sourceLink asin="""" asin_jp="""" cdj_product_id="""" text="""" url="""" ]
	

		
	
  
    
Not only did contestants experience the structure of an official tournament, like those held in Japan, but this was also foreshadowing, as the champion of the U.S. tournament would advance to the Beyblade X World Championship 2025 in Japan, with an all-expenses-paid trip to represent the United States.

Honey’s Anime had the opportunity to sit front row for the final showdown, and trust us when we say the crowd was filled with extreme positivity, immaculate energy, and a raging hype that built up even more each round.
    
  
	



	
		
			
		
		[sourceLink asin="""" asin_jp="""" cdj_product_id="""" text="""" url="""" ]
	

		
	
  
    
Starting with the third-place match, TMS faced Cosmo Dragon, a duel that TMS slayed with a 3-point victory, a survivor finish!
    
  




	
		
			
		
		[sourceLink asin="""" asin_jp="""" cdj_product_id="""" text="""" url="""" ]
	

		
	
  
    
Next up was Yushwa, cosplaying as Takao Kinomiya, the protagonist of “Bakuten Shoot Beyblade,”the first series of the Beyblade anime. His opponent was ElenaBEY, a woman who won the hearts of the crowd thanks to her meme-worthy championship picture. Despite their playful demeanor, the two finalists delivered a seriously intense battle that was just as exciting as duels we’ve seen in the anime!    
  




	
		
			
		
		[sourceLink asin="""" asin_jp="""" cdj_product_id="""" text="""" url="""" ]
	

	

  
    
This battle was truly worthy of being the last match in the national US championship, it had it all. Mid-air collision, survivor finish, and a double knockout finish you name it! This battle was intense. In the end, ElenaBEY’s trusty Dran Buster 5-60 LF pulled through, helping her make a comeback after a draw and score two points with a knockout to win the championship.
    
  




	
		
			
		
		[sourceLink asin="""" asin_jp="""" cdj_product_id="""" text="""" url="""" ]
	

	



	
		
			
		
		[sourceLink asin="""" asin_jp="""" cdj_product_id="""" text="""" url="""" ]
	

	

  
    
The Entertainment Hall erupted with intense cheering for ElenaBEY, who secured her ticket to Tokyo this October for the global finals. But she wasn’t the only one being celebrated. The crowd was going wild for all eight top competitors who delivered thrilling action throughout the day.

We had the opportunity to do a quick interview with the top 3, and this is what they had to say:
    
  


Interview with TMS, 3rd Place



	
		
			
		
		[sourceLink asin="""" asin_jp="""" cdj_product_id="""" text="""" url="""" ]
	



Q: Did you come today with the intention of winning, or just having fun? Did you expect to make it this far?
A: I came all the way from Texas to win. I was waiting since 2018 for this moment and the experience was insane; I’m just really happy to get to compete. 
Q: How did you hear about this tournament at AX, and was this your first time in a tournament? 
A: I’m a content creator who focuses on competitive Beyblade so of course I knew about this and I’ve been in 32 tournaments just in the past 6 months to make it here. 
Q: After today’s defeat, do you plan on changing your strategy?
A: I plan to constantly change my style as always, trying out different styles of my interest.

Interview with Yushwa, 2nd Place



	
		
			
		
		[sourceLink asin="""" asin_jp="""" cdj_product_id="""" text="""" url="""" ]
	



Q: After such an intense spin-off against ElenaBEY, how do you feel?
A: Exhausted! And stressed, but I wanted to make sure people had a good time watching the match.
Q: We’ve noticed you have quite a fan following among the crowd. Do you have a few words to share with your fans?
A: SoCal is still strong.  We need more tournaments, more opportunities to give a chance to more players. Don’t stop playing until Beyblade becomes an e-sport! Until then, we need to take care of each other. I hope everyone had fun watching my matches and that I could deliver what the crowd wanted to see.

Interview with ElenaBEY, US Champion



	
		
			
		
		[sourceLink asin="""" asin_jp="""" cdj_product_id="""" text="""" url="""" ]
	



Q: In a competitive scene like Beyblade X, how do you feel as a woman having won this championship in a game predominantly played by men?
A: Now I feel proud to represent women in Beyblade, not only as the U.S. champion. I want to show that Beyblade is for everyone, and I hope my win influences more women to join the world of Bey.
Q: Did you come to this tournament focused on winning?
A: I never expected to reach the top, or win! My friends helped me out with the knowledge of what Beyblade to pick, they helped me a lot through the preliminaries so I feel this win is for everyone who helped me. I am surprised I won!
Q: Were you surprised that the champion would have a chance to trip to Japan to join the BEYBLADE X World Championship 2025?
Is this your first time going?
A: No, it wasn’t a surprise. People were talking about the chance to compete in the World Championship in Japan. It’s not my first time in Japan, but I’m really looking forward to the shopping and food in Tokyo!
Q: Any final words for your fans?
A: The most important thing is to have fun and keep playing!



	
		
			
		
		[sourceLink asin="""" asin_jp="""" cdj_product_id="""" text="""" url="""" ]
	



  
    
The Beyblade X National Tournament not only made history in the U.S but also delivered an unforgettable experience to fans and players alike. Tokyo, get ready—passion is on its way from the U.S.
    
  


[author author_id=""020"" author="""" translator_id=""""]

[ad_bottom class=""mt40""]",https://honeysanime.com/beyblade-x-us-national-tournament-brings-anime-worthy-duels-to-los-angeles-anime-expo-2025/,Honey's Anime,unknown,real
ELLEGARDEN Chosen to Perform New Opening Theme Song for ONE PIECE! Promotional Video Featuring the Song Now Streaming!,"[sourceLink asin="""" asin_jp="""" cdj_product_id="""" text="""" url="""" ]
	



[en]What You Need to Know: [/en][es]Lo que necesitas saber: [/es] 


	ELLEGARDEN has been selected to perform the opening theme for the currently airing TV anime ONE PIECE.

	The offer to create the new theme was extended to ELLEGARDEN’s vocalist and guitarist, Takeshi Hosomi, a longtime fan of the series. He gladly accepted, saying, “If it’s for ONE PIECE, absolutely.” This marks the first time he has written a song specifically for an anime.

	A promotional video featuring the track is now available on the official ONE PIECE YouTube channel, and it was announced that the song will be released digitally at 23:45 on August 10.

The first episode to feature the new opening theme, “Carmine,” will air at 23:15 on August 10.


https://youtu.be/eCTUaaJVODc 

	ELLEGARDEN LINK
Official Website: ellegarden.jp
X: twitter.com/ELLEGARDEN_OFCL 
Instagram: instagram.com/ellegarden_official 
YouTube: youtube.com/channel/UC5CRHe4xL-hoQclcBzPb_mg/videos

[en]Source: [/en][es]Fuente: [/es]Official Press Release

[ad_bottom class=""mt40""]",https://honeysanime.com/ellegarden-chosen-to-perform-new-opening-theme-song-for-one-piece-promotional-video-featuring-the-song-now-streaming/,Honey's Anime,One Piece,real
WurtS Releases “Doukashiteru” Collaboration Music Video  with DAN DA DAN!,"[sourceLink asin="""" asin_jp="""" cdj_product_id="""" text="""" url="""" ]
	



[en]What You Need to Know: [/en][es]Lo que necesitas saber: [/es] 


	The second season of DAN DA DAN began airing in Japan on July 3. This special music video features highlights from episodes 13 to 17, offering a must-see experience for fans of the series.

	DAN DA DAN is a hit manga by Yukinobu Tatsu, currently serialized in Shueisha’s manga app Shonen Jump+ (updated every Tuesday), with over 10 million copies in circulation. The story follows Momo Ayase, a high school girl born into a family of spirit mediums, and her classmate Okarun Takakura, an occult fanatic, as they take on supernatural threats in this thrilling blend of occult battles and youthful adventure.


https://youtu.be/we3tmndN4Es

	Release Information
	WurtS
Digital Single
“Doukashiteru,” ending theme of DAN DA DAN season 2
	Out now: lnk.to/ds_ws
	
	WurtS CONCERT HALL TOUR Ⅱ -DIGITAL LOVE-
Oct 4 (Sat) – Kumamoto: Civic Hall Sears Home Yume Hall
Oct 5 (Sun) – Fukuoka: Sun Palace
Oct 7 (Tue) – Osaka: Orix Theater
Oct 13 (Mon) – Sendai: Sun Plaza Hall
Oct 17 (Fri) – Sapporo: Kanamoto Hall
Oct 21 (Tue) – Tokyo: Line Cube Shibuya
Oct 22 (Wed) – Tokyo: Line Cube Shibuya
Oct 26 (Sun) – Kobe: Kobe International House Kokusai Hall
Oct 28 (Tue) – Hiroshima: JMS Aster Plaza, Main Hall
Nov 1 (Sat) – Niigata: Terrsa 
Nov 2 (Sun) – Kanazawa: Hondanomori Hokuden Hall
Nov 14 (Fri) – Nagoya: Niterra Japan Mfg. Civic Center, Forest Hall
Nov 15 (Sat) – Nagoya: Niterra Japan Mfg. Civic Center, Forest Hall
Nov 24 (Mon) – Takamatsu: Sunport Hall
More info: https://wurts.jp

	Concert Schedule
Aug 10 (Sun) – UKFC on the Road 2025 – 15th ANNIVERSARY at Zepp Haneda
Aug 23 (Sat) – WILD BUNCH FEST. 2025 – YUMEBANCHI 50th ANNIVERSARY at Kirara Expo Memorial Park, Yamaguchi
Aug 29 (Fri) – SPACE SHOWER SWEET LOVE SHOWER 2025 – 30th ANNIVERSARY at Yamanakako Community Plaza Kirara, Yamanashi
Sept 6 (Sat) – TREASURE05X 2025 at Gamagori Laguna Beach
Sept 21 (Sun) – ROCK IN JAPAN FESTIVAL 2025 at Soga Sports Park, Chiba
Sept 28 (Sun) – JA Kyosai presents RADIO BERRY Beriten Live 2025 Special at Igashira Park Sports Field	
	
	Latest Release

WurtS
Digital Single
“BEAT,” theme song for the drama Koi wa Yami
Out now: lnk.to/WurtS_BEAT

https://youtu.be/f91pFb2FPgE	
	
	WurtS's Profile	
Launched in 2021, WurtS is a 21st-century-born solo artist who self-produces everything, from lyrics, composition, and arrangement to artwork and visuals. His music, centered on dance, is constantly evolving into a unique style of pop that blends genres such as rock, hip-hop, soul, and more.

−WurtS INFORMATION− 
Official Website: wurts.jp
X: x.com/wurts2021
Instagram: instagram.com/wurts2021
TikTok: tiktok.com/@nia_n_
YouTube Channel: youtube.com/@wurts2021

[en]Source: [/en][es]Fuente: [/es]Official Press Release

[ad_bottom class=""mt40""]",https://honeysanime.com/wurts-releases-doukashiteru-collaboration-music-video-with-dan-da-dan/,Honey's Anime,unknown,real
"[Honey's Anime Interview] Goro Taniguchi, Creative Producer for ""Enter the Garden"", an Anime Series by Azuki and Dentsu","At Anime Expo 2025, Honey’s Anime sat down with famous director Goro Taniguchi, best known for Code Geass, to talk about his latest experimental work as the creative producer for Enter the Garden, an original anime produced by Azuki in collaboration with Dentsu. Known for its unique blend of American streetwear aesthetics and traditional Japanese visuals, Enter the Garden marks a bold departure from Japan’s traditional anime production model. Taniguchi shared his thoughts on creative freedom, artistic philosophy, and how Azuki’s community is reshaping what it means to create anime.



		
 
	
    	
			Goro Taniguchi


	

 

    
         Honey-Chan





Interview with Goro Taniguchi
[gray-hex-decoration]

    
        
            
            
                
                
            
        
    
    
        
You've worked within the traditional Japanese pipeline of transforming an idea into anime. How has your experience differed working with Azuki, especially given their focus on short-format anime and changing how anime is produced?
			
    



    
        
            
            
                
                
            
        
    
    
In the past, I usually worked with stories that already existed. This time working with Azuki, there was no original material to reference. So the process started with me asking, “Is this the right path?” and then presenting my ideas to Azuki. Sometimes those ideas were rejected, but the key has been constant communication between us. I’ve had to understand Azuki’s goals and translate that into animation. This open, cross-partner dialogue is very different from working with Japanese publishers or studios that produce anime, manga, or light novels in a traditional format. So far, it’s been a refreshing and exciting change for me.		
    



    
        
            
            
                
                
            
        
    
    
        
Enter the Garden seems to be inspired heavily by modern American street fashion and traditional Japanese elements. Could you tell me more about what inspired the look and aesthetic of the world?
			
    



    
        
            
            
                
                
            
        
    
    
As I mentioned earlier, we first asked the Azuki side to show us what kind of things they were thinking about and wanted to do, as well as what kinds of fan art existed. From there, we picked out the parts of their ideas that we understood or that we also thought were cool. Staff members who understood the concept arranged everything in the form of Episode 1, Episode 2, and Episode 3.
    



    
        
            
            
                
                
            
        
    
    
        
Are there plans to introduce other cultural aspects from different countries in future episodes?
			
    



    
        
            
            
                
                
            
        
    
    
That’s something I intentionally avoid. Digging deeper into the reasoning, the staff working on the project had already had that kind of idea in the past; however, we have agreed on focusing on one style identity with room for subtle influences. If I direct that they should include other cultural references, it may hinder the staff’s creativity. That’s something I would like to avoid. I believe that giving the team creative freedom yields better results. I purposely place staff who can generate something good without being influenced. To give more details, for episode 1, I assigned staff who had worked on things other than anime. In episode 2, I assigned staff who could also illustrate the 1980s to 2000s era’s anime style. By doing this, I can ensure each episode has its own uniqueness.
    



    
        
            
            
                
                
            
        
    
    
        
What can you tell me about the character’s personality? Are they in any way influenced by Azuki’s company philosophy or your vision as a director?			
    



    
        
            
            
                
                
            
        
    
    
As for episode 1, the world setting is Azuki’s idea but the characters were created under our direction. In episode 2, we featured Azuki’s original characters, but I directed how they came to life on screen. Episode 3, which hasn’t been released yet, both the characters and the world were created as a way to further expand our interpretation of Azuki. 
	



    
        
            
            
                
                
            
        
    
    
        
When you talk about expanding in artwork and animation technique, in what way do you mean exactly? Are you talking about introducing techniques like rotoscopying or stop motion animation?
			
    



    
        
            
            
                
                
            
        
    
    
It’s not about technique for the sake of technique. It’s about philosophy and how to express an idea visually. If stop motion helps convey that concept, we’ll use it. But technique is secondary to intention. What matters most is expressing the underlying message in a compelling way.	
	



    
        
            
            
                
                
            
        
    
    
        
Between episodes 1 and 2 of Enter the Garden, there seems to have been some evolution regarding animation. How did Azuki grow during this process, and what did you learn?			
    



    
        
            
            
                
                
            
        
    
    
Absolutely, there’s been growth. Originally, I had my plans for episodes 2 and 3. But after finishing episode 1, Azuki suggested new ideas for episode 2, probably ideas that reflected community feedback. I didn’t see these suggestions as just coming from a company, but as a petition from the fans. So I made adjustments to my original vision. Anime is a business, yes, but it’s also for the fans. Their input helped shape the direction of the project.
	



    
        
            
            
                
                
            
        
    
    
        
What message or experience do you hope to deliver to the anime community with Enter the Garden?
			
    



    
        
            
            
                
                
            
        
    
    
Whatever message I want to convey can only be delivered through the anime itself. That’s why I create. What makes this project special is that it listens to the fans and translates their voice into animation. That’s what truly matters.
	



    
        
            
            
                
                
            
        
    
    
        	
Are you hoping to bring more creators into the Azuki community, or is this anime laying the groundwork for something bigger?
			
    



    
        
            
            
                
                
            
        
    
    
Whether it's from the wide anime community or Azuki’s community, if you are a creator, the more eyes on your work, the better. My goal isn’t just to cater to the Azuki community, it’s to reach the wider anime audience. By doing this, if that draws more people into Azuki, that’s something I can feel happy about. If that happens, you can say creating Enter the Garden anime was successful.
	



    
        
            
            
                
                
            
        
    
    
        
Working with legends like Tatsuyuki Tanaka on Enter the Garden must be a unique experience. How do you foster an equal creative environment for industry veterans?
			
    



    
        
            
            
                
                
            
        
    
    
The answer is very simple. As the director, I define clear creative boundaries. I explained the project and everyone’s responsibilities at the start. Mr. Tanaka understood exactly what his role was and where his creative domain lay. Once that’s clear, I don’t interfere unless someone steps outside their zone. That mutual respect is what keeps the environment clear of issues.
	



    
        
            
            
                
                
            
        
    
      
Goro Taniguchi’s approach to Enter the Garden reveals a balance between personal creative vision and open collaboration with both Azuki and its growing community. This experimental project isn’t just about breaking anime conventions in format and production, it’s about exploring how far you can go when fan voices, corporate goals, and experienced direction meet halfway. With more episodes on the horizon and an evolving aesthetic, Enter the Garden may just be a blueprint for a new era of anime production where creators like Taniguchi continue to innovate beyond borders.    
	
	
	
[author author_id=""020"" author="""" translator_id=""""]

[ad_bottom class=""mt40""]",https://honeysanime.com/honeys-anime-interview-goro-taniguchi-creative-producer-for-enter-the-garden-an-anime-series-by-azuki-and-dentsu/,Honey's Anime,unknown,real
[Honey's Anime Interview] Takayuki Miyauchi and Kenta Wakisawa From T-SPARK at the Los Angeles Anime Expo 2025,"At Anime Expo 2025 in Los Angeles, Honey’s Anime had the opportunity to sit down with two key figures driving strategy and innovation in the world of collectible figures and character goods: Takayuki Miyauchi (Senior Assistant Manager of the Marketing Team in the Collector Business Group, Hobby Character Business Division) and Kenta Wakisawa (Assistant Manager of the R&amp;D Team in the same division).

In our conversation, Miyauchi-san and Wakisawa-san offered a rare glimpse into the heart of the industry—and how they plan to keep surprising collectors worldwide.



		
 
	
    	
			Miyauchi



	
 
	
    	
			Wakisawa


	

 

    
         Honey-Chan





Interview with the T-SPARK Team
[gray-hex-decoration]

    
        
            
            
                
                
            
        
    
    
        
T-SPARK is described as a brand for adult hobbyists. What’s the vision behind creating a unified brand for adult hobbyists and has that vision evolved since its launch?
        
    



    
        
            
            
                
                
            
        
    
    
			Wakisawa: Our division handles long-running IPs like Transformers and ZOIDS, and we’d already been developing products for a high-target demographic. So under the company-wide policy of increasing lifetime value and expanding customer segments, we decided to take the lead in expanding offerings for kidults (adults with a playful spirit).
			
Although the toy and hobby businesses may seem similar, their structures differ significantly. So for this initiative, we assembled a project team that included members beyond just management and our division. Together, we held in-depth discussions, looking ten years ahead, on how our company should approach and expand the kidult market from a medium- to long-term perspective.

Through those discussions, we realized that Takara TOMY now targets a wide spectrum of customers, from children to adults, and that this requires different approaches for each segment in both product development and marketing. In the hobby category especially, we recognized the need to clearly define and separate our kidult offerings. For instance, our official YouTube channel previously featured videos for both kids and adults, but to deliver more relevant content to each audience, shouldn’t we consider separating the channels?

There are also differences in focus between children’s and adults’ products when it comes to quality and ethical standards, raising the need for distinct criteria. As we looked to expand the kidult segment over the medium to long term, it became clear that clearer boundaries were needed. That led to the decision to launch a separate label for kidult-focused collector items. This was the rationale behind T-SPARK, and our vision has remained unchanged since its launch.		
    



    
        
            
            
                
                
            
        
    
    
        
How do you prepare your marketing strategies to reach its intended audience, particularly in international markets like here in the USA?
        
    



    
        
            
            
                
                
            
        
    
    
			Wakisawa: We only began expanding into the U.S. market in 2025, so we’re still in the early stages, testing various strategies to see what works. While overall trends in the U.S. market aren’t drastically different from those in Japan, action figures are a particularly strong category, and in recent years, Japanese IPs have become extremely popular. By leveraging that interest in Japanese culture and applying Takara TOMY’s hobby expertise, we aim to develop new products and build awareness of the T-SPARK brand. Our appearance at AX this time is part of that effort.

Looking ahead, we plan to roll out a variety of collaboration products featuring popular manga, anime, and other globally loved content. We’re also working to strengthen our online presence, centered around our North American e-commerce platform, Tommy Plus. At the same time, we want to create more offline touchpoints, such as places where fans can see product samples in person.
    



    
        
            
            
                
                
            
        
    
    
        
How do you approach targeting adult collectors over younger fans, especially when working with huge titles like My Hero Academia that attract multi-generational audiences?
        
    



    
        
            
            
                
                
            
        
    
    
			Miyauchi: We believe that expanding the T-SPARK brand is essential to gaining traction with adult collectors. The new figure brands we’ve launched will offer a wide range of products, from affordable to high-end, designed to appeal to various fan demographics.

SPARK Fig is a mid- to high-priced series targeting adult collectors, while the COLLEKAZARO series is designed not only for adult collectors but also to appeal to female fans.

By offering a diverse range of products targeting a broad fan base, we hope to raise awareness of the T-SPARK brand among as many people as possible.
    



    
        
            
            
                
                
            
        
    
      
Although brief, our conversation with Miyauchi-san and Wakisawa-san shed light on how Takara TOMY is shaping the future of its collector business through T-SPARK, a brand built with a playful spirit, yet crafted with the sophistication and quality adult fans expect. From the long-term vision that led to creating a distinct label, to early steps in expanding into the U.S. market, and the thoughtful strategies behind engaging multi-generational fandoms with lines like SPARK Fig and COLLEKAZARO, it’s clear that T-SPARK represents more than just figures—it’s a commitment to redefining what it means to collect, connect, and celebrate Japanese pop culture on a global scale.",https://honeysanime.com/honeys-anime-interview-takayuki-miyauchi-and-kenta-wakisawa-from-t-spark-at-the-los-angeles-anime-expo-2025/,Honey's Anime,My Hero Academia,real
"Daoko’s First Digital Single of 2025, “Zense wa Busho,” Now Streaming! Digital EP Release Date Also Announced!","[sourceLink asin="""" asin_jp="""" cdj_product_id="""" text="""" url="""" ]
	



[en]What You Need to Know: [/en][es]Lo que necesitas saber: [/es] 


	Daoko’s new single “Zense wa Busho” is now streaming, marking her first release since the 2024 album Slash-&-Burn. Written by Daoko and composed/arranged by Seiichi Nagai of QUBIT—where she also serves as lead vocalist—the track blends Nagai’s signature guitar work with Daoko’s playful voice and sharp wordplay. It delivers a kitschy, post-Shibuya-kei pop sound with a distinct “kawaii” vibe.

The jacket cover was done by Ace Akira, an artist known for combining pixel art and neon colors. It’s a striking piece of artwork that captures how the chaos of modern life and kawaii culture coexist. The lyric video, which uses the same visual, will be released in the coming days.

A digital EP featuring “Zense wa Busho” will be released on November 19.

Meanwhile, Daoko is set to embark on her first solo Asia tour, THE “YOU” ZIZAI ASIA TOUR 2025, beginning September 5 in Shenzhen and continuing through Shanghai, Bangkok, Taipei, Seoul, and Tokyo. The tour finale is scheduled for November 28 at Shibuya WWW X. Tickets for overseas shows and early access for the Tokyo concert are now available.

The tour’s title, combining “YOU” and “ZIZAI” (“freely”), reflects the theme of Slash-&-Burn: clearing the old to make way for new growth. Daoko invites fans to join her in embracing a fresh phase of creative freedom across Asia.
	
	Release Information
	Daoko Digital Single “Zense wa Busho”
Now available on streaming platforms!
Listen here: http://lnk.to/Zense_wa_Busho



	
		
			
		
		[sourceLink asin="""" asin_jp="""" cdj_product_id="""" text="""" url="""" ]
	

	

Lyricist: Daoko / Composer: Seiichi Nagai, Daoko / Arranger: Seiichi Nagai
Jacket Illustration: Ace Akira

	Daoko Digital EP
Planned release date is November 19
Tracks will include “Zense wa Busho” and other(s)

	Tour Overview
THE “YOU” ZIZAI ASIA TOUR 2025
Artist: Daoko
Support members (planned): DJ / Manipulator / Bass: GuruConnect & Drummer: Beat Satoshi (a.k.a Rhythmkills)

Tour Period: September 5 - November 28, 2025
Cities, dates & venues:
→ Shenzhen: 9/5 at Zhenzhen HOU live
→ Shanghai: 9/7 at Wasi VAS ear
→ Bangkok: 9/12 at Lido Connect
→ Taipei: 9/14 at MOONDOG
→ Seoul: 9/20 at YES24
→ Tokyo: 11/28 at Shibuya WWW X

	Tickets for each show are now on sale!
Official Advance Tickets for the Tokyo Show: eplus.jp/daoko
Shenzhen & Shanghai Shows: wap.showstart.com/pages/activity/list/list?type=1&amp;tag=44915
Bangkok Show: eventpop.me/e/99794/daokoliveinbkk2025?aff=evp
Taipei Show: baodaorecords.kktix.cc/events/kv6jt7e
Seoul Show: tickets.interpark.com/goods/25010418	
	
	Daoko’s Profile
Tokyo-born in 1997, Daoko rose to prominence at 15 with a song uploaded to Niconico Douga, making her major debut in 2015. Since then, she’s been active across music, anime, and commercial projects. Her hit collaboration with Kenshi Yonezu, “Uchiage Hanabi,” has surpassed 600 million views on YouTube. 

A multi-talented creator, Daoko has also written novels, curated live events, exhibited paintings, and acted. She founded her own agency, Tefu Tefu, in 2019. In 2023, she became the lead vocalist of the band QUBIT and released her first solo album in four years, Slash-&-Burn, in 2024. That same year, she was featured on Ringo Sheena’s seventh album. In 2025, Daoko has drawn further attention through her feature on Giga and TeddyLoid’s “Act,” followed by the July 23 digital release of her new single “Zense wa Busho.” A digital EP is set to follow on November 19.

X (Twitter): x.com/Daok0
Instagram: instagram.com/daoko_official
YouTube: youtube.com/c/Daoko_official
Daoko Fan Club “Hidamari”: hidamari.daoko.jp
	
[en]Source: [/en][es]Fuente: [/es]Official Press Release

[ad_bottom class=""mt40""]",https://honeysanime.com/daokos-first-digital-single-of-2025-zense-wa-busho-now-streaming-digital-ep-release-date-also-announced/,Honey's Anime,unknown,real
TOMY Group Brings High-End Hobby Collectibles and Gacha Toy Fun to LA Anime Expo 2025,"[sourceLink asin="""" asin_jp="""" cdj_product_id="""" text="""" url="""" ]
	




  
When King of Seas was first announced, the gaming world was all about pirates. Sea of Thieves, released last year, is a multiplayer experience that started with very little content but now has dozens of things to do and over ten thousand concurrent players. At first, Sea of Thieves and King of Seas were bound to compete, but after a few delays, King of Seas ended up debuting almost a year later. If you ask us, King of Seas is a better pirate game... but that's just us. If you like sea chants, sinking enemy ships, and role-playing as the meanest pirate to ever sail the oceans, here's another game you need to try!
	




	
		
			
		
		[sourceLink asin="""" asin_jp="""" cdj_product_id="""" text="""" url="""" ]
	

		
	
  
    
Honey’s Anime got the opportunity to try T-ARTS’s Gacha machines, and the process was very simple. First, exchange money for a special token directly at their booth, with prices starting at as low as five dollars per token. Next, browse through their large collection of Gacha machines, each featuring different toy collections from anime like Oshi No Ko, major IPs like Sanrio, or Japanese culture-inspired toys like convenience store snack models and cute Shiba Inu capsule toys. Celebrating its 60th anniversary in Japan in 2025, the Gacha area of the booth also offered visitors a hands-on experience with a free Gacha draw for those who shared their booth experience on social media.
    
  
	



	
		
			
		
		[sourceLink asin="""" asin_jp="""" cdj_product_id="""" text="""" url="""" ]
	

		
	
  
    
But more than the Gacha themselves, we were especially interested in their new blind box collection called “PERIHAPI!”, which they displayed onsite with adorable (and huge!) chibi figures featuring Vocaloid characters and cast members from the anime Haikyu!! We can’t wait for this collectible series to come to stores in the USA.
    
  
	



	
		
			
		
		[sourceLink asin="""" asin_jp="""" cdj_product_id="""" text="""" url="""" ]
	

		
	
  
    
The TOMY booth kept on giving, offering a huge collection of their movable model kits for adult hobbyists brought to us by T-SPARK, the unified brand for TOMY Company’s hobby products with various series. Starting strong with ZOIDS models, which impressed with their motorized series, and followed by TOYRISE’s Bang Bravern models for those who want more than just to collect, they want to build. Q VILLAGE was also there with its sleek line of deformed format vehicle models for Fast and the Furious and the legendary street-racing manga Initial D. The booth also featured a display of the SYNERGENEX crossover collection of Macross 7 × Transformers with Basara Prime model kits. And last but not least, the COLLEKAZARO brand showcased its My Hero Academia fully articulated collectible figures.
    
  




	
		
			
		
		[sourceLink asin="""" asin_jp="""" cdj_product_id="""" text="""" url="""" ]
	

		
	
  
    
The TOMY booth kept on giving, offering a huge collection of their movable model kits for adult hobbyists brought to us by T-SPARK, the unified brand for TOMY Company’sIf you visited the TOMY Group’s booth during this past AX, what figure did you end up getting? And if not, are you excited to see them back at AX next year?
Can’t wait? Select T-SPARK items are available through the TOMY PLUS online store for North American collectors at us.tomy.com/brand/tomy-plus/ or, if you liked anything they showcased during the expo, you can also find them at:
takaratomy.co.jp/products/tsparkofficial/AX2025 

More information on PERIHAPI! Products:
takaratomy-arts.co.jp/specials/globalfig/perihapi
[en]Source: [/en][es]Fuente: [/es]Official Press Release

[author author_id=""020"" author="""" translator_id=""""]

[ad_bottom class=""mt40""]",https://honeysanime.com/tomy-group-brings-high-end-hobby-collectibles-and-gacha-toy-fun-to-la-anime-expo-2025/,Honey's Anime,My Hero Academia,real
"ElenaBEY, a First-Year Blader, Wins the BEYBLADE X National Tournament Held in Los Angeles at Anime Expo and Earns a Spot at the World Championship in Japan!","[sourceLink asin="""" asin_jp="""" cdj_product_id="""" text="""" url="""" ]
	



[en]What You Need to Know: [/en][es]Lo que necesitas saber: [/es] 


	On July 5, 2025, TOMY Company, Ltd. held the Open Class (ages 13+) of the BEYBLADE X National Tournament for the BEYBLADE X series (the modern version of “bei-goma” spinning tops) at the BEYBLADE X booth during Anime Expo 2025, North America’s largest anime and manga convention.
	
	This event was held to determine the top blader from the U.S. tournament who will advance to the BEYBLADE X WORLD CHAMPIONSHIP 2025*, scheduled for October in Japan, the birthplace of Beyblade. On the morning of the event, a crowd of eager participants far exceeding the number of tournament spots gathered at the booth, filling the venue with the passion and energy of US bladers even before the matches began.
	
	Before a packed crowd, the closely contested tournament ended with ElenaBEY emerging as the winner. In the finals, she initially conceded a point to Yushua, who scored a “Survivor Finish,” but she quickly turned the tables by earning two points of her own. Yushua then caught up, tying the score and turning the match into a fierce, back-and-forth battle. In the end, ElenaBEY sealed her comeback victory with a stunning “Xtreme Finish” using an Attack-Type Beyblade. The crowd erupted in cheers at the dramatic conclusion, bringing the tournament to an exciting close that perfectly showcased the thrill of BEYBLADE X.
	
	After securing her spot at the world championship, ElenaBEY was warmly congratulated by fellow competitors who had battled alongside her. She shared that she began playing Beyblade after a friend’s suggestion. Her victory in Los Angeles, the entertainment capital of the world, inspired many spectators who witnessed it.

With its new “Xtreme Dash” gimmick enabling ultra-acceleration, BEYBLADE X is the fastest in the brand’s history. It has captured the hearts of both players and spectators, gaining popularity worldwide as a form of “GEAR SPORTS.” Bladers from 20 regions*, are scheduled to compete in the upcoming World Championship, and qualifiers are underway worldwide. Keep an eye out for ElenaBEY as she takes the stage alongside other Bladers who have battled their way to the top.

	*In some countries, only one division is held, either the Regular Class (ages 6 to 12) or the Open Class (which is also open to adults).
	
	Comments From the Top 3
	Winner: ElenaBEY: 
	The friend who introduced me to Beyblade came to the venue today to cheer me on! I’m already excited to meet Bladers from around the world at the upcoming World Championship in Tokyo.

	Runner-up: Yushua
	I missed out on the victory, but my next step is to expand the Beyblade community. I feel that Beyblade is exciting enough to be enjoyed like a sport.”

	3rd Place: TMS
I came all the way from Texas to join this tournament. I was waiting for this moment for several years, and I’m just really happy to get to compete. I always plan my strategy, and I’m going to try out different styles that interest me.
	


	
		
			
		
		[sourceLink asin="""" asin_jp="""" cdj_product_id="""" text="""" url="""" ]
	

	
	
Alongside the BEYBLADE X National Tournament, the free-play area was set up at the venue during the event, attracting over 3,000 fans who casually enjoyed the Beyblade experience. To make it easier for beginners, Beyblades were available to borrow, and tutorials were offered, attracting a lively crowd of all ages, from children to adults.	
	BEYBLADE X National Tournament (US Open Class)
Date: Saturday, July 5, 2025
Time: 4:25 PM – 5:00 PM (Pacific Daylight Time)
Location: Los Angeles Convention Center (ENTERTAINMENT HALL - E-25)
Official Website: beyblade.com/worldchampionship2025

*Highlights from the tournament will be available to watch on the official BEYBLADE X YouTube channel at a later date.

	BEYBLADE X WORLD CHAMPIONSHIP 2025
The first-ever world championship for the BEYBLADE X series. Winners from regional tournaments around the world will compete to become the top Blader, with the event also serving as a platform for international exchange. The championship will take place over two days, October 11 and 12, 2025, at the iconic Tokyo Tower in Japan. The tournament will be streamed live globally on the official BEYBLADE X YouTube channel “BEYTUBE” and on official regional YouTube channels, delivering the excitement of the event to viewers in real time.
	


	
		
			
		
		[sourceLink asin="""" asin_jp="""" cdj_product_id="""" text="""" url="""" ]
	

	

	About BEYBLADE
“BEYBLADE” battling tops, debuted in 1999, are a modernized version of traditional Japanese battling tops known as “bei-goma.” Over 520 million units have been shipped cumulatively in more than 80 countries and regions around the world (as of April 2023). Each series has created a craze in many countries across the world including Japan. The fourth generation, BEYBLADE X started in July 2023 in Japan.
	
	BEYBLADE X Official websites:
beyblade.takaratomy.co.jp (Japan)
takaratomyasia.com/beybladex/index (Asia)

	Company’s official website: 
takaratomy.co.jp/english
	
	
[en]Source: [/en][es]Fuente: [/es]Official Press Release

[ad_bottom class=""mt40""]",https://honeysanime.com/elenabey-a-first-year-blader-wins-the-beyblade-x-national-tournament-held-in-los-angeles-at-anime-expo-and-earns-a-spot-at-the-world-championship-in-japan/,Honey's Anime,unknown,real
"H△G Surpasses 400 Million Streams in China, Set to Join Lantis! Slated to perform OP & ED Theme Songs for Li’l Miss Vampire Can’t Suck Right","[sourceLink asin="""" asin_jp="""" cdj_product_id="""" text="""" url="""" ]
	



[en]What You Need to Know: [/en][es]Lo que necesitas saber: [/es] 


	A special event was held on July 13, in AEON LakeTown mori, to celebrate the release of the new opening and ending songs for the Miss Kobayashi’s Dragon Maid movie!


	The music group H△G (pronounced “Hug”) from Okazaki City in Aichi Prefecture has announced their move to record label Lantis. Their first songs under the new label will be the opening and ending theme songs for the TV anime Li’l Miss Vampire Can’t Suck Right.

	Formed in 2012, H△G is a creative unit centered around their masked vocalist Chiho and includes members from a range of disciplines, including music production, engineering, and design. Free from the constraints of a conventional band, H△G has embraced a flexible music style to pursue innovative forms of expression. 

The opening theme song they’ve created evokes the feeling of youth and is overflowing with their unique style. A fitting song to mark their new beginning at Lantis. For the ending theme song, they collaborated with the anime’s heroine, Luna Ishikawa, voiced by Minami Tanaka. This special track is sure to draw attention as it deepens the show’s world-building. You can hear some snippets of the OP theme song “Seishun no Silhouette” (Youthful Silhouette) in the anime’s first promotional video.


https://youtu.be/IQYLQsqO6Vw
	
	Release Information
	“Seishun no Silhouette” (Opening theme of Li’l Miss Vampire Can’t Suck Right)
Lyrics & composition: H△G
Arrangement: Anthurium
Artist: H△G

	“Senko Hanabi” (Ending theme of Li’l Miss Vampire Can’t Suck Right)
Lyrics & composition: H△G
Arrangement: Ryo ‘LEFTY’ Miyata
Artists: H△G, Luna Ishikawa (VA. Minami Tanaka)

	H△G Artist Profile
Formed in 2012 in Okazaki City, Aichi Prefecture, H△G is a music unit featuring vocalist Chiho alongside a team of composers and creators. While visualizing nostalgia and sadness that can only be expressed in Japanese, they use unique sounds and lyrics to depict the “blueness” of youth, such as conflicts and heartaches. In 2017, H△G released a vocaloid cover album that has since surpassed 400 million streams on paid subscription services. They boast an especially high popularity abroad and began touring in Asia in 2024.

	Concert Information
August 10 in Taiwan at HANA SPACE
August 16 & 17 in Aichi, Japan at IMAIKE GROW
 
Official website: hag-official.jp
YouTube: youtube.com/user/HAGofficial
X: x.com/HAG_official
Instagram: instagram.com/hag_official
Facebook: facebook.com/hag.official
	
[en]Source: [/en][es]Fuente: [/es]Official Press Release

[ad_bottom class=""mt40""]",https://honeysanime.com/h%e2%96%b3g-surpasses-400-million-streams-in-china-set-to-join-lantis-slated-to-perform-op-ed-theme-songs-for-lil-miss-vampire-cant-suck-right/,Honey's Anime,unknown,real
Six Full-sized Music Videos by Cornelius Featuring Songs from Ghost in the Shell: Arise  Now Streaming Online!,"[sourceLink asin="""" asin_jp="""" cdj_product_id="""" text="""" url="""" ]
	



[en]What You Need to Know: [/en][es]Lo que necesitas saber: [/es] 


	Cornelius collaborated with various artists and filmmakers to release six full-sized music videos featuring songs from the Ghost in the Shell: Arise series, all of which are now available to stream on major platforms. Cornelius’ cutting-edge musical vision combined with the philosophical talent of these filmmakers pose striking questions for the modern age.

	Utilizing diverse methods such as animation, live-footage, CG, and physical expression, the videos explore recurring themes from Ghost in the Shell: the uncertainty of existence, the fusion of city and body, and the relationship between humans and technology. The seamless blend of sound and visuals in this collection offers a new experience not only for fans, but for anyone with an interest in musical and visual expression.

	Cornelius’s interview has also been published on the official Ghost in the Shell global website.
	
	Three Years of Expressing a Cyber-Society through Music: The Relationship between Cornelius and Ghost in the Shell
Find the intervew here: theghostintheshell.jp/news/cornelius-interview	
	
Keigo Oyamada, a.k.a Cornelius, produced music for Ghost in the Shell: Arise for three years. He fuses acoustic instruments and electronic sounds to create a vision of a cyber-societal world with “the existence of soul” as the keyword. He talks about using his own style to create the soundtrack and theme song while staying true to the sci-fi nature of the work, and how that influenced his career as a musician.

	Ghost in the Shell: Arise Opening Theme “Ghost in the Shell: Arise”
https://youtu.be/jq8iRxA88pk

Music: Cornelius
Director: Yugo Nakamura
This experimental technique uses still images from the anime that are printed and photographed individually against an urban backdrop. The ambiguity of cyborgs is expressed by blending them into the real world.

	Border:1 Ending Theme “Jibun ga Inai” by salyu x salyu
	https://youtu.be/ijuSIUKzB24
	
Lyrics: Shintaro Sakamoto
Composition: Keiga Oyamada
Director: Koichiro Tsujikawa
Performance: Salyu
This poetic visual world where bodies and voices overlap in multiple layers explores the space between “absence” and “presence.”

	Border:2 Ending Theme “Soto wa Senjou dayo” by Ichiko Aoba and Cornelius
https://youtu.be/oSDRRsj-XQU
	
Lyrics: Shintaro Sakamoto
Composition: Keigo Oyamada
Director: Koichiro Tsujikawa
Through the innocent faces of children, it quietly questions humanity and the loneliness of society as a battlefield.

	Border:3 Ending Theme “Heart Grenade” by Sean Lenon and Cornelius	
https://youtu.be/kYqPaPm60TI	
	
Lyrics: Sean Lenon
Composition: Keigo Oyamada
Director: Koichiro Tsujikawa
Videography: Toyotaro Shigemori
A bittersweet love story depicting romance between two machines.

	Border:4 Ending Theme “Split Spirit” by Yukihiro Takahashi & Metafive
https://youtu.be/Yes-5sHaG-Q

Lyrics: Leo Imai, Yukihiro Takahashi
Composition: Keigo Oyamada
Producers: Yukihiro Takahashi & Metafive, Keigo Oyamada, Yoshinori Sunahara, Tomohiko Gondo, Leo Imai
Director: Koichiro Tsujikawa
Performance: Leo Imai
As philosophical images resonate with the rhythm of the city, it makes a pointed statement about our own multifaceted nature and fragmented mentality.
	
	Ghost in the Shell: Arise Alternative Architecture Opening Theme “Anata o Tamotsu Mono” by Maaya Sakamoto and Cornelius
https://youtu.be/YW8Q0bKhvkc

Lyrics: Shintaro Sakamoto
Composition: Keigo Oyamada
Director: Koichiro Tsujikawa
CG/VFX: Munechika Inudo
An overwhelming visual poem, featuring the transparent and impressive voice of Maaya Sakamoto, where cities and bodies, reality and virtuality intersect.

	Streaming Information
	Ghost in the Shell: Arise O.S.T.
jvcmusic.lnk.to/cornelius_ariseost

	Ghost in the Shell: The New Movie O.S.T. by Cornelius
jvcmusic.lnk.to/cornelius_ghostintheshellost

Available on select music streaming services and major music download platforms such as iTunes Store, Rekochoku and mora.

Streaming services:
Apple Music, Spotify, YouTube Music, LINE MUSIC,  Amazon Music, Deezer, AWA, Rakuten Music, KKBOX, Qobuz

Watch the music videos on Apple Music, YouTube Music, LINE MUSIC, and U-NEXT.


Keigo Oyamada's Profile
Born in Tokyo on January 27, 1969. After Flipper’s Guitar disbanded in 1991, he began his solo career, going by the name “Cornelius” in 1993. His albums The First Question Award and 69/96 found great success, and he became a lead figure in the Shibuya-kei movement at the time. In 2006, Sensurround + B-sides was nominated for Best Surround Sound Album at the 51st Grammy Awards in the United States. He is currently active in a wide range of fields, collaborating, working on remixes and producing music with numerous artists both in Japan and abroad.	

[en]Source: [/en][es]Fuente: [/es]Official Press Release

[ad_bottom class=""mt40""]",https://honeysanime.com/six-full-sized-music-videos-by-cornelius-featuring-songs-from-ghost-in-the-shell-arise-now-streaming-online/,Honey's Anime,unknown,real
fhána and Sachiko Kobayashi Celebrate the Release of New Theme Songs for Miss Kobayashi’s Dragon Maid Movie: “Parade of Tears” and “Bokutachi no Hibi”,"[sourceLink asin="""" asin_jp="""" cdj_product_id="""" text=""Author/Photographer: Junichi Tsukagoshi"" url="""" ]
	



[en]What You Need to Know: [/en][es]Lo que necesitas saber: [/es] 


	A special event was held on July 13, in AEON LakeTown mori, to celebrate the release of the new opening and ending songs for the Miss Kobayashi’s Dragon Maid movie!


	Kyoto Animation’s newest work is a heart-warming tale about family and the bonds that unite us. Miss Kobayashi's Dragon Maid: A Lonely Dragon Wants to Be Loved is the latest installment in the animated series, which started airing in 2017. Of course, seeing these popular scenes from the original work on the big screen has been a huge hit with the audiences!

	On July 13th (Sunday), fhána and Sachiko Kobayashi made an appearance at AEON LakeTown mori, to help kick off the release of their respective opening and ending songs, “Parade of Tears” and “Bokutachi no Hibi.” Since Koshigaya in Saitama Prefecture serves as the story’s backdrop, the location couldn’t have been more fitting.

Tickets for the priority viewing area (which came with the purchase of one of the CDs being released that day) sold out in a flash. The space was packed with spectators before the event even started. Since there might not be enough time during the concert itself, Kevin Mitsunaga (sampler, etc.) gave the crowd a primer on the choreography for “Parade of Tears” during their rehearsal, and asked them to lead the rest of the audience for the real deal.

	
	About the Event	
The event itself started right at 1:00 p.m., with fhána’s performance of one of the definitive opening themes from the anime, “Rhapsody of Blue Sky.” Towana (vocalist) got the audience all fired up as her voice rang out from the stage, accompanied by Junichi Sato on the keyboard, and Kevin on the metallophone. The crowd sang and clapped along, clearly enjoying their amazing pop performance.

Pausing just long enough to announce their group name, fhána launched straight into “Love Supreme!”, the opening song from Miss Kobayashi’s Dragon Maid S. Towana and Kevin’s bright, bouncy rap makes it a memorable song, and their fast-paced repartee, mingled with the crowd’s applause, created an euphoric atmosphere.



	
		
			
		
		[sourceLink asin="""" asin_jp="""" cdj_product_id="""" text="""" url="""" ]
	



During the MC segment, they mentioned that they were pleased to be visiting Koshigaya for the first time. And most people in attendance raised their hands when asked whether or not they’d seen the Miss Kobayashi’s Dragon Maid movie. On seeing that, Junichi mentioned that their next song had been “inspired by Kanna’s (CV. Maria Naganawa) tears.” Then, Kevin gave the crowd a quick review of the choreography before launching straight into the movie’s opening theme, “Parade of Tears.” The crowd was quick to put those moves into action when the chorus came around. Though, for an upbeat pop song, there’s an element of melancholy to it.

Since fhána has created each of the series’ opening songs, their lyrics and melodies have really stuck with the listeners. Junichi joined in the dancing partway through, livening up the performance even further—but was probably going to limit that to this event. (Or possibly the upcoming Animelo Summer Live event.) ”Yeah, I think that’s it for the dancing,” he said, mellowing the mood out.
	


	
		
			
		
		[sourceLink asin="""" asin_jp="""" cdj_product_id="""" text="""" url="""" ]
	

	

This was the perfect transition into the ending theme’s portion of the event. The audience called out for “Kobayashi-saaan!” (just like the titular character), Sachiko Kobayashi took to the stage to sing “Bokutachi no Hibi.” The message there is that “Nothing is certain, but that’s easy to forget. We might have met here by accident, but that’s a kind of miracle. These precious moments ought to be cherished.” 

Standing on stage in her stunning red dress, Sachiko’s gentle voice rang out, instantly catching everyone’s attention. Her voice couldn’t be better suited to a song that talks about how the “usual” things are the foundation of life. The performance was only a few minutes long, but it was a wonderfully moving piece that truly encapsulated the movie.

After that touching finale to a rousing mini concert, fhána closed out the event by signing CDs that the fans had purchased.

Miss Kobayashi’s Dragon Maid: A Lonely Dragon Wants to be Loved is a huge hit! fhána and Sachiko Kobayashi’s opening and ending songs have gone on sale to great acclaim! Plus, it was okay to take pictures and videos at this event, so there are probably plenty of those to check out on social media.

	SETLIST
Rhapsody of Blue Sky - fhána
Love Supreme! - fhána
Parade of Tears -  fhána
Bokutachi no Hibi - Sachiko Kobayashi

	Product Information
Miss Kobayashi's Dragon Maid: A Lonely Dragon Wants to Be Loved OP/ED Themes
fhána, Sachiko Kobayashi “Parade of Tears & Bokutachi no Hibi”
Out now!

Product Number: LACM-24690
JAN: 4540774246908
Price: 1,650 yen (incl. tax)
	
Miss Kobayashi's Dragon Maid: A Lonely Dragon Wants to Be Loved Complete Musical Works (Masumi Ito)
Out now!

Product Number: LACA-25161
Price: 3,300 yen (incl. tax)	

	Digital Release
fhána’s  “Parade of Tears” is now available on digital music platforms!
lnk.to/LZC-3122

Sachiko Kobayashi’s “Bokutachi no Hibi” is now available on digital music platforms!
lnk.to/LZC-3123

	Music Videos Available Online!
https://youtu.be/bmvbiNk_vXE

https://youtu.be/52dqFYXp89Q

	Miss Kobayashi's Dragon Maid: A Lonely Dragon Wants to Be Loved - Now in Theaters!
Official Website: maidragon.jp/movie
Anime Website: maidragon.jp
Anime Official X: x.com/maidragon_anime
Anime Official TikTok: tiktok.com/@maidragon_anime_official
Recommended Hashtags: #KobayashiDragonMovie #DragonMaid
	
[en]Source: [/en][es]Fuente: [/es]Official Press Release

[ad_bottom class=""mt40""]",https://honeysanime.com/fhana-and-sachiko-kobayashi-celebrate-the-release-of-new-theme-songs-for-miss-kobayashis-dragon-maid-movie-parade-of-tears-and-bokutachi-no-hibi/,Honey's Anime,unknown,real
“HYPNOSISMIC -Division Rap Battle- Movie”& “Uta no☆Prince-sama TABOO NIGHT XXXX”Anime Expo 2025 Screening Report,"[sourceLink asin="""" asin_jp="""" cdj_product_id="""" text="""" url="""" ]
	



[en]What You Need to Know: [/en][es]Lo que necesitas saber: [/es] 


	Fans of anime, manga, games and cosplay from all over the world had the opportunity to attend a special double screening from King Records of ""HYPNOSIS MIC -Division Rap Battle- Movie"" and ""Uta no☆ Prince-sama♪ TABOO NIGHT XXXX"" at Anime Expo, the largest anime event in North America.
	
	Here’s our report of the screening held at The Novo on Saturday afternoon!

	HYPNOSISMIC -Division Rap Battle-
I arrive at my second-floor front-row seat 15 minutes before showtime. While it doesn't seem too crowded, I look to the first floor front-row seats to see several groups of what appear to be fans in cosplay, checking their penlights. Looking at the screen, I see a QR code to download the app that will be used to determine each battle's winner, as well as how to vote during the screening. This won't be your typical theater experience — it's something entirely new, where the outcome of the movie lies in the hands of the audience.



	
		
			
		
		[sourceLink asin="""" asin_jp="""" cdj_product_id="""" text="""" url="""" ]
	


	
""Hypnosis Mic -Division Rap Battle-"", or ""HypMic"" for short, is a story set in a world where armed conflict is illegal, and territory is instead gained via rap battles using Hypnosis Mics, special microphones that interfere with human psyche. Teams representing each division compete in the ""Division Rap Battles"", led by the all-female team Party of Words.

Battles are fought in teams of 3, with 6 teams total:
→ Buster Bros!!!: Ikebukuro Division
→ MAD TRIGGER CREW: Yokohama Division 
→ Fling Posse: Shibuya Division
→ Matenro: Shinjuku Division
→ Bad Ass Temple: Nagoya Division
→ DOTSUITARE-HOMPO: Osaka Division
	


	
		
			
		
		[sourceLink asin="""" asin_jp="""" cdj_product_id="""" text="""" url="""" ]
	

	

The team that wins the first and second stages will proceed to the final stage where they can challenge the Party of Words in battle. The full movie covers events up until the final stage, but for this specially-edited AX closing screening, only up until the second stage is shown.

But what sets this movie experience apart is the mid-movie voting, done via a mobile app called CtrlMovie. After each battle's conclusion, a 10-second countdown begins on the app where viewers vote for the best-performing team by tapping the division's logo. After a few seconds, the winning team is displayed and the story continues.

As the fate of each team is decided by the audience, even for those who might not call themselves fans, the tension in the room as the countdown begins is electric. As the result flashes on the screen, the audience erupts—united in a chorus of both joy and heartbreak that reverberates through the theater.

The characters' reactions and comments differ depending on the results, which makes every viewing a unique thrill. In total there are a whole 48 different ways the story can play out. Fans will watch them all, no doubt.

I realize it's almost time for the movie to start and take a last look around behind me to see that the seats are now filled to overflowing, with even more people standing behind the last row. The first floor is of course also packed. Seeing this spectacle, I feel the excitement building as the MC stirs up the crowd. Then, the screening finally starts.

Over the roars of the crowd, the first thing we see are clips introducing each division. Every team is met with screams of excitement, with the waving penlights changing color each time. I now realize that the pre-screening penlight checking was for this all-important color-changing operation. The introductions perfectly capture each team member's characteristics and their relationships with each other. Next is the opening video, where we get to hear everyone’s singing voices, and includes every character. The battleground is set. The cheers were so loud for every single division that I could not even guess which one might win.
	


	
		
			
		
		[sourceLink asin="""" asin_jp="""" cdj_product_id="""" text="""" url="""" ]
	

	
	
And now for the rap battles to begin!

	First stage, first battle
Buster Bros!!! Vs Bad Ass Temple
The battle between Ichiro (Buster Bros!!! leader) and Kuko (Bad Ass Temple leader), who are former teammates, is a must-see. 

Time for the vote of destiny. After a short silence, Buster Bros!!!’s logo appears on the screen, followed by loud cheering and crying.

Up on the screen, Kuko approaches Ichiro and they congratulate one another. Fans cheer out warmly.

	First stage, second battle
MAD TRIGGER CREW Vs DOTSUITARE-HOMPO
Samatoki (leader of MAD TRIGGER CREW) and Sasara (DOTSUITARE-HOMPO leader) were also once partners on the same team. They know each other inside out — every strength and every weakness. But today isn't a duel. It's a team battle, where the team that unites their strengths to the fullest seizes victory.

Voting time again. A few seconds pass in silence before DOTSUITARE-HOMPO's logo flashes onto the screen. The crowd erupts.

In the face of his loss, Samatoki speaks gracefully and the crowd’s comforting words left an impression.

	First stage, third battle
Fling Posse vs Matenro
Ramuda (leader of Fling Posse) and Jakurai (Matenro's leader) say they hate one-another, but what is the truth...?

During the battle their faces were so close they almost touched, which resulted in cheering and screaming throughout the venue every time.

Once again it is time to vote, and after a short silence, Matenro's logo appears and is met with loud cheering and screaming.

The resentment between the two leaders fades and Jakurai approaches Ramuda amicably, but Ramuda's irritation at Jakurai's unintentionally condescending remarks makes for an amusing conclusion.

The second stage is a tournament between the three teams that won the first stage.

Buster Bros!!! Vs DOTSUITARE-HOMPO vs Matenro

Fate once again is in our hands, and this time the choice is between three teams. Cheers for each team echo across the venue, but it's DOTSUITARE-HOMPO who claim victory. The cheering and the screaming reach their climax.

At long last, it's time for the final battle with Party of Words. The MC reappears and the screening comes to an end. While the winning division was not my first choice, the result made me very interested to see what a battle between the Kansai team DOTSUITARE-HOMPO and the all-female team Party of Words would look like. 

You can check out the results via the link below:
hypnosismic-movie.com/voting-status/ax2025
You can also check out the results for all the screenings held in Japan here:
hypnosismic-movie.com/voting-status/results
	
	""Uta no☆Prince-sama TABOO NIGHT XXXX""
After a (small) switch up in the audience between HypMic and Uta☆Pri fans, the MC introduces the next feature and turns the fans' excitement all the way up! This movie is the third theatrical release for Uta☆Pri and contains a full-length live concert as well as a brand-new animation featuring QUARTET NIGHT.

The ""Uta no☆Prince-sama♪ Maji Love"" series is a part of the larger Uta☆Pri multimedia franchise, originally a romance visual novel aimed at women. The movie features four members who form the idol unit QUARTET NIGHT:
→ Reiji Kotobuki
→ Ranmaru Kurosaki
→ Ai Mikaze
→ Camus

Setlist:
* Jewelful XXXX
Seize me if you can (Reiji)
Force & Faith (Ranmaru)
Wandering in a maze (Ai) 
Do you know who I’m (Camus)
* Ice Pierrot (Camus)
* Zero (Reiji)
* Black Panther (Ranmaru)
* Am I a fairy or...? (Ai)
* The RUN to the RAY (Reiji & Ranmaru)
* God Love (Ai & Camus)
* TABOO NIGHT XXXX (all members)
* JINN-Ω-RAY (all members)



	
		
			
		
		[sourceLink asin="""" asin_jp="""" cdj_product_id="""" text="""" url="""" ]
	

	
	
The audience cheered and changed the color of their penlights for each idol, and joined in every single idol call. And in perfect Japanese, of course.It was just like being at an idol concert in Japan.

After seeing both movies, I was reminded that the love and enthusiasm of fans here rivals — or perhaps even surpasses — that of fans in Japan. From the happy faces of the fans after the screening, there is no doubt that this passion and love will continue to grow.

	— King Records Editorial Department

	Event outline
Anime Expo 2025
""HYPNOSISMIC -Division Rap Battle- Movie” & “Uta no☆Prince-sama♪  TABOO NIGHT XXXX"" Screening
July 5, 12:30 – 2:30 PM | The Novo

	Screening information
""HYPNOSISMIC -Division Rap Battle- Movie”
hypnosismic-movie.com
“Uta no☆Prince-sama♪  TABOO NIGHT XXXX""
taboonightxxxx.utapri-movie.com
	
	Contact  information
For more information or  inquiries, please contact:
Shunsuke Souma
shunsuke-souma@kingrecords.co.jp

[en]Source: [/en][es]Fuente: [/es]Official Press Release

[ad_bottom class=""mt40""]",https://honeysanime.com/hypnosismic-division-rap-battle-movie-uta-no%e2%98%86prince-sama-taboo-night-xxxxanime-expo-2025-screening-report/,Honey's Anime,Fate,real
Official Report: Bandai Namco Music Live Festival at Anime Friends 2025! Southeast Asia Concerts Also Confirmed!,"[sourceLink asin="""" asin_jp="""" cdj_product_id="""" text="""" url="""" ]
	



[en]What You Need to Know: [/en][es]Lo que necesitas saber: [/es] 


	The Bandai Namco Music Live Festival returned to Anime Friends 2025, held in São Paulo, Brazil from July 3 to 6. This marks the second consecutive year the festival has appeared at South America’s largest anime convention, which draws an annual attendance of around 150,000.
	
	Bandai Namco Music Live manages labels including Lantis, SUNRISE Music, Kiramune, MoooD Records, and UNIERA, and is home to a diverse roster of artists. On the festival’s opening day, four acts took the stage: ASH DA HERO, STEREO DIVE FOUNDATION, Nowlu, and MindaRyn.

	TUfave is excited to announce its new collaboration jewelry collection with the TV anime “Attack on Titan”. These necklaces (5 designs total) delicately capture the attractiveness of the characters and the series' world, inspired by iconic scenes. Each piece features a simple design centered around a large natural stone, creating ""collaboration jewelry for adults"" that subtly blends into daily life.

	Nowlu Kicks Off the Show with Her Anisong Debut
Nowlu opened the festival with a confident performance that defied the fact it was her first-ever live show. She began with “Arika” (GUILTY GEAR STRIVE: DUAL RULERS) and “yoin” (Wingman).

“I’m so happy to have my first live show here in São Paulo,” she said with a smile, drawing warm cheers. She followed with “Stuck on you” (More Than a Married Couple, But Not Lovers), creating a calm, intimate moment that brought the crowd together. Her debut ended to enthusiastic applause.

Next up was a DJ set by ASH DA HERO member DJ Dhalsim. The crowd couldn’t help but dance as he spun one anisong hit after another: “Ai♡Scream!”, “Bokura wa Ima no Naka de” (Love Live!), “Shika-iro Days” (My Deer Friend Nokotan), and “Hare Hare Yukai” (The Melancholy of Haruhi Suzumiya). The energy of anisong swept through São Paulo, connecting fans across generations.	
	
	“Brazil, I’m back!” MindaRyn Returns with a Smile
MindaRyn took the stage next, returning for a second year in a row. “Brazil, I’m back!” she called out with a big smile before launching into a set of three powerful yet gentle songs: “Daylight” (Arifureta: From Commonplace to World’s Strongest Season 2), “Shiny Girl” (SHY), and “Fireworks” (Why Raeliana Ended Up at the Duke’s Mansion).



	
		
			
		
		[sourceLink asin="""" asin_jp="""" cdj_product_id="""" text="""" url="""" ]
	

	
	
During her MC segment, she asked, “Was anyone here last year? Thanks to those seeing me for the first time, too!” connecting warmly with the audience. As part of her world tour Hello New Friends, which began in June 2025, she performs special covers of songs from her label, Lantis. For Brazil, she sang “Rhapsody of Blue Sky” (Miss Kobayashi’s Dragon Maid, originally by fhána) and “Sparkling Daydream” (Love, Chunibyo & Other Delusions, originally by ZAQ).

She followed with a high-energy rock trio: “HIBANA” (Sengoku Youko: The Reformer Siblings Arc), “SURVIVE” (Why Raeliana Ended Up at the Duke’s Mansion), and her breakout hit “Like Flames” (That Time I Got Reincarnated as a Slime Season 2), which has surpassed 22 million views on YouTube. Her explosive performance had the entire venue fired up.

	STEREO DIVE FOUNDATION: Sound and Vision in Perfect Sync
STEREO DIVE FOUNDATION (R・O・N) made his Brazilian debut with a 17-song medley set to anime visuals. Highlights included “ALPHA” (Moriarty the Patriot), “Renegade” (GANGSTA), and the fan-favorite “STORYSEEKER” (That Time I Got Reincarnated as a Slime Season 2), which has surpassed 10 million views on YouTube.



	
		
			
		
		[sourceLink asin="""" asin_jp="""" cdj_product_id="""" text="""" url="""" ]
	

		
	
The set closed with “Daisy” (Beyond the Boundary), with the crowd gently swaying their hands in unison. R・O・N recalled fans in Chile asking, “Aren’t you coming to Brazil?” and now that he had, he understood why. The crowd responded with knowing nods and applause.
	
	Surprise Collaboration with Ultraman Omega!
After a brief pause, the word “Ultraman” appeared on the screen, instantly stirring the crowd. MindaRyn returned to perform “BLACK STAR” (Ultraman Blazer), followed by an appearance from Ultraman Blazer himself, drawing cheers and excitement.
	


	
		
			
		
		[sourceLink asin="""" asin_jp="""" cdj_product_id="""" text="""" url="""" ]
	

	

The event then transitioned into the new series Ultraman Omega. ASH performed the opening theme “BRIGHT EYES,” while MindaRyn and ASH debuted the ending theme “Missing Link” live for the first time. The blend of hero action and rap interplay brought the crowd’s energy to a fever pitch.

	ASH DA HERO Brings the Festival to a Climactic Close	
ASH DA HERO took the stage for the grand finale, joined by Dhalsim (DJ), Sato (bass), and WANI (drums). Kicking off with “Super Sonic,” they followed with “YELLOW FEVER DANCE” and “Hankou Seimei” as the crowd pumped their fists and sang along.

They kept the energy high with “LA VIDA LOCA,” already a live anthem despite being a recent release, then surprised the audience with “Octave” and “Beast Mode,” insert songs from Blue Lock: Episode Nagi, accompanied by anime footage. After introducing the members, they launched into “Judgement,” the opening theme for the anime’s second cour. The crowd erupted, singing along as ASH stepped off the stage shouting, “Sing it, Brazil!”



	
		
			
		
		[sourceLink asin="""" asin_jp="""" cdj_product_id="""" text="""" url="""" ]
	

		

They closed with a final roar of “We are ASH DA HERO!” as ASH triumphantly returned to center stage.

	A Powerful Finale: All Artists Unite

For the final act, all performers returned to the stage at ASH’s invitation for the first-ever band performance of “Trinity” (That Time I Got Reincarnated as a Slime: The Saga of How the Demon Lord and Dragon Founded a Nation). ASH took on Takuma Terashima’s part in this rare collaboration, thrilling fans. The concert closed with a group photo and a wave of thunderous applause.
	


	
		
			
		
		[sourceLink asin="""" asin_jp="""" cdj_product_id="""" text="""" url="""" ]
	

		

The excitement didn’t stop even after the main festival ended. On Friday the 4th, all the performers held a meet-and-greet and Q&amp;A panel. On Saturday the 5th, ASH DA HERO took the stage, followed by STEREO DIVE FOUNDATION and MindaRyn on Sunday the 6th.

In its second year, the Bandai Namco Music Live Festival at Anime Friends powered up with even stronger artist × IP collaborations. Alongside powerful performances, the festival featured fan events and previews of new projects, highlighting the full potential of anisong.

The anisong wave that swept Brazil in 2024 has firmly taken root—and is still growing!

	Next Stop: Southeast Asia!

The Bandai Namco Music Live Festival isn’t just heating up Brazil; it’s heading to Southeast Asia next. The festival will appear at COS-MIC 2025 in Malaysia on September 13, and AniEx 2025 in Bangkok, Thailand on November 22.

The anisong excitement born in São Paulo is spreading across borders, forging new connections through music. The journey of the Bandai Namco Music Live Festival is only just beginning.

Photo by Kakeru Inoue

	Bandai Namco Music Live Festival at Anime Friends 2025
Date: July 3, 2025 (local time)
Venue: Pavilhão de Exposições do Distrito Anhembi (São Paulo, Brazil)
Official Event Website:
animefriends.com.br

	Bandai Namco Music Live Festival at COS-MIC 2025
Dates: September 12 – September 14, 2025 (Live performance on September 13)
Venue: Sunway Pyramid Convention Center (Selangor, Malaysia)

	Bandai Namco Music Live Festival at AniEx 2025	
Dates: November 22 – November 23, 2025 (Live performance on November 22)
Venue: MCC HALL, The Mall Life Store, Bangkapi (Bangkok, Thailand)
	

[en]Source: [/en][es]Fuente: [/es]Official Press Release

[ad_bottom class=""mt40""]",https://honeysanime.com/official-report-bandai-namco-music-live-festival-at-anime-friends-2025-southeast-asia-concerts-also-confirmed/,Honey's Anime,Attack on Titan,real
"New ""Attack on Titan"" Collaboration Jewelry Featuring Striking Scenes and Large Natural Stones (5 Designs Total) Now Available!","[sourceLink asin="""" asin_jp="""" cdj_product_id="""" text="""" url="""" ]
	



[en]What You Need to Know: [/en][es]Lo que necesitas saber: [/es] 


	TAKE-UP Inc. has launched TUfave, a new specialty brand for character jewelry.
	
	Based on the concept ""Stories with you, forever,"" TUfave is a collaboration jewelry brand that expresses the worlds of anime, games, and more through delicate jewelry.

	TUfave is excited to announce its new collaboration jewelry collection with the TV anime “Attack on Titan”. These necklaces (5 designs total) delicately capture the attractiveness of the characters and the series' world, inspired by iconic scenes. Each piece features a simple design centered around a large natural stone, creating ""collaboration jewelry for adults"" that subtly blends into daily life.

Ordering Information
Pre-order Period: Starts at 11:00 AM on Friday, July 25, 2025, and ends when stock runs out.
These products are made-to-order and will be shipped approximately three months after your order is placed.
* Cancellations and returns can NOT be accepted after the order has been placed.
* Due to the limited availability of natural stones, sales may end once the planned quantity is reached. Thank you for your understanding.

Web Page：take-up-shop.com/pages/shingeki_en
	
	Product Lineup
	Eren Necklace	
	

	
		
			
		
		[sourceLink asin="""" asin_jp="""" cdj_product_id="""" text="""" url="""" ]
	


	
“I'M GONNA DESTROY THEM!! EVERY LAST ONE... OF THOSE ANIMALS... ...THAT'S ON THIS EARTH!!”

Season 1　Episode 2

This piece is inspired by the powerful scene where Eren vows revenge, shedding tears of grief after his mother is eaten by the Titan. Set within a stone frame designed to evoke the shattered brick streets, a teardrop-shaped onyx symbolizes the tears. Onyx, known as the stone of ""endurance"" and ""success,"" with its deep black color, reflects Eren’s turbulent emotions. Above the onyx, a sparkling green cubic zirconia mirrors the color of Eren’s eyes, adding a striking contrast. On the back, the key to the basement—worn by Eren—is engraved, adding a meaningful touch to this tribute piece.

Price: \24,200 JPY
Materials: 925 Sterling Silver (Rhodium Plated), Onyx, Cubic Zirconia
Size: Height 16.2mm, Width 7.6mm [Chain] Length 45cm (17.72"") (adjustable to 40cm (15.75""))
	
	Mikasa Necklace	
	

	
		
			
		
		[sourceLink asin="""" asin_jp="""" cdj_product_id="""" text="""" url="""" ]
	

	
	
“...FOR WRAPPING THIS SCARF... ...AROUND ME... ”

Season 2　Episode 37

This piece is inspired by the scene where Mikasa is wrapped in a scarf. A red agate—symbolizing “bond”, “protection” and “passion”—represents the color of the scarf. Set in a softly contoured frame that evokes the gentle texture of fabric, the design captures the image of Mikasa wrapped in the scarf. The bail features a floral stone frame accented with blue cubic zirconia, representing the flowers that bloomed at her feet in that moment. This design expresses the rare, tender side of usually cool Mikasa, capturing her subtle charm.

Price: ￥24,200 JPY
Materials: 925 Sterling Silver (18K Pink Gold Plated), Red Agate, Cubic Zirconia
Size: Height 13.8mm, Width 7.6mm [Chain] Length 45cm (17.72"") (adjustable to 40cm (15.75"")) 	
	
	Levi Necklace	
	

	
		
			
		
		[sourceLink asin="""" asin_jp="""" cdj_product_id="""" text="""" url="""" ]
	

		
	
“I’M MAKING THE CHOICE. GIVE UP ON YOUR DREAMS AND DIE FOR US. LEAD THE RECRUITS STRAIGHT INTO HELL. AND I’LL TAKE DOWN… …THE BEAST TITAN.”

Season 3　Episode 53

This piece is inspired by the scene where Levi vows to defeat the Beast Titan. The centerpiece features green onyx, symbolizing ""calmness"" and ""intelligence,"" with its green hue representing the color of the Survey Corps’ cloak. The sides of the stone frame are engraved with lines reminiscent of the ultrahard blades of the Omni-directional Mobility Gear. On the back, a delicate openwork pattern evokes the Wings of Freedom emblem. The bail is adorned with a clear cubic zirconia, symbolizing the Wings of Freedom, adding a subtle sparkle to the piece.

Price: \24,200 JPY
Materials: 925 Sterling Silver (Rhodium Plated), Green Onyx, Cubic Zirconia
Size: Height 13.8mm, Width 7.6mm [Chain] Length 45cm (17.72"") (adjustable to 40cm (15.75""))
	
	Zoe Necklace	
	

	
		
			
		
		[sourceLink asin="""" asin_jp="""" cdj_product_id="""" text="""" url="""" ]
	

		
	
“BUT, EVEN SO… WE NEED TO MOVE FORWARD…”

Season 3　Episode 55

This piece is inspired by the scene where Hange, who has experienced the loss of many dear ones, offers quiet support to Mikasa in her grief. At its center is a smoky quartz, a stone known for symbolizing “responsibility” and “comfort,” with a color that evokes Hange’s hair. Above it sits a cubic zirconia representing the color of Hange’s eyes. The sharp silhouette and combination of stone colors express Hange’s intelligence and individuality. The stone setting features titan figures surrounding the smoky quartz on all four sides, symbolizing her past struggles.

Price: \24,200 JPY
Materials: 925 Sterling Silver (18K Yellow Gold Plated), Smoky Quartz, Cubic Zirconia
Size: Height 15.2mm, Width 11.5mm [Chain] Length 45cm (17.72"") (adjustable to 40cm (15.75""))
	
	Erwin Necklace	
	

	
		
			
		
		[sourceLink asin="""" asin_jp="""" cdj_product_id="""" text="""" url="""" ]
	

	
“MY SOLDIERS! RAGE!! MY SOLDIERS! SCREAM!! MY SOLDIERS!! FIGHT!!”

Season 3　Episode 53

This piece is inspired by the scene where Erwin leads the new recruits into battle against the Titans. The centerpiece features green quartz, symbolizing ""harmony"" and ""rejuvenation."" The delicate milgrain surrounding the stone represents the many new soldiers standing together to face the Titans. The bail is engraved with lines inspired by a signal flare, and set with a light blue cubic zirconia, reminiscent of Erwin’s determined eye color as he leads the charge against the Titans.

Price: \24,200 JPY
Materials: 925 Sterling Silver (18K Yellow Gold Plated), Green Quartz, Cubic Zirconia
Size: Height 13.9mm, Width 7.5mm [Chain] Length 45cm (17.72"") (adjustable to 40cm (15.75""))
	
	Box	


	
		
			
		
		[sourceLink asin="""" asin_jp="""" cdj_product_id="""" text="""" url="""" ]
	


The product will be delivered in a dedicated box. The sides of the box feature designs of memorable quotes from the scenes inspired by the motif, allowing you to feel a part of the story every time you see it. Please enjoy the world and story alongside the product itself.	

[en]Source: [/en][es]Fuente: [/es]Official Press Release

[ad_bottom class=""mt40""]",https://honeysanime.com/new-attack-on-titan-collaboration-jewelry-featuring-striking-scenes-and-large-natural-stones-5-designs-total-now-available/,Honey's Anime,Attack on Titan,real
"[Honey's Anime Interview] BEYBLADE X Interview with Masahiko Yamazaki, Hisato Takaoka, and Makoto Muraki at the Los Angeles Anime Expo 2025","As part of the BEYBLADE X World Championship, the company behind BEYBLADE held the U.S. National qualifier at Anime Expo 2025 in the Los Angeles Convention Center. Honey’s Anime had the opportunity to interview Masahiko Yamazaki (Head of Global Beyblade Business), Hisato Takaoka (General Manager of Beyblade), and Makoto Muraki (Specialist on the Beyblade Design Team). Let’s see what they had to say about BEYBLADE X’s first tournament appearance at AX!



		
 
	
    	
			Takaoka



	
 
	
    	
			Yamazaki




 
	
    	
			Muraki


	

 

    
         Honey-Chan





Interview with the BEYBLADE Team
[gray-hex-decoration]

    
        
            
            
                
                
            
        
    
    
        
Why did you choose Anime Expo as the venue for the U.S. National qualifier? What goes into organizing an event of this scale here?
        
    



    
        
            
            
                
                
            
        
    
    
BEYBLADE launched in Japan in 1999, and in the U.S. in 2000. That means it has been 25 years since BEYBLADE first arrived in America. Last year was our first time bringing BEYBLADE to Anime Expo and we were very, very surprised and excited to find so many adult fans here. We have always believed the potential of American fans and community, and seeing their passion firsthand was a very great opportunity for us. That’s why we wanted to return and hold the tournament at this year's event.

BEYBLADE started just as a toy, but we’ve been aiming towards making it an entertainment sport, that’s why we thought about Los Angeles, the city of entertainment. Anime Expo is a very, very huge event so, in line with our branch’s story, this is a very suitable opportunity and a suitable event at AX. If you had the chance to come here during the morning (Saturday, July 5, 2025) there were so many people in line, we were not expecting so many fans to show up! Last year, BEYBLADE was here, but this year is the first time that we’ve held a tournament. We could not have imagined the number of people who attended. We were pleasantly surprised and very impressed with the number of attendees.
    







    
        
            
            
                
                
            
        
    
    
        
What are you hoping that fans take away from this event, or what were you expecting to show fans by holding this tournament here at AX?
        
    



    
        
            
            
                
                
            
        
    
    
From what I’ve seen, there’s a great opportunity to further grow and support adult tournaments in the U.S. I want to give hope that in the future, we will have more and more events for the American fans. While at the booth, I wondered why 200, or 300 people had gathered here, staying all the time around the stage area; it got me thinking that maybe this is a very, very rare opportunity to witness an official BEYBLADE tournament.
    



    
        
            
            
                
                
            
        
    
    
I wanted fans to take away the experience of an official tournament. I hope that those people who participated in the Anime Expo Tournament, go back to their hometowns and do the same as they did here. We formally introduced how to participate in a BEYBLADE tournament, showed them not only the format, but the experience, and how it goes after you lose or win a match, where you shake hands, etc. That’s the experience I hope they take from this event. 
    



    
        
            
            
                
                
            
        
    
    
        
After seeing the popularity of the BEYBLADE X tournament in Anime Expo, are you planning on coming back to AX next year or maybe plan on holding other official tournaments in other conventions across the U.S.?
        
    



    
        
            
            
                
                
            
        
    
    
Yes, as BEYBLADE X we plan to come to Anime Expo next year. We hope to expand with other tournaments or activities, as well as participate in other major U.S. conventions, working together with Hasbro, our U.S. partner.
    



    
        
            
            
                
                
            
        
    
    
        
With BEYBLADE X growing in popularity, what’s your vision for the expansion of the franchise in the next decade?  Do you see it expanding into things like virtual or augmented reality battles, or is the focus more on growing physical product availability, especially here in the U.S.?
        
    



    
        
            
            
                
                
            
        
    
    
Seeing that there are many new technologies like AI, AR, or VR as you mentioned, in the case of BEYBLADE it had a weird introduction into the metaverse world through Roblox. Right now, nearly 40 million visitors from around the world have joined the BEYBLADE world on Roblox. I can see that technology is important, but from what I can see the most important thing is the community. BEYBLADE fans are encouraged to enjoy the brand in many ways, so it has great potential to cultivate a community no matter what technology it expands to. But we’ve committed to grow the community rather than focusing on introducing the brand to new technology.
    



    
        
            
            
                
                
            
        
    
    
        
Why did you choose Roblox as the “community builder” for BEYBLADE?
        
    



    
        
            
            
                
                
            
        
    
    
In Japan, Roblox is not really popular yet, but in the U.S.A, as well as other parts of Asia it's really popular. BEYBLADEs’ strength is that they can provide a physical experience, at the same time, this is our weakness. We want fans to enjoy BEYBLADE globally, but as of right now, Roblox is the answer the fans have created. And the fantastic thing is that you can play it from anywhere.

[Takaoka proceeds to take out his phone, which is already online on Roblox and actively spectating a BEYBLADE match between real people that are online at that moment]		
    



    
        
            
            
                
                
            
        
    
    
The players of that BEYBLADE world in Roblox, the total of Japanese players is maybe around 5% but the other 95% are from all over the world; number one is currently Thailand, followed by Mexico and the U.S.A. That's why we embraced Roblox, since it’s a global platform that surpasses the barriers and restrictions of our physical limitations.		
    



    
        
            
            
                
                
            
        
    
    
        
When designing parts for BEYBLADE X with competitive players in mind, how do you strike a balance between performance, durability, and customization? Is one prioritized more than the others, or is it always a compromise?
        
    



    
        
            
            
                
                
            
        
    
    
Those three elements you mentioned are very, very important. First of all, BEYBLADE X is a product that can be enjoyed by children and adults, so our priority is safety. At the same time, it has to be truly thrilling and fun to play. Although it seems at odds with safety the features that make the game exciting—like high-speed, intense collisions are essential for our products so it is a big challenge for us to pursue both aspects. We try not to have tradeoffs or compromises, they try to deliver all those points at the highest possible “level”, This is something we really take care of when thinking about new model designs.
    



    
        
            
            
                
                
            
        
    
    
        
As a competitive game, BEYBLADE must often introduce different ""battle strategies"". I see BEYBLADE X has a gimmick called ""X-dash"" Could you walk me through how you come up with these strategies?
        
    



    
        
            
            
                
                
            
        
    
    
BEYBLADE X physical contact is really important. “Physical contact” is the base keyword in the company, so everyone keeps it in mind when creating the product. If it goes faster, would it be interesting? If it falls apart, will it be interesting? Those kinds of unique ideas are always brought forward by the team and we bring it to life as a demo product by the design team to test it out. After everyone has experienced it and it makes sense as a strategy, then the idea will move on to the next level until it makes it to the actual product. One thing we’re always taking care of is that we don’t create only an idea, but also create a demo product to test it out within the team.
    



    
        
            
            
                
                
            
        
    
    
        
As for battle gimmicks like the X-Dash, so far what has been the most challenging or interesting gimmick that you have created?
        
    



    
        
            
            
                
                
            
        
    
    
3rd generation BEYBLADE Burst. This was the first time that the toy would be torn apart, breaking into pieces. That gimmick introduced in the 3rd generation was challenging because the point was for them to break apart on purpose, but also you should be able to put it back together. On top of that, we had to achieve for it to spin super fast and all the pieces would fly out all over the place, so safety was a challenge. Before this model, the arena did not have the guard piece, so we had to come up with the arena barrier too. 
    



    
        
            
            
                
                
            
        
    
    
        
Now that you have seen the popularity of BEYBLADE X in Anime Expo, and of course, Anime Expo caters to an Otaku culture, do you have in mind any collaboration with some big anime title? For example, a series of toys inspired by big IPs?
			
    



    
        
            
            
                
                
            
        
    
    
In Japan, we’ve had experience collaborating with celebrities and sports groups. We won’t deny any future collaborations with any anime IP. We have already  collaborated with major IPs like Star Wars and Marvel featuring characters like Skywalker or Spiderman, we even have a collaboration with FC Barcelona, a legendary European multi-sports club based in Catalonia.
    



    
        
            
            
                
                
            
        
    
    
        
I want to ask you all for your personal experience watching the popularity of the BEYBLADE X booth and seeing all the fans there as well as the competitive U.S. Bey community playing in the tournament. Has anything surprised you? Has the U.S. player base inspired you in any way? How’s the US community different from the Japanese community? Any personal feelings that you’d like to share about your experience at Anime Expo and the BEYBLADE Championship? 
			
    



    
        
            
            
                
                
            
        
    
    
As I expected, United States fans are really full of emotion. Most of the American　fans are shouting “Woo, I did it! I did it!”. I like this style of celebrating, it's something I am really glad to see, hahaha.
    



    
        
            
            
                
                
            
        
    
    
During BEYBLADE’s panel event at AX, we played the first episode of our new anime season. The fans there were very very excited and had a good reaction. But we not only talked about the animation, we also talked about BEYBLADE as a product and the community was very curious about how we design our toys, about the making process. It gave me the impression that the U.S. fans are extremely curious about BEYBLADE, so I enjoyed their reaction to our panel.  
    



    
        
            
            
                
                
            
        
    
    
When I saw the participants of the tournaments and noticed the kind of Beys that they use I thought their selections were interesting. Usually, when you compete in tournaments, the ultimate goal should be to win, right? But seeing the U.S. participants, they are using the BEYBLADEs that they really like, ones that they have emotional attachments to. The ratio is a lot higher in the U.S. than in Japan. The way that fans enjoy BEYBLADE X here in the U.S. is wider, so that’s the point of view I gained from this experience and I will take it into consideration for future product design.  
    



    
        
            
            
                
                
            
        
    
      
The passion and enthusiasm surrounding BEYBLADE X at Anime Expo 2025 was undeniable. It's clear that BEYBLADE continues to evolve as more than just a toy, it’s a global phenomenon fueled by community, creativity, and competition. With plans to return and expand further into U.S. events, the future of BEYBLADE is spinning faster than ever!",https://honeysanime.com/honeys-anime-interview-beyblade-x-interview-with-masahiko-yamazaki-hisato-takaoka-and-makoto-muraki-at-the-los-angeles-anime-expo-2025/,Honey's Anime,unknown,real
Up to 35% Off! AVIOT’s High-Quality Japanese Wireless Earbuds on Sale for Amazon Prime Day 2025 – Featuring This Year’s Lowest Prices,"[sourceLink asin="""" asin_jp="""" cdj_product_id="""" text="""" url="""" ]
	



[en]What You Need to Know: [/en][es]Lo que necesitas saber: [/es] 


	AVIOT, which manufactures and sells consumer electronics products, a renowned Japanese consumer electronics manufacturer, is thrilled to announce that its acclaimed range of wireless earbuds will be available at up to 35% off during Amazon Prime Day 2025.
	
The sale will run from 12:01 AM PDT on July 8 through 11:59 PM PDT on July 11. (A Prime membership is required to take advantage of the deals.)

	
	Connect to an Anime World Through Your Ears — and More	
AVIOT's diverse product lineup includes anime collaboration models, fashion-forward designs, and flagship high-resolution audio models. Designed and engineered in Japan, AVIOT earbuds are known for their meticulous craftsmanship, unique aesthetic, and exceptional sound quality.

Highlights of the sale include:
	→ Up to 35% OFF on selected models
	→ Special Voice Lines by popular anime characters (collaboration models)
	→ Jewelry-Inspired Designs such as the popular TE-I3 model
	→ Award-Winning Japanese Quality, recognized by VGP 2024 SUMMER	
	
	Collaboration Models:

AVIOT Monogatari Series Anime Wireless Earbuds TE-D01v-MGT 蕩 (Tore) Model
	https://www.youtube.com/watch?v=fDOTpdBzzRE
	URL: amazon.com/dp/B0CJY87MDJ
	Sale Price: $169.00 → $118.30 (30% OFF – Lowest price this year)
	
	AVIOT Monogatari Series Anime Wireless Earbuds TE-D01v-MGK 怪 (Kai) Model
	https://www.youtube.com/watch?v=fDOTpdBzzRE
	URL: amazon.com/dp/B0CJY9X3YY
	Sale Price: $169.00 → $118.30 (30% OFF – Lowest price this year)
	
	AVIOT Kamen Rider W Collaboration Wireless Earbuds, Special Package, Design, Japanese Special Voice, Adaptive Noise Cancelling, Wireless Charging Case, Bluetooth 5.3 TE-V1R-WCJ
	https://www.youtube.com/watch?v=2wLiWyPFxGc
	URL: amazon.com/dp/B0DVT3987S
	Sale Price: $159.00 → $119.25 (25% OFF – Lowest price this year)
	
	AVIOT Overlord Universe Wireless Earbuds TE-V1R-OVL, Officially Licensed (Exclusive Edition) Special Package, Design, Japanese Special Voice, Noise Canceling Earbuds
	https://www.youtube.com/watch?v=AL9e1v5Hmgk
	URL: amazon.com/dp/B0DKFLYHSQ
	Sale Price: $169.00 → $118.30 (30% OFF – Lowest price this year)
	
	AVIOT Sword Art Online Anime Wireless Earbuds TE-D01v-SOW (Heroine Model)
	https://www.youtube.com/watch?v=ejI9yTyjU_A
	URL: amazon.com/dp/B0CSSPY9JV
	Sale Price: $169.00 → $118.30 (30% OFF – Lowest price this year)
	
	AVIOT Sword Art Online Anime Wireless Earbuds TE-D01v-SOB (Hero Model)
	https://www.youtube.com/watch?v=ejI9yTyjU_A
	URL: amazon.com/dp/B0CSSR2HFY
	Sale Price: $169.00 → $118.30 (30% OFF – Lowest price this year)
	
	AVIOT ""Code Geass: Lelouch of The Rebellion Wireless Earbuds TE-D01v-CGL, Officially Licensed (Exclusive Edition) Special Package, Design, Japanese Special Voice, Noise Canceling Earbuds
	https://www.youtube.com/watch?v=UvDQakBHoN8
	URL: amazon.com/dp/B0DQCZKKXC
	Sale Price: $169.00 → $118.30 (30% OFF – Lowest price this year)
	
AVIOT Masked Rider Faiz Wireless Earbuds TE-D01v-555,Officially Licensed(Exclusive Edition) Special Package,Design,Japanese Special Voice,Noise Canceling Earbuds
	https://www.youtube.com/watch?v=2wLiWyPFxGc
	URL: amazon.com/dp/B0D814K1JW
	Sale Price: $149.00 → $111.75 (25% OFF – Lowest price this year)	
	
	AVIOT The IDOLM@STER SHINY COLORS TE-D01v-ISN,Officially Licensed(Exclusive Edition) Special Package,Design,Japanese Special Voice,Noise Canceling Earbuds, Bass Earbuds (Nightfall Model)
	https://www.youtube.com/watch?v=ABsbPqyEDA4
	URL: amazon.com/dp/B0D813ZR45
	Sale Price: $169.00 → $126.75 (25% OFF – Lowest price this year)
	
	AVIOT GRIDMAN Universe Wireless Earbuds TE-D01v-GMU,Officially Licensed(Exclusive Edition) Special Package,Design,Japanese Special Voice,Noise Cancelling Earbuds
	https://www.youtube.com/watch?v=2oBSK4ycd74
	URL: amazon.com/dp/B0D81479H6
	Sale Price: $159.00 → $119.25 (25% OFF – Lowest price this year)

	AVIOT TE-Q3-FFR Frieren: Beyond Journey’s End Collaboration Wireless Earbuds 
	https://www.youtube.com/watch?v=E8bouGn23Qc
	URL: amazon.com/dp/B0CVQBM8RM
  Sale Price: $169.00 → $135.2　(20%OFF – Lowest price this year)
	
	
	Standard Models
	
AVIOT TE-I3 Earbuds, 32 Hours Long Battery Life, Deep Bass, IPX4 Waterproof,Medical Grade Silicone, Multipoint, Charging Case, Gaming Model, Built-in Microphones
	

	
		
			
		
		[sourceLink asin="""" asin_jp="""" cdj_product_id="""" text="""" url="""" ]
	


	URL: amazon.com/dp/B0CSRZT6J5 
	coupon price : $59 → $50.15 (15%OFF – Lowest price this year)
  ※ Discounted price with coupon.

AVIOT TE-W1 Wireless Earbuds, Sound Coaxial 3D System, Adaptive Hybrid Noise Cancelling, High-Resolution Audio, LDAC Technology, Up to 50 Hours Playback, IPX4 Water Resistance (Dark Red)
	

	
		
			
		
		[sourceLink asin="""" asin_jp="""" cdj_product_id="""" text="""" url="""" ]
	


	URL: amazon.com/dp/B0DKDPK4Z1
	Sale Price: $119 → $83.30 (30% OFF – Lowest price this year)
  ※ Discounted price with coupon.	
	
AVIOT TE-W1 Wireless Earbuds, Sound Coaxial 3D System, Adaptive Hybrid Noise Cancelling, High-Resolution Audio, LDAC Technology, Up to 50 Hours Playback, IPX4 Water Resistance (PNK)
	

	
		
			
		
		[sourceLink asin="""" asin_jp="""" cdj_product_id="""" text="""" url="""" ]
	


	URL: amazon.com/dp/B0DMFLBH14
Sale Price: $129 → $90.30 (30% OFF – Lowest price this year)	
	
AVIOT TE-Q3 Small Active Noise Cancelling Wireless Earbuds, Bluetooth 5.3, Multipoint Connection, Built-in Mic, Medical Grade Silicone, Up to 42 Hours Playtime, IPX4 Waterproof (Lavender)
	

	
		
			
		
		[sourceLink asin="""" asin_jp="""" cdj_product_id="""" text="""" url="""" ]
	


	URL: amazon.com/dp/B0CSS5NCJD
Sale Price: $69 → $55.20 (20% OFF – Lowest price this year)	
	
AVIOT TE-H1 Open-Ear Earphones, Non-occluding Design, Ear-Hook Style, Hi-Res Audio and LDAC, Sound Leakage Reduction Mode, Up to 42 Hours of Playback, Lightweight Design (Silver)
	

	
		
			
		
		[sourceLink asin="""" asin_jp="""" cdj_product_id="""" text="""" url="""" ]
	


	URL: amazon.com/dp/B0DKDNXT6R
Sale Price: $119 → $77.35 (35% OFF – Lowest price this year)
	
AVIOT WA-V1 High-Resolution Wireless Headphones with Adaptive Hybrid Noise Cancelling | Up to 120 Hours Playback | Superior Sound Quality and Comfort | Foldable Design (Navy)
	

	
		
			
		
		[sourceLink asin="""" asin_jp="""" cdj_product_id="""" text="""" url="""" ]
	


	URL: amazon.com/dp/B0D9Y8VPYK
Sale Price: $99 → $74.25 (25% OFF – Lowest price this year)	
	
AVIOT TE-A1 Hi-Res True Wireless Earbuds | Bluetooth 5.3, Up to 70-Hour Playback, Adaptive Noise Canceling, 3D Spatial Audio, Wireless Charging, IPX4 Water & Dust Resistance, Lightweight (Black)
	

	
		
			
		
		[sourceLink asin="""" asin_jp="""" cdj_product_id="""" text="""" url="""" ]
	


	URL: amazon.com/dp/B0DVT3L6HY
Sale Price: $89 → $71.20 (20% OFF – Lowest price this year)
	
AVIOT TE-Z1PNK Noise Cancelling Earbuds | Wireless Earbuds with Planar Magnetic Driver | High-Resolution Audio | Up to 18 Hours Playback | IPX4 Water Resistance | Psycho-Pass Voice Guidance
	

	
		
			
		
		[sourceLink asin="""" asin_jp="""" cdj_product_id="""" text="""" url="""" ]
	


	URL: amazon.com/dp/B0C3M2XW87
Sale Price: $229 → $160.30 (30% OFF – Lowest price this year)
※ Discounted price with coupon.


*These items are only available while stocks last.

	About AVIOT
AVIOT, born in 2018 as the original brand of Preseed Japan Corporation, aims to deliver products that convey high-quality Japanese craftsmanship in sound, delicate and beautiful design, and easy-to-use electronic products. In 2023, the brand restarted with the addition of “A Visionary Innovation On Technology” to its name, aiming to be an electronic devices brand that goes beyond the framework of audio-visual products. The vision is to bring innovation through the power of technology and deliver “something that changes your lives” to customers.

Company Name: Preseed Japan Corporation
Representative: CEO Founder Hirokazu Tsuchiyama
Address: 4-16-7 Sendagaya, Shibuya-ku, Tokyo 151-0051, DT Building 3F
Business Activities: 
1) Manufacturing, importing, and selling wireless audio equipment and IoT-related products
2) Importing and selling mobile accessories
3) Managing an e-commerce website

AVIOT Official Website: aviot.jp
AVIOT Official X (formerly Twitter): twitter.com/AVIOT_JP
AVIOT Official Instagram: instagram.com/aviotjapan
AVIOT Official TikTok: tiktok.com/discover/AVIOT		
	
	
	

[en]Source: [/en][es]Fuente: [/es]Official Press Release

[ad_bottom class=""mt40""]",https://honeysanime.com/up-to-35-off-aviots-high-quality-japanese-wireless-earbuds-on-sale-for-amazon-prime-day-2025-featuring-this-years-lowest-prices/,Honey's Anime,Overlord,real
New VTuber Group Nova from VShojo Makes Surprise Debut at Anime Expo 2025! Debut Song “Starry Connection” Out Now on Streaming and YouTube,"[sourceLink asin="""" asin_jp="""" cdj_product_id="""" text="""" url="""" ]
	



[en]What You Need to Know: [/en][es]Lo que necesitas saber: [/es] 


	NOVA is a new four-member VTuber group from the popular US-based agency VShojo. They made a surprise debut announcement and held their first event at Anime Expo 2025 in Los Angeles, one of the world’s largest anime conventions with around 400,000 attendees annually.

	Kicking off with the surprise announcement at Anime Expo 2025, NOVA officially launched their music career under a new label, UNIVOLT, created in collaboration with Universal Music.

	NOVA is VShojo’s first Japanese-speaking VTuber group, consisting of Akatsuki Hotaru, Hestia Happiness, Okamoto Nagi, and Yutori Peke. They made their livestream debut in November 2024, drawing attention as part of VShojo’s full-scale entry into the Japanese market. Set in a fantasy world where they travel through a post-apocalyptic parallel universe, each of the group’s four unique characters has their own background and profession. They primarily stream in Japanese on YouTube and Twitch.

Their debut track, “Starry Connection,” was released today at 13:00 (JST), alongside its official music video. It features a Japanese hyper pop sound that highlights the unique personalities of all four members. The lyrics were written by utumiyqcom, who appeared on Rap Star, and the music was composed by up-and-coming Vocaloid producer Tokyo Manaka. The song is packed with NOVA’s signature flair, even incorporating the members’ names into the lyrics. The music video, produced by Toei Zukun Laboratory, vividly brings NOVA’s fantasy world to life.


https://youtu.be/QXJ28-1FBAg
	
	“Starry Connection” on download and streaming websites
lnk.to/NOVA_SC

	VShojo’s Profile
VShojo’s first Japanese-speaking VTuber group, consisting of Akatsuki Hotaru, Hestia Happiness, Okamoto Nagi, and Yutori Peke. They made their livestream debut in November 2024, drawing attention as part of US-based VShojo’s full-scale entry into the Japanese market. Set in a fantasy world where they travel through a post-apocalyptic parallel universe, each of the group’s four unique characters has their own background and profession. They primarily stream in Japanese on YouTube and Twitch.

	Website & Social Media

Official site: vshojo.com
X: x.com/nova_vshojo
Instagram: lnk.to/nova_ig
TikTok: lnk.to/nova_tiktok
YouTube: lnk.to/nova_yt

[en]Source: [/en][es]Fuente: [/es]Official Press Release

[ad_bottom class=""mt40""]",https://honeysanime.com/new-vtuber-group-nova-from-vshojo-makes-surprise-debut-at-anime-expo-2025-debut-song-starry-connection-out-now-on-streaming-and-youtube/,Honey's Anime,unknown,real
Jaleco Sports: Goal! - A Nostalgic Kick from the 8-bit and 16-bit Era,"[ad_top1 class=""mb40""]



  
    
https://www.youtube.com/watch?v=eOhDLZ9gdEg
    
  



  
Most of you probably weren’t even born back then, but some of us still remember what football games were like before they turned into lootbox fests catering only to online competitors. Back in the day, there were tons of different titles and approaches to the sport, and most of them had their own unique charm, offering countless hours of fun with friends and siblings.

Among the standouts, the Goal! franchise was probably our favorite… and now it’s back in full glory, with both classic games bundled into one awesome package!
	




  
Football Unites the World
			
	
  
    
Yes, that’s actually one of FIFA’s recent slogans (the organization, not the video game series), and it perfectly captures one of the highlights of this new bundle.

Originally developed by Tose and published by Jaleco (both Japanese companies) Goal! (known in Japan as Moero!! Pro Soccer) debuted in 1988. It was later localized for North America and Europe, with slightly different versions released in each region. Thanks to its popularity, a sequel followed in 1992, launching globally. But things weren’t as straightforward as they might seem…
			

  
    
      

        
        [sourceLink asin="""" asin_jp="""" cdj_product_id="""" text="""" url="""" ]
    
  
  			
			
Because the games were released in different regions and on different consoles, there are a number of notable differences—not just in the titles, but in the content itself. For instance, the lineup of national teams varies by version. In the Japanese release of Goal!, Uruguay and the USA are not included; instead, players get Northern Ireland and Scotland. Goal! Two features even more regional variation: the Japanese version includes teams like Colombia, Ghana, and Austria, while the Western release swaps them out for Canada, Mexico, and Venezuela. Meanwhile, the USSR and West Germany are present in the NES version but were omitted from the SNES port.

Fortunately, this new bundle includes all versions of both games, giving players access to every regional team, no matter where they were originally released.
    
  




  
A Perfect Title for Collectors!
		


  
    
      

        
        [sourceLink asin="""" asin_jp="""" cdj_product_id="""" text="""" url="""" ]
    
  
  
	
  
    
Another feature we absolutely loved is the inclusion of all the original cover art and instruction manuals. Back in the '80s and '90s, reading and re-reading those little booklets, or proudly displaying them on your shelf, was a big part of the whole video game experience.
			
Sure, these games aren’t exactly complex in terms of controls or mechanics—after all, most systems back then only had a couple of buttons to work with. In fact, most of the instructions now feel like plain common sense to today’s players. Still, having access to the original manuals feels oddly refreshing. And best of all, you can switch languages with a single button press.
    
  




  
And What About the Gameplay?
  


  
    
      

        
        [sourceLink asin="""" asin_jp="""" cdj_product_id="""" text="""" url="""" ]
    
  
  	
	
  
    
The most notable addition to this bundle is the ability to rewind time at any moment (like in some racing games), whether it’s to stop a goal from being scored, avoid a yellow or red card, or simply get a second chance after completely shanking a shot into the stratosphere.
			
Was it necessary? Probably not. Does it feel like cheating? Absolutely, and football purists will no doubt see it as a disgrace to the sport. But hey, it’s 100% optional, so no harm done… right? If anything, it’s just a modern safety net for retro frustration. 
    
  
	

  
    
      

        
        [sourceLink asin="""" asin_jp="""" cdj_product_id="""" text="""" url="""" ]
    
  
  

  
    
No one expects games from four decades ago to stand toe-to-toe with modern sensations like EA FC, PES, or even Rematch. But firing up a few Goal! or Goal! Two matches with friends, whether out of nostalgia or curiosity, depending on your age, can still be a blast.
			
Sure, we don’t see ourselves playing these games non-stop for days, but we genuinely enjoyed re-adapting to the punishing controls and arcade-style gameplay. Plus, there's something charming about scoring goals with national teams from countries that you don’t typically find in other football games, or that don’t even exist anymore. Nevertheless, if you like competing online, you can compete against other players on the monthly leaderboards! 
    
  	







  
Final Thoughts
  
  
  
Jaleco Sports: Goal!, the remake developed by Sickhead Games and Rock It Games, is one of those bundles we’re just happy to have in our library, ready to launch now and then for a few laughs and a trip down memory lane.

The game is available for Windows PC via Steam and GOG. It's been announced there will be a PlayStation 5 and Nintendo Switch release later this year. 
  



[author author_id=""063"" author="""" translator_id=""""]

[ad_bottom class=""mt40""]",https://honeysanime.com/jaleco-sports-goal-a-nostalgic-kick-from-the-8-bit-and-16-bit-era/,Honey's Anime,unknown,real
New Panty & Stocking with Garterbelt TV Anime Airing this July after 15 Years!,"[sourceLink asin="""" asin_jp="""" cdj_product_id="""" text="""" url="""" ]
	



[en]What You Need to Know: [/en][es]Lo que necesitas saber: [/es] 


	The racy 2010 cartoon anime Panty & Stocking with Garterbelt receives a new installment fifteen years after airing. In celebration of New Panty & Stocking with Garterbelt’s upcoming release, an official music YouTube channel has been created!

		Fans can listen to their favorite tracks from the original anime and upcoming new songs all in one place! Tracks from the Panty and Stocking Original Soundtrack will be uploaded everyday until July 9th! Subscribe and don’t miss out!

	New Panty & Stocking with Garterbelt Official Music YouTube Channel
https://www.youtube.com/watch?v=z45ZfSqNpAg

Official Website: newpsg.com
Official X: x.com/NEWPSG_official
Official Instagram: instagram.com/newpantyandstocking_official
Official TikTok: tiktok.com/@newpsg_official
Official YouTube: youtube.com/@NewPSG_music_official
	
	

[en]Source: [/en][es]Fuente: [/es]Official Press Release

[ad_bottom class=""mt40""]",https://honeysanime.com/new-panty-stocking-with-garterbelt-tv-anime-airing-this-july-after-15-years/,Honey's Anime,unknown,real
"WurtS to Digitally Release “Doukashiteru,” Ending Theme for DAN DA DAN Season 2, on July 11!","[sourceLink asin="""" asin_jp="""" cdj_product_id="""" text="""" url="""" ]
	



[en]What You Need to Know: [/en][es]Lo que necesitas saber: [/es] 


	WurtS has announced that “Doukashiteru,” the ending theme for DAN DA DAN Season 2, will be released on streaming platforms starting July 11.

	DAN DA DAN is a hit manga by Yukinobu Tatsu, currently serialized in Shueisha’s manga app Shonen Jump+ (updated every Tuesday), with over 10 million copies in circulation. The story follows Momo Ayase, a high school girl born into a family of spirit mediums, and her classmate Okarun Takakura, an occult fanatic, as they take on supernatural threats in this thrilling blend of occult battles and youthful adventure.

The jacket art for “Doukashiteru” features a newly drawn illustration of Momo and Okarun. Season 2 of the anime will officially begin airing tonight in Japan.


https://youtu.be/t-ifCiMRt6Y

	Release Information
	WurtS
Digital Single
“Doukashiteru,” ending theme of DAN DA DAN season 2
Release Date: July 11
lnk.to/ds_ws
	
	WurtS's Profile	
Launched in 2021, WurtS is a 21st-century-born solo artist who self-produces everything, from lyrics, composition, and arrangement to artwork and visuals. His music, centered on dance, is constantly evolving into a unique style of pop that blends genres such as rock, hip-hop, soul, and more.

−WurtS INFORMATION− 
Official Website: wurts.jp
X: x.com/wurts2021
Instagram: instagram.com/wurts2021
TikTok: tiktok.com/@nia_n_
YouTube Channel: youtube.com/@wurts2021

[en]Source: [/en][es]Fuente: [/es]Official Press Release

[ad_bottom class=""mt40""]",https://honeysanime.com/wurts-to-digitally-release-doukashiteru-ending-theme-for-dan-da-dan-season-2-on-july-11/,Honey's Anime,unknown,real
AVIOT to Open Pre-Orders for hololive English -Advent- Collaboration True Wireless Earbuds on July 2!,"[sourceLink asin="""" asin_jp="""" cdj_product_id="""" text="""" url="""" ]
	



[en]What You Need to Know: [/en][es]Lo que necesitas saber: [/es] 


	AVIOT, operated by Preseed Japan Corporation, which manufactures and sells consumer electronics, will open pre-orders for the TE-V1R-HE2 true wireless earbuds on July 2.
	
Based on the TE-V1R from AVIOT’s hit V Series, which has sold approximately 190,000 units to date*, the TE-V1R-HE2 is a special edition inspired by the VTuber group hololive English -Advent-, made up of Shiori Novella, Koseki Bijou, Nerissa Ravencroft, Fuwawa Abyssgard, and Mococo Abyssgard.

	
	Each member has their own voice mode, along with special small group modes for Shiori Novella, Koseki Bijou, and Nerissa Ravencroft, as well as FUWAMOCO (Fuwawa & Mococo Abyssgard). All modes are available in both English and Japanese, for a total of over 370 newly recorded lines across 14 unique modes!

The earbuds and charging case showcase exclusive designs inspired by hololive English -Advent-, and the packaging includes a newly illustrated group visual created just for this collaboration. Package design and artwork will be revealed at a later date.

	To celebrate the launch, AVIOT is holding a campaign where five fans will win a replica autograph board featuring the new illustrations. Full details are available on AVIOT’s official X account.
	
	From July 3, a hololive English -Advent- photo corner will also appear at the AVIOT booth at Anime Expo 2025 in Los Angeles, one of the largest anime conventions in North America.
	
Product Characteristics
	Base Model
The TE-V1R is the latest model in AVIOT’s popular V series, which has sold approximately 190,000 units*. The earbuds offer an ultra-long battery life of 19 hours (62 hours with the charging case) and Adaptive Hybrid Noise Canceling, which automatically adjusts the noise reduction strength based on the surrounding environment. They also feature the new Hybrid Dual Driver 2.0 for enhanced sound quality, LDAC™ support for high-resolution playback, and wireless charging functionality, making them a high-grade model that perfectly balances sound quality and functionality.

*As of the end of April 2025

	Special Voice Lines
In addition to standard voice guidance for notifications like power and connection status, these earbuds include a “random voice” feature that plays special lines, including some that fans may recognize from the members’ streams. Altogether, there are over 370 newly recorded voice lines. 
	


	
		
			
		
		[sourceLink asin="""" asin_jp="""" cdj_product_id="""" text="""" url="""" ]
	

	
	
Each member has their own dedicated voice mode, along with special small group modes for Shiori Novella, Koseki Bijou, and Nerissa Ravencroft, as well as FUWAMOCO (Fuwawa and Mococo Abyssgard). All modes are available in both Japanese and English and can be switched at any time using the companion app. 
	
Whether you want a quiet message just for you or a lively chat with the whole group, you can choose the experience that suits your mood.

	Voice line samples are available on the product page:
aviot.jp/product/te-v1r-he2
	
	Special Design
The earbuds and charging case feature a unique design created exclusively for this collaboration. Inspired by the abyss of the great prison known as “The Cell,” the base color is a deep black, accented with metallic ice silver elements that reflect the Advent logo. The result is a chic, sophisticated look that brings the distinctive charm of each member right to your fingertips.



	
		
			
		
		[sourceLink asin="""" asin_jp="""" cdj_product_id="""" text="""" url="""" ]
	


	
	Special Packaging
The packaging features a stylish, minimalist design. Inside the chic and elegant box is an exclusive illustration created specifically for this product. Take your time and enjoy the radiant charm of the girls to the fullest.

Special Tuning
The earbuds include two sound modes that can be switched at any time via the app: Music Mode, which brings out the full audio performance of the TE-V1R, and Streaming Mode, which delivers clearer sound for enjoying livestreams.
	
	Special Photo Corner at Anime Expo 2025
From July 3, a hololive English -Advent- photo corner will also appear at the AVIOT booth at Anime Expo 2025 in Los Angeles, one of the largest anime conventions in North America.

Anime Expo 2025 Overview
Dates: July 3 (Thu) – July 6 (Sun), 2025 (Pacific Time, USA)
Venue: Los Angeles Convention Center
Official Website: anime-expo.org/ax
Official X: x.com/animeexpo
AVIOT (Preseed Japan Corporation) Booth Number: E-30	
	
	Product Information
	TE-V1R-HE2
Price: ¥22,880 (incl. tax)
Pre-orders Open: July 2, 2025
Expected Delivery Date: October 2025 or later

Available at:
AVIOT ONLINE MALL shop.aviot.jp/products/te-v1r-hen	
AMAZON amzn.to/4kjXqBe

→ Basic Specifications
・Driver: Hybrid type with φ10mm dynamic and balanced armature drivers
・Microphone for calls: MEMS microphone
・Battery capacity: Earbud single ear 85mAh / Case 600mAh
・Talk time*: Up to 9 hours
・Playback time*: Up to 19 hours (with charging case: up to 62 hours)
・Earbud charging time: Approximately 1.5 hours
・Charging port: USB Type-C
・Water resistance level**: Equivalent to IPX4
・Weight: Earbud single ear approximately 6.5g
・Other features: Multipoint support (up to 2 devices), single ear usage, earbuds can be individually turned on or off, fast charging (up to 120 minutes of playback with a 10-minute charge), wireless charging
	
→ Accessories
・Silicone earpieces (1 pair each in sizes S/M/L)
・USB Type-C cable
・User manual

→ Bluetooth Specifications
・Supported codecs: SBC, AAC, LDAC
・Supported profiles: A2DP, AVRCP, HFP, HSP
・Bluetooth version: 5.3
・Number of Bluetooth multi-pairing registrable devices: 8

*Exact time may vary depending on your usage environment
**Earbuds only

About AVIOT
AVIOT, born in 2018 as the original brand of Preseed Japan Corporation, aims to deliver products that convey high-quality Japanese craftsmanship in sound, delicate and beautiful design, and easy-to-use electronic products. In 2023, the brand restarted with the addition of “A Visionary Innovation On Technology” to its name, aiming to be an electronic devices brand that goes beyond the framework of audio-visual products. The vision is to bring innovation through the power of technology and deliver “something that changes your lives” to customers.

Company Name: Preseed Japan Corporation
Representative: CEO Founder Hirokazu Tsuchiyama
Address: 4-16-7 Sendagaya, Shibuya-ku, Tokyo 151-0051, DT Building 3F
Business Activities: 
1) Manufacturing, importing, and selling wireless audio equipment and IoT-related products
2) Importing and selling mobile accessories
3) Managing an e-commerce website

AVIOT Official Website: aviot.jp
AVIOT Official X (formerly Twitter): twitter.com/AVIOT_JP
AVIOT Official Instagram: instagram.com/aviotjapan
AVIOT Official TikTok: tiktok.com/discover/AVIOT	

[en]Source: [/en][es]Fuente: [/es]Official Press Release

[ad_bottom class=""mt40""]",https://honeysanime.com/aviot-to-open-pre-orders-for-hololive-english-advent-collaboration-true-wireless-earbuds-on-july-2/,Honey's Anime,unknown,real
"Azuki, COMISMA, and Xenotoon to Establish ""Studio Azuki,"" a US-Based Anime Studio","[sourceLink asin="""" asin_jp="""" cdj_product_id="""" text="""" url="""" ]
	



[en]What You Need to Know: [/en][es]Lo que necesitas saber: [/es] 


	Azuki™, COMISMA Inc., and Xenotoon Inc. announced a new joint anime studio “Studio Azuki”  based in the United States. The studio will develop, produce, and globally distribute original IPs and anime adaptations through unique production models shaped by the creative DNA of Azuki and its partners.
	
	Originally launched as an NFT project, Azuki has been at the forefront in blending anime production with technologies and social media, while fostering collaboration between global creators and Japanese anime talents. By forming a joint venture with COMISMA and Xenotoon—both of which bring strong anime production expertise—Studio Azuki aims to strengthen its creative capacity and position itself as a next-generation global anime studio.
	
	Azuki has been at the forefront of the rapidly growing global anime fandom, particularly in the U.S., where enthusiasm spans general audiences, Hollywood creators, celebrities, and businesses. Studio Azuki fuses this international momentum with Japan’s anime culture to pioneer new production models, elevate storytelling quality, enable fan collaboration, and introduce social-first formats that define the future of global anime.
	
	Guided by its “Anime 2.0” vision, Azuki has launched several key initiatives, including the Enter The Garden anthology series, Anime.com, and being an early contributor to Animecoin Foundation. Studio Azuki will continue to explore how these platforms and blockchain technology can reshape the way anime is financed, produced, and experienced.
	
	COMISMA, a founding partner of the new studio, is known for operating the manga app GANMA! and cultivating original works. It also owns the high-end animation studio Qzil.la. Xenotoon, meanwhile, brings a robust 2D/3D production pipeline and a creator-first studio network, exemplified by its collaborations with indie animators such as those behind Yasuda Gensho.

	“With a global-first, creator-centric, and social-native approach, Studio Azuki is our bold step toward building the next generation of anime, one that empowers creators, & connects directly with fans,” said Feb Tea, Head of Content at Azuki Labs. “By joining forces with COMISMA and Xenotoon, we’re combining deep, authentic anime production expertise with fresh creative energy and global perspective. Together, we can redefine how anime is developed, financed, and experienced around the world, with new original anime titles, stories and creators for years to come.”
	
	

	Comment From Koki Sato, CEO of COMISMA Inc.
I’m truly excited to be part of the launch of Studio Azuki. At COMISMA, we have long been guided by our mission to make 'manga artist' a dream profession for children. Through trust in creators and strong engagement with fans, we have delivered many successful IPs to the world. With our anime studio Qzil.la focused on high-end anime, we aim to create globally beloved anime titles. I look forward to driving the industry's growth through Studio Azuki.
	
	Comment From Koichi Kawase, CEO of Xenotoon Inc.
We are thrilled to announce the formation of Studio Azuki alongside such strong partners as Azuki and COMISMA. Our studio has experience across everything from social media-first short-form anime to feature-length theatrical works. From the beginning, our three companies shared a strong vision for the future of anime and entertainment. I believe it was inevitable that we would create a groundbreaking global studio together. This also marks a turning point in realizing our long-held vision to democratize the anime production, funding, and distribution pipeline. We look forward to creating a new chapter in anime history and co-creating titles that will captivate the world.	
	
	Comment From Ko Yada, CEO of Westbrook Inc.
At Westbrook, our mission has always been to tell stories that connect, inspire, and transcend borders. Partnering with Studio Azuki is a powerful step in that direction. Their creative vision and cultural insight align seamlessly with our global strategy. Together, we’re excited to identify and develop projects that resonate deeply with audiences around the world, blending authentic storytelling with boundary-pushing innovation.

	Strategic Partnership with Westbrook Inc.
In conjunction with the studio’s formation, Studio Azuki has entered into a strategic partnership with Westbrook Inc., the global media company founded by Jada Pinkett Smith, Will Smith, Miguel Melendez, and Ko Yada, focused on empowering artists to tell stories that connect the world.. By combining Studio Azuki’s production capabilities with Westbrook’s deep Hollywood network and expertise in global entertainment, the partnership aims to bring next-generation anime content to audiences worldwide.
	

[en]Source: [/en][es]Fuente: [/es]Official Press Release

[ad_bottom class=""mt40""]",https://honeysanime.com/azuki-comisma-and-xenotoon-to-establish-studio-azuki-a-us-based-anime-studio/,Honey's Anime,unknown,real
Azuki Labs to Present “Community-Driven Anime Production” Panel at Anime Expo 2025,"[sourceLink asin="""" asin_jp="""" cdj_product_id="""" text="""" url="""" ]
	



[en]What You Need to Know: [/en][es]Lo que necesitas saber: [/es] 


	Azuki Labs, Inc. announced its featured panel, “Community-Driven Anime Production,” at Anime Expo 2025, bringing together visionary creators and fans to explore how anime is evolving through co-creation. This session offers attendees an exclusive chance to hear directly from anime director Goro Taniguchi and Azuki CEO Alex Xu on how fan communities can help shape the future of anime.

	The panel will be held on Thursday, July 3, 2025, from 4:45 PM to 5:35 PM PDT in Room 511ABC at the Los Angeles Convention Center.

	“Community-Driven Anime Production"" Pannel
Attendees can look forward to:

	→	In-Depth Industry Insights: Goro Taniguchi shares his experience working on past projects, highlighting the challenges and untapped potential of original anime.
	→ Behind-the-Scenes on “Enter The Garden”: Goro Taniguchi offers a glimpse into the creative process behind Episode 3 of Enter The Garden directed by Tatsuyuki Tanaka (a.k.a. CANNABIS).
	→ Fan Power in Action: Azuki CEO Alex Xu discusses how fans influence production, from lore to design to funding models, and shares real-world examples of community contributions becoming canon.
	→ Interactive Visuals & Highlights: See fan art, cosplay, memes, and music that have helped shape Azuki’s storytelling world.
Future Vision: Learn how community-driven approaches can lead to faster development of original IPs and more creative risk-taking in the anime industry.
	→ Special Event Announcement: Exclusive details about Azuki’s Anime Expo Afterparty, featuring DJs, games, anime cocktails, and merch giveaways.

“This panel is about opening the doors of anime production wider than ever before,” said Alex Xu, CEO of Azuki Labs. “From concept to execution, we believe that fans are not just an audience, but co-creators. With legendary talent like Taniguchi-san and Tanaka-san joining the project, we hope to show what’s possible when creators and communities build together.”



	
		
			
		
		[sourceLink asin="""" asin_jp="""" cdj_product_id="""" text="""" url="""" ]
	

		
		
Panel Information
Title: Community-Driven Anime Production
Date: Thursday, July 3, 2025
Time: 4:45 PM – 5:35 PM PDT
Location: Room 511ABC, Los Angeles Convention Center

Anime Expo 2025 takes place July 3–6, 2025 at the Los Angeles Convention Center in Los Angeles, California. For more information and to purchase a badge, visit the official website at anime-expo.org.

About Azuki 
Azuki is a brand born at the intersection of art, technology, and internet culture. What started as a web3 project has evolved into a global community of artists and builders shaping original characters, stories, and experiences together. From digital collectibles to fashion and real-world events, Azuki is building a universe for digital natives drawn to what’s next. Learn more at azuki.com.		

[en]Source: [/en][es]Fuente: [/es]Official Press Release

[ad_bottom class=""mt40""]",https://honeysanime.com/azuki-labs-to-present-community-driven-anime-production-panel-at-anime-expo-2025/,Honey's Anime,unknown,real
“hololive English -Advent-” POP UP SHOP Arrives at Anime Expo 2025!,"[sourceLink asin="""" asin_jp="""" cdj_product_id="""" text="""" url="""" ]
	



[en]What You Need to Know: [/en][es]Lo que necesitas saber: [/es] 


	SHIBUYA TSUTAYA IP Bookstore and DESIGN COCO Co., Ltd. just announced that the hololive English -Advent- POP UP SHOP will be appearing at Anime Expo 2025, the largest anime convention in North America, held at the Los Angeles Convention Center.
	
	This project is the first initiative under the newly launched brand AXGRIT, created to commemorate the first anniversaries of SHIBUYA TSUTAYA’s grand reopening and the opening of its IP Bookstore. The international debut at Anime Expo will feature part of the pop-up shop that has been on the 6th floor of SHIBUYA TSUTAYA since April 25, 2025.
	
	The AXGRIT-themed booth will feature exclusive merchandise focused on hololive English -Advent-, alongside a striking display of 1/7 scale figurines, offering fans a new and immersive experience in the hololive universe.
	
*Some merchandise will not be available, and the life-size sculptures will not be displayed.

	
	Exhibition Information
	Date: July 3–6, 2025
	Venue: Los Angeles Convention Center, Anime Expo (Booth Number：SH-1927)

	Don’t miss this unique opportunity to experience AXGRIT and hololive in person—only at Anime Expo 2025!		
		
	AXGRIT Overview
Transcending nationalities and generations, SHIBUYA TSUTAYA—a cultural hub constantly evolving through content and events that captivate people from all walks of life—has teamed up with Design Coco, a company deeply involved in the creation of figures and a wide range of craftsmanship. Together, they aim to create a brand that is the convergence point of all content, turning Shibuya into a global mecca for cutting-edge anime and gaming culture.

The brand AXGRIT is an original universe themed around flying and fighting in a post-apocalyptic world using anti-gravity units. Focusing on figurines, their various products, and exhibitions based on this concept will be showcased primarily at SHIBUYA TSUTAYA.
	
	AXGRIT Worldview
The convergence point of all dimensions. Take back your freedom with wings of anti-gravity, and seize hope.

	AXGRIT Lore
The convergence point of all dimensions. Take back your freedom with wings of anti-gravity, and seize hope.

In a near-future Earth where science has advanced and civilization has flourished, humanity developed a device called the Cross Dimension, enabling access to the Multiverse.

This breakthrough allowed humans to make contact with beings from alternate worlds, regardless of whether they were two-dimensional or three-dimensional.

The barriers between dimensions had fallen, and the world cultivated even greater wisdom and wealth.

However, one day, a catastrophic system failure known as the Dimension Accident occurred, causing countless worlds influenced by the Cross Dimension to merge into a single, unified realm.

Although this unprecedented convergence plunged every world into chaos, order was gradually restored under the guidance of the United Earth Forces’ organization, the United Birth.

Yet, numerous problems remained.

The merging of worlds brought about unknown disasters and mysterious enemies immune to conventional weapons.
To make matters worse, a faction known as Nemesis Gravitas (hereafter referred to as Nemesis) began exploiting the Gravity Core, the energy source of the Cross Dimension, in an attempt to dominate the residents of each world.

Website: axgrit.com
Official X (Twitter): x.com/axgrit
Contact: axgrit@dcoco.co.jp		
		
	About hololive production
hololive production is one of the world’s largest virtual talent agencies.
It manages the female VTuber group hololive and the male VTuber group HOLOSTARS, whose combined YouTube subscriber count exceeds 80 million.
Through live streaming, music, and events, they engage with fans all around the globe.

hololive production Official Website: hololivepro.com
hololive production Official X (formerly Twitter): https://x.com/hololivetv
hololive production Official TikTok: tiktok.com/@hololive_official
hololive production Event Official X: x.com/hololive_event
hololive production Official Shop: shop.hololivepro.com
“QR Code” is a registered trademark of DENSO WAVE INCORPORATED.
“X (formerly Twitter)” is a trademark or registered trademark of X Corp. (formerly Twitter, Inc.).
“YouTube” is a trademark or registered trademark of Google LLC.

	About Design Coco Co., Ltd.
Design Coco Co., Ltd. is a manufacturing company headquartered in Sendai, Japan.
The company specializes in creating scale figure prototypes and art pieces.
In particular, it is recognized as a leading company in the life-size figure industry, earning high praise and trust from IP holders in Japan and overseas.

	Website: dcoco.co.jp		
		
	Overview of Design Coco's Official E-Commerce Site ""COCO Store""
COCO Store is a made-to-order e-commerce site where Design Coco, a figure prototype company, offers its original hobby products created using the craftsmanship and expertise it has cultivated over the years.

Each product is carefully planned, sculpted, and crafted by top-tier artisans, with a strong focus on design and quality.

Website: coco-store.jp
Official X (Twitter): twitter.com/designcoco_t 		
	
	Please note that actual products and the e-commerce site may differ slightly from the photos shown.	
	
	About SHIBUYA TSUTAYA
SHIBUYA TSUTAYA operates under the theme of ""create the world with what you love.""

			

	
		
			
		
		[sourceLink asin="""" asin_jp="""" cdj_product_id="""" text="""" url="""" ]
	


	
The building, spanning from two basement floors to eight stories above ground, is divided into three themed zones:
B2F to 1F: Create what you love with global IPs.
2F to 4F: An inspiring café & lounge.
5F to 8F: Connect through exclusive, once-in-a-lifetime experiences.
	
SHIBUYA TSUTAYA aims to be a brand-new cultural infrastructure, proposing innovative lifestyle experiences through engaging content and events that captivate people of all nationalities and generations—365 days a year.

Address: 21-6 Udagawacho, Shibuya-ku, Tokyo 150-0042, Japan.
Phone: +81-3-5459-3000.
Payment Methods: SHIBUYA TSUTAYA is a fully cashless facility.

Customers without non-cash payment methods are encouraged to use the transit IC card (PASMO, Suica, etc.) cash charge machines available on B2F, 2F, and 6F.
For more details, please refer to the Payment Guide page:
	shibuyatsutaya.tsite.jp/payment

Official Website: shibuyatsutaya.tsite.jp
SHIBUYA TSUTAYA Official X: x.com/SHIBUYATSUTAYA
SHIBUYA TSUTAYA Official Instagram: instagram.com/shibuya_tsutaya
SHIBUYA TSUTAYA Official TikTok: tiktok.com/@shibuya.tsutaya	
	
	About SHIBUYA TSUTAYA IP Bookstore
Branded as a floor where people “Connect through exclusive, once-in-a-lifetime experiences,” this concept-driven space gathers Japan’s leading IP content. It offers one-of-a-kind experiences and events that foster connections among fans of these properties.
	
A new kind of 2D IP entertainment content hub designed to bring fans together in unprecedented ways.
	
In collaboration with top Japanese IP holders in the entertainment industry, including comics, anime, VTubers, and virtual YouTubers, the IP Bookstore spreads Japanese IP culture from Shibuya to the rest of Japan—and the world.
	
Exclusive collaboration items featuring creators and IPs, including merchandise using newly drawn illustrations, are available here and nowhere else. The store is proud to offer products that can only be found through collaborations with a wide range of IP partners.
	
Note: “IP Bookstore” is a coined term that combines “Intellectual Property (IP)” and “Bookstore.”

	

	
		
			
		
		[sourceLink asin="""" asin_jp="""" cdj_product_id="""" text="""" url="""" ]
	


	
Official Name: IP Bookstore
Business Hours: 9:00 AM – 9:00 PM (Open daily)
Location: 6th Floor, SHIBUYA TSUTAYA, 21-6 Udagawacho, Shibuya, Tokyo
Opening Date: April 25th, 2024
Official X: x.com/SHIBUYA_T_COMIC		

[en]Source: [/en][es]Fuente: [/es]Official Press Release

[ad_bottom class=""mt40""]",https://honeysanime.com/hololive-english-advent-pop-up-shop-arrives-at-anime-expo-2025/,Honey's Anime,unknown,real
SHIBUYA TSUTAYA × Design COCO Launches New Brand: Project AXGRIT Begins!,"[sourceLink asin="""" asin_jp="""" cdj_product_id="""" text="""" url="""" ]
	



[en]What You Need to Know: [/en][es]Lo que necesitas saber: [/es] 


	Design COCO Co., Ltd. announced the launch of a new line of figurines featuring Fuwawa Abyssgard and Mococo Abyssgard from hololive English -Advent- redesigned in exclusive ""AXGRIT"" costumes. They have been available for pre-order since April 25th, 2025, through our official online store, COCO Store (https://coco-store.jp/), with orders closing on August 28th, 2025.
	
	These figurines mark the debut of AXGRIT, a collaborative brand born from SHIBUYA TSUTAYA IP Bookstore and Design COCO, celebrating the first anniversary of SHIBUYA TSUTAYA’s renewal opening.
	
Set in a dystopian future where characters equipped with anti-gravity units “fly” and “fight,” AXGRIT offers a unique and original worldview and product line.
	The figurines feature fine detailing, including anti-gravity units attached to their elegantly posed legs, semi-transparent custom jackets unique to AXGRIT, and optional paw-like accessories with movable claws and plush paw pads—adding depth to their dynamic poses.
	
	Both figurines will be showcased at Anime Expo 2025 this summer—don’t miss your chance to witness AXGRIT’s first step into the world!
	
	Product Details
	


	
		
			
		
		[sourceLink asin="""" asin_jp="""" cdj_product_id="""" text="""" url="""" ]
	

	
(1) hololive English -Advent- Fuwawa Abyssgard ""AXGRIT"" Ver. 1/7 Scale Figure [Standard Edition]
Product Link: amiami.com/eng/detail/?gcode=FIGURE-185658	



	
		
			
		
		[sourceLink asin="""" asin_jp="""" cdj_product_id="""" text="""" url="""" ]
	

	
(2) hololive English -Advent- Mococo Abyssgard ""AXGRIT"" Ver. 1/7 Scale Figure [Standard Edition]
Product Link: amiami.com/eng/detail/?gcode=FIGURE-185659	



	
		
			
		
		[sourceLink asin="""" asin_jp="""" cdj_product_id="""" text="""" url="""" ]
	

		
(3) hololive English -Advent- Fuwawa Abyssgard ""AXGRIT"" Ver. 1/7 Scale Figure [Deluxe Edition]
Product Link: amiami.com/eng/detail/?gcode=FIGURE-185656

	

	
		
			
		
		[sourceLink asin="""" asin_jp="""" cdj_product_id="""" text="""" url="""" ]
	

	
(4) hololive English -Advent- Mococo Abyssgard ""AXGRIT"" Ver. 1/7 Scale Figure [Deluxe Edition]
Product Link: amiami.com/eng/detail/?gcode=FIGURE-185657
		
Manufacturer: Design COCO Co., Ltd.
Sculpt & Paint: Design COCO
Copyright: Ⓒ COVER © AXGRIT
Contact
Design COCO Co., Ltd.
Website: coco-store.jp
Email: support@coco-store.jp		
		
	AXGRIT Overview
Transcending nationalities and generations, SHIBUYA TSUTAYA—a cultural hub constantly evolving through content and events that captivate people from all walks of life—has teamed up with Design Coco, a company deeply involved in the creation of figures and a wide range of craftsmanship. Together, they aim to create a brand that is the convergence point of all content, turning Shibuya into a global mecca for cutting-edge anime and gaming culture.

The brand AXGRIT is an original universe themed around flying and fighting in a post-apocalyptic world using anti-gravity units. Focusing on figurines, their various products, and exhibitions based on this concept will be showcased primarily at SHIBUYA TSUTAYA.
	
	AXGRIT Worldview
The convergence point of all dimensions. Take back your freedom with wings of anti-gravity, and seize hope.

	AXGRIT Lore
The convergence point of all dimensions. Take back your freedom with wings of anti-gravity, and seize hope.

In a near-future Earth where science has advanced and civilization has flourished, humanity developed a device called the Cross Dimension, enabling access to the Multiverse.

This breakthrough allowed humans to make contact with beings from alternate worlds, regardless of whether they were two-dimensional or three-dimensional.

The barriers between dimensions had fallen, and the world cultivated even greater wisdom and wealth.

However, one day, a catastrophic system failure known as the Dimension Accident occurred, causing countless worlds influenced by the Cross Dimension to merge into a single, unified realm.

Although this unprecedented convergence plunged every world into chaos, order was gradually restored under the guidance of the United Earth Forces’ organization, the United Birth.

Yet, numerous problems remained.

The merging of worlds brought about unknown disasters and mysterious enemies immune to conventional weapons.
To make matters worse, a faction known as Nemesis Gravitas (hereafter referred to as Nemesis) began exploiting the Gravity Core, the energy source of the Cross Dimension, in an attempt to dominate the residents of each world.

Website: axgrit.com
Official X (Twitter): x.com/axgrit
Contact: axgrit@dcoco.co.jp		
		
	About hololive production
hololive production is one of the world’s largest virtual talent agencies.
It manages the female VTuber group hololive and the male VTuber group HOLOSTARS, whose combined YouTube subscriber count exceeds 80 million.
Through live streaming, music, and events, they engage with fans all around the globe.

hololive production Official Website: hololivepro.com
hololive production Official X (formerly Twitter): https://x.com/hololivetv
hololive production Official TikTok: tiktok.com/@hololive_official
hololive production Event Official X: x.com/hololive_event
hololive production Official Shop: shop.hololivepro.com
“QR Code” is a registered trademark of DENSO WAVE INCORPORATED.
“X (formerly Twitter)” is a trademark or registered trademark of X Corp. (formerly Twitter, Inc.).
“YouTube” is a trademark or registered trademark of Google LLC.

	About Design Coco Co., Ltd.
Design Coco Co., Ltd. is a manufacturing company headquartered in Sendai, Japan.
The company specializes in creating scale figure prototypes and art pieces.
In particular, it is recognized as a leading company in the life-size figure industry, earning high praise and trust from IP holders in Japan and overseas.

	Website: dcoco.co.jp		
		
	Overview of Design Coco's Official E-Commerce Site ""COCO Store""
COCO Store is a made-to-order e-commerce site where Design Coco, a figure prototype company, offers its original hobby products created using the craftsmanship and expertise it has cultivated over the years.

Each product is carefully planned, sculpted, and crafted by top-tier artisans, with a strong focus on design and quality.

Website: coco-store.jp
Official X (Twitter): twitter.com/designcoco_t 		
	
	Please note that actual products and the e-commerce site may differ slightly from the photos shown.	
	
	About SHIBUYA TSUTAYA
SHIBUYA TSUTAYA operates under the theme of ""create the world with what you love.""

			

	
		
			
		
		[sourceLink asin="""" asin_jp="""" cdj_product_id="""" text="""" url="""" ]
	


	
The building, spanning from two basement floors to eight stories above ground, is divided into three themed zones:
B2F to 1F: Create what you love with global IPs.
2F to 4F: An inspiring café & lounge.
5F to 8F: Connect through exclusive, once-in-a-lifetime experiences.
	
SHIBUYA TSUTAYA aims to be a brand-new cultural infrastructure, proposing innovative lifestyle experiences through engaging content and events that captivate people of all nationalities and generations—365 days a year.

Address: 21-6 Udagawacho, Shibuya-ku, Tokyo 150-0042, Japan.
Phone: +81-3-5459-3000.
Payment Methods: SHIBUYA TSUTAYA is a fully cashless facility.

Customers without non-cash payment methods are encouraged to use the transit IC card (PASMO, Suica, etc.) cash charge machines available on B2F, 2F, and 6F.
For more details, please refer to the Payment Guide page:
	shibuyatsutaya.tsite.jp/payment

Official Website: shibuyatsutaya.tsite.jp
SHIBUYA TSUTAYA Official X: x.com/SHIBUYATSUTAYA
SHIBUYA TSUTAYA Official Instagram: instagram.com/shibuya_tsutaya
SHIBUYA TSUTAYA Official TikTok: tiktok.com/@shibuya.tsutaya	
	
	About SHIBUYA TSUTAYA IP Bookstore
Branded as a floor where people “Connect through exclusive, once-in-a-lifetime experiences,” this concept-driven space gathers Japan’s leading IP content. It offers one-of-a-kind experiences and events that foster connections among fans of these properties.
	
A new kind of 2D IP entertainment content hub designed to bring fans together in unprecedented ways.
	
In collaboration with top Japanese IP holders in the entertainment industry, including comics, anime, VTubers, and virtual YouTubers, the IP Bookstore spreads Japanese IP culture from Shibuya to the rest of Japan—and the world.
	
Exclusive collaboration items featuring creators and IPs, including merchandise using newly drawn illustrations, are available here and nowhere else. The store is proud to offer products that can only be found through collaborations with a wide range of IP partners.
	
Note: “IP Bookstore” is a coined term that combines “Intellectual Property (IP)” and “Bookstore.”

	

	
		
			
		
		[sourceLink asin="""" asin_jp="""" cdj_product_id="""" text="""" url="""" ]
	


	
Official Name: IP Bookstore
Business Hours: 9:00 AM – 9:00 PM (Open daily)
Location: 6th Floor, SHIBUYA TSUTAYA, 21-6 Udagawacho, Shibuya, Tokyo
Opening Date: April 25th, 2024
Official X: x.com/SHIBUYA_T_COMIC		

[en]Source: [/en][es]Fuente: [/es]Official Press Release

[ad_bottom class=""mt40""]",https://honeysanime.com/shibuya-tsutaya-x-design-coco-launches-new-brand-project-axgrit-begins/,Honey's Anime,unknown,real
"Entries Open July 1 for Round 3 of the Anime Song Choir Project “ChoieL”, Now Featuring 28 Eligible Songs!","[sourceLink asin="""" asin_jp="""" cdj_product_id="""" text="""" url="""" ]
	



[en]What You Need to Know: [/en][es]Lo que necesitas saber: [/es] 


	Bandai Namco Music Live Inc. will begin accepting entries for the third round of its anime song choir project ChoieL on July 1, 2025.

	ChoieL is an ongoing online choir competition that was launched in August 2022, with a second round in March 2024. Round 3 brings back the 22 songs from previous editions and adds new selections from Bandai Namco Music Live’s SUNRISE MUSIC label, for a total of 28 eligible songs. As before, the contest features two categories: Full and Short.

	Returning to the judging panel are Sohei Miyoshi (Choral Conductor / Secretary General of the Tokyo Choral Association / Planning and Supervision) and composer Tatsuya Tanaka, both of whom have served as judges since the first round.

	Joining this round as official ambassadors is ARCANA PROJECT, an artist group from Bandai Namco Music Live’s Lantis label. A promotional video featuring the group is now available. ARCANA PROJECT will also serve as guest judges and present a new “ARCANA PROJECT Award.”

	Entries will be accepted from July 1 to August 31, 2025, with both the Full and Short categories held concurrently. We look forward to your enthusiastic participation!

	Participating Judges

	Sohei Miyoshi (Choral Conductor / Secretary General of the Tokyo Choral Association / Planning and Supervision)
It’s been three years since ChoieL began, and thanks to your support, we’re now entering our third round. The six new songs for Round 3 include titles that will resonate with an even wider range of generations than the original 22. With the addition of new arrangers, we believe this round offers more than ever for both anime song fans and choral music lovers alike. We hope ChoieL continues to be a place where you can express your passion to the fullest.

	Tatsuya Tanaka (Composer)
The ChoieL online choir competition is now entering its third round. The full lineup of 28 songs, including the six new additions, offers an exciting and enjoyable blend of anime songs and choral music in terms of song selection, arrangement, and composition. The past two competitions were full of unforgettable moments, and we’re already looking forward to seeing how participants will express themselves this time. If you have a passion for anime songs and choral music, that’s all you need to get started. We can’t wait to see your entry!

	Official ChoieL Ambassadors & Judges
	
	ARCANA PROJECT (Lantis/Artist)	
A vocal unit consisting of Usa Sakurano, Hana Hanamiya, Shion Aida, Hikaru Amano, Yuka Shidomi, and Sakura Yoshino, co-produced by DEARSTAGE and Lantis. With a tarot card-themed group motif, they bring a diverse range of songs, including anime theme songs, to life through their distinctive vocals and performances.

	Comment:
We’re ARCANA PROJECT, and we’re honored to take part in the ChoieL anime song choir project as both official ambassadors and judges. As a group brought together by our love of anime and singing, we’re truly excited to be involved in such a wonderful initiative. 

Through our work as ARCANA PROJECT, we’ve come to feel that what matters most isn’t technical skill, but the joy of singing while making eye contact, the comfort of shared breath, and the freedom to express music from the heart. Discovering your own voice and connecting with others through song are deeply meaningful and precious experiences. 

We hope this project brings those same experiences to many people. We can’t wait to hear your voices.

https://youtu.be/ivBlGhJhfPc		
		
	About ChoieL
The anime song choir project “ChoieL” was launched on June 1, 2022, with the aim of bringing together the beloved tradition of choir and the world of anime songs. Our goal is to draw out new charms from each, aspiring to a future where anime songs are loved as standard numbers in the choir world. As the first step of this project, we hosted our first online choir competition in August 2022, and 50 groups participated to showcase the fresh appeal of anime songs.

Starting from the second online competition, the project has expanded to include sustainable activities that utilize the intellectual property of anime songs to deliver free music events to young people and fans worldwide.

ChoieL Official Website: project-choiel.jp
ChoieL Official X (formerly Twitter): twitter.com/Project_ChoieL
ChoieL Official Instagram: instagram.com/project_choiel
	
	Overview of Anime Song Choir Project ChoieL Third Online Competition	
	
	Organizers:
Bandai Namco Music Live Inc.
	Supporter:
Tokyo Choral Association
	Period:
July 1, 2025 - August 31, 2025
*The Full and Short Divisions will run concurrently.

	Judges:
Sohei Miyoshi (Choral Conductor / Secretary General of the Tokyo Choral Association / Planning and Supervision)
Tatsuya Tanaka (Composer)
Bandai Namco Music Live
	Official Ambassador:
ARCANA PROJECT (Lantis/Artist)
	Entry Fee:
There is no entry fee. However, sheet music must be purchased for each participant.
	Eligibility for Participation: *Applies to all divisions
・Please purchase the electronic sheet music of the song you would like to perform from L SCORE, the official music brand of Namco Bandai Music Live.
・The same choir may participate in both the short and full divisions.
・Multiple song entries are acceptable. (However, only one song per submission).
・A conductor is not required.
・Please play the accompaniment as specified in the score, or download the accompaniment soundtrack from the official website.
・In addition to regular choirs, virtual choirs can also be created by combining individual performances or multiple recordings by a single person.
*There is no need to apply for the use of music for this competition.
	Benefits:
Each winning group will receive a commemorative trophy and ChoieL original merchandise for all participants. The grand prize winner will also get to experience recording their choir performance in a professional studio and will receive the final audio recording.

	Eligible Songs (Total of 28 Songs)	
""Rhapsody of Blue Sky"", TV anime Miss Kobayashi’s Dragon Maid.
Mixed choir, composed by Yuka Yamashita.

""Kimi no Kokoro wa Kagayaiteru kai?"", Love Live! Sunshine!!.
Mixed choir, composed by Chieko Matsunami.

""Can Do"", TV anime Kuroko’s Basketball.
Mixed choir, composed by Noritaka Moriyama.

""Thank You!"", The Idolm@ster Million Live!.
Mixed choir, composed by Ayako Meida.

""SKILL"", 2nd Super Robot Wars Alpha.
Mixed choir, composed by Noritaka Moriyama.

""Spread the Wings!!"", The Idolmaster: Shiny Colors.
Mixed choir, composed by Masaya Ishiwaka.

""TOKIMEKI Runners"", Love Live! School Idol Festival ALL STARS.
Mixed choir, composed by Tomoaki Yokoyama.

""DRIVE A LIVE"", The Idolmaster: SideM.
Mixed choir, composed by Naoto Aizawa.

""DREAM SOLISTER"", TV anime Sound! Euphonium.
Mixed choir, composed by Tatsuya Tanaka.

""Bokura no LIVE Kimi to no LIFE"", Love Live!.
Mixed choir, composed by Tatsuya Tanaka.

""Motteke! Sailor Fuku"", TV anime Lucky Star.
Mixed choir, composed by Tatsuya Tanaka.

""MONSTER GENERATiON"", Idolish7.
Mixed choir, composed by Chieko Matsunami.

""Yasashisa no Riyuu"", TV anime Hyouka.
Mixed choir, composed by Toyotaka Tsuchida.

""Violet Snow"", TV anime Violet Evergarden.
Female choir, composed by Naoto Aizawa.

""STARDOM!"", TV anime Data Carddass Aikatsu Stars!.
Female choir, composed by Tatsuya Tanaka.

""Hajimari wa Kimi no Sora"", Love Live! Superstar!!.
Female choir, composed by Kaori Morita.

""Hana no Iro"", TV anime Hanasaku Iroha.
Female choir, composed by Noritaka Moriyama.

""Caste Room"", TV anime Classroom of the Elite.
Male choir, composed by Noritaka Moriyama.

""Dramatic"", Ultraman Taiga The Movie.
Male choir, composed by Noboru Kitagawa.

""Namae wo Yobu yo"", TV anime Bungo Stray Dogs.
Unaccompanied male choir, composed by Noboru Kitagawa.

""Hare Hare Yukai"", TV anime The Melancholy of Haruhi Suzumiya.
Mixed voice acapella, composed by Chizuru Matsunaga.

""Broadcast Parade"".
Mixed voice acapella, composed by Inhyeok Yeo.

""Soldiers of Sorrow"", Mobile Suit Gundam II: Soldiers of Sorrow.
Male choir, composed by Tatsuya Tanaka.

""Yusha Oh Tanjou"", TV anime The King of Braves GaoGaiGar.
Unaccompanied mixed choir, composed by Noboru Kitagawa.

""Yakusoku wa Iranai"", TV anime The Vision of Escaflowne.
Female choir, composed by Kosuke Negishi.

""Anna ni Issho Datta no ni"", TV anime Mobile Suit Gundam SEED.
Mixed choir, composed by Shotaro Miyamoto.

""Orion o Nazoru"", TV anime Tiger & Bunny.
Mixed choir, composed by Miho Fujishima.

""Shikairo Days"", TV anime My Deer Friend Nokotan.
Mixed choir, composed by Chieko Matsunami.	
	
For other details, such as participation rules and regulations, please refer to the official website (project-choiel.jp).

The scores of all 28 eligible songs are now available on L SCORE, the official music brand of Namco Bandai Music Live!
L SCORE official website: lscore.jp

★Videos of all 28 eligible songs are now available on YouTube.
youtube.com/playlist?list=PLmgGL3shzkGPIOiTzDqo16yOT96SXPv4F

	About ChoieL’s Sustainable Activities

Starting from the second online competition, the anime song choir project ChoieL will be carried out as part of the sustainable activities of Bandai Namco Music Live.

The Bandai Namco Group has defined its Purpose as “Fun for All into the Future.” Under our IP strategy, the group, along with its fans, will promote sustainable activities to address societal issues. In line with our long term plan, which advocates for sustainability under the theme of “connecting smiles to the future,” we have identified five material issues and are actively working to resolve them.

In the anime song choir project ChoieL, we aim to utilize our intellectual property of anime songs to deliver free music events to young people and fans worldwide. To continue being a company cherished by communities and fans, and recognized as essential by society, Bandai Namco Music Live will continue to engage in sustainable activities in the future.

	Bandai Namco Group Sustainability Page:
bandainamco.co.jp/en/sustainability/index.html	

[en]Source: [/en][es]Fuente: [/es]Official Press Release

[ad_bottom class=""mt40""]",https://honeysanime.com/entries-open-july-1-for-round-3-of-the-anime-song-choir-project-choiel-now-featuring-28-eligible-songs/,Honey's Anime,unknown,real
KING RECORDS is Back at Anime Expo 2025,"[sourceLink asin="""" asin_jp="""" cdj_product_id="""" text="""" url="""" ]
	



[en]What You Need to Know: [/en][es]Lo que necesitas saber: [/es] 


	King Records is back at Anime Expo 2025 with an exciting lineup of panels and screenings! Join them in Los Angeles for a special double feature presentation of HYPNOSISMIC -Division Rap Battle- Movie (AX Special Version) and Utano☆Princesama TABOO NIGHT XXXX (AX Special Version).
	
	""HYPNOSISMIC -Division Rap Battle- Movie""
Experience Japan’s first-ever interactive film! Download the CtrlMovie App on your smartphone to vote for your winning Division on each battle, and the Division moving on to the next round might change on every screening.
The outcome may change with every screening, so come back each day to see how the story unfolds in unexpected ways!


	“Utano☆Princesama TABOO NIGHT XXXX” 
The third theatrical installment of the hugely popular Utano☆Princesama movie series, following KINGDOM and ST☆RISH TOURS. This latest chapter is a brand-new story featuring QUARTET NIGHT, turning up the heat with a bold new theme you won’t want to miss! 

Special giveaways will be available for attendees.
	
	Screening Information	



	
		
			
		
		[sourceLink asin="""" asin_jp="""" cdj_product_id="""" text="""" url="""" ]
	



	Schedule
1. July 3, 5:45–7:45 PM | Room 403AB
2. July 4, 2:30–4:30 PM | Room 403AB
3. July 5, 12:30–2:30 PM | The Novo

Get ready to vote in HYPNOSISMIC -D.R.B- Movie by downloading the Ctrl Movie app now!
Be prepared before Anime Expo 2025 and support your favorite division live in this interactive movie experience.

iOS：itunes.apple.com/app/id1069306593
Android：play.google.com/store/apps/details?id=com.ctrl.cinemaapp

	Merchandise Information



	
		
			
		
		[sourceLink asin="""" asin_jp="""" cdj_product_id="""" text="""" url="""" ]
	


	
Visit booth E-50 to catch special footage from HYPNOSISMIC -Division Rap Battle- Movie & Utano☆Princesama TABOO NIGHT XXXX, plus displays and more.
	
Get an HYPNOSISMIC and UTA☆PRI collab lanyard by following one of KING RECORDS social media. Available while supplies last!

	Merchandise Information
	


	
		
			
		
		[sourceLink asin="""" asin_jp="""" cdj_product_id="""" text="""" url="""" ]
	

	
	
New HYPNOSISMIC -D.R.B- Movie & UTA☆PRI TABOO NIGHT XXXX T-shirts will be on sale at Great Eastern Entertainment booth (#SH3320)
$25 each or 2 for $45 (excluding tax )

Wear your T-shirt to the screening and show your love on the big day!


Check here for the latest updates:
linktr.ee/kingrecords_English	

[en]Source: [/en][es]Fuente: [/es]Official Press Release

[ad_bottom class=""mt40""]",https://honeysanime.com/king-records-is-back-at-anime-expo-2025/,Honey's Anime,unknown,real
Global Search for the Next Isekai Hit Begins July 7: “MyAnimeList x Honeyfeed Writing Contest 2025 - THE ISEKAI presented by KADOKAWA” Launches Worldwide!,"[sourceLink asin="""" asin_jp="""" cdj_product_id="""" text=""Illustration by Seira Minami"" url="""" ]
	



[en]What You Need to Know: [/en][es]Lo que necesitas saber: [/es] 


	KADOKAWA CORPORATION will co-host the novel contest, ""MyAnimeList x Honeyfeed Writing Contest 2025 - THE ISEKAI presented by KADOKAWA,"" in partnership with qdopp Inc. and MyAnimeList Co., Ltd. The contest will be held on Honeyfeed, a novel submission platform operated by qdopp, with the goal of discovering exceptional storytelling talent from around the world.

	This contest aims to discover fresh talent who can craft stories with the potential to stand alongside industry-defining titles like Overlord, Re:ZERO -Starting Life in Another World-, The Rising of the Shield Hero, Mushoku Tensei: Jobless Reincarnation and Sword Art Online. As an added bonus, the  contest features a special guest in the jury panel: Aneko Yusagi, writer of The Rising of the Shield Hero. Winners even receive personalized feedback from this renowned and experienced Isekai author, an incredible chance to gain insight directly from one of the most successful storytellers in the genre.
	
	Comment From Satoshi Arima, Project Manager and Editor in Chief of MF BOOKS
In recent years, Japanese anime has seen a surge in global popularity. Many of these popular anime titles originate from light novels. At KADOKAWA, we are constantly seeking new talent to create the next big hit. Amid this trend, an increasing number of stories styled after Japanese light novels are being posted on overseas novel submission platforms. These platforms are emerging as hubs for content and creators with the potential to achieve widespread success not only in Japan but around the world.
	
	In response to this global trend, KADOKAWA has launched the Global UGC Publishing Project as part of its Global Business Acceleration Program, which supports new business ventures targeting international markets. This project aims to discover global talent through overseas novel platforms and bring “internationally-born” light novels to audiences both in Japan and worldwide.
	
The MyAnimeList x Honeyfeed Writing Contest 2025 – THE ISEKAI presented by KADOKAWA marks the first step in this initiative. Moving forward, the project will expand through initiatives such as a Traditional Chinese writing contest hosted on KadoKado - the novel serialization platform operated by KADOKAWA TAIWAN CORPORATION - as well as the publication of selected winning titles from the JNC Original Light Novel Contest organized by M12 Media LLC.
	
	Contest Information
Entry fee: Free
Writing platform: Honeyfeed
Voting platform: MyAnimeList
Novel entry period: July 7 to September 29, 2025
Judges voting period: September 30 to November 16, 2025
Public voting period (Finals): November 17 to December 15, 2025
Winners announced: February 9, 2026
	
	Prizes
Grand Prize — $5,000 USD
Winners: 1 
Your novel will be scheduled for publication by KADOKAWA in Japan as a light novel, subject to KADOKAWA’s final approval.
Important: The Grand Prize may not be awarded if no submission meets the standards for publication.

Contest Winners Prize — $3,000 USD
Winners: 2 winners; or 3 if no Grand Prize is selected
You might be offered publication of your novel in Japanese by KADOKAWA in Japan as a light novel.
For complete contest details, submission guidelines, and updates, visit mhwc.myanimelist.net/202507.
	
	About KADOKAWA CORPORATION
KADOKAWA Group, a comprehensive entertainment company, develops a wide range of businesses such as Publication, Animation, Film, Gaming, Web services, and Education/EdTech. We discover talent globally, create diverse IP (Intellectual property), and deliver it through various media. We maximize the value of IP under our strategy “Global Media Mix with Technology” which refers to global rollouts of created IP by utilizing technology. Please visit group.kadokawa.co.jp/global,

	About Honeyfeed
Honeyfeed is a leading writing platform that empowers authors to create, share, and engage with their original stories. With a vibrant community of readers and writers, Honeyfeed provides an immersive space for storytelling across various genres, including anime and manga-inspired narratives. For more about Honeyfeed, please visit honeyfeed.fm.

	About MyAnimeList (MAL)
MyAnimeList is one of the world’s largest communities and databases for Japanese anime and manga, with 16 million registered members from 240 countries and regions worldwide. An indispensable site for tracking anime and manga progress, it holds over 1.2 billion records of viewing and reading big data. Founded in 2004, MyAnimeList has become a crucial source of information for overseas fans, especially among Generation Z in North America. For more about MyAnimeList, please visit myanimelist.net. 	

[en]Source: [/en][es]Fuente: [/es]Official Press Release

[ad_bottom class=""mt40""]",https://honeysanime.com/global-search-for-the-next-isekai-hit-begins-july-7-myanimelist-x-honeyfeed-writing-contest-2025-the-isekai-presented-by-kadokawa-launches-worldwide/,Honey's Anime,Re:Zero,real
ARCANA PROJECT Releases Digital Single  “Kimi no Ichioshi Arimasu ka? / Ruby Ruby”,"[sourceLink asin="""" asin_jp="""" cdj_product_id="""" text="""" url="""" ]
	



[en]What You Need to Know: [/en][es]Lo que necesitas saber: [/es] 


	ARCANA PROJECT, known for performing theme songs for popular titles such as The Aquatope on White Sand and Ultraman Arc, released their new digital single “Kimi no Ichioshi Arimasu ka? / Ruby Ruby” on June 23.

	These two tracks serve as the second set of image songs for LINK TRAVELERS, Bandai’s new IP that launched through “shokugan” (candy) and “gashapon” (capsule toys) in May 2025.

“Kimi no Ichioshi Arimasu ka?” is a classic idol anthem in the current trend, perfect for energizing a live crowd. In contrast, “Ruby Ruby” offers a nostalgic idol vibe with a fresh, uplifting melody. Both songs have been released in two editions: a Short Size used within the LINK TRAVELERS project, and a Full Size performed by all six members.


	https://youtu.be/NhFv_0DWhKY

	Product Information
	Digital Single “Kimi no Ichioshi Arimasu ka? / Ruby Ruby”

On music services: lnk.to/LZC-3148

	Tracklist
1. Kimi no Ichioshi Arimasu ka (Short Size)
Artist: ARCANA PROJECT (Usa Sakurano, Hana Hanamiya, Shion Aida, Hikaru Amano)
Lyrics, Composition, Arrangement: Shinji Suzuki (KEYTONE)

2. Ruby Ruby (Short Size)
Artist: ARCANA PROJECT (Shion Aida, Hikaru Amano)
Lyrics: Futa Shintani; Composition, Arrangement: Takaaki Kimura (KEYTONE)

3. Kimi no Ichioshi Arimasu ka
Artist: ARCANA PROJECT

4. Ruby Ruby
Artist: ARCANA PROJECT

	LINK TRAVELERS Product Overview
Bandai’s new IP LINK TRAVELERS is built around two main distribution channels: “SIDE:C (CANDY = Shokugan)” and “SIDE:G (GASHAPON = Capsule Toys).” Following the major success of the original capsule toy figure series “Gashapon Quest,” LINK TRAVELERS was announced in November 2024 as its spiritual successor. This new series shifts the stage to both shokugan and gashapon markets for a fresh rollout. 

Anticipation was high from the start of online pre-orders, and the product officially launched in May 2025. Featuring highly detailed figures and a wide variety of interchangeable parts, the line gives users the freedom to play and customize according to their preferences. Its richly developed story and setting further deepen the imaginative experience.

Official Homepage: bandai.co.jp/candy/linktravelers
Official Otona no Shokugan X: x.com/otona_shokugan	
	
	ARCANA PROJECT Profile
ARCANA PROJECT is an anime song vocal unit jointly produced by DEARSTAGE and Lantis. Known for their rich, fantastical sound and the unique tarot card motifs assigned to each member, they have gained strong support, leading to anime tie-ins and performances at major festivals. On April 29, 2025, during the encore of the Tokyo show of their ARCANA PROJECT TOUR 2025 “ARCANA CARAVAN” held at Daikanyama UNIT, the group surprised fans by announcing the addition of two new members: Yuka Shidomi and Sakura Yoshino.

Official website: arcana-project.com
Official X (formerly Twitter): x.com/arcanaproject
Official YouTube: youtube.com/channel/UCVUADERJRI1bG9ez7CyfDnA

[en]Source: [/en][es]Fuente: [/es]Official Press Release

[ad_bottom class=""mt40""]",https://honeysanime.com/arcana-project-releases-digital-single-kimi-no-ichioshi-arimasu-ka-ruby-ruby/,Honey's Anime,unknown,real
Takuma Terashima to Release 12th Single  “more than W”!,"[sourceLink asin="""" asin_jp="""" cdj_product_id="""" text="""" url="""" ]
	



[en]What You Need to Know: [/en][es]Lo que necesitas saber: [/es] 


	Voice actor and artist Takuma Terashima will release his 12th single “more than W” on August 27, 2025. The title track will serve as the ending theme for the TV anime Apocalypse Bringer Mynoghra: World Conquest Starts with the Civilization of Ruin, which begins airing in July. The jacket art and a new artist photo have been revealed.

		This single features a special collaboration with TAKE from FLOW, who has frequently performed alongside Terashima at events. TAKE handled the music and composition, while Terashima contributed the lyrics himself. The result is a dark, passionate rock track inspired by the elf sisters from the anime.

The limited edition comes in a deluxe EP-sized paper jacket. The letter “W” (symbolizing world, word, and twins) is a key motif, and the cover features a slightly eerie, almost optical illusion-like design. The regular edition’s jacket uses an original illustration from the anime, depicting the elf sisters who inspired the track, along with Isla, who watches over them.


	Product Information
	Limited Edition
Product No.: LACM-34742
Price: ¥2,750 (incl. tax)
EP-sized paper jacket

	Regular Edition
Product No.: LACM-24742
Price: ¥1,650 (incl. tax)
Original Apocalypse Bringer Mynoghra: World Conquest Starts with the Civilization of Ruin illustration 

Tracklist
1. more than W (Ending Theme of Apocalypse Bringer Mynoghra: World Conquest Starts with the Civilization of Ruin) 
Lyrics: Takuma Terashima; Composition & Arrangement: TAKE (FLOW))
Plus one coupling song and instrumental versions for a total of four tracks.
	
	About Takuma Terashima
Born December 20 in Ishikawa Prefecture, Takuma Terashima belongs to Axlone. He made a spectacular debut as Apollo in the TV anime Genesis of Aquarion, and has since voiced numerous lead roles, including Otoya Ittoki in Uta no Prince-sama: Maji Love 1000% and Shiki Granbell in EDENS ZERO. Known for his impressive vocal abilities in character songs and his top-tier live performances, he is highly regarded within the industry. In June 2022, he celebrated the 10th anniversary of his career as an artist.

	Notable Roles
Shiki Granbell in EDENS ZERO
Shiroe in Log Horizon
Lay Grandsley in The Misfit of Demon King Academy
Anubis in Sacrificial Princess and the King of Beasts
Catt in Sugar Apple Fairy Tale
Otoya Ittoki in Uta no Prince-sama: Maji Love 1000%
Toma Amagase in The Idolmaster SideM
Mahiru Shirota in SERVAMP
Hiroshi Ochanomizu in Atom: The Beginning
Yaha-kui zaShunina in Kado: The Right Answer

Official Homepage: takuma-terashima.lantis.jp
Takuma Terashima X: x.com/Terashima_dayo　
Artist Official (Staff) X: x.com/AssembleTour　
Takuma Terashima Official YouTube: youtube.com/@terashima_takuma

[en]Source: [/en][es]Fuente: [/es]Official Press Release

[ad_bottom class=""mt40""]",https://honeysanime.com/takuma-terashima-to-release-12th-single-more-than-w/,Honey's Anime,unknown,real
Diva of Emotions SERRA to Release Debut Album Dawn Light!,"[sourceLink asin="""" asin_jp="""" cdj_product_id="""" text="""" url="""" ]
	



[en]What You Need to Know: [/en][es]Lo que necesitas saber: [/es] 


	SERRA, known for her emotionally resonant voice that has earned her the title “Diva of Emotions,” will release her highly anticipated first album Dawn Light on August 27, 2025, under Bandai Namco Music Live’s label Lantis.

	SERRA made her major debut with the digital-only single “EYERIS” on November 25, 2022. In April 2023, she performed her first anime tie-in with “Always and Forever,” the ending theme for the TV anime Why Raeliana Ended Up at the Duke’s Mansion. She wrote both the lyrics and music herself, earning high praise from fellow creators not only for her vocals but also for her songwriting talent.

		On social media, she launched a viral campaign featuring a cappella videos filmed while holding a lantern. These videos quickly gained widespread attention, sparking a buzz among fans. In 2024, she expanded her activities by providing vocals and original songs for other artists as well.

		Her long-awaited debut album Dawn Light features ten tracks, including two new songs, a remixed version of her major debut track “EYERIS,” the anime tie-in “Always and Forever,” and the fan-favorite “Blackout.” The album also offers fresh remixes and rearrangements of previous songs, offering listeners a fresh perspective on her work.

		Reflecting the journey of the “Diva of Emotions,” who faced pain and doubt while holding onto hope, this album captures the fleeting moment of a new dawn, when faint light breaks through deep darkness.
	
	SERRA's Comment
Pain, loneliness, feelings of inferiority, and inner conflict—things I’ve carried alone in the middle of the night.
Even in that darkness, I still wanted to believe in the light. My desire to live and keep singing is the light I’ve poured into my first album, Dawn Light. I hope this album offers comfort to your pain and gently illuminates the deepest parts of your heart. Above all, I wish for your night to come to an end and a new dawn to rise.

	Pre-add/Pre-save Dawn Light on music services 
lnk.to/LACA-25176d

	Product Information
Title: Dawn Light
Artist: SERRA
Release Date: August 27, 2025 

Product No.: LACA-25176
Price: ¥3,300 (incl. tax) 
Label: Bandai Namco Music Live Inc.
Distributor: Bandai Namco Filmworks Inc.

Tracklist
1. EYERIS (Lyrics & Music: SERRA / Arrangement: Ayato Shinozaki)
2. Tenohira (Lyrics & Music: SERRA / Arrangement: GAKU)
3. Blackout (Lyrics & Music: Yurry Canon / Arrangement: Yuya Hirosawa (HANO), Shinji Hijiki (HANO))
4. MYTH LOGY (Lyrics: SERRA / Music & Arrangement: Baku Maruyama (a crowd of rebellion))
5. False Salvation (Lyrics & Music: SERRA / Arrangement: MöC)
6. L machina’s Heartbeat (Lyrics: SERRA / Music: SERRA, MöC / Arrangement: Masatomi Waki (Arte Refact))
7. Always and Forever (Lyrics & Music: SERRA / Arrangement: Taishi Kawai (Arte Refact))
8. Genjitsu Touhi Mode (Lyrics & Music: SERRA / Arrangement: hidë)
9. ViVALE (Band Arrange Ver.) (Lyrics & Music: SERRA / Arrangement: hidë)
10. Mira (Lyrics & Music: SERRA / Arrangement: Junki Sakurai)
	
	About SERRA
SERRA made her major debut with the digital-only single “EYERIS” on November 25, 2022. In April 2023, she performed her first anime tie-in with “Always and Forever,” the ending theme for the TV anime Why Raeliana Ended Up at the Duke’s Mansion. She wrote both the lyrics and music herself, earning high praise from fellow creators not only for her vocals but also for her songwriting talent. In 2024, she expanded her activities by providing vocals and original songs for other artists as well.

On social media, she launched a campaign sharing a cappella videos, and her voice has since resonated beyond Japan, reaching audiences across Asia. SERRA is steadily establishing herself as an influential figure in the evolving music scene.

Website & Social Media
・Official Website: https://se-r-ra.com
・SERRA X (formerly Twitter): x.com/SE_R_RA
・SERRA_STAFF X (formerly Twitter): x.com/SERRA_STAFF
・SERRA Instagram: instagram.com/se_r_ra
・SERRA TikTok: tiktok.com/@serra_tk
・SERRA YouTube Official Channel: youtube.com/@se-r-ra	
	
	

[en]Source: [/en][es]Fuente: [/es]Official Press Release

[ad_bottom class=""mt40""]",https://honeysanime.com/diva-of-emotions-serra-to-release-debut-album-dawn-light/,Honey's Anime,unknown,real
AVIOT to Release THE IDOLM@STER Gakuen Collaboration True Wireless Earbuds! Pre-Orders Open!,"[sourceLink asin="""" asin_jp="""" cdj_product_id="""" text="""" url="""" ]
	



[en]What You Need to Know: [/en][es]Lo que necesitas saber: [/es] 


	AVIOT, operated by Preseed Japan Corporation, which manufactures and sells consumer electronics, has opened pre-orders for the TE-V1R-GIM true wireless earbuds, a collaboration model with THE IDOLM@STER Gakuen, on April 30. Based on the TE-V1R, this special edition features over 200 newly recorded voice lines and packaging with new, exclusive illustrations.

	Based on the latest model in AVIOT’s hit V series, which has sold approximately 170,000 units*, the TE-V1R-GIM is a special edition designed to fully capture the charm of the members of THE IDOLM@STER Gakuen.

		This collaboration model features exclusive illustrations and newly recorded voice lines for all 12 aspiring idols of HATSUBOSHI GAKUEN: Saki Hanami, Temari Tsukimura, Kotone Fujita, Mao Arimura, Lilja Katsuragi, China Kuramoto, Sumika Shiun, Hiro Shinosawa, Sena Juo, Ume Hanami, Rinami Himesaki, and Misuzu Hataya.

		In addition to voice guidance for notifications like power and connection status, these earbuds feature a “random voice” function that lets you listen to voice lines from the idols any time you like.

From the earbuds and charging case to the packaging, every detail has been meticulously crafted to create a truly special pair of earbuds.

https://youtu.be/xZ6249mHrUg
	
Product Characteristics
	Base Model
The TE-V1R is the latest model in AVIOT’s popular V series, which has sold approximately 170,000 units*. The earbuds offer an ultra-long battery life of 19 hours (62 hours with the charging case) and Adaptive Hybrid Noise Canceling, which automatically adjusts the noise reduction strength based on the surrounding environment. They also feature the new Hybrid Dual Driver 2.0 for enhanced sound quality, LDAC™ support for high-resolution playback, and wireless charging functionality, making them a high-grade model that perfectly balances sound quality and functionality.

*As of the end of January 2025

	Special Voice Lines
These earbuds feature over 200 newly recorded voice lines from THE IDOLM@STER Gakuen’s 12 members.
In addition to voice guidance for notifications like power and connection status, these earbuds feature a “random voice” function that lets you listen to voice lines from the idols any time you like. What will your favorite idol whisper to you?

	Voice line samples are available on the product page:
aviot.jp/product/te-v1r-gim
	
	Special Design
The stylish navy, gray, and silver color scheme offers a sleek look that's perfect for everyday use. The earpieces feature the school emblem and symbol as subtle yet distinctive accents. It’s a must-have item for every HATSUBOSHI GAKUEN student!



	
		
			
		
		[sourceLink asin="""" asin_jp="""" cdj_product_id="""" text="""" url="""" ]
	


	


	
		
			
		
		[sourceLink asin="""" asin_jp="""" cdj_product_id="""" text="""" url="""" ]
	

	
	
	Special Packaging
The packaging features an AVIOT-exclusive visual of the idols in new outfits designed just for this collaboration!
	


	
		
			
		
		[sourceLink asin="""" asin_jp="""" cdj_product_id="""" text="""" url="""" ]
	

	

Special Tuning
The tuning was overseen by Takafumi Sato, known for his work on numerous songs in THE IDOLM@STER SERIES. This one-of-a-kind tuning enhances the charm of HATSUBOSHI GAKUEN’s idols and their music.
	
	Product Information
	TE-V1R-GIM
Price: ¥22,880 (incl. tax)
Pre-orders Open: April 30, 2025
Expected Delivery Date: August 2025 or later

Available at:
AVIOT ONLINE MALL shop.aviot.jp/products/te-v1r-gim	
AMAZON amazon.com/dp/B0F6XM59RX

→ Basic Specifications
・Driver: Hybrid type with φ10mm dynamic and balanced armature drivers
・Microphone for calls: MEMS microphone
・Battery capacity: Earbud single ear 85mAh / Case 600mAh
・Talk time*: Up to 9 hours
・Playback time*: Up to 19 hours (with charging case: up to 62 hours)
・Earbud charging time: Approximately 1.5 hours
・Charging port: USB Type-C
・Water resistance level**: Equivalent to IPX4
・Weight: Earbud single ear approximately 6.5g
・Other features: Multipoint support (up to 2 devices), single ear usage, earbuds can be individually turned on or off, fast charging (up to 120 minutes of playback with a 10-minute charge), wireless charging
	
→ Accessories
・Silicone earpieces (1 pair each in sizes S/M/L)
・USB Type-C cable
・User manual

→ Bluetooth Specifications
・Supported codecs: SBC, AAC, LDAC
・Supported profiles: A2DP, AVRCP, HFP, HSP
・Bluetooth version: 5.3
・Number of Bluetooth multi-pairing registrable devices: 8

*Exact time may vary depending on your usage environment
**Earbuds only

About AVIOT
AVIOT, born in 2018 as the original brand of Preseed Japan Corporation, aims to deliver products that convey high-quality Japanese craftsmanship in sound, delicate and beautiful design, and easy-to-use electronic products. In 2023, the brand restarted with the addition of “A Visionary Innovation On Technology” to its name, aiming to be an electronic devices brand that goes beyond the framework of audio-visual products. The vision is to bring innovation through the power of technology and deliver “something that changes your lives” to customers.

Company Name: Preseed Japan Corporation
Representative: CEO Founder Hirokazu Tsuchiyama
Address: 4-16-7 Sendagaya, Shibuya-ku, Tokyo 151-0051, DT Building 3F
Business Activities: 
1) Manufacturing, importing, and selling wireless audio equipment and IoT-related products
2) Importing and selling mobile accessories
3) Managing an e-commerce website

AVIOT Official Website: aviot.jp
AVIOT Official X (formerly Twitter): twitter.com/AVIOT_JP
AVIOT Official Instagram: instagram.com/aviotjapan
AVIOT Official TikTok: tiktok.com/discover/AVIOT	

[en]Source: [/en][es]Fuente: [/es]Official Press Release

[ad_bottom class=""mt40""]",https://honeysanime.com/aviot-to-release-the-idolmster-gakuen-collaboration-true-wireless-earbuds-pre-orders-open/,Honey's Anime,unknown,real
MindaRyn to Hold First World Tour  “Hello New Friends”!,"[sourceLink asin="""" asin_jp="""" cdj_product_id="""" text="""" url="""" ]
	



[en]What You Need to Know: [/en][es]Lo que necesitas saber: [/es] 


	MindaRyn, the Thai-born anisong singer known for theme songs from hit anime and tokusatsu titles like That Time I Got Reincarnated as a Slime, Arifureta: From Commonplace to World’s Strongest, and the upcoming Ultraman Omega, will embark on her first world tour, “Hello New Friends,” starting from June 2025.

	In August 2024, she released her second album Across Miles, featuring many of the anime theme songs she has performed. After appearing at the world’s largest anisong event, Animelo Summer Live 2024 -Stargazer- at Saitama Super Arena, she further expanded her global presence with a performance at ANISAMA WORLD 2025 in Manila.

	“Hello New Friends” will kick off with a performance at Anime Friends 2025 in Brazil this July, followed by stops in cities across North America, Europe, and Southeast Asia. At Anime Friends 2025, MindaRyn will also take the stage with ASH, vocalist of ASH DA HERO, in a special collaboration performance of “Missing Link,” the ending theme for Ultraman Omega, airing in July. This exclusive performance, available only on the world tour, is not to be missed.

Full tour details will be updated on MindaRyn’s official website.

	MindaRyn World Tour “Hello New Friends” Schedule
	Anime Friends 2025
Dates: July 3 – July 6, 2025
Location: São Paulo, Brazil
Venue: Distrito Anhembi
Website: animefriends.com.br
Scheduled performance date: Sunday, July 6

	NärCon Sommar 2025
Dates: July 24 – July 27, 2025
Location: Linköping, Sweden
Venue: Linköping University
Website: narcon.se
Performance date to be announced.

	Otakuthon 2025
Dates: August 8 – August 10, 2025
Location: Montreal, Canada
Venue: Palais des congrès de Montréal
Website: otakuthon.com/2025/home/#gsc.tab=0
Scheduled performance date: Friday, August 8

	Otakon 2025
Dates: August 8 – August 10, 2025
Location: Washington, D.C., USA
Venue: Walter E. Washington Convention Center
Website: otakon.com/?ref=cantonfair.net
Scheduled performance date: Sunday, August 10

	Costime 6
Dates: October 25 – October 26, 2025
Location: Johor Bahru, Malaysia
Venue: Mid Valley Exhibition Centre Johor Bahru
Scheduled performance date: Saturday, October 25

	ANIEX 2025
Dates: November 22 – November 23, 2025
Location: Bangkok, Thailand
Venue: MCC Hall, 3rd Floor, The Mall Life Store Bangkapi
Website: facebook.com/aniex.event
Scheduled performance date: Saturday, November 22

Please check the official websites of each event for ticketing and additional details. 

Additional appearances currently being arranged. Further information on performance dates will be announced on MindaRyn’s official website and X (formerly Twitter).

	About MindaRyn
Originally from Thailand, MindaRyn was exposed to Japanese culture and anime from a young age and eventually relocated to Japan to pursue a career as an anime song singer. She is a trilingual artist fluent in Thai, Japanese, and English. In November 2020, she made her artist debut under Lantis with the ending theme “BLUE ROSE knows” for the TV anime By the Grace of the Gods. Since then, she has performed theme songs for numerous anime and tokusatsu series, including Ultraman Blazar, That Time I Got Reincarnated as a Slime, and Arifureta: From Commonplace to World’s Strongest.

In 2024, she appeared at Animelo Summer Live 2024 -Stargazer- at Saitama Super Arena, the world’s largest anisong event. In 2025, she will perform “Missing Link,” the first ending theme for the tokusatsu drama Ultraman Omega airing from July, featuring ASH, the vocalist of ASH DA HERO.	

	Official Website: mindaryn.com
	YouTube: youtube.com/MindaRyn_
	X (formerly Twitter): twitter.com/mindaryn_
	Staff X (formerly Twitter): twitter.com/mindaryn_staff
	Facebook: facebook.com/MindaRynOfficial
	Instagram: instagram.com/mindaryn_
	TikTok: tiktok.com/@mindaryn_tiktok

[en]Source: [/en][es]Fuente: [/es]Official Press Release

[ad_bottom class=""mt40""]",https://honeysanime.com/mindaryn-to-hold-first-world-tour-hello-new-friends/,Honey's Anime,unknown,real
AVIOT to Release Aogiri High School Collaboration True Wireless Earbuds! Pre-Orders Open!,"[sourceLink asin="""" asin_jp="""" cdj_product_id="""" text="""" url="""" ]
	



[en]What You Need to Know: [/en][es]Lo que necesitas saber: [/es] 


	AVIOT, operated by Preseed Japan Corporation, which manufactures and sells consumer electronics, has opened pre-orders for the TE-V1R-AGK true wireless earbuds, a collaboration model with the VTuber group Aogiri High School from viviON. Based on the TE-V1R, this special edition features over 270 newly recorded voice lines and packaging with new, exclusive illustrations.

	Based on the latest model in AVIOT’s hit V series, which has sold approximately 160,000 units*, the TE-V1R-AGK is a special edition designed to fully capture the charm of the members of Aogiri High School.

	Aogiri High School is a versatile VTuber group with the motto, “No Limits to have fun!” This collaboration model features exclusive illustrations and brand new and irresistible voice clips from all 13 members: Otodama Tamako, Ishikari Akari, Yamaguro Nekuro, Kurikoma Komaru, Chiyoura Chiyomi, Gabu Rieru, Étra, Harusame Urame, Puwapuwa Popura, Moemi, Tsukiyuki Ibuki, Urutoragaru, and Yasoshina Mujina.

	In addition to voice guidance for notifications like power and connection status, these earbuds include a “random voice” function, allowing users to enjoy special voice lines at any time.

	From the earbuds and charging case to the packaging, every detail has been meticulously crafted to embody Aogiri High School’s signature “anything goes” spirit, making this a truly special edition.

In the promotional video released today, Otodama Tamako introduces the product’s appeal—be sure to check it out!

https://youtu.be/vgtVoWuWrI8	
	
Product Characteristics
	Base Model
The TE-V1R is the latest model in AVIOT’s popular V series, which has sold approximately 160,000 units*. The earbuds offer an ultra-long battery life of 19 hours (62 hours with the charging case) and Adaptive Hybrid Noise Canceling, which automatically adjusts the noise reduction strength based on the surrounding environment. They also feature the new Hybrid Dual Driver 2.0 for enhanced sound quality, LDAC™ support for high-resolution playback, and wireless charging functionality, making them a high-grade model that perfectly balances sound quality and functionality.

*As of the end of December 2024

	Special Voice Lines
These earbuds feature over 270 newly recorded voice lines from Aogiri High School’s 13 unique members. We had them record as many memorable lines as possible! 
In addition to voice guidance for notifications like power and connection status, these earbuds feature a “random voice” function, allowing users to enjoy special voice lines at any time. Let their voices accompany your music experience!

	Voice line samples are available on the product page:
aviot.jp/product/te-v1r-agk/
	
	Special Design
With a chic and sophisticated gray and light blue color scheme, these earbuds are perfect for everyday use. The signature sparkle from the logo adds a subtle touch, letting you show support for your favorite member. The result is a special pair of earbuds that create a connection between Aogiri High School’s members and their fans.



	
		
			
		
		[sourceLink asin="""" asin_jp="""" cdj_product_id="""" text="""" url="""" ]
	


	


	
		
			
		
		[sourceLink asin="""" asin_jp="""" cdj_product_id="""" text="""" url="""" ]
	

	
	
	Special Packaging
This collaboration features brand-new, original artwork of all 13 members in exclusive new costumes. Enjoy a cool, stylish look that gives them a fresh new vibe.
	


	
		
			
		
		[sourceLink asin="""" asin_jp="""" cdj_product_id="""" text="""" url="""" ]
	

	

Special Tuning
The TE-V1R features three modes to enhance your listening experience: Music Mode, which maximizes its outstanding audio performance, and two ASMR-optimized modes—ASMR Narrow, which emphasizes audio realism, and ASMR Wide, which enhances resonance and spatial depth. You can switch between modes anytime using the app.
	
	Product Information
	TE-V1R-AGK
Price: ¥22,880 (incl. tax)
Pre-orders currently open
Expected Delivery Date: June 2025 or later
Available at:
AVIOT ONLINE MALL shop.aviot.jp/products/te-v1r-agk	
AMAZON amazon.com/dp/B0F2FRZRB9

→ Basic Specifications
・Driver: Hybrid type with φ10mm dynamic and balanced armature drivers
・Microphone for calls: MEMS microphone
・Battery capacity: Earbud single ear 85mAh / Case 600mAh
・Talk time*: Up to 9 hours
・Playback time*: Up to 19 hours (with charging case: up to 62 hours)
・Earbud charging time: Approximately 1.5 hours
・Charging port: USB Type-C
・Water resistance level**: Equivalent to IPX4
・Weight: Earbud single ear approximately 6.5g
・Other features: Multipoint support (up to 2 devices), single ear usage, earbuds can be individually turned on or off, fast charging (up to 120 minutes of playback with a 10-minute charge), wireless charging
	
→ Accessories
・Silicone earpieces (1 pair each in sizes S/M/L)
・USB Type-C cable
・User manual

→ Bluetooth Specifications
・Supported codecs: SBC, AAC, LDAC
・Supported profiles: A2DP, AVRCP, HFP, HSP
・Bluetooth version: 5.3
・Number of Bluetooth multi-pairing registrable devices: 8

*Exact time may vary depending on your usage environment
**Earbuds only
	
	About Aogiri High School
A VTuber group with the motto “No Limits to have fun!” Its members, who gather at the Aogiri High School located somewhere in Tokyo, each live out their own ideal school life.

Official website: aogirihighschool.com

Affiliated VTubers: Otodama Tamako, Ishikari Akari, Yamaguro Nekuro, Kurikoma Komaru, Chiyoura Chiyomi, Gabu Rieru, Étra, Urame Harusame, Puwapuwa Popura, Moemi, Tsukiyuki Ibuki, Urutoragaru, and Yasoshina Mujina

(As of March 2025)	

About AVIOT
AVIOT, born in 2018 as the original brand of Preseed Japan Corporation, aims to deliver products that convey high-quality Japanese craftsmanship in sound, delicate and beautiful design, and easy-to-use electronic products. In 2023, the brand restarted with the addition of “A Visionary Innovation On Technology” to its name, aiming to be an electronic devices brand that goes beyond the framework of audio-visual products. The vision is to bring innovation through the power of technology and deliver “something that changes your lives” to customers.

Company Name: Preseed Japan Corporation
Representative: CEO Founder Hirokazu Tsuchiyama
Address: 4-16-7 Sendagaya, Shibuya-ku, Tokyo 151-0051, DT Building 3F
Business Activities: 
1) Manufacturing, importing, and selling wireless audio equipment and IoT-related products
2) Importing and selling mobile accessories
3) Managing an e-commerce website

AVIOT Official Website: aviot.jp
AVIOT Official X (formerly Twitter): twitter.com/AVIOT_JP
AVIOT Official Instagram: instagram.com/aviotjapan
AVIOT Official TikTok: tiktok.com/discover/AVIOT	

[en]Source: [/en][es]Fuente: [/es]Official Press Release

[ad_bottom class=""mt40""]",https://honeysanime.com/aviot-to-release-aogiri-high-school-collaboration-true-wireless-earbuds-pre-orders-open/,Honey's Anime,unknown,real
Mekakushe’s “Yuwanamerou” (from Kowloon Generic Romance)  Now Streaming!,"[sourceLink asin="""" asin_jp="""" cdj_product_id="""" text="""" url="""" ]
	



[en]What You Need to Know: [/en][es]Lo que necesitas saber: [/es] 


	Singer/songwriter mekakushe’s song “Yuwanamerou,” which was used in Episode 10 of the TV anime series Kowloon Generic Romance, was released online on June 8.

	Kowloon Generic Romance is a hugely popular mystery-romance anime based on Jun Mayuzuki (of After the Rain fame)’s latest work, which has sold more than 1.5 million copies.

	Following the ending theme “Retronym of Love” and the Episode 7 insert song “Watashi Dake no Polaris,” this marks the third mekakushe track featured in the series.

	“Yuwanamerou” was written and composed by mekakushe, with arrangement by Ryohei Sataka (Hifumi, inc.), who also handled the series’ score. The result is a wistful pop song that delicately expresses the complexity of a woman’s hidden emotions.

	Product Information
Digital Single
mekakushe “Yuwanamerou”
Lyrics/Composition: mekakushe　
Arrangement: Ryohei Sakata (Hifumi Inc.)

On streaming websites: linkco.re/BQGVYe3c
Official audio: youtu.be/k-4W-ea1bnM		
	
	Mekakushe’s Comment
To me, love is like the aurora—like a mirage, it shines beautifully because it’s born from loneliness. When I imagined the moment of meeting someone, it felt like a rush of heat sweeping through my heart, creating an aurora. It was something like a solar flare. That feeling is what inspired me as I wrote “Yuwanamerou.”
	
	Mekakushe’s Profile
Handling lyrics, composition, vocals, and piano performance by herself, the next-generation singer-songwriter Mekakushe enjoys immense popularity among artists and creators. Starting classical piano at the age of three, she gradually gravitated towards pop music. Her independently produced songs were featured in a Kao Laurier commercial, and she was one of the top artists on the Spotify official playlist “Kirakira Pop Japan” with a total of 3 million plays. She is a promising emerging artist with anticipated future success. With electronica as the foundation in her recordings, her musical style continues to expand, featuring classical solos and band sets in live performances.

Official YouTube channel: youtube.com/@_mekakushe_
Official X: twitter.com/_mekakushe_
Official Instagram: instagram.com/_mekakushe_
Official TikTok: tiktok.com/@_mekakushe_
Official homepage: mekakushe.com	

[en]Source: [/en][es]Fuente: [/es]Official Press Release

[ad_bottom class=""mt40""]",https://honeysanime.com/mekakushes-yuwanamerou-from-kowloon-generic-romance-now-streaming/,Honey's Anime,unknown,real
New Summer Festival Featuring Performances by 3D Characters from Beloved Japanese Anime and Games Franchises Announced!,"[sourceLink asin="""" asin_jp="""" cdj_product_id="""" text="""" url="""" ]
	



[en]What You Need to Know: [/en][es]Lo que necesitas saber: [/es] 


	Music festivals are a staple of summer in Japan, and among them, SUMMER SONIC stands out as one of the country’s premier events. Held not only in Japan but also internationally, it has grown into a globally recognized tradition.

	Now, SUMMER SONIC is launching an all-new festival under the SONIC name, bringing together 3D character models from Japan’s top anime, games, and VTubers for a shared showcase on one stage.

	In 2025, titles such as The Idolmaster SideM -F＠NTASTIC COMBINATION LIVE-, Uta no☆Prince-sama♪ ALL STAR STAGE -Dramatic Magical Story-, and Hypnosis Mic -Division Rap Battle- HYPED-UP, among others, will come together at Makuhari Messe International Exhibition Halls 9, 10, and 11! Festival-exclusive food and original merchandise will also be available.

	Each performance will build on past 3D live shows with unique effects and arrangements created just for this event, all delivered in a festival-style format. Don’t miss this special opportunity to see some of Japan’s most exciting titles unite on one unforgettable stage!
	
	Event Information
Title: ANICUL SONIC 2025
Venue: Makuhari Messe International Exhibition Halls 9, 10, and 11
Schedule:
August 23
1st STAGE: Doors open 11:00 / Show starts 12:00 — Reserved seat ¥12,000 (tax incl.)
2nd STAGE: Doors open 17:00 / Show starts 18:00 — Reserved seat ¥12,000 (tax incl.)
August 24
3rd STAGE: Doors open 12:00 / Show starts 13:00 — Reserved seat ¥15,000 (tax incl.)

Priority Pre-Sale
Registration: eplus.jp/aniculsonic
Registration Period: June 13 12:00 PM – June 29 11:59 PM
Creativeman Member Priority Pre-Sale Registration Period: June 13 12:00 PM – June 22 6:00 PM

	Please note that registration is by lottery. Be sure to check the registration page for details before applying.
	
	Featured Titles & Past Live Performances
	August 23 (Sat) — 1st STAGE
The Idolmaster SideM -F＠NTASTIC COMBINATION LIVE- (High×Joker & Café Parade)
Hypnosis Mic -Division Rap Battle- HYPED-UP
...and more

	August 23 (Sat) — 2nd STAGE
The Idolmaster SideM -F＠NTASTIC COMBINATION LIVE- (FRAME & Mofumofuen)
Uta no☆Prince-sama♪ ALL STAR STAGE -Dramatic Magical Story-
Hypnosis Mic -Division Rap Battle- HYPED-UP

	August 24 (Sun) — 3rd STAGE
The Idolmaster SideM -F＠NTASTIC COMBINATION LIVE- (Jupiter & F-LAGS)
Uta no☆Prince-sama♪ ALL STAR STAGE -Dramatic Magical Story-
Hypnosis Mic -Division Rap Battle- HYPED-UP
...and more

The above is not the order of appearance. The full schedule will be announced later.
	This event is a 3D LIVE. There will be no voice cast appearances.

	Important Notes
Admission fee required for ages 3 and up.
Resale of tickets is prohibited. Resold tickets are invalid. Listing tickets on auctions or other resale platforms is forbidden. Any disruptive behavior is strictly prohibited.
ID may be checked at the venue. Please bring valid identification on the day of the event.
Show times are subject to change. No refunds for tickets or travel due to schedule changes.
Depending on your seat location, parts of the stage or effects may be partially or fully obstructed.
The event may be canceled on the day due to weather, disasters, or other unavoidable circumstances.

For ticket application and pickup inquiries: eplus.jp/qa
For performance-related inquiries: Information Desk information-desk.info

ANICUL SONIC Official Website: aniculsonic.com
ANICUL SONIC Official Hashtags: #aniculsonic #アニカルソニック
ANICUL SONIC Official X: @aniculsonic　x.com/aniculsonic
ANICUL SONIC Official Facebook: facebook.com/aniculsonic		
		
	Featured Titles & Past Live Performance Information		



	
		
			
		
		[sourceLink asin="""" asin_jp="""" cdj_product_id="""" text="""" url="""" ]
	

	
	
	The Idolmaster SideM -F＠NTASTIC COMBINATION LIVE-
The Idolmaster SideM launched in 2014 as the first male idol producer game in the Idolmaster series. Players take on the role of a producer at the idol agency 315 Production,  managing a diverse group of male idols from backgrounds like doctors, students, part-time workers, and self-defense force officers. Through activities like promotions, lessons, and live shows, players nurture the idols, aiming to make them top stars.

In August 2017, the app game The Idolmaster SideM LIVE ON ST@GE! was released, followed by The Idolmaster SideM GROWING STARS in October 2021.

Currently, the franchise continues its story on the SideM brand page of the Idolmaster Portal Site, with ongoing developments in live shows, music, merchandise, and more. In July 2024, SideM celebrated its 10th anniversary.

This event features all 16 units and 49 idols from 315 Production, including High×Joker & Café Parade, FRAME & Mofumofuen, and Jupiter & F-LAGS. Get ready for passionate, high-energy performances!

	*This is a trial performance of “315 Production presents F＠NTASTIC COMBINATION LIVE ～PINATATIME!!/CHOCOFFICERANGER!!/AtoZto!!～,” with each show lasting around 60 minutes.

SideM Brand Page: idolmaster-official.jp/sidem
SideM Official X: x.com/SideM_official
F＠NTASTIC COMBINATION LIVE ～PINATATIME!!～:  idolmaster-official.jp/live_event/sidem_fclive_pt
F＠NTASTIC COMBINATION LIVE ～CHOCOFFICERANGER!!～: idolmaster-official.jp/live_event/cofr
F＠NTASTIC COMBINATION LIVE ～AtoZto!!～: idolmaster-official.jp/live_event/azto		



	
		
			
		
		[sourceLink asin="""" asin_jp="""" cdj_product_id="""" text="""" url="""" ]
	

	
	
	Uta no☆Prince-sama♪ ALL STAR STAGE -Dramatic Magical Story-
Uta no☆Prince-sama♪ ALL STAR STAGE is a collaborative live show featuring the idol groups ST☆RISH and QUARTET NIGHT from Shining Agency, and HE★VENS from Raging Entertainment. This live performance, delivered by all 18 idols, is themed “Dramatic Magical Story.” 
Let the music transport you to a world of stories... You’re sure to fall under its spell!

This stage will feature a re-edited, approximately 60-minute version of the 3D live show “Uta no☆Prince-sama♪ ALL STAR STAGE -Dramatic Magical Story-.” No new content will be added.

About Uta no☆Prince-sama♪
Since the release of its first game in 2010, Uta no☆Prince-sama♪ has grown into a cross-media franchise spanning CDs, anime, app games, and live events. It celebrated its 15th anniversary in June 2025.
The series tells the stories of a cast of unique and charming idols, brought to life through captivating music produced by the creative team at Elements Garden.

Dramatic Magical Story: assdms.utapri-sss.com
Official X: x.com/utapri_sss



	
		
			
		
		[sourceLink asin="""" asin_jp="""" cdj_product_id="""" text="""" url="""" ]
	

	
	
	Hypnosis Mic -Division Rap Battle- HYPED-UP
This performance features a medley of songs, including returning tracks from the past HYPED-UP series as well as the latest songs from each team featured in the film Hypnosis Mic -Division Rap Battle-! The same content will be performed across all three scheduled performances.

Launched in September 2017, Hypnosis Mic -Division Rap Battle- is a music-based rap project featuring original characters. Eighteen distinctive main characters are divided into six teams, engaging in intense rap battles. The rap music is created by leading rappers and producers from Japan’s hip-hop scene, with voice actors performing the raps to bring each character’s story to life through music.

Blending character-driven music with narrative-rich audio dramas, the franchise has expanded into comics, mobile games, stage plays, and anime. The 3DCG live show HYPED-UP features fully 3D-rendered characters performing live, offering an immersive experience that makes the characters feel real.

On February 21, 2025, the franchise released the film Hypnosis Mic -Division Rap Battle-. As Japan’s first interactive film—where the story and ending change based on audience votes during each screening—it achieved remarkable box office success, surpassing 1.7 billion yen.

Hypnosis Mic Homepage: hypnosismic.com
Hypnosis Mic Official X: x.com/hypnosismic	

[en]Source: [/en][es]Fuente: [/es]Official Press Release

[ad_bottom class=""mt40""]",https://honeysanime.com/new-summer-festival-featuring-performances-by-3d-characters-from-beloved-japanese-anime-and-games-franchises-announced/,Honey's Anime,unknown,real
AVIOT Spring/Summer Promo Tour to Visit  Five Major North American Anime Conventions!,"[sourceLink asin="""" asin_jp="""" cdj_product_id="""" text="""" url="""" ]
	



[en]What You Need to Know: [/en][es]Lo que necesitas saber: [/es] 


	AVIOT, operated by Preseed Japan Corporation, which manufactures and sells consumer electronics, is launching its 2025 Spring/Summer Promo Tour with appearances at anime conventions across the United States. At each event, AVIOT will showcase and sell character voice earbuds and collaboration merchandise.

About Character Voice Earbuds
AVIOT’s character voice earbuds are special-edition models created in collaboration with anime, VTubers, and voice actors. Each pair features exclusive designs, packaging, and voice guidance recorded by the featured cast, providing voice prompts for functions like power and battery status.

They also include a “Random Voice” feature, which lets you enjoy iconic lines or exclusive phrases only available through the earbuds. Simply touch and hold the right earbud to hear surprise voice clips at any time. Most models offer multiple voice modes, which can be easily switched via the companion app, allowing you to enjoy different characters or personalities with a single pair.

Sound tuning is supervised by the original artists or voice actors to capture each title’s unique atmosphere. Select models also include specially drawn artwork*, designed with close attention to detail to reflect the world of your favorite character.

*Sound tuning and special artwork may not be available for all models.

In addition to fan-focused features, these earbuds also offer high-end specs such as noise cancellation and long battery life, making them a great choice for everyday use. Several collaboration models are based on the TE-V1R, a high-spec base model that has received multiple awards, including the PCMag Excellence Award.

	Exhibition Schedule
AVIOT will appear at five anime conventions across five North American cities from April to August 2025, as outlined below:
April 18–20: Sakura-Con (Completed)
May 21–23: Anime Boston (Completed)
June 19–21: OffKai EXPO
July 3–6: Anime Expo
August 23–25: Anime NYC

At each convention, AVIOT will exhibit and sell collaboration earbuds and merchandise created in partnership with a variety of IPs, including anime, games, and VTubers. Some products will also be available for hands-on trials at the booth. In addition, exclusive displays will showcase upcoming collaboration models currently available for pre-order, giving you a chance to experience them before anyone else!
	
You can view the products scheduled for sale at the conventions via the link below:
shop.aviot.jp/collections/us-convention-items

Please note that quantities are limited and items may sell out. Product lineup is subject to change without notice.	
	
	Scenes from past exhibitions	
	


	
		
			
		
		[sourceLink asin="""" asin_jp="""" cdj_product_id="""" text="""" url="""" ]
	





	
		
			
		
		[sourceLink asin="""" asin_jp="""" cdj_product_id="""" text="""" url="""" ]
	





	
		
			
		
		[sourceLink asin="""" asin_jp="""" cdj_product_id="""" text="""" url="""" ]
	

	
	
	Online Store Sales
Some of the featured products are also available for purchase or pre-order through AVIOT ONLINE MALL or our official Amazon store.
AVIOT ONLINE MALL: shop.aviot.jp/collections/us-convention-items
Amazon US: amazon.com/stores/page/0DD062F7-4674-4072-9760-099249E3254F
	
About AVIOT
AVIOT, born in 2018 as the original brand of Preseed Japan Corporation, aims to deliver products that convey high-quality Japanese craftsmanship in sound, delicate and beautiful design, and easy-to-use electronic products. In 2023, the brand restarted with the addition of “A Visionary Innovation On Technology” to its name, aiming to be an electronic devices brand that goes beyond the framework of audio-visual products. The vision is to bring innovation through the power of technology and deliver “something that changes your lives” to customers.

Company Name: Preseed Japan Corporation
Representative: CEO Founder Hirokazu Tsuchiyama
Address: 4-16-7 Sendagaya, Shibuya-ku, Tokyo 151-0051, DT Building 3F
Business Activities: 
1) Manufacturing, importing, and selling wireless audio equipment and IoT-related products
2) Importing and selling mobile accessories
3) Managing an e-commerce website

AVIOT Official Website: aviot.jp
AVIOT Official X (formerly Twitter): twitter.com/AVIOT_JP
AVIOT Official Instagram: instagram.com/aviotjapan
AVIOT Official TikTok: tiktok.com/discover/AVIOT	

[en]Source: [/en][es]Fuente: [/es]Official Press Release

[ad_bottom class=""mt40""]",https://honeysanime.com/aviot-spring-summer-promo-tour-to-visit-five-major-north-american-anime-conventions/,Honey's Anime,unknown,real
"TOMY Group to Showcase BEYBLADE X, T-SPARK, and Gacha at Anime Expo 2025!","[sourceLink asin="""" asin_jp="""" cdj_product_id="""" text="""" url="""" ]
	



[en]What You Need to Know: [/en][es]Lo que necesitas saber: [/es] 


	TOMY Company will exhibit at Anime Expo 2025 (AX2025), North America’s largest anime and manga convention, held in Los Angeles from July 3 to 6. The company will operate three exhibits, each dedicated to a different brand: the BEYBLADE X series, the modern version of “bei-goma” spinning tops; T-SPARK, a hobby label for high-end customers; and the Gacha® capsule toy brand, distributed by T-ARTS Company,Ltd.

	At the BEYBLADE X booth, the U.S. Open Class of the BEYBLADE X National Tournament will be held on July 5. The winner will qualify for the BEYBLADE X WORLD CHAMPIONSHIP 2025, scheduled for October in Japan, the birthplace of BEYBLADE.

This will mark the second consecutive year that BEYBLADE X is featured at the event, while T-SPARK and Gacha will make their debut appearances. Through these exhibits, TOMY Group will continue to share the excitement of play with fans around the world.

		About BEYBLADE
“BEYBLADE” battling tops, debuted in 1999, are a modernized version of traditional Japanese battling tops known as “bei-goma.” Over 520 million units have been shipped cumulatively in more than 80 countries and regions around the world (as of April 2023). Each series has created a craze in many countries across the world including Japan. The fourth generation, BEYBLADE X started in July 2023 in Japan.
	
	Highlights of BEYBLADE X booth	
→ The U.S. Open Class (ages 13 and up) of the BEYBLADE X National Tournament will be held to determine the top blader who will advance to the BEYBLADE X WORLD CHAMPIONSHIP 2025.
→ Visitors can enjoy a free-play area and showcases of upcoming products.
	
For more details about the U.S. Open Class of the BEYBLADE X National Tournament, see: takaratomy.co.jp/english/product_release/pdf/p250605_en.pdf	
	
	About T-SPARK
“T-SPARK” is the unified brand for hobby products for adults developed by TOMY Company, symbolizing innovation and sophisticated adventure. Leveraging TOMY Company’s expertise in “transformation,” “combination” and “articulation” ― the features that have attracted hobby lovers ― T-SPARK offers a diverse and engaging hobby experience. Some of the T-SPARK products are available through the official North American Online store “TOMY PLUS” (us.tomy.com/brand/tomy-plus) operated by TOMY International, Inc.
	
Official T-SPARK website: takaratomy.co.jp/products/tsparkofficial (Japan).	
	
Highlights of T-SPARK booth	
→ Over 30 new items across 8 series on display: DIACLONE original sci-fi character toys / ZOIDS real moving kits (build-it-yourself motorized toys) / REALIZE MODEL action plastic model kits / TOYRISE REALTOY products / SYNERGENEX collaborative items (Macross 7 × Transformers Basara Prime) / Q VILLAGE cute-meets-cool deformed format series / COLLEKAZARO collectible figures / SPARK Fig character figures in both scale and non-scale sizes.
→ A mini diorama of Q VILLAGE and a photo spot recreating the world of the characters will be on display.
→ The third Q VILLAGE collaboration, featuring the manga Initial D, will be revealed for the first time.
→ COLLEKAZARO: A series of 3.75 inches (10 cm) collectible figures. The products in collaboration with the TV anime series My Hero Academia and its official spin-off My Hero Academia: Vigilantes will be on display.
→ SPARK Fig: The first figure in the series, Princess Ripple from the TV anime Princession Orchestra, will be on display.

	Product Details: Q VILLAGE, COLLEKAZARO, SPARK Fig
takaratomy.co.jp/english/product_release/pdf/p250528_en.pdf

https://youtu.be/4xrQvyHJjik
	
	About Gacha
Gacha® Capsule toys, which originated in the U.S. and arrived in Japan in 1965, will celebrate their 60th anniversary in Japan in 2025. Under the Gacha brand, T-ARTS Company,Ltd. has expanded these capsule toys across the country, with Gacha machines found in train stations, airports, major shopping malls, and more. Beloved across generations, Gacha has become a familiar part of daily life and is now attracting attention not only within Japan but also internationally as a unique aspect of Japanese culture.
	
Official Gacha website: takaratomy-arts.co.jp/items/gacha (Japan)

	Highlights of Gacha section 
Free Gacha experience.
Popular Gacha items from Japan will be available for purchase.
Display of PERIHAPI!, a blind box figure series born from the Gacha brand, with first-ever appearance of products from Haikyu!! and Piapro Characters.
Photo spot where visitors can step inside a giant Gacha machine.
	
	Event Overview
Event Overview
Date: July 3 – July 6, 2025 (Pacific Daylight Time)
Venue: Los Angeles Convention Center
Booth Numbers: ENTERTAINMENT HALL – E-25 (BEYBLADE X), E-10 (T-SPARK, Gacha, PERIHAPI!)
AX2025 Official Website: anime-expo.org/ax

[en]Source: [/en][es]Fuente: [/es]Official Press Release

[ad_bottom class=""mt40""]",https://honeysanime.com/tomy-group-to-showcase-beyblade-x-t-spark-and-gacha-at-anime-expo-2025/,Honey's Anime,My Hero Academia,real
AVIOT to Open Pre-Orders for KizunaAI Collaboration True Wireless Earbuds!,"[sourceLink asin="""" asin_jp="""" cdj_product_id="""" text="""" url="""" ]
	



[en]What You Need to Know: [/en][es]Lo que necesitas saber: [/es] 


	AVIOT, operated by Preseed Japan Corporation, which manufactures and sells consumer electronics, opened pre-orders for the TE-V1R-KZN true wireless earbuds, a collaboration model with KizunaAI, on April 28. Based on the TE-V1R, this special edition features design and sound tuning fully supervised by KizunaAI, packaging with brand-new visuals, and newly recorded voice lines in Japanese and English.

	Based on the latest model in AVIOT’s hit V series, which has sold approximately 170,000 units*, the TE-V1R-KZN is a special edition packed with the unique charm of KizunaAI, who resumed activities in February.

	KizunaAI (“Kizuna” means “bond” or “connection” in Japanese) is a virtual being and artist who works under the theme, “I still want to connect with you and get to know you.” This collaboration model features earbuds with a design overseen by KizunaAI herself and sound tuning optimized to highlight the full appeal of her singing voice. The packaging showcases a brand-new visual by champi. In addition to newly recorded voice guidance for power and connection status, the earbuds include a “random voice” feature that allows you to listen to special voice lines anytime you like. With the ability to switch between Japanese and English voice modes, these earbuds are a perfect match for an AI who connects with people around the world.

KizunaAI introduced the product herself during a special listening party on April 29. Don’t miss it!

	
	
Product Characteristics
	Base Model
The TE-V1R is the latest model in AVIOT’s popular V series, which has sold approximately 170,000 units*. The earbuds offer an ultra-long battery life of 19 hours (62 hours with the charging case) and Adaptive Hybrid Noise Canceling, which automatically adjusts the noise reduction strength based on the surrounding environment. They also feature the new Hybrid Dual Driver 2.0 for enhanced sound quality, LDAC™ support for high-resolution playback, and wireless charging functionality, making them a high-grade model that perfectly balances sound quality and functionality.

*As of the end of January 2025

	Special Voice Lines
The voice guidance for notifications such as power status has been newly recorded specifically for this model, with KizunaAI speaking to you as if she’s right there! It also features a “random voice” function that lets you hear lines from KizunaAI anytime you like. As is fitting of an AI who connects with people around the world, the earbuds come with both Japanese and English modes.
	


	
		
			
		
		[sourceLink asin="""" asin_jp="""" cdj_product_id="""" text="""" url="""" ]
	

	

	Voice line samples are available on the product page:
aviot.jp/product/te-v1r-kzn
	
	Special Design
The off-white and soft pink color scheme captures KizunaAI’s signature style, giving the design a calm and refined feel. The charging case features a logo symbolizing her reactivation, while the earbuds themselves are adorned with her iconic emblem. The design was created to have a timeless appeal, making it easy to pair with any outfit or setting.



	
		
			
		
		[sourceLink asin="""" asin_jp="""" cdj_product_id="""" text="""" url="""" ]
	


	


	
		
			
		
		[sourceLink asin="""" asin_jp="""" cdj_product_id="""" text="""" url="""" ]
	

	
	
	Special Packaging
The packaging features a brand-new visual created by the illustrator champi, capturing a rare moment of KizunaAI enjoying music through the earbuds. This special design is exclusive to the collaboration and even looks great displayed on its own.
	


	
		
			
		
		[sourceLink asin="""" asin_jp="""" cdj_product_id="""" text="""" url="""" ]
	

	

Special Tuning
With full supervision from KizunaAI, the earbuds feature two sound modes that can be switched anytime via the app: Music Mode, specially tuned to bring out the full charm of KizunaAI’s singing voice, and Streaming Mode, designed to deliver clearer audio when watching streams.
	
	Product Information
	TE-V1R-KZN
Price: ¥18,700 (incl. tax)
Expected Delivery Date: July 2025 or later
Available at:
AVIOT ONLINE MALL shop.aviot.jp/products/te-v1r-kzn	
AMAZON amazon.com/dp/B0F6MJTGGX

→ Basic Specifications
・Driver: Hybrid type with φ10mm dynamic and balanced armature drivers
・Microphone for calls: MEMS microphone
・Battery capacity: Earbud single ear 85mAh / Case 600mAh
・Talk time*: Up to 9 hours
・Playback time*: Up to 19 hours (with charging case: up to 62 hours)
・Earbud charging time: Approximately 1.5 hours
・Charging port: USB Type-C
・Water resistance level**: Equivalent to IPX4
・Weight: Earbud single ear approximately 6.5g
・Other features: Multipoint support (up to 2 devices), single ear usage, earbuds can be individually turned on or off, fast charging (up to 120 minutes of playback with a 10-minute charge), wireless charging
	
→ Accessories
・Silicone earpieces (1 pair each in sizes S/M/L)
・USB Type-C cable
・User manual

→ Bluetooth Specifications
・Supported codecs: SBC, AAC, LDAC
・Supported profiles: A2DP, AVRCP, HFP, HSP
・Bluetooth version: 5.3
・Number of Bluetooth multi-pairing registrable devices: 8

*Exact time may vary depending on your usage environment
**Earbuds only
	
	KizunaAI Profile
A virtual being and artist who works under the theme, “I still want to connect with you and get to know you.” She debuted in 2016 as a pioneer of virtual YouTubers and quickly expanded her activities through her wide range of talents. After three years of sleep, she resumed her activities on February 26, 2025, and is now seeking new forms of expression through music. Before her hiatus, she focused on Japanese internet dance music. In this new chapter, while staying true to those roots, she blends indie band sounds and J-pop influences to introduce a fresh take on J-pop to the world.	

About AVIOT
AVIOT, born in 2018 as the original brand of Preseed Japan Corporation, aims to deliver products that convey high-quality Japanese craftsmanship in sound, delicate and beautiful design, and easy-to-use electronic products. In 2023, the brand restarted with the addition of “A Visionary Innovation On Technology” to its name, aiming to be an electronic devices brand that goes beyond the framework of audio-visual products. The vision is to bring innovation through the power of technology and deliver “something that changes your lives” to customers.

Company Name: Preseed Japan Corporation
Representative: CEO Founder Hirokazu Tsuchiyama
Address: 4-16-7 Sendagaya, Shibuya-ku, Tokyo 151-0051, DT Building 3F
Business Activities: 
1) Manufacturing, importing, and selling wireless audio equipment and IoT-related products
2) Importing and selling mobile accessories
3) Managing an e-commerce website

AVIOT Official Website: aviot.jp
AVIOT Official X (formerly Twitter): twitter.com/AVIOT_JP
AVIOT Official Instagram: instagram.com/aviotjapan
AVIOT Official TikTok: tiktok.com/discover/AVIOT	

[en]Source: [/en][es]Fuente: [/es]Official Press Release

[ad_bottom class=""mt40""]",https://honeysanime.com/aviot-to-open-pre-orders-for-kizunaai-collaboration-true-wireless-earbuds/,Honey's Anime,unknown,real
WurtS to Perform “Doukashiteru” as Ending Theme  for DAN DA DAN Season 2. New Trailer Featuring the Song Out Now!,"[sourceLink asin="""" asin_jp="""" cdj_product_id="""" text="""" url="""" ]
	



[en]What You Need to Know: [/en][es]Lo que necesitas saber: [/es] 


	It has been announced that WurtS will perform “Doukashiteru,” the brand-new ending theme for the second season of the TV anime DAN DA DAN!

	DAN DA DAN is a hit manga by Yukinobu Tatsu, currently serialized in Shueisha’s manga app Shonen Jump+ (updated every Tuesday), with over 10 million copies in circulation. The story follows Momo Ayase, a high school girl born into a family of spirit mediums, and her classmate Okarun Takakura, an occult fanatic, as they take on supernatural threats in this thrilling blend of occult battles and youthful adventure.

“Doukashiteru” is featured in the newly released Friendship & Love trailer. The second season, following the first season that aired from October to December 2024, is set to begin soon.

https://youtu.be/t-ifCiMRt6Y	
	
	Comment From WurtS
I’m WurtS, and I’m performing the ending theme for the DAN DA DAN anime. As a huge fan of both the manga and the anime, I’m truly honored to be part of this project. In this crazy world where various life forms suddenly appear, I wanted to capture the characters’ complicated feelings—awkward but full of longing. We’ve packed all that excitement and heart-throbbing emotion into this wonderful song. Thank you so much, and I hope you enjoy it.


	
		
			
		
		[sourceLink asin="""" asin_jp="""" cdj_product_id="""" text="""" url="""" ]
	

	
	WurtS's Profile	
Launched in 2021, WurtS is a 21st-century-born solo artist who self-produces everything, from lyrics, composition, and arrangement to artwork and visuals. His music, centered on dance, is constantly evolving into a unique style of pop that blends genres such as rock, hip-hop, soul, and more.

−WurtS INFORMATION− 
Official Website: wurts.jp
X: x.com/wurts2021
Instagram: instagram.com/wurts2021
TikTok: tiktok.com/@nia_n_
YouTube Channel: youtube.com/@wurts2021

[en]Source: [/en][es]Fuente: [/es]Official Press Release

[ad_bottom class=""mt40""]",https://honeysanime.com/wurts-to-perform-doukashiteru-as-ending-theme-for-dan-da-dan-season-2-new-trailer-featuring-the-song-out-now/,Honey's Anime,unknown,real
ARCANA PROJECT Announces 10th Single  to Celebrate 5th Anniversary!,"[sourceLink asin="""" asin_jp="""" cdj_product_id="""" text=""From left: Hana Hanamiya, Sakura Yoshino, Yuka Shidomi, Hikaru Amano, Shion Aida, Usa Sakurano"" url="""" ]
	



[en]What You Need to Know: [/en][es]Lo que necesitas saber: [/es] 


	TARCANA PROJECT, who made their major debut with “Campanella Hibiku Sora de” on September 9, 2020, will celebrate their 5th anniversary on September 9, 2025, with the release of their 10th single! This marks the first single from the group’s new six-member lineup and features three new songs inspired by their signature tarot card motif.

	The single will be available in two versions: a limited first edition and a regular edition. The limited edition includes an M Card with video footage from the Tokyo stop of the ARCANA PROJECT TOUR 2025 “ARCANA CARAVAN,” held on April 29, 2025, at Daikanyama UNIT.

To commemorate the release, two special launch events have also been announced:
* June 27 at 7:00 PM – HMV & BOOKS SHIBUYA, 5th Floor
* July 6 at 1:00 PM – Tower Records Kinshicho PARCO

	Each event will feature a mini live performance followed by a special bonus session. Fans who pre-order either the limited or regular edition of the single can participate in a Polaroid photo session after the show.

	Product Information
ARCANA PROJECT 10th Single
Release Date: September 9, 2025

Limited First Edition (CD + M-Card)
Product No.: LACM-34744
Price: ¥5,060 (incl. tax)

Regular Edition (CD)
Product No.: LACM-24744
Price: ¥1,540 (incl. tax)

*The two editions will feature different jacket art.

Tracks:
Both editions will feature 3 new songs.

Bonus Items:
One random trading card per CD (6 unique cards in total for all editions, first pressing only)
M Card with video footage from the “ARCANA CARAVAN” Tokyo show (Limited Edition only)

	Release Event Details
1.
Date & Time: June 27 at 7:00 PM
Venue: HMV & BOOKS SHIBUYA, 5F Event Space
Address: 5F/6F, Shibuya modi, 1-21-3 Jinnan, Shibuya-ku, Tokyo 150-0041
Access: hmv.co.jp/store/btk
Content: Mini live performance & special bonus session
CD Pre-Order Start Time: 5:00 PM on the day of the event

2.
Date & Time: July 6 at 1:00 PM (Priority viewing area entry starts at 12:40 PM)
Venue: Tower Records Kinshicho PARCO
Address: 5F, Kinshicho PARCO, 4-27-14 Kotobashi, Sumida-ku, Tokyo 130-0022
Access: tower.jp/store/kanto/KinshichoParco
Content: Mini live performance & special bonus session
CD Pre-Order Start Time: 11:00 AM on the day of the event

	ARCANA PROJECT Profile
ARCANA PROJECT is an anime song vocal unit jointly produced by DEARSTAGE and Lantis. Known for their rich, fantastical sound and the unique tarot card motifs assigned to each member, they have gained strong support, leading to anime tie-ins and performances at major festivals. On April 29, 2025, during the encore of the Tokyo show of their ARCANA PROJECT TOUR 2025 “ARCANA CARAVAN” held at Daikanyama UNIT, the group surprised fans by announcing the addition of two new members: Yuka Shidomi and Sakura Yoshino.

Official website: arcana-project.com
Official X (formerly Twitter): x.com/arcanaproject
Official YouTube: youtube.com/channel/UCVUADERJRI1bG9ez7CyfDnA	

[en]Source: [/en][es]Fuente: [/es]Official Press Release

[ad_bottom class=""mt40""]",https://honeysanime.com/arcana-project-announces-10th-single-to-celebrate-5th-anniversary/,Honey's Anime,unknown,real
TV TOKYO to Host World Premiere of “GINTAMA - Mr. Ginpachi’s Zany Class” at Anime Expo 2025!,"[sourceLink asin="""" asin_jp="""" cdj_product_id="""" text="""" url="""" ]
	



[en]What You Need to Know: [/en][es]Lo que necesitas saber: [/es] 


	TV TOKYO Corporation is excited to announce the world premiere of its highly anticipated GINTAMA spin-off anime, “GINTAMA - Mr. Ginpachi’s Zany Class,” at Anime Expo 2025. This marks a significant moment for fans worldwide, offering the exclusive opportunity to be among the first to experience a full episode screening and engage with special panel content.
	
The premiere panel is scheduled for Saturday, July 5, 2025, from 3:30 PM to 4:20 PM PDT in Panel Room 408AB at the Los Angeles Convention Center, during Anime Expo.
	
	[WORLD PREMIERE] GINTAMA - Mr. Ginpachi’s Zany Class” Panel, Presented by TV TOKYO
	World Premiere Episode Screening: Be the very first to see a complete episode of the new GINTAMA spin-off series.
Special Message from the Odd Jobs: Enjoy valuable messages from the highly popular characters Gintoki Sakata (voiced by Tomokazu Sugita), Shinpachi Shimura (voiced by Daisuke Sakaguchi), and Kagura (voiced by Rie Kugimiya).
	
	Behind-the-Scenes Insights: Discover the creative process and fascinating details behind the making of the anime.
New Merchandise Reveal: Explore upcoming merchandise inspired by the GINTAMA universe.
	
	Exciting Giveaways: Participate in games and a quiz for a chance to win exclusive GINTAMA prizes.
	
”We are incredibly proud to bring the world premiere of ‘GINTAMA - Mr. Ginpachi’s Zany Class’ to Anime Expo 2025, a premier event for anime enthusiasts,” said Makoto Hijikata, Producer, TV TOKYO. “This spin-off offers a fresh and hilarious take on the beloved GINTAMA world, and we eagerly anticipate sharing it with fans for the very first time. We are committed to delivering entertaining content, and this series exemplifies that dedication.”
Dive deeper into the zany and unpredictable GINTAMA universe at this must-attend panel!
	
	Panel Information
Title: [WORLD PREMIERE] GINTAMA - Mr. Ginpachi’s Zany Class
Date: Saturday, July 5, 2025
Time: 3:30 PM to 4:20 PM PDT
Location: Panel Room 408AB at Los Angeles Convention Center

Anime Expo 2025 takes place July 3-6 at the Los Angeles Convention Center in Los Angeles, California. Visit the official website at anime-expo.org for more information and to purchase a badge. 	
	
	About GINTAMA - Mr. Ginpachi’s Zany Class 
Based on the spin-off novel of the popular manga GINTAMA, “GINTAMA - Mr. Ginpachi’s Zany Class” (Also known as “Gintama: 3-nen Z-gumi Ginpachi-sensei”) reimagines Gintoki Sakata as an eccentric homeroom teacher, guiding his equally unique students through hilarious and often nonsensical lessons.

	About TV TOKYO 
TV TOKYO Corporation is a leading Japanese television station headquartered in Tokyo, Japan, and a key station of the TX Network. Renowned for its diverse and popular anime programming, TV TOKYO has been a cornerstone of Japanese pop culture, broadcasting numerous globally recognized and beloved series.	

[en]Source: [/en][es]Fuente: [/es]Official Press Release

[ad_bottom class=""mt40""]",https://honeysanime.com/tv-tokyo-to-host-world-premiere-of-gintama-mr-ginpachis-zany-class-at-anime-expo-2025/,Honey's Anime,unknown,real
SANDA's World Premiere Event With Paru Itagaki Set for Anime Expo!,"[sourceLink asin="""" asin_jp="""" cdj_product_id="""" text="""" url="""" ]
	



[en]What You Need to Know: [/en][es]Lo que necesitas saber: [/es] 


	SANDA is a manga by Paru Itagaki, creator of BEASTARS, which won the Grand Prize at the 2018 Manga Taisho along with three other major manga awards. Set in a near-future Japan where extreme measures are taken to protect children amid a drastic population decline, the story depicts an unconventional Santa Claus hero in an action-packed tale. The anime adaptation is produced by Science SARU, the studio behind DAN DA DAN and Scott Pilgrim Takes Off. It is set to premiere in Japan on October 3, 2025, with a world premiere also confirmed for Anime Expo.

	Alongside the broadcast date announcement, the second teaser trailer has been released. It showcases a world shaped by extreme overprotection amid a super-declining birthrate, focusing on the classmates of protagonist Kazushige Sanda (voiced by Ayumu Murase) at Daikoku Welfare Academy. How is Santa Claus treated in a Japan where children have almost disappeared? And how will Sanda’s interactions with classmates like Fuyumura develop? Stay tuned for more updates!
	
	New Characters and Voice Cast Revealed, with Comments!
Alongside the release of Teaser PV #2, several new characters have been revealed! 
Umeka Shoji voices Shiori Fuyumura, who discovers Sanda’s identity and sets out to save her missing best friend. Her friend Ichie Ono is played by Anna Nagase. Yuuki Shin voices Hitoshi Amaya, Sanda’s roommate, and Misato Matsuoka plays Nico Kazao, Sanda’s fiancée.
Comments from the cast have also been released!

	https://youtu.be/X2VRYMWbaes
	
	SANDA Joins Anime Expo!
SANDA will be featured at Anime Expo 2025, North America’s largest anime and Japanese pop culture event, held at the Los Angeles Convention Center from July 3 to 6. 
On July 4, a world premiere event will take place, with author Paru Itagaki, director Tomohisa Shimoyama, and Science SARU producer Kohei Sakita in attendance. The event will include a live drawing session by Itagaki and a screening of Episode 1 of the SANDA anime.
For more information, please check Anime Expo’s official social media channels.

	Anime Expo 2025 Overview
Dates: July 3 (Thu) – July 6 (Sun), 2025
Venue: Los Angeles Convention Center
Official Website: anime-expo.org
Official X: x.com/animeexpo
Official Instagram: instagram.com/animeexpo
Official Facebook: facebook.com/animeexpo
	
	SANDA event at Anime Expo 2025
Date: July 4 (Fri)
Time: 12:30 PM – 1:50 PM
Location: JW Platinum Ballroom
Panelists: Paru Itagaki (author), Tomohisa Shimoyama (director), Kohei Sakita (producer)

The event will include:
・Live drawing by Paru Itagaki
・World premiere of the first episode of the TV anime SANDA
・Commentary on highlighted scenes from episode #1 and discussion
・Q&amp;A with the panelists
・Comment video by Ayumu Murase (who plays Sanda)
・Free give away for visitors: SANDA Towel (Tenugui style)

Official X (formerly Twitter): x.com/sanda_anime
Official Website: sanda.red


	
		
			
		
		[sourceLink asin="""" asin_jp="""" cdj_product_id="""" text="""" url="""" ]
	

	
	Voice Cast of Sanda’s Classmates Revealed!
	Shiori Fuyumura (Voiced by Umeka Shoji)
A 14-year-old classmate of Sanda who stands over 182 cm tall. She seeks help from Santa Claus to find her friend Ono, who suddenly went missing. To break the curse and revive the sealed Santa, she threatens Sanda with a deadly blade.

	Comment
1. How did you feel when you were cast as Fuyumura in SANDA? And what message do you have for fans looking forward to the series?
Meeting Shiori Fuyumura during the audition was such a powerful experience that it feels like she’s become a constant presence in my life. I poured everything I have into this role. I’d be thrilled if SANDA reaches a wide audience.

2. Since this is an action series featuring Santa Claus, is there anything you’d want to ask him for?
A liver so strong that it can handle any alcohol.
	
	Ichie Ono (Voiced by Anna Nagase)
A classmate of Sanda and best friend of Fuyumura. She suddenly disappeared from their class, and her whereabouts remain unknown. The school considers her dead, but Fuyumura is determined to search for her with Santa Claus’ help.

	Comment
1. How did you feel when you were cast as Ono in SANDA? And what message do you have for fans looking forward to the series?
Ono was a role that really challenged me. I struggled a lot while developing the character, and I constantly felt a sense of anxiety and tightness in my chest. I hope that feeling comes through in Ono’s portrayal. Please look forward to the broadcast!

2. Since this is an action series featuring Santa Claus, is there anything you’d want to ask him for?
When I was a kid, I was always the one receiving presents, so this time, I’d like to give something back. Maybe I could help out? Like riding in the sleigh with Santa and delivering presents around town! That sounds like fun.
	
	Hitoshi Amaya (Voiced by Yuuki Shin)
Sanda’s roommate, also known as “Prince Amaya.” He is one of the few who know Santa Claus’ secret and wants him to return to fulfill an important wish.

	Comment
1. How did you feel when you were cast as Amaya in SANDA? And what message do you have for fans looking forward to the series?
I’m really excited to be voicing Amaya in SANDA. I enjoyed bringing out his mysterious charm through my performance. This story really makes you reflect on what it means to be an adult. It’s a wonderful series, so please be sure to watch it!

2. Since this is an action series featuring Santa Claus, is there anything you’d want to ask him for?
I’d love to ask Santa Claus for a Nintendo Switch 2. Even if I don’t get one, just a chance to win the pre-order lottery would be great. I’ve been good, so please! I’d like to play racing games on it!

	Nico Kazao (Voiced by Misato Matsuoka)
Sanda’s fiancée, chosen by the country from birth. She’s a realist who wants to rebel a little before becoming a “responsible adult.” She always acts freely and often swears.

	Comment
1. How did you feel when you were cast as Nico in SANDA? And what message do you have for fans looking forward to the series?
When I first learned about Nico, I was deeply captivated by her complete freedom from any constraints. She might be someone who truly understands the preciousness of the present moment. I’m genuinely happy to be able to bring her to life! Please watch as these lovable characters struggle and grow together. I poured my heart into this role and had a great time. Thank you for your support!

2. Since this is an action series featuring Santa Claus, is there anything you’d want to ask him for?
I love eggplant, so I’d want lots of dishes like deep-fried eggplant soaked in light dashi and mapo eggplant!

			TV Anime SANDA Overview
Broadcast begins October 3, 2025 in Japan
Official X (formerly Twitter): x.com/sanda_anime
Official website: sanda.red

			Cast
Kazushige Sanda: Ayumu Murase
Santa Claus: Hiroki Touchi

Shiori Fuyumura: Umeka Shoji
Ichie Ono: Anna Nagase
Hitoshi Amaya: Yuuki Shin
Nico Kazao: Misato Matsuoka

			Staff
Original: “SANDA” by Paru Itagaki (Akita Shoten / Shonen Champion Comics)
Director: Tomohisa Shimoyama
Script: Kimiko Ueno
Music: Tomoyuki Tanaka (FPM)
Character Design: Masamichi Ishiyama

Animation Production: Science SARU


[en]Source: [/en][es]Fuente: [/es]Official Press Release

[ad_bottom class=""mt40""]",https://honeysanime.com/sandas-world-premiere-event-with-paru-itagaki-set-for-anime-expo/,Honey's Anime,unknown,real
BEYBLADE X National Tournament (Ages +13) Set for July 5 at AX2025 in Los Angeles! Winner Advances to the World Championships in October!,"[sourceLink asin="""" asin_jp="""" cdj_product_id="""" text="""" url="""" ]
	



[en]What You Need to Know: [/en][es]Lo que necesitas saber: [/es] 


	TOMY Company has announced that it will hold the U.S. Open Class (ages 13 and up) tournament for the “BEYBLADE X” series, the modern version of “bei-goma” spinning tops, under the title “BEYBLADE X National Tournament.” The event will take place on July 5 (Sat) at the BEYBLADE X booth during Anime Expo® 2025 (AX2025), North America’s largest anime and manga convention held in Los Angeles. (*1)

	The winner of this tournament will advance to represent the United States at the BEYBLADE X WORLD CHAMPIONSHIP 2025, scheduled for October in Japan, the birthplace of BEYBLADE. This event promises high-stakes battles, highlighting the thrill of GEAR SPORTS for both players and spectators alike.

Additionally, from July 3 to July 6, the BEYBLADE X booth (Booth No.: ENTERTAINMENT HALL – E-25) will feature a free-play area and showcases of upcoming products.


	BEYBLADE X National Tournament (US Open Class)
Date: Saturday, July 5, 2025
Time: 10:00 AM – 5:00 PM (Pacific Daylight Time)
Location: Los Angeles Convention Center
Booth Number: ENTERTAINMENT HALL - E-25
Eligibility: Ages 13 and up
Registration: First-come, first-served at the booth on the day of the event. Registration closes once capacity (128 participants) is reached.
Official Website: beyblade.com/worldchampionship2025

	Message from Masahiko Yamazaki, Head of Global Beyblade Business at TOMY Company
We are thrilled to hold the tournament in Los Angeles, the entertainment capital of the world, to determine the top blader, who will advance to the BEYBLADE X WORLD CHAMPIONSHIP 2025. On the day of the tournament, the TOMY Company Beyblade development team will also come from Japan to offer their support. Just like in Japan, we’re eagerly looking forward to intense Bey battles in the U.S.

		About BEYBLADE
Born in 1999, the BEYBLADE brand originated in Japan and has been enjoyed globally across generations for over 25 years. The fourth generation, BEYBLADE X, launched in July 2023, has surpassed 30 million units shipped worldwide (including 79 regions in Asia, North America, and Europe) as of April 2025, with intense battles taking place around the globe.

In the United States, BEYBLADE is sold at major retailers such as Walmart and Target, the largest e-commerce company Amazon, and the leading game retailer GameStop. In the Battling Toys category, Beyblade became the No.1 property in over 11 countries and regions, including the U.S., in CY2024. (*2) Season 2 of the BEYBLADE X anime series is set to air in North America starting summer 2025, further fueling the excitement.

In addition to the U.S. National Tournament, there will be a free play area open to everyone. Participants can bring their own Beyblades, while beginners can borrow Beyblades and get help learning how to play. In addition, the booth will feature a large screen showing scenes from the TV anime and photo spots designed for anime fans to enjoy.

(*1) The Regular Class (ages 6 to 12) of the U.S. National Tournament is scheduled to be held from June to August 2025 across the United States.
(*2) Source: Beyblades was the No.1 property within Battling Toys class in the toy markets of USA, Canada, Mexico, U.K., France, Germany, Italy, Spain, Belgium, Holland and Australia in CY2024 in terms of dollar volume according to Circana, LLC.

“BEYBLADE” battling tops, debuted in 1999, are a modernized version of traditional Japanese battling tops known as “bei-goma.” Over 520 million units have been shipped cumulatively in more than 80 countries and regions around the world (as of April 2023). Each series has created a craze in many countries across the world including Japan. The fourth generation, BEYBLADE X started in July 2023 in Japan.

	BEYBLADE X Official websites
beyblade.takaratomy.co.jp (Japan)
takaratomyasia.com/beybladex/index (Asia)
Company’s official website: takaratomy.co.jp/english

To stay  in the loop on these tournaments and other updates around the World Championship, fans can go to beyblade.com for more information. Fans can also stay informed by following @officialbeyblade on Instagram, @beyblade_official on TikTok, @x_beyblade on X, and on BEYBLADE Official YouTube Channels.

[en]Source: [/en][es]Fuente: [/es]Official Press Release

[ad_bottom class=""mt40""]",https://honeysanime.com/beyblade-x-national-tournament-ages-13-set-for-july-5-at-ax2025-in-los-angeles-winner-advances-to-the-world-championships-in-october/,Honey's Anime,unknown,real
[Honey's Anime Interview] Celebrating TRUE's 10th Anniversary!,"Miho Karasawa, who also goes by the stage name TRUE, has just released her 10th anniversary album titled ""TRUE the BEST"" on February 26 (her debut date)! You may know her for her passionate vocal style and straightforward lyrics in theme songs for anime series like Buddy Complex, Gargantia on the Verdurous Planet, Maria the Virgin Witch, Sound! Euphonium, and many others.

Although she has been active as an artist since 2000, she debuted under the name TRUE in 2014, quickly becoming a powerhouse singer, flawlessly performing numerous opening and ending themes each anime season.

We had the lovely opportunity to interview TRUE once more, to talk about the future and reflect on these ten years full of hits and challenges.



		
 
	
    	
			TRUE




 

    
         Honey-Chan





Interview with TRUE
[gray-hex-decoration]

    
        
            
            
                
                
            
        
    
    
        
It’s been a year since our last conversation, and we're so happy to be chatting with you again! So, you recently released an anniversary album, packed with 30 songs and numerous hits. Was it challenging to select and arrange the tracks for this album? And if you had to choose, which song would you say is your favorite?
        
    



    
        
            
            
                
                
            
        
    
    
This release includes singles, lead tracks from albums, and key songs that represent my musical journey over the past ten years. With the exception of the first and last tracks, the songs are arranged in the order they were released. It starts with the first track, “TRUE,” and ends with “DelighT,” with the capital T at the end representing the T in TRUE. I wanted it to begin and end with TRUE, which is how the tracklist took shape. Every song holds a special meaning to me, so it’s hard to pick just one favorite.
    



    
        
            
            
                
                
            
        
    
    
        
The Limited First Edition includes a Blu-ray featuring two performances: TRUE Live Sound! vol.6 Encount, held at NHK Hall, and Sayonara Nakano Sunplaza Music Festival: TRUE Live Sound! vol.7 Ensemble, held at Nakano Sunplaza, both from 2023. Can you share any memorable anecdotes or special moments from these performances?
        
    



    
        
            
            
                
                
            
        
    
    
For me, live performances are life itself. I’m truly grateful to have these moments recorded. I hope that even those who couldn’t be there can still feel the passion of the shows through the Blu-ray.
    


https://youtu.be/x6fUsfL8UKw


    
        
            
            
                
                
            
        
    
    
        
And how about your most recent live event, TRUE 10th Anniversary Live Sound! Final Shuutaisei at Zepp DiverCity this January? How was that experience?
        
    



    
        
            
            
                
                
            
        
    
    
That show was the perfect way to wrap up my 10th anniversary. It was my first time performing in a large live house, and the audience’s energy was even greater than I had imagined. I felt that it was a meaningful milestone not just for me, but for the fans as well, marking the end of a decade. Throughout the anniversary year, I held various types of live shows, and I plan to use what I gained from those experiences moving forward.
    



    
        
            
            
                
                
            
        
    
    
        
Now it's time to celebrate your first decade as an artist, but given everything you've accomplished so far, we imagine you're already planning your next steps. Are you currently working on any new songs or projects to be released soon?
        
    



    
        
            
            
                
                
            
        
    
    
Yes, I’m trying various new things and plan to put even more effort into live performances both in Japan and overseas. Since last year, I’ve been doing joint live shows with other artists, and through these interactions, I’m working to expand my musical range.
			
Another goal for the future is to create a theme song for a tokusatsu anime. I will continue my music activities, dreaming of the day that wish comes true.
    



    
        
            
            
                
                
            
        
    
    
        
In May, you performed three new shows in Japan as part of your TRUE Live Tour PLAY! vol.1 -ReCoda-. How did you prepare for these events?
        
    



    
        
            
            
                
                
            
        
    
    
This time, I did my very first hall tour. I felt like I received so many gifts and warm congratulations for my 10th anniversary, and so many people came out to celebrate with me at my shows. 
		
I’m going to use all that support as fuel to make each live performance a success from this 11th year onward, which will help me grow even more. It’s not exactly going back to my roots, but I’m planning to perform with the same band lineup as my very first live, carefully arranging each song to deliver it thoughtfully. In June, I’m also holding my first-ever Asia tour. It’s a new challenge to see how much I can convey beyond borders and language barriers. I’ll do my best!			
    



    
        
            
            
                
                
            
        
    
    
        
We'll be looking forward to this!

And to close our interview, could you share a message for our readers, many of whom have followed our previous interviews and are passionate about your music?
        
    



    
        
            
            
                
                
            
        
    
    
Thank you always for your support. I’m truly grateful to receive encouragement from people in many countries through social media. Your words keep me motivated. From now on, as an anisong singer, I will continue doing my best to share Japanese anime culture and anisong culture with all of you. I look forward to the day we can meet someday.
    



    
        
            
            
                
                
            
        
    
      
We've been listening to this new album since release day, and it brings back so many memories!

At Honey’s Anime, we’re deeply passionate about TRUE’s music and have had the pleasure of witnessing her incredible growth over the years. If you’re new to her work and eager to discover more, be sure to check her out on social media.		
    


Connect with TRUE
Streaming link: lnk.to/LACM-24407d
Official Site: true-singer.com/
X (Twitter): x.com/miho_karasawa
Instagram: instagram.com/miho_karasawa
YouTube channel: youtube.com/@TRUEOfficialChannel",https://honeysanime.com/honeys-anime-interview-celebrating-trues-10th-anniversary/,Honey's Anime,unknown,real
Maebashi Witches Announce First Two Albums and Original Soundtrack!,"[sourceLink asin="""" asin_jp="""" cdj_product_id="""" text="""" url="""" ]
	



[en]What You Need to Know: [/en][es]Lo que necesitas saber: [/es] 


	Maebashi Witches is an upcoming original TV anime produced by Sunrise Studio of Bandai Namco Filmworks, known for titles such as Mobile Suit Gundam and Love Live! The Maebashi Witches, a 5-member voice actress idol group who play the main characters in the show, have announced their first and second albums: Agelatum and Geranium!

	The 1st album, Agelatum, will include the opening theme, full-length versions of the insert songs performed by the main characters in episodes 1 through 8, and four new original tracks for a total of 10 songs. Details about the 2nd album, Geranium, will be announced at a later date.

In addition, the Original Soundtrack for the TV anime Maebashi Witches will be released on the same day as the 1st album. It will include all background music used in the show, along with the theme songs and anime-size versions of the insert songs. Packaged in an LP-sized jacket, this highly collectible item offers a perfect way to immerse yourself even deeper in the world of Maebashi Witches.

	
	Product Information
Maebashi Witches 1st album Agelatum
Artist: Maebashi Witches
Release Date: July 30, 2025
Product No.: LACA-25164 (CD only)
Price: ¥4,400 (incl. tax)
Label: Lantis

	Tracklist
Opening theme “Sugosugi Maebashi Witches!”
Eps 1 insert song “Yume yo, Sake!”
Eps 3 insert song “Shabon Tension!”
Eps 5 insert song “You Are My World”
Eps 6 insert song “Muteki☆PAYAPAYA”
Eps 8 insert song “Meteor Shower”
And four more original songs
Maebashi Witches 2nd album Geranium
Artist: Maebashi Witches
Release Date: September 24, 2025
Product No.: LACA-25165 (CD only)
Price: ¥4,400 (incl. tax)
Label: Lantis

	Maebashi Witches Original Soundtrack
Artist: Maebashi Witches
Music: Yuri Habuka
Release Date: July 30, 2025
Product No.: LACA-39129~31 (3 CDs)
Price: ¥4,950 (incl. tax)
Label: Lantis
*Comes with LP-sized jacket

	TV Anime Maebashi Witches OP Theme/ED Theme singles out now!
	“Sugosugi Maebashi Witches!” / “Sorezore no Door” Opening Edition	
Product No.: LACM-24687
Price: ¥1,980 (incl. tax)
Label: Lantis

	Tracks
1. Sugosugi Maebashi Witches!
Lyrics: Tsunku
Composition: TORIENA
Arrangement: Yuki Kishida

2. Sorezore no Door
Lyrics/Composition: Haruka Kumoi
Arrangement: Yuki Kishida

3. Kenran SHOWTIME!!
Lyrics/Composition/Arrangement: ChawongChaw

*Also includes instrumental tracks of each song

TV Anime Maebashi Witches OP Theme/ED Theme 
“Sugosugi Maebashi Witches!” / “Sorezore no Door” Ending Edition

Product No.: LACM-24688
Price: ¥1,980 (incl. tax)
Label: Lantis

	Tracks
1. Sorezore no Door
Lyrics/Composition: Haruka Kumoi
Arrangement: Yuki Kishida

2. Sugosugi Maebashi Witches!
Lyrics: Tsunku
Composition: TORIENA
Arrangement: Yuki Kishida

3. MAKASETENE
Lyrics: FUJI
Composition: FUJI, Maro Miyakawa
Arrangement: Maro Miyakawa

*Also includes instrumental tracks of each song


	
		
			
		
		[sourceLink asin="""" asin_jp="""" cdj_product_id="""" text="""" url="""" ]
	

	
	Websites & Social Media
Maebashi Witches Artist Information: lantis.jp/artist/maebashiwitches
TV Anime Maebashi Witches Official Website: maebashi-witches.com
TV Anime Maebashi Witches Official X: x.com/maebashiwitches
TV Anime Maebashi Witches Official TikTok: tiktok.com/@maebashi_witche	

[en]Source: [/en][es]Fuente: [/es]Official Press Release

[ad_bottom class=""mt40""]",https://honeysanime.com/maebashi-witches-announce-first-two-albums-and-original-soundtrack/,Honey's Anime,unknown,real
Aru Majo ga Shinu Made O.S.T Coming Out June 18th on Digital!,"[sourceLink asin="""" asin_jp="""" cdj_product_id="""" text="""" url="""" ]
	



[en]What You Need to Know: [/en][es]Lo que necesitas saber: [/es] 


	The original soundtrack for TV anime Aru Majo ga Shinu Made will be released on online platforms Wednesday, June 18 with a tracklist of 45 total songs. The music was produced by Akiyuki Tateyama, who has worked on the soundtracks for other anime such as Kemono Friends and Yuru CampΔ. This album contains plenty of heart-warming songs from everyday life and the extraordinary.

Not only will the tracklist feature TV-sized versions of the opening “Drops” by Maaya Sakamoto and ending “Hanasaku Michi de” by Aoi Teshima, but also special character songs for Meg Raspberry and Sophie Hayter. The songs, sung by their respective voice actresses Yoshino Aoyama and Hina Youmiya, can only be found on this soundtrack. Meg’s song “Kiseki no Tsuzuki e!” and Sophie's song “Tenohira no Hikari” both happen to be enchanted with a magic spell, but you can only tell if you listen to the entire song. Please enjoy the soundtrack along with the anime!

	
	Aru Majo ga Shinu Made Original Soundtrack
Out on digital platforms June 18, 2025
jvcmusic.lnk.to/arumajo_ost_pre

	Streaming Information
Available on select music streaming services and major music download platforms such as iTunes Store, Rekochoku and mora on June 18, 2025.
Streaming services: Apple Music, Spotify, YouTube Music, LINE MUSIC,  Amazon Music, Deezer, AWA, Rakuten Music, KKBOX

	Product Information
Artist: Akiyuki Tateyama
Title: Aru Majo ga Shinu Made Original Soundtrack
Streaming Date: Wednesday, June 18, 2025

Track List:
1. Meg’s Theme
2. Drops (T.V. version)
3. Tanoshisa no Mahou
4. Majo no Kiraku na Mainichi
5. Tensai Majo wa Fushigi-chan
6. Tenohira no Hikari
7. Heiwa na Kono Machi de
8. Mahou no Aru Sekai
9. Inaka-machi no Nigiwai
10. Shinpi Kyoumei
11. Funky ni Konwaku
12. Surreal Shitsunai Gaku
13. Meg’s Theme ~Daraketa Hiru Sagari~
14. Fukashigi no Mahou
15. Yasashisa no Mahou
16. Kanjou no Kakera
17. Maryoku Osen
18. Kokoro Nokori Hitotsu
19. Konwakushita Shoujo
20. Kokoro-bosoku Togirete
21. Konton Soshite Bousou
22. Tsumetai Majo
23. Kodoku no Shirabe
24. Akuma to Shuukyou
25. Akuma Harai
26. Mimamoru Shisen
27. Yasashisa wa Soko ni
28. Egao Hajikete
29. Haritsumeta Senritsu
30. Fugimi na Mokkan Gakki
31. Zawameita Kokoro
32. Shizukana Yoru
33. Kono Yo no Fushigi
34. Shiawase no Houyou
35. Modorenai Setsunasa wo
36. Oboe no Kanashimi
37. Potsun to Hitori Bocchi
38. Omosugita Unmei
39. Yarikirenai Omoi
40. Meg’s Theme ~Egao no Tame ni~
41. Kiseki no Tsuzuki e!
42. Ketsui Soshite Tabidachi
43. Daidanen
44. Aru Majo no Yokoku
45. Hanasaku Michi de (T.V. version)

	Akiyuki Tateyama's Profile
Composer and music producer for anime and movies such as Yuru CampΔ (2018-2024), Nige Jouzu no Wakagimi (produced in 2024 together with GEMBI), Kemono Friends (2017 and 2019), Nemuru Baka (2024), Watashi no Shiawase na Kekkon (2023) and much more.	

[en]Source: [/en][es]Fuente: [/es]Official Press Release

[ad_bottom class=""mt40""]",https://honeysanime.com/aru-majo-ga-shinu-made-o-s-t-coming-out-june-18th-on-digital/,Honey's Anime,unknown,real
Japanese Traditional Craft x The Ghost in the Shell: “TechnoByobu: TB-02” — An Art Piece That Transcends Time and Space Coming in 2026 from U/M/A/A,"[sourceLink asin="""" asin_jp="""" cdj_product_id="""" text="""" url="""" ]
	



[en]What You Need to Know: [/en][es]Lo que necesitas saber: [/es] 


	U/M/A/A has announced that it will release a second installment of “TechnoByobu,” an art piece that combines the spirit of techno with the traditional Japanese craft of folding screens, in 2026. This new series, titled “TB-02: The Ghost in the Shell,” is based on Shirow Masamune’s legendary cyberpunk series The Ghost in the Shell.

	“TechnoByobu” is an art piece of a new era that reimagines the works of internationally and domestically acclaimed artists as folding screens made from wafer-thin golden brass leaves, a craft that has been handed down in Japan for over 500 years. The artworks, vividly depicted in vibrant colors on folding screens made entirely of golden brass leaf, have attracted attention as a fusion of traditional and modern art. The first piece, “TB-01: Electronic Fan Girl,” which was inspired by the album artwork of YMO (Yellow Magic Orchestra), generated significant buzz.

“TB-02: The Ghost in the Shell,” based on the world-famous science fiction work The Ghost in the Shell (Shirow Masamune/Kodansha), utilizes the physical medium of a folding screen with cybernetic visuals, creating a next-generation visual that merges past and future.

	
	Scheduled for release in 2026 as part of a series themed around traditional Japanese elegance, the first work in the series boldly features Motoko Kusanagi and the Fuchikoma from Shirow Masamune’s original 1991 manga, on a golden brass leaf background.

	Prior to the release, U/M/A/A will unveil the first prototype of the series at Design Shanghai 2025 (designshanghai.com) to be held in Shanghai, China, from June 4, 2025.

	TechnoByobu Second Installment TB-02: The Ghost in the Shell
	
	️TechnoByobu Second Installment
Number: TB-02
Title: The Ghost in the Shell
Artist: Shirow Masamune

	Product Overview
TechnoByobu Official Website: technobyobu.jp
Release Date: Scheduled for 2026 
This piece will be offered as a limited edition, accompanied by a unique serial number.
If you are considering a purchase, please register through the Customer Service form on the official website. Priority information will be sent to registered customers.
Customer Service form: technobyobu.jp/cs

Size:
Height: 59.05 inches (1,500 mm)
Width: 55.12 inches (1,400 mm)
Weight: 8.8 pounds (4 kg)
Material: Golden Brass Leaf
Printing Method: Archival Pigment Print
Technique: Kasane Graphica Multi-Layered Pigment Transfer Technique
Price: TBD
Series Concept: A lineup of distinct pieces infused with the elegance and spirit of Japan.
	
	What is TechnoByobu?	
TechnoByobu’s “techno” originates from the Greek word téchnē, meaning art, technique, or skill. It embodies more than just practical know-how; it’s a philosophical concept that encompasses the intelligence and creativity behind craftsmanship, as well as the futuristic expression of electronic music. Rooted in this background, “techno” is not only the origin of the word “technology” but also a layered term that blends cultural and artistic innovation.
Based on this philosophy, TechnoByobu is composed of three elements:
・Artwork that evokes futurism (art)
・Byobu (folding screens), a traditional Japanese craft kept alive by artisans (skill)
・Digital certificates guaranteed by technology (technique)

By overlapping these elements, TechnoByobu culminates as an art piece that expresses the multifaceted nature of “Techno.” Moving forward, it will continue to explore new possibilities of expression in collaboration with diverse talents both in Japan and abroad.

	About The Ghost in the Shell	
“The Ghost in the Shell” is a science fiction manga series written by manga artist Shirow Masamune, which began serialization in 1989, in Kodansha’s “Young Magazine Pirate Edition.”

The story revolves around Motoko Kusanagi, a full-body cyborg with exceptional skill in both cyber and conventional warfare. With the rank of Major, she leads the aggressive unit “Shell Squad” as they confront highly intricate and sinister crimes. With its realistic art style, the series’ narrative explores the fusion of humans and technology, delving into cyberpunk elements and philosophical themes, while deeply examining topics such as personal identity.

The series has been expanded into various forms including theatrical and TV animations, as well as games. Each of these adaptations offers its own unique story, interpretations, and expressions, distinct from the original manga.

	Unveiling of the prototype at Design Shanghai — the World’s First Public Exhibition
Design Shanghai is one of the world’s most prestigious international design events and a driving force in the new frontier-breaking Chinese design world. In 2024, they invited more than 600 brands from 40 countries worldwide to exhibit new products and hold specially organized events. 

At this year’s 2025 Design Shanghai, starting June 4, TechnoByobu’s second installment, “TB-02: The Ghost in the Shell,” will be unveiled to the world for the very first time. During the exhibition, visitors will have the opportunity to see the prototype up close.


	
		
			
		
		[sourceLink asin="""" asin_jp="""" cdj_product_id="""" text="""" url="""" ]
	
	
	
	Exhibition Information 
Design Shanghai 2025 
Date: June 4th-7th, 2025 
Venue: Shanghai Expo Hall 3 “Beyond Craft Japan” 3F81 
designshanghai.com

	About Rekiseisha
In its founding year of 1905, Rekiseisha developed a groundbreaking scientific technique that had never been seen before: foil-pressed paper using brass leaf that was just as beautiful as the traditional gold foil (hon-kinpaku) but far more resistant to discoloration over time. This innovative manufacturing method has earned Rekiseisha international acclaim, with its foil products used not only by the Imperial Hotel, the Imperial Household Agency, and Nishi Honganji Temple, but also by global luxury brands such as CHANEL and GUCCI.

HP：rekiseisha.com

	About U/M/A/A Inc. (United Music And Arts) (Planning, Production, Sales)
U/M/A/A Inc. is a next-generation record label dedicated to bridging music and art—including media art, fashion, anime, games, manga, and technology—across Japan and the rest of the world. The label curates and delivers high-quality music that spans a wide range of genres, from club and electronic music to internet-driven styles such as Vocaloid and anime songs.

Founded by Masakazu “Hiro” Hiroishi—formerly of the legendary Alfa Records, the company that brought Yellow Magic Orchestra (YMO) to global prominence in the late 1970s—U/M/A/A Inc. was established with the mission of carrying forward YMO’s pioneering spirit and the innovation of techno-pop into the modern age.
In that spirit, U/M/A/A Inc. presents TechnoByobu—a project that embodies the fusion of tradition, technology, and art.

Contact:
U/M/A/A Inc.
info@technobyobu.jp
umaa.net
	
TB-01　First Installment: Electronic Fan Girl
Cat. Number：TB-01
Title: Electronic Fan Girl
Licensed by ©2022 Lou Beach through ALFA Music, Inc.

TechnoByobu’s first release is inspired by the album artwork of Yellow Magic Orchestra by Lou Beach. By recreating YMO’s iconic jacket with the beautiful shine of brass foil and merging it with technology to ensure the piece’s authenticity, it produces a new form of art.

Limited stock available
Purchase here: technobyobu.jp/en/feature/startheree 	
	

[en]Source: [/en][es]Fuente: [/es]Official Press Release

[ad_bottom class=""mt40""]",https://honeysanime.com/japanese-traditional-craft-x-the-ghost-in-the-shell-technobyobu-tb-02-an-art-piece-that-transcends-time-and-space-coming-in-2026-from-u-m-a-a/,Honey's Anime,unknown,real
"Magical Princess Minky Momo, a Pillar of Magical Girl Anime, Opens Official SNS Account and Releases 3 Music Albums from the 1982 Anime and 1985 OVA!","[sourceLink asin="""" asin_jp="""" cdj_product_id="""" text="""" url="""" ]
	



[en]What You Need to Know: [/en][es]Lo que necesitas saber: [/es] 


	Magical Princess Minky Momo Someday My Prince Will Come, Magical Princess Minky Momo Yume no Naka no Rondo Ongakuhen, and Magical Princess Minky Momo Fenarinarsa Song Festival are now available for download and streaming.

	Magical Girl Minky Momo left a mark on generations of fans with its wacky characters and penchant for drama. Mami Koyama’s portrayal of Momo and her renditions of the opening and ending themes added to the anime’s appeal, alongside a plethora of various insert songs and character songs also contributing to its success.

Finally, three albums from this well-loved anime are now available to stream and download online. Old fans can relive the nostalgia while new fans can experience the epoch-making sound of the 80’s from this classic magical girl anime.

	
	Album Information
	Magical Princess Minky Momo Someday My Prince Will Come... (released October 21, 1982)
Artists: Mami Koyama, Yuji Mitsuya, The Blessin’ Four, Minky Band

1. Yumi no Fenarinarsa (Minky Band)
2. Good Lookin’ Tonight (Mami Koyama)
3. Someday My Prince Will Come... (Mami Koyama)
4. Mahou no Komoriuta (Yuji Mitsuya)
5. Magic Princess (Minky Band)
6. Love Love Minky Momo (Mami Koyama)
7. Minky Stick Doriminpa (Mami Koyama)
8. Samba De Three (Minky Band)
9. Love Is Window (Mami Koyama)
10. Kira Kira World (Minky Band)
11. Anata e no Love Song (Mami Koyama)
12. Swing Swing Chikyuu ni (The Blessin’ Four)

	Magical Princess Minky Momo Yume no Naka no Rondo Ongakuhen (released July 21, 1985)
Artists: Mariko Shiga, Mami Koyama, Edisons, Minky Band

1. Minami no Kuni wa Paradise (Minky Band)
2. Yume no Naka no Rondo (Mariko Shiga)
3. Friends (Minky Band)
4. Battle Pop (Minky Band)
5. Good Day Sunshine (Edisons)
6. Ai no Waltz (Minky Band)
7. Anata to Watashi no Time Travel (Mami Koyama)
8. Carnival (Minky Band)
9. Sing a Song Kyouryuu (Minky Band)
10. Fushigi na Yokan (Minky Band)
11. Farewell Land of Children (Minky Band)
12. Orgel wo Tomenaide (Mariko Shiga)

	Magical Princess Minky Momo Fenarinarsa Song Festival (released September 21, 1985)
Artists: Various (Mami Koyama, Mariko Shiga, The Blessin’ Four, Yuji Mitsuya, Edisons)

1. Minky Stick Doriminpa (Mami Koyama)
2. Yume no Naka no Rondo (Mariko Shiga)
3. Anata to Watashi no Time Travel (Mami Koyama)
4. Swing Swing Chikyuu ni (The Blessin’ Four)
5. Mahou no Komoriuta (Yuji Mitsuya)
6. Love Is Window (Mami Koyama)
7. Orgel wo Tomenaide (Mariko Shiga)
8. Anata e no Love Song (Mami Koyama)
9. Good Day Sunshine (Edisons)
10. Good Lookin’ Tonight (Mami Koyama)
11. Someday My Prince Will Come... (Mami Koyama)
12. Love Love Minky Momo (Mami Koyama)

	Streaming Information
Available on select music streaming services and major music download platforms such as iTunes Store, Rekochoku and mora.
Streaming services:
Apple Music, Spotify, YouTube Music, LINE MUSIC,  Amazon Music, Deezer, AWA, Rakuten Music, KKBOX
More information: jvcmusic.co.jp/flyingdog/-/Discographylist2/Z0874.html

	Magical Girl Minky Momo Official Account Information
X: x.com/minkymomo_ap
Instagram: instagram.com/minkymomo_ap
TikTok: tiktok.com/@minkymomo_ap

[en]Source: [/en][es]Fuente: [/es]Official Press Release

[ad_bottom class=""mt40""]",https://honeysanime.com/magical-princess-minky-momo-a-pillar-of-magical-girl-anime-opens-official-sns-account-and-releases-3-music-albums-from-the-1982-anime-and-1985-ova/,Honey's Anime,unknown,real
ASH and MindaRyn Announced as Theme Song Artists for Ultraman Omega!,"[sourceLink asin="""" asin_jp="""" cdj_product_id="""" text="""" url="""" ]
	



[en]What You Need to Know: [/en][es]Lo que necesitas saber: [/es] 


	The Ultraman series is beloved across generations, and as its 60th anniversary approaches, the latest installment is poised to launch worldwide through broadcast and streaming. The tokusatsu drama Ultraman Omega will debut on July 5, 2025, in Japan.

	It was announced today that the opening theme, “BRIGHT EYES,” will be performed by ASH, while the ending theme, “Missing Link,” will be performed by MindaRyn, with a rap by ASH.

Both songs will be released as a CD single on July 21, 2025. The product will include a limited-edition soft vinyl figure of Ultraman Omega Transformation Glow Color Ver. from the Ultra Hero Series.

	
Opening Theme
BRIGHT EYES
Vocals: ASH
Lyrics: Yohei Matsui; Composition: NARASAKI; Arrangement: Kazuya Nishioka


	
		
			
		
		[sourceLink asin="""" asin_jp="""" cdj_product_id="""" text="""" url="""" ]
	


 ASH's Comment
Hello, this is ASH. I’m honored to be performing the opening theme and contributing the rap part to the ending theme for Ultraman Omega. It truly feels like a dream to be involved with Ultraman, a series I’ve loved since childhood. I wish I could go back and tell my younger self—the one who used to send letters to Ultraman! Both “BRIGHT EYES” and “Missing Link” are songs about the importance of believing in yourself. I hope these songs plant a seed of courage in your heart.

Profile 
A powerhouse rock singer who captivates fans with his distinctive voice and magnetic charisma. As the frontman of ASH DA HERO—hailed as “the ultimate rock band of the Reiwa era”—ASH leads the rock scene with a bold, genre-blending style rooted in rock, punk, and hip-hop. With a deep passion for anime and manga culture, he garnered major attention through his collaboration with the TV anime Blue Lock. In 2025, he embarked on his first world tour, further solidifying his presence on the global stage.	

Ending Theme
Missing Link
Vocals: MindaRyn feat. ASH
Lyrics: Yohei Matsui, ASH; Composition/Arrangement: thug


	
		
			
		
		[sourceLink asin="""" asin_jp="""" cdj_product_id="""" text="""" url="""" ]
	


MinaRyn's Comment 
I’m truly moved to once again be performing an ending theme for the Ultraman series! I sang with all my heart to capture the power and spirit of Ultraman Omega. I hope Omega’s determination to move forward without losing hope in the face of any challenge will resonate with people around the world. 
It’s a project I’m deeply proud to be part of. Please enjoy the ending theme, performed by ASH and me!

Profile 
Originally from Thailand, MindaRyn was exposed to Japanese culture and anime from a young age and eventually relocated to Japan to pursue a career as an anime song singer. She is a trilingual artist fluent in Thai, Japanese, and English. In November 2020, she made her artist debut under Lantis with the ending theme “BLUE ROSE knows” for the TV anime By the Grace of the Gods. Since then, she has performed theme songs for numerous anime and tokusatsu series, including Ultraman Blazar, That Time I Got Reincarnated as a Slime, and Arifureta: From Commonplace to World's Strongest.

	Product Information

Ultraman Opening OP/ED Theme: BRIGHT EYES/Missing Link (with soft vinyl figure) 
Artists: ASH/MindaRyn feat. ASH

Release date: July 21, 2025
Product No.: LACM-34698 
Price: ¥3,850 (incl. tax)
Includes: Ultra Hero Series Ultraman Omega Transformation Glow Color Ver. soft vinyl figure

*This product will be unavailable once production reaches its limit.

Tracklist:
1. BRIGHT EYES
Vocals: ASH
Lyrics: Yohei Matsui
Composition: NARASAKI
Arrangement: Kazuya Nishioka
2. Missing Link
Vocals: MindaRyn feat. ASH
Lyrics: Yohei Matsui, ASH
Composition/Arrangement: thug

[en]Source: [/en][es]Fuente: [/es]Official Press Release

[ad_bottom class=""mt40""]",https://honeysanime.com/ash-and-mindaryn-announced-as-theme-song-artists-for-ultraman-omega/,Honey's Anime,unknown,real
Bandai Namco Music Live Launches New Label “UNIERA”!,"[sourceLink asin="""" asin_jp="""" cdj_product_id="""" text="""" url="""" ]
	



[en]What You Need to Know: [/en][es]Lo que necesitas saber: [/es] 


	Bandai Namco Music Live Inc. (Headquarters: Shibuya-ku, Tokyo; Representative: Yoshitaka Tao, President), which operates its music business primarily through record labels, is launching a new label called UNIERA.

	This new label aims to bring out the unique qualities of artists, from emerging talents to seasoned creators, across a range of genres and styles. A combination of the words “Unique” and “Era,” UNIERA seeks to spark a new wave for the next generation. With music at its core, it will embrace diverse cultural touchpoints such as anime, fashion, and toys, expanding its reach in Japan and overseas while offering a space for free expression and new creative possibilities for all artists seeking new challenges.

	The first four artists to join UNIERA have been announced: LINKL PLANET, an idol group promoting plastic models worldwide; INUWASI, a powerhouse live idol group that sold out at KT Zepp Yokohama in a solo concert this March; majiko, who has over 200 million streams across Asia; and Daoko, known for the hit “Uchiage Hanabi” with Kenshi Yonezu, which has topped 600 million views on YouTube. All four are distinctive talents expected to help shape the future music scene.

UNIERA will continue to welcome a wide range of artists seeking new challenges. Stay tuned for more from this new label and its rising roster.

	
UNIERA Official Site: uniera-label.jp
	
	Affiliated Artists

	LINKL PLANET
Like the parts of a plastic model coming together, we’re a group still taking shape—aiming to become idols who connect plastic models with fans, and with the world (the planet). To help more people step into the world of plastic models, we’re learning about their appeal together with our fans and spreading the fun of building them around the globe.

Official Website: bandai-hobby.net/site/plamogirlsproject/linklplanet
Official YouTube Channel: youtube.com/@LINKLPLANET
Official X: x.com/plamogirls
Official Instagram: instagram.com/linkl_planet
Official TikTok: tiktok.com/@linkl_planet

	INUWASI
A six-member idol unit that debuted in February 2020. Since 2024, they’ve centered their performances around a band setup, creating a unique “hybrid live” style that blends idol and band elements. After steady growth in Japan, they’ve recently expanded to overseas shows. By fusing Japanese idol culture with their own musical identity, they’re rapidly building a presence on the global stage.

Official Website: inuwasi.jp
Official YouTube Channel: youtube.com/@INUWASI
Official X: x.com/INUWASI_O
Official Instagram: instagram.com/inuwasi_official
Official TikTok: tiktok.com/@inuwasi_official

	majiko
Since 2010, majiko has been posting cover songs on video-sharing platforms, gradually building a following in the online scene. She writes, composes, arranges, and illustrates her own work, showcasing her multifaceted talents across a range of creative activities. In recent years, she has held solo shows in China and Taiwan, and with over 200 million streams across Asia, her growing success is now drawing attention both regionally and worldwide.

Official Website: majiko.net
Official YouTube Channel: youtube.com/@majikoofficial
Official X: x.com/majakoja
Official Instagram: instagram.com/_majiko_
Official TikTok: tiktok.com/@majiko_official

	Daoko
Daoko gained attention at 15 with a song posted on Niconico Douga and made her major debut in 2015 while still in high school. Since then, she has been active across various music fields, including providing songs for commercials and anime. Her collaboration with Kenshi Yonezu, “Uchiage Hanabi,” has surpassed 600 million views on YouTube. Beyond music, she is a versatile creator who continually takes on new challenges such as writing novels, organizing live events, holding painting exhibitions, and acting.

Official Website: daoko.jp
Official YouTube: youtube.com/@Daoko_official
Official X: x.com/daok0
Official Instagram: instagram.com/daoko_official
Official TikTok: tiktok.com/@daoko.official

[en]Source: [/en][es]Fuente: [/es]Official Press Release

[ad_bottom class=""mt40""]",https://honeysanime.com/bandai-namco-music-live-launches-new-label-uniera/,Honey's Anime,unknown,real
“Theme of New Panty & Stocking” by TeddyLoid & ☆Taku Takahashi featuring Ashley & E.V.P. to be Released as a Single!,"[sourceLink asin="""" asin_jp="""" cdj_product_id="""" text="""" url="""" ]
	



[en]What You Need to Know: [/en][es]Lo que necesitas saber: [/es] 


	The racy 2010 cartoon anime Panty & Stocking with Garterbelt receives a new installment fifteen years after airing. The opening and ending theme songs for New Panty & Stocking with Garterbelt will be released on a single August 6th!

The opening theme song “Theme of New Panty & Stocking” is a collaboration by ☆Taku Takahashi and the popular electric dance music solo unit TeddyLoid, with vocals in English and Japanese by Ashley and multilingual female rapper E.V.P. The long version of “Theme of New Panty & Stocking”  will be added along with its coupling song which is a new mashup of the popular hit “Fly Away” and “Theme for Scanty & Knee Socks” produced by TeddyLoid under the tile “Angels and Demons!” Information about the ending theme song will be released at a later date.

	
	Information
Release Date: Wednesday, August 6, 2025
Title: Theme of New Panty & Stocking
Price: 1540 yen (tax incl.) / VTCL-35387
First edition copies will come in a special cd sleeve.


Track List 
1. Theme of New Panty & Stocking by TeddyLoid & ☆Taku Takahashi with Ashley & E.V.P (Opening Theme）
2. Untitled (Ending Theme）
3. Angels and Demons by TeddyLoid
4. Theme of New Panty & Stocking (Long Version) by TeddyLoid & ☆Taku Takahashi with Ashley & E.V.P
5. Theme of New Panty ＆ Stocking (instrumental)
6. Untitled (Ending Theme)(instrumental)

[en]Source: [/en][es]Fuente: [/es]Official Press Release

[ad_bottom class=""mt40""]",https://honeysanime.com/theme-of-new-panty-stocking-by-teddyloid-%e2%98%86taku-takahashi-featuring-ashley-e-v-p-to-be-released-as-a-single/,Honey's Anime,unknown,real
"[Honey's Anime Interview] nano.RIPE Talks New Album, Tour, and Over 20 Years of Music","After over two decades in the industry, Japanese duo nano.RIPE continues to shine. Their latest full album, Hikari wo Hakobumono (“Those Who Carry Light”), was released on March 12, and features 13 tracks—including 10 brand-new songs—built around the theme of “initial impulses.” Even after 15 years since their debut, nano.RIPE remains driven by the same spark that first inspired them to create music.

In this exclusive interview, we catch up with nano.RIPE to talk about the album’s creative process, their evolution as a band, and how they’ve kept their passion alive through the years.



		
 
	
    	
			nano.RIPE




 

    
         Honey-Chan





Interview with nano.RIPE
[gray-hex-decoration]

    
        
            
            
                
                
            
        
    
    
        
After a 2-year break, you've just released your 8th full  album, Hikari wo Hakobumono. How do you feel about it, and what was the creative process like?
        
    



    
        
            
            
                
                
            
        
    
    
During the two and a half years since our last album, we continued making songs and releasing singles. So rather than beginning from a single burst of inspiration, this album consists of 10 tracks carefully selected from songs we created in that period, older pieces, and brand-new ones written specifically for this release. We believe we’ve put together a really strong album this time.
    



    
        
            
            
                
                
            
        
    
    
        
And to promote this new release, you will be touring Japan from April to June. What can your fans expect from these shows?
        
    



    
        
            
            
                
                
            
        
    
    
This tour mainly features songs from the album, but we’re mixing in popular live tracks and making big changes to the setlist in each location! Whether you come to one show or two or three, we’ll make sure the live experience never gets boring!
    


https://youtu.be/SxzSYnV8d1w


    
        
            
            
                
                
            
        
    
    
        
What can you tell us about the evolution of nano.RIPE, both musically and as a duo, over the past two decades since you first started?
        
    



    
        
            
            
                
                
            
        
    
    
Although we’ve gone through several member changes, I’m really glad we’ve been able to keep going without stopping. When the members change, the sound naturally changes too, but that’s why we’ve made a point of clearly deciding which parts should change and which should stay the same. By focusing on creating music that stays true to nano.RIPE, I feel we’ve been able to grow.
    



    
        
            
            
                
                
            
        
    
    
        
Speaking of growth, how would you describe the new sound of Hikari wo Hakobumono and its theme of ""initial impulses""?
        
    



    
        
            
            
                
                
            
        
    
    
This is the 15th year since our debut, and our eighth album, but we still have plenty we want to do and sing about. I think that’s because the “initial impulse” we had when we started the band is still with us. This album is packed with that feeling.
    



    
        
            
            
                
                
            
        
    
    
        
At Honey's Anime, we're thrilled about your new album, and many of your fresh tracks have been stuck in our heads since the first listen. Could you share a message with our readers who have been following your successful career?
        
    



    
        
            
            
                
                
            
        
    
    
Thank you so much for always supporting nano.RIPE! We’ll keep working hard to create great music. We look forward to the day we can meet at a live show.			
    





    
        
            
            
                
                
            
        
    
      
We certainly be attending one—or more—of your shows this year!

And if you're outside Japan but still love nano.RIPE, or you're just discovering them, be sure to check out their socials and follow them to stay updated on everything they're doing!	
    


Connect with nano.RIPE
Official website: nanoripe.com
Instagram：instagram.com/nano.ripe, instagram.com/nano.ripe_jun
X:  @nanoripe_info
Official fanclub:   nano-fc.jp
YouTube：@nanoripe
Spotify：open.spotify.com/intl-ja/artist/1GQptL2kOEsfMXerW4OjMT",https://honeysanime.com/honeys-anime-interview-nano-ripe-talks-new-album-tour-and-over-20-years-of-music/,Honey's Anime,unknown,real
[Honey's Anime Interview] Rico Sasaki on Palette Days and Her Creative Journey,"With a growing list of anime credits and a voice that effortlessly bridges the worlds of music and performance, Rico Sasaki continues to leave her mark across Japan’s entertainment scene. In this exclusive interview, she shares her excitement over performing “Palette Days”, the opening theme for Welcome to Japan, Ms. Elf!, and dives into her unique process behind voicing the charming cat-boy Mewi. 
	
	From heartfelt songwriting to her dreams of voicing unexpected roles, Rico Sasaki opens up about her passion, versatility, and the joy she finds in connecting with fans through both music and character.



		
 
	
    	
			Rico Sasaki




 

    
         Honey-Chan





Interview with Rico Sasaki
[gray-hex-decoration]

    
        
            
            
                
                
            
        
    
    
        
Ms. Sasaki, thank you so much for taking the time to chat with us. It’s a real pleasure to learn more about one of our favorite artists!				
					
You've had several years of career and nearly a dozen appearances in anime. How are you feeling about your song ""Palette Days"" being chosen as the opening theme for the anime Welcome to Japan, Ms. Elf!?
        
    



    
        
            
            
                
                
            
        
    
    
When I heard I was chosen for the theme song, I was truly thrilled and honored! I was also happy when I passed the audition for the role of Mewi, and to be entrusted with the opening theme song as well! I almost jumped for joy.
    



    
        
            
            
                
                
            
        
    
    
        
And this isn't your only anime involvement this year. You recently performed as Doloris in the opening of BanG Dream! Ave Mujica and will also be voicing a character in the upcoming Isekai Mokushiroku Mynoghra. How do you personally relate to Welcome to Japan, Ms. Elf!? and what is the connection between your song ""Palette Days"" and this anime?
        
    



    
        
            
            
                
                
            
        
    
    
Every show has a completely different world, and getting to both act and sing in each one is truly fun and fulfilling! In Welcome to Japan, Ms. Elf!, I play Mewi, a cute cat-boy with the special ability to control magic stones. To fully bring out his charm, I read the original manga thoroughly, watched cat videos to study their meows, and practiced really hard!
    


https://youtu.be/CO3RPKGAUr8


    
        
            
            
                
                
            
        
    
    
        
While ""Palette Days"" was composed and arranged by KOUGA, with lyrics by Erica Masaki, another track on your latest single was written and composed by you. Could you tell us more about this particular song?
        
    



    
        
            
            
                
                
            
        
    
    
“Kimi to Boku no Hoshi” is a song about cherishing and never forgetting emotions—even loneliness and sadness—and turning those feelings into the strength to face tomorrow, with a firm resolve to become a star. It’s like a wish carried on a shooting star. To stir the listener’s imagination, I intentionally used vague expressions, kept the instrumentation simple, and went through many rounds of trial and error, repeatedly sharing my vision as we shaped the song.
    



    
        
            
            
                
                
            
        
    
    
        
You've had a notable career as a voice actress. How do you balance your time between your roles as a singer and an actress? What excites you the most about each?
        
    



    
        
            
            
                
                
            
        
    
    
Through singing, I can express my true, unfiltered emotions as Rico Sasaki. Through voice acting, I can become someone entirely different. Both are irreplaceable sources of purpose in my life, and getting to pursue something I’ve loved since I was young brings me more joy than anything else.
    



    
        
            
            
                
                
            
        
    
    
        
As an artist with such a distinctive voice, how do you prepare vocally for such varied projects like singing and voice acting? Do you have any special routines?
        
    



    
        
            
            
                
                
            
        
    
    
Eating well and getting plenty of sleep! No matter how motivated or excited I am, if I’m not healthy, I can’t give 100%, and I’d definitely regret that. So before a performance, I’m extra careful about taking care of myself. I also read lots of messages from fans. Even when I’m feeling anxious, their words calm me and make me want to see everyone right away. It instantly blows my fatigue away!		
    



    
        
            
            
                
                
            
        
    
    
        
And to wrap up the interview, is there any unexpected type of role you'd like to voice in the future, such as a ruthless villainess, a quirky mascot character, or something along those lines?
        
    



    
        
            
            
                
                
            
        
    
    
I’d love to try voicing a handsome young man! I’ve played young boys around elementary school age before, but I’ve never had the chance to voice a teenage or adult male character, so I’d really like to try it. I’ll study hard to deliver a cool performance that gets everyone’s hearts racing!	
    



    
        
            
            
                
                
            
        
    
      
Thank you again, Ms. Sasaki, for sharing your time and insights with us. We’re excited to see what the future holds for you—both on stage and on screen—and we’ll be cheering you on every step of the way!	
    


Connect with Rico Sasaki
Official Site: sasakirico.com
X (Twitter): x.com/sasakirico
Instagram: instagram.com/sasakirico_official
YouTube channel: youtube.com/@sasakirico",https://honeysanime.com/honeys-anime-interview-rico-sasaki-on-palette-days-and-her-creative-journey/,Honey's Anime,unknown,real
PassCode Kicks Off “PassCode DESTINY to the NEXT TOUR 2025” to Promote New Album INSIGNIA! Music Video for DESTINEX Released!,"[sourceLink asin="""" asin_jp="""" cdj_product_id="""" text="""" url="""" ]
	



[en]What You Need to Know: [/en][es]Lo que necesitas saber: [/es] 


On May 24, the four-member all-female vocal and dance group PassCode kicked off their latest live tour, “PassCode DESTINY to the NEXT TOUR 2025,” at BayHall in Yokohama, Kanagawa. Additionally, the music video for their new song “DESTINEX,” which began pre-release streaming on May 21, was released on their official YouTube channel.

INSIGNIA, set for release on June 18, marks PassCode’s first album under their current lineup and their first new album in about four and a half years. The national tour to promote the album will cover 13 shows across 12 cities nationwide and serves as an important lead-up to their long-awaited arena concert, PassCode YOKOHAMA BUNTAI 2025 “DESTINEX,” scheduled for November.

	
	PassCode’s Yokohama BayHall show kicked off what promises to be an intense year. From the first song, the energy was high both on stage and in the crowd. The members were surprised by the strong reaction to their new pre-release song’s debut performance. With a refreshed setlist, the four delivered a determined show pushing beyond “the other side of destiny,” and the 1,100-strong audience packed into the venue responded enthusiastically. This night suggested the entire tour could be their best yet!

	PassCode’s new album INSIGNIA is set to become a defining work for the group. It includes a carefully chosen selection of popular songs released since Emiri Arima joined, along with six powerful new tracks led by “DESTINEX,” making a total of 12 songs. To celebrate the release, special events are planned in four cities: Tokyo, Osaka, Nagoya, and Fukuoka. Stay tuned for more exciting activities from PassCode.
	
https://youtu.be/nIoUbkL8sOI

	Pre-Release Information
	DESTINEX
Released for streaming on May 21, 2025

Sample: lnk.to/LZC-3045d
Music Video: youtu.be/nIoUbkL8sOI

	Album Information
Title: INSIGNIA
Release Date: June 18, 2025

	Formats
Limited First Edition (CD + Blu-ray)
Price: ¥9,350 (incl. tax)
Standard Edition (CD only)
Price: ¥3,300 (incl. tax)

	Tracklist
CD
1. DESTINEX
2. MIRAGE WALKER  
3. SKILLAWAKE
4. VIRIVIRI 
5. Freely
6. One Time Only
7. GROUNDSWELL
8. A certain Motor-Heart is not working right! 
9. WILLSHINE
10. FLAVOR OF BLUE
11. Echoes 
12. Clouds Across The Moon

Limited First Edition Blu-ray
PassCode ASIA TOUR 2024 Final at Zepp Osaka Bayside
PassCode ASIA TOUR 2024 Documentary

	Arena Concert Information
PassCode YOKOHAMA BUNTAI 2025 “DESTINEX” 
Date: November 9, 2025
Venue: Yokohama BUNTAI, Kanagawa

Ticket Prices: Linkage Standing & Reserved Seat: ¥11,000
Reserved Seat: ¥7,700 / Student Discount Ticket (Reserved Seat Only): ¥5,500
*Physical tickets (tax included, standing tickets come with an entry number)
*All Linkage members will receive a special picture ticket.　

	National Tour Information
To celebrate the release of their first album under the current lineup, a nationwide tour has been announced! PassCode DESTINY to the NEXT TOUR 2025

	Tour Schedule
May 24 (Sat) – Yokohama BayHall, Kanagawa
May 31 (Sat) – Harbor Studio, Hyogo
June 1 (Sun) – GORILLA HALL OSAKA, Osaka
June 19 (Thu) – cube garden, Hokkaido
June 21 (Sat) – GOLDSTONE, Otaru, Hokkaido
June 28 (Sat) – KYOTO MUSE, Kyoto
June 29 (Sun) – LIVE ROXY SHIZUOKA, Shizuoka
July 5 (Sat) – BEAT STATION, Fukuoka
July 6 (Sun) – LIVE VANQUISH, Hiroshima
July 11 (Fri) – Sendai Rensa, Miyagi
July 12 (Sat) – Koriyama Hip Shot Japan, Fukushima
July 18 (Fri) – THE BOTTOM LINE, Aichi
July 23 (Wed) – Spotify O-EAST, Tokyo

Ticket Prices
All Standing: ¥5,800 / Student Discount Ticket: ¥3,800
Front Row 2F Reserved Seat: ¥9,800
(Tax included, drink fee required at entry, standing tickets come with an entry number)
*All Linkage members will receive a special picture ticket.

About PassCode
PassCode consists of four members: Nao Minami, Kaede Takashima, Hinako Ogami, and Emily Arima. They have a versatile repertoire based on a band sound, punctuated by their distinctive shouts and screams, and have performed at numerous major festivals such as SUMMER SONIC and ROCK IN JAPAN FESTIVAL, earning broad support from both rock enthusiasts and idol fans.

After making their major debut in 2016, they released their first international album Ex Libris PassCode in America, Europe, and Canada under the UK’s JPU Records in October 2018. The track “Ichikabachika” from their 2019 album CLARITY was selected as the opening theme for the TV drama Kakegurui season 2 and the movie Kakegurui. In 2020, their single “STARRY SKY,” which was chosen as the theme song for the drama 182 Days Left, earned them their first-ever No. 1 on the Oricon Weekly Single Chart and Billboard JAPAN Weekly Single Chart. They also made their debut appearance on Nippon Broadcasting System’s All Night Nippon 0.

In February 2022, they held their first concert at Nippon Budokan. In 2023, they embarked on their first US tour, “PassCode US / JAPAN TOUR 2023 -GROUNDSWELL-,” which included stops in Dallas, Los Angeles, and New York, as well as 11 cities and 12 venues in Japan. In June 2024, they moved to Bandai Namco Music Live. Their September release “WILLSHINE” was chosen as the OP theme for season 2 of the anime SHY, and their new song “SKILLAWAKE” was selected as the OP theme for season 2 of As a Reincarnated Aristocrat, I’ll Use My Appraisal Skill to Rise in the World. Looking ahead, their first arena concert in about three years, PassCode YOKOHAMA BUNTAI 2025 “DESTINEX”, is scheduled for November 2025.

Official website: passcode-official.com
Official fan club “Linkage” website: fannect.jp/passcode-linkage

Social Media:
X: twitter.com/passcodeo
YouTube: youtube.com/user/PASSCODE0000
Facebook: facebook.com/PassCodeOfficial
Instagram: instagram.com/passcodeo		

[en]Source: [/en][es]Fuente: [/es]Official Press Release

[ad_bottom class=""mt40""]",https://honeysanime.com/passcode-kicks-off-passcode-destiny-to-the-next-tour-2025-to-promote-new-album-insignia-music-video-for-destinex-released/,Honey's Anime,unknown,real
"New Program Weekly FlyingDog Begins Streaming Thursday, May 29th on Popular Radio Streaming App Stationhead","[sourceLink asin="""" asin_jp="""" cdj_product_id="""" text="""" url="""" ]
	



[en]What You Need to Know: [/en][es]Lo que necesitas saber: [/es] 


	Weekly FlyingDog, a new program by FlyingDog, begins streaming Thursday, May 29th on popular radio streaming app Stationhead. 

	Every week will feature a new playlist by FlyingDog from a variety of works, composers, and genres. Episode one will present songs from the soundtrack of TV anime Samurai Champloo, from which the winner of the 2025 Music Awards Japan Best Instrumental Song “aruarian dance” by Nujabes is featured. Look forward to even more playlists featuring tracks from anime such as Ghost in the Shell, Aria, Cowboy Bebop, composers Yoko Kanno and Yuki Kajiura, whole albums and themed playlists all selected from the latest hits to past masterpieces.

In addition, an instruction video on how to use Stationhead is available to watch on YouTube Shorts. Come enjoy Stationhead

	
	Official Account URL
stationhead.com/flyingdog

	Stationhead Guide
youtube.com/shorts/Wxvx4VHvUXU

	Streaming Schedule
5/29 Samurai Champloo #1
6/5 Samurai Champloo #2
6/12 Ghost in the Shell: Stand Alone Complex works by Yoko Kanno
6/19 Pick-Up Album: Aria: The Animation Original Soundtrack
6/26 Works by Yuki Kajiura #1 (Noir, Aquarion Age, .hack// Series, Xenosaga II, Madlax)
Streaming every Thursday at 8 PM(JST)

*Streaming content and schedule subject to change at any time.
	

[en]Source: [/en][es]Fuente: [/es]Official Press Release

[ad_bottom class=""mt40""]",https://honeysanime.com/new-program-weekly-flyingdog-begins-streaming-thursday-may-29th-on-popular-radio-streaming-app-stationhead/,Honey's Anime,unknown,real
"Yuko Miyamura Celebrating 30 years Since Debut, 9 Albums by Victor Entertainment are Now Available for Streaming!","[sourceLink asin="""" asin_jp="""" cdj_product_id="""" text="""" url="""" ]
	



[en]What You Need to Know: [/en][es]Lo que necesitas saber: [/es] 


	Yuko Miyamura celebrated 30 years since her debut alongside guests Kyoko Hikami and Megumi Ogata at her event Seizon Kakunin, hosted on May 24th at Shibuya Culture Culture. It was announced at the event that nine albums released under the label Victor Entertainment dated between 1996 and 1999 were becoming available to stream online. Fans can finally relive the genius talent of “Miyamu” during her five years with the label.

	
	Album Line-up: (album tracklist may vary from the original)

	Kenka Bancho (released June 21, 1996)
1) The song for girl
2) Kodomo no Uta
3) Zombie Zou-san
4) Ii desho, Yume de
5) Drama: Konjou Sentai Gutsman Episode 186
6) Konjou Sentai Gutsman
7) Mine
8) Ka-I-Ke-Tsu Miyamu-chan
9) Bliss of Life (Jinsei ni Okeru Seishinteki na Shifuku)
10) Koi wo Suru nara (New Version)
11) Hello, Strange Days
12) Oyasuminasai.

	Space Kenka Bancho (released December 18, 1996)
1) Tatakae! Great Guts Fighter
2) Denkou Gattai Legomer
3) D’arc Shadow
4) Anata no Madobe ni
5) Hoshi Furu Yoru wa
6) Omake: Konjou Sentai Gutsman (Asia version)
7) Tatakae! Great Guts Fighter (Original karaoke)
8) Denkou Gattai Legomer (Original karaoke)
9) D’arc Shadow (Original karaoke)
10) Anata no Madobe ni (Original karaoke)
11) Hoshi Furu Yoru wa (Original karaoke)

	Fui-uchi (released September 22, 1997)
1) Pi-Pi-Pi
2) Heisei Ijinden
3) Rakuda
4) Piano
5) G.G.
6) Un Nicodeme II ~Manukena Ojisan
7) Heart Crown ~Kokoro no Kanmuri
8) Hawaii Ryojou
9) Kanon
10) Ichiban Daisuki (24th summer version)
11) Daijoubu no Egao (Album version)

	Tamashii (released March 25, 1998)
1) Mother
2) Aa.
3) Anata wa Kami wo Shinjimasu ka
4) Ai Nante
5) Moon
6) Tamashii

	Sankyuu -Thank You- (released July 23, 1998)
1) Yowaki Mono Nanji no Na wa Onna Nari
2) Koi to Yokubou
3) Mama Told Me
4) Kyuutai
5) Chu-Chu-Chu
6) Kiss
7) Madonna-tachi no Lullaby
8) doobie - doobop ‘98
9) Pardon! Tokidoki Ookami
10) Arigato
11) Thank You

	Yuko Miyamura Best Collection Mecha Best (released December 2, 1998)
1) Koi to Yokubou
2) Thank You
3) Chu-Chu-Chu
4) Yowaki Mono Nanji no Na wa Onna Nari
5) Suiyoubi no Wakusei
6) Tamashii
7) Mother
8) Aa.
9) Daijoubu no Egao (Album version)
10) Heisei Ijinden
11) Hawaii Ryojou
12) Kanon
13) Zombie Zou-san
14) Kodomo no Uta
15) Konjou Sentai Gutsman
16) Hello, Strange Days

	Uguisu Jou (released May 21, 1999)
1) Onna no Go!
2) ~ed (passive voice)
3) Joseitekina, Amari ni Jouseitekina Remix: Josei wa Kihontekini Chaos Joutai version)
4) Onna no Go! (Original karaoke)

	Dai Suu Shi (released August 25, 1999)
1) Nostra-chan Matsuri
2) Meitantei wa Jinsei wo Kotaezu
3) Fuku no Kami
4) Ruktun or Die
5) 12-sai no Hata
6) Daisuushii
7) Que Sera, Sera
8) Himitsu Kessha ~Kinyoubi no Kuro Missa
9) Tochuu de Neruna
10) Fundoshi Fighter
11) Omedeta Panda
12) Yamamichi to Kanzeon
13) Boku no Taion wa 37.5℃

	Hobo Single Best (released December 1, 1999)
1) Kurumi Pan
2) Aoi Kaze no Mukou ni
3) Go! Love Sick
4) Sonna Kiss Ja Yurusanai
5) Endless Party
6) One Summer Day
7) Yumemiru Otome-tachi
8) Hey! Hey! Saikyou no Melody
9) Machi ya Mori ya Tsuki e
10) Wild Wild Angel
11) Kekkon Shiyou yo
12) Konjou Samba
13) Oppai ga Ippai
14) Ichiban Daisuki~Owaru Natsu no Flavor
15) Mitsu no Hikari
16) Growin’ Up!
17) Suiyoubi no Wakusei
	
	Streaming Information
Available on select music streaming services and major music download platforms such as iTunes Store, Rekochoku and mora.

Streaming services:
Apple Music, Spotify, YouTube Music, LINE MUSIC,  Amazon Music, Deezer, AWA, Rakuten Music, KKBOX
More information: https://www.jvcmusic.co.jp/flyingdog/-/Discographylist/A008457.html

	Yuko Miyamura Official Website:
yuko-miyamura.com

YouTube Channel
youtube.com/channel/UCvlLWnOfx-B61qC59MRLHDg

X Account:
x.com/386miyamura
	

[en]Source: [/en][es]Fuente: [/es]Official Press Release

[ad_bottom class=""mt40""]",https://honeysanime.com/yuko-miyamura-celebrating-30-years-since-debut-9-albums-by-victor-entertainment-are-now-available-for-streaming/,Honey's Anime,unknown,real
Mekakushe’s “Watashi Dake no Polaris” (from Kowloon Generic Romance) Now Streaming! Anime Lyric Video Also Available!,"[sourceLink asin="""" asin_jp="""" cdj_product_id="""" text="""" url="""" ]
	



[en]What You Need to Know: [/en][es]Lo que necesitas saber: [/es] 


	Singer/songwriter mekakushe’s song “Watashi Dake no Polaris” (My One and Only Polaris), which was used in Episode 7 of the TV anime series Kowloon Generic Romance, was released online on May 18.

		The super-popular mystery/romance series is based on Jun Mayuzuki (of After the Rain fame)’s latest work, which has sold more than 1.4 million copies.

Following in the footsteps of the ending theme, “Koi no Retronym” (Retronym of Love), mekakushe and Ryohei Sakata (Hifumi Inc.) have created a light and lively rhythm that almost seems to skip along. The end result is a vibrant, heartfelt pop number that’s bursting with colorful stars.


	https://youtu.be/wFYG8hFPYHw
	
	Product Information
Digital Single
mekakushe “Watashi Dake no Polaris”
Lyrics/Composition: mekakushe　
Arrangement: Ryohei Sakata (Hifumi Inc.)

On streaming websites: linkco.re/UeehU5YZ
Lyric video (TV size): youtu.be/wFYG8hFPYHw
Official audio: youtu.be/ZdH3hmUo8ek

	Mekakushe’s Comment
This song is meant to be a kind of good luck charm. Just like the stars at night, songs can have a distant feeling to them because of how brightly they shine. So, I wrote “Watashi Dake no Polaris” with those thoughts in mind. Even on days when they’re hidden behind the clouds, stars still twinkle with the same intensity. I always want to stare at the special person right beside me, because their brilliant light means I’ll never feel alone!

	Mekakushe’s Profile
Handling lyrics, composition, vocals, and piano performance by herself, the next-generation singer-songwriter Mekakushe enjoys immense popularity among artists and creators. Starting classical piano at the age of three, she gradually gravitated towards pop music. Her independently produced songs were featured in a Kao Laurier commercial, and she was one of the top artists on the Spotify official playlist “Kirakira Pop Japan” with a total of 3 million plays. She is a promising emerging artist with anticipated future success. With electronica as the foundation in her recordings, her musical style continues to expand, featuring classical solos and band sets in live performances.
	
Official YouTube channel: youtube.com/@_mekakushe_
Official X: x.com/_mekakushe_
Official Instagram: instagram.com/_mekakushe_
Official TikTok: tiktok.com/@_mekakushe_
Official webpage: mekakushe.com

[en]Source: [/en][es]Fuente: [/es]Official Press Release

[ad_bottom class=""mt40""]",https://honeysanime.com/mekakushes-watashi-dake-no-polaris-from-kowloon-generic-romance-now-streaming-anime-lyric-video-also-available/,Honey's Anime,unknown,real
Animation Studio Satelight Celebrates 30th Anniversary with Streaming Launch of Nobunaga the Fool Songs,"[sourceLink asin="""" asin_jp="""" cdj_product_id="""" text="""" url="""" ]
	



[en]What You Need to Know: [/en][es]Lo que necesitas saber: [/es] 


	Animation studio Satelight, known for popular series such as Macross Frontier and Genesis of Aquarion, will celebrate its 30th anniversary in 2025. To mark the occasion, streaming of character songs, the original soundtrack, and the Season 2 ending theme from the TV anime Nobunaga the Fool began on May 23, 2025.

	Nobunaga the Fool is an original anime created by Shoji Kawamori—who also serves as special advisor at Satelight Inc.—and features his work as series composer and chief director. The show drew attention as a grand sci-fi Sengoku epic where legendary figures from East and West battle using armor-like mobile weapons called “Ikusa Yoroi.” The project also attracted attention for its innovative “multidimensional” approach, linking the anime with stage productions. The series continues to have a loyal fanbase to this day.

	The character song collection includes six volumes in total, starting with Vol. 1 Oda Nobunaga (CV: Mamoru Miyano) and Vol. 2 Toyotomi Hideyoshi (CV: Yuki Kaji). These must-listen tracks bring to life powerful characters surviving in a war-torn world.

	The original soundtrack is composed by Masaru Yokoyama, known for his work on Mashle and Mobile Suit Gundam: Iron-Blooded Orphans. The Season 2 ending theme, “Ran,” performed by ASUKA, features a powerful yet delicate vocal performance that captures the show’s emotional depth and highlights its characters’ inner struggles.

		Together with the already-released opening theme “FOOL THE WORLD” by Minori Chihara, ending theme “AXIS” by STEREO DIVE FOUNDATION, and Season 2 opening theme “Breakthrough” by JAM Project, fans can now enjoy the full lineup of Nobunaga the Fool’s memorable music on streaming services.
	
	Songs Released for Streaming
TV Anime Nobunaga the Fool Season 2 Ending Theme “Ran” / ASUKA
TV Anime Nobunaga the Fool Character Song Vol. 1 Oda Nobunaga (CV: Mamoru Miyano)
TV Anime Nobunaga the Fool Character Song Vol. 2 Toyotomi Hideyoshi (CV: Yuki Kaji)
TV Anime Nobunaga the Fool Character Song Vol. 3 Jeanne Kaguya d’Arc (CV: Yoko Hikasa)
TV Anime Nobunaga the Fool Character Song Vol. 4 Ichihime (CV: Minori Chihara)
TV Anime Nobunaga the Fool Character Song Vol. 5 Himiko (CV: Nao Toyama)
TV Anime Nobunaga the Fool Character Song Vol. 6 Gaius Julius Caesar (CV: Yuichi Nakamura)
TV Anime Nobunaga the Fool Original Soundtrack Vol. 1 / Masaru Yokoyama
TV Anime Nobunaga the Fool Original Soundtrack Vol. 2 / Masaru Yokoyama

	Streaming Services
Apple Music
Spotify
LINE MUSIC
Amazon Music Unlimited
YouTube Music
etc.
	
	Related Songs
	TV Anime Nobunaga the Fool Opening Theme “FOOL THE WORLD” / Minori Chihara
Music Video
youtu.be/Rf5YE7Fb4xc
On Music Streaming Services
lnk.to/LACM-14198d

	TV Anime Nobunaga the Fool Ending Theme “AXIS” / STEREO DIVE FOUNDATION
Music Video
youtu.be/3EosbtvgNAw
On Music Streaming Services
lnk.to/LACM-14186d

	TV Anime Nobunaga the Fool Season 2 Opening Theme “Breakthrough” / JAM Project
Music Video
youtu.be/Jb2M8e0Ltg0
On Music Streaming Services
jamproject.lnk.to/Breakthrough

[en]Source: [/en][es]Fuente: [/es]Official Press Release

[ad_bottom class=""mt40""]",https://honeysanime.com/animation-studio-satelight-celebrates-30th-anniversary-with-streaming-launch-of-nobunaga-the-fool-songs/,Honey's Anime,unknown,real
PassCode’s New Album INSIGNIA Out June 18. Lead Track “DESTINEX” Dropped Early on May 21! Album Art and Full Tracklist Revealed,"[sourceLink asin="""" asin_jp="""" cdj_product_id="""" text="""" url="""" ]
	



[en]What You Need to Know: [/en][es]Lo que necesitas saber: [/es] 


	The all-female vocal and dance group PassCode will release INSIGNIA, their first full album in approximately four and a half years, on June 18. Ahead of the release, one of the new tracks, “DESTINEX,” is now available on various music streaming platforms (released on May 21). In addition, the album’s cover artwork and full tracklist have been revealed.

	“DESTINEX” also serves as the title song for PassCode’s long-awaited arena concert, PassCode YOKOHAMA BUNTAI 2025 “DESTINEX,” scheduled for November. The title conveys the meaning of “beyond a predetermined fate.” Before the song was produced, the group launched a sing-along project, gathering voices from fans around the world. Their passionate chorus is featured in the track, creating a powerful collaboration between the members and their fans.

The full album INSIGNIA includes standout tracks such as “Freely / FLAVOR OF BLUE,” which left a strong impression following Emily Arima’s addition to the group in August 2021, along with live staples like “Clouds Across The Moon” and “GROUNDSWELL.” Also featured are “WILLSHINE,” the opening theme for the second season of the anime SHY, and “SKILLAWAKE,” the opening theme for the second season of As a Reincarnated Aristocrat, I’ll Use My Appraisal Skill to Rise in the World. In addition to the lead “DESTINEX,” the album also includes five powerful new songs: “MIRAGE WALKER,” “VIRIVIRI,” “One Time Only,” “A certain Motor-Heart is not working right!” and “Echoes.” There’s no doubt this album marks a new pinnacle in PassCode’s career.

https://www.youtube.com/watch?v=9CNRXQ3x1FQ

	Product Information
“DESTINEX”
Add / Save: lnk.to/LZC-3045d
Released on music streaming and download websites on May 21

New Album
Title: INSIGNIA
Release Date: June 18, 2025

Formats
Limited First Edition (CD + Blu-ray)
Price: ¥9,350 (incl. tax)
Standard Edition (CD only)
Price: ¥3,300 (incl. tax)

	

	
		
			
		
		[sourceLink asin="""" asin_jp="""" cdj_product_id="""" text="""" url="""" ]
	


	
Tracklist
CD
1. DESTINEX
2. MIRAGE WALKER  
3. SKILLAWAKE
4. VIRIVIRI 
5. Freely
6. One Time Only
7. GROUNDSWELL
8. A certain Motor-Heart is not working right! 
9. WILLSHINE
10. FLAVOR OF BLUE
11. Echoes 
12. Clouds Across The Moon

Limited First Edition Blu-ray
PassCode ASIA TOUR 2024 Final at Zepp Osaka Bayside
PassCode ASIA TOUR 2024 Documentary

	Arena Concert Information
PassCode YOKOHAMA BUNTAI 2025 “DESTINEX” 
Date: November 9, 2025
Venue: Yokohama BUNTAI, Kanagawa

Ticket Prices: Linkage Standing & Reserved Seat: ¥11,000
Reserved Seat: ¥7,700 / Student Discount Ticket (Reserved Seat Only): ¥5,500
*Physical tickets (tax included, standing tickets come with an entry number)
*All Linkage members will receive a special picture ticket.

	National Tour Information
To celebrate the release of their first album under the current lineup, a nationwide tour has been announced! PassCode DESTINY to the NEXT TOUR 2025

Tour Schedule
May 24 (Sat) – Yokohama BayHall, Kanagawa
May 31 (Sat) – Harbor Studio, Hyogo
June 1 (Sun) – GORILLA HALL OSAKA, Osaka
June 19 (Thu) – cube garden, Hokkaido
June 21 (Sat) – GOLDSTONE, Otaru, Hokkaido
June 28 (Sat) – KYOTO MUSE, Kyoto
June 29 (Sun) – LIVE ROXY SHIZUOKA, Shizuoka
July 5 (Sat) – BEAT STATION, Fukuoka
July 6 (Sun) – LIVE VANQUISH, Hiroshima
July 11 (Fri) – Sendai Rensa, Miyagi
July 12 (Sat) – Koriyama Hip Shot Japan, Fukushima
July 18 (Fri) – THE BOTTOM LINE, Aichi
July 23 (Wed) – Spotify O-EAST, Tokyo

	Ticket Prices:
All Standing: ¥5,800 / Student Discount Ticket: ¥3,800
Front Row 2F Reserved Seat: ¥9,800
(Tax included, drink fee required at entry, standing tickets come with an entry number)
*All Linkage members will receive a special picture ticket.

About PassCode
PassCode consists of four members: Nao Minami, Kaede Takashima, Hinako Ogami, and Emily Arima. They have a versatile repertoire based on a band sound, punctuated by their distinctive shouts and screams, and have performed at numerous major festivals such as SUMMER SONIC and ROCK IN JAPAN FESTIVAL, earning broad support from both rock enthusiasts and idol fans.

After making their major debut in 2016, they released their first international album Ex Libris PassCode in America, Europe, and Canada under the UK’s JPU Records in October 2018. The track “Ichikabachika” from their 2019 album CLARITY was selected as the opening theme for the TV drama Kakegurui season 2 and the movie Kakegurui. In 2020, their single “STARRY SKY,” which was chosen as the theme song for the drama 182 Days Left, earned them their first-ever No. 1 on the Oricon Weekly Single Chart and Billboard JAPAN Weekly Single Chart. They also made their debut appearance on Nippon Broadcasting System’s All Night Nippon 0.

In February 2022, they held their first concert at Nippon Budokan. In 2023, they embarked on their first US tour, “PassCode US / JAPAN TOUR 2023 -GROUNDSWELL-,” which included stops in Dallas, Los Angeles, and New York, as well as 11 cities and 12 venues in Japan. In June 2024, they moved to Bandai Namco Music Live. Their September release “WILLSHINE” was chosen as the OP theme for season 2 of the anime SHY, and their new song “SKILLAWAKE” was selected as the OP theme for season 2 of As a Reincarnated Aristocrat, I’ll Use My Appraisal Skill to Rise in the World. Looking ahead, their first arena concert in about three years, PassCode YOKOHAMA BUNTAI 2025 “DESTINEX”, is scheduled for November 2025.

Official website: passcode-official.com
Official fan club “Linkage” website: fannect.jp/passcode-linkage

Social Media:
X: twitter.com/passcodeo
YouTube: youtube.com/user/PASSCODE0000
Facebook: facebook.com/PassCodeOfficial
Instagram: instagram.com/passcodeo		

[en]Source: [/en][es]Fuente: [/es]Official Press Release

[ad_bottom class=""mt40""]",https://honeysanime.com/passcodes-new-album-insignia-out-june-18-lead-track-destinex-dropped-early-on-may-21-album-art-and-full-tracklist-revealed/,Honey's Anime,Fate,real
Ikizurai Club from Ikizulive! Love Live! Bluebird to Release Solo Songs for All Ten Members!,"[sourceLink asin="""" asin_jp="""" cdj_product_id="""" text="""" url="""" ]
	



[en]What You Need to Know: [/en][es]Lo que necesitas saber: [/es] 


	The latest addition to the Love Live! series, Ikizulive! Love Live! BLUEBIRD, has just announced that solo songs for the school idol group Ikuzurai Club are due to go on sale. The first songs for Polka Takahashi (CV. Ayasaki Honon) and Mai Azabu (CV. Rina Endo) will be released on August 27. The rest of the group’s songs will go out in waves of two, for all ten members.

	Before those songs go on sale, the full-sized version of Polka Takahashi’s solo song will be released on June 17. The teaser trailer is already up on the official YouTube channel, so be sure to check it out while you wait!

	The lyric video for Ikizurai Club’s first single, “What is my LIFE?” is also currently available to watch on YouTube, and pre-sales for the song opened on May 19. Then, on June 17, all ten members of the cast will make an appearance in their first live broadcast! For more details, check the official Ikizurai Club page/social media.

https://youtu.be/MslnCrGoU_I
	
	Ikizurai Club! Polka Takahashi Solo Song Lyric Video
Full video to be released on Tuesday, June 17th!
*The specific time will be announced later.
	
	Ikizurai Club! 1st Single “What is my LIFE?”
Lyrics: Aki Hata
Composition/Arrangement: Hajime Mitsumasu (FirstCall)
Lyric video: youtu.be/XUa9d7E081A
Pre-sales open now!
Pre-add/pre-save: lnk.to/LZC-3112	
	
	Ikizurai Club! 1st Solo Single Release Info
	Ikizurai Club! Polka Takahashi 1st Solo Single (Title TBA)
Performed by Polka Takahashi (CV. Ayasaki Honon)
Release date: August 27, 2025 (Wednesday)

First-Run Limited Edition (CD + Merch)
LACM-34751 / ¥3,630 (includes 10% tax) / ¥3,300 (without tax)
* Includes an acrylic stand version of the jacket illustration.
Standard Edition (CD only)
LACM-24751 / ¥1,430 (includes 10% tax) / ¥1,300 (without tax)

	Ikizurai Club! Mai Azabu 1st Solo Single (Title TBA)
Performed by: Mai Azabu (CV. Rina Endo)
Release date: August 27, 2025 (Wednesday)

First-Run Limited Edition (CD + Merch)
LACM-34752 / ¥3,630 (includes 10% tax) / ¥3,300 (without tax)
* Includes an acrylic stand version of the jacket illustration.
Standard Edition (CD only)
LACM-24752 / ¥1,430 (includes 10% tax) / ¥1,300 (without tax)

	Ikizurai Club! Akira Goto 1st Solo Single (Title TBA)
Performed by: Akira Goto (CV. Seri Miyano)
Release date: September 10, 2025 (Wednesday)

First-Run Limited Edition (CD + Merch)
LACM-34753 / ¥3,630 (includes 10% tax) / ¥3,300 (without tax)
* Includes an acrylic stand version of the jacket illustration.
Standard Edition (CD only)
LACM-24753 / ¥1,430 (includes 10% tax) / ¥1,300 (without tax)

	Ikizurai Club! Hanabi Komagata 1st Solo Single (Title TBA)
Performed by: Hanabi Komagata (CV. Kokoro Fujino)
Release date: September 10, 2025 (Wednesday)

First-Run Limited Edition (CD + Merch)
LACM-34754 / ¥3,630 (includes 10% tax) / ¥3,300 (without tax)
* Includes an acrylic stand version of the jacket illustration.
Standard Edition (CD only)
LACM-24754 / ¥1,430 (includes 10% tax) / ¥1,300 (without tax)

	Ikizurai Club! Miracle Kanazawa 1st Solo Single (Title TBA)
Performed by: Miracle Kanazawa (CV. Aiha Sakano)
Release date: September 24, 2025 (Wednesday)

First-Run Limited Edition (CD + Extra)
LACM-34755 / ¥3,630 (includes 10% tax) / ¥3,300 (without tax)
* Includes an acrylic stand version of the jacket illustration.
Standard Edition (CD only)
LACM-24755 / ¥1,430 (includes 10% tax) / ¥1,300 (without tax)

	Ikizurai Club! Noriko Chofu 1st Solo Single (Title TBA)
Performed by: Noriko Chofu (CV. Ria Seko)
Release date: September 24, 2025 (Wednesday)

First-Run Limited Edition (CD + Merch)
LACM-34756 / ¥3,630 (includes 10% tax) / ¥3,300 (without tax)
* Includes an acrylic stand version of the jacket illustration.
Standard Edition (CD only)
LACM-24756 / ¥1,430 (includes 10% tax) / ¥1,300 (without tax)

	Ikizurai Club! Yukuri Harumiya 1st Solo Single (Title TBA)
Performed by: Yukuri Harumiya (CV. Yuki Okumura)
Release date: October 8, 2025 (Wednesday)

First-Run Limited Edition (CD + Merch)
LACM-34757 / ¥3,630 (includes 10% tax) / ¥3,300 (without tax)
* Includes an acrylic stand version of the jacket illustration.
Standard Edition (CD only)
LACM-24757/ ¥1,430 (includes 10% tax) / ¥1,300 (without tax)

	Ikizurai Club! Aurora Konohana 1st Solo Single (Title TBA)
Performed by: Aurora Konohana (CV. Akane Amasawa)
Release date: October 8, 2025 (Wednesday)

First-Run Limited Edition (CD + Merch)
LACM-34758 / ¥3,630 (includes 10% tax) / ¥3,300 (without tax)
* Includes an acrylic stand version of the jacket illustration.
Standard Edition (CD only)
LACM-24758 / ¥1,430 (includes 10% tax) / ¥1,300 (without tax)

	Ikizurai Club! Midori Yamada 1st Solo Single (Title TBA)
Performed by: Midori Yamada (CV. Honoka Kotomori)
Release date: October 29, 2025 (Wednesday)

First-Run Limited Edition (CD + Merch)
LACM-34759 / ¥3,630 (includes 10% tax) / ¥3,300 (without tax)
* Includes an acrylic stand version of the jacket illustration.
Standard Edition (CD only)
LACM-24759 / ¥1,430 (includes 10% tax) / ¥1,300 (without tax)

	Ikizurai Club! Shion Sasaki 1st Solo Single (Title TBA)
Performed by: Shion Sasaki (CV. Aoi Suzunose)
Release date: October 29, 2025 (Wednesday)

First-Run Limited Edition (CD + Merch)
LACM-34760 / ¥3,630 (includes 10% tax) / ¥3,300 (without tax)
* Includes an acrylic stand version of the jacket illustration.
Standard Edition (CD only)
LACM-24760 / ¥1,430 (includes 10% tax) / ¥1,300 (without tax)

	Ikizurai Club! 1st Single “What is my LIFE?”
Artist: Ikizurai Club!
Release Date: July 30

Limited First Edition (CD + Merch)
LACM-34705 / ¥3,630 (incl. tax)

Standard Edition (CD only)
LACM-24705 / ¥1,430 (incl. tax)

Track list
1. What is my LIFE?
2. Untitled track
3. What is my LIFE? (Off Vocal)
4. Untitled track (Off Vocal)

	Live Broadcast Information
Date: July 17
Cast: Ayasaki Honon (Polka Takahashi), Rina Endo (Mai Azabu), Seri Miyano (Akira Goto), Kokoro Fujino (Hanabi Komagata), Aiha Sakano (Miracle Kanazawa), Ria Seko (Noriko Chofu), Yuki Okumura (Yukuri Harumiya), Akane Amasawa (Aurora Konohana), Honoka Kotomori (Midori Yamada), Aoi Suzunose (Shion Sasaki) 
The time and additional details will be announced at a later date.

Ikizulive! Love Live! Bluebird Project
A school idol project following ten high schoolers brought together at Love High School, an online school commonly known as L High. These ten quirky students from different satellite campuses across Japan begin their journey as school idols to energize and promote L High. The project will unfold primarily on X and YouTube, including posts by the members and short drama videos. In addition, the main cast of ten will take part in live performances and events as the group Ikizurai Club.

Official Website: lovelive-anime.jp/lovehigh
Member Self-Intro Playlist: youtube.com/playlist?list=PL-3jtV2TsyS0lw96Gxrfrf7aDYbGvsz3M	

	Members of Ikizurai Club
Ayasaki Honon (Polka Takahashi)
Rina Endo (Mai Azabu)
Seri Miyano (Akira Goto)
Kokoro Fujino (Hanabi Komagata)
Aiha Sakano (Miracle Kanazawa)
Ria Seko (Noriko Chofu)
Yuki Okumura (Yukuri Harumiya)
Akane Amasawa (Aurora Konohana)
Honoka Kotomori (Midori Yamada)
Aoi Suzunose (Shion Sasaki)
	
	Social Media - Ikizurai Club! Love Live! Bluebird
Official X: x.com/ikizulive_staff
Official YouTube channel: youtube.com/@IKIZULIVE

	Social Media - Love Live! Series
Official X: x.com/LoveLive_staff
Official YouTube channel: youtube.com/c/lovelive_series
Official TikTok: tiktok.com/@lovelive_official	


[en]Source: [/en][es]Fuente: [/es]Official Press Release

[ad_bottom class=""mt40""]",https://honeysanime.com/ikizurai-club-from-ikizulive-love-live-bluebird-to-release-solo-songs-for-all-ten-members/,Honey's Anime,unknown,real
"Rico Sasaki to Release “Majestic Catastrophe,” Opening Theme for Apocalypse Bringer Mynoghra: World Conquest Starts with the Civilization of Ruin","[sourceLink asin="""" asin_jp="""" cdj_product_id="""" text="""" url="""" ]
	



[en]What You Need to Know: [/en][es]Lo que necesitas saber: [/es] 


	Singer and voice actress Rico Sasaki will release her new single “Majestic Catastrophe” on August 27, 2025. The title track serves as the opening theme for the TV anime Apocalypse Bringer Mynoghra: World Conquest Starts with the Civilization of Ruin, which premieres in July 2025.

	Apocalypse Bringer Mynoghra is a nation-building fantasy series that follows Takuto Ira, a legendary player who once topped the user rankings in Eternal Nations, a nation-management simulation game set in a fantasy world. While hospitalized, he loses consciousness and wakes up in Idragia, a world that feels just like the game. Thus begins a tale of fantasy and empire-building.

	“Majestic Catastrophe,” the anime’s opening theme, builds on Sasaki’s signature rock sound while venturing into new territory with a symphonic metal style that reflects the anime’s world. The powerful, dramatic track is matched by Sasaki’s commanding vocals. 

The single includes three songs: the title track “Majestic Catastrophe” and two additional tracks, one featuring lyrics written by Sasaki herself.


	Comment from Rico Sasaki
I’ll be performing “Majestic Catastrophe,” the opening theme for the TV anime Apocalypse Bringer Mynoghra: World Conquest Starts with the Civilization of Ruin! It’s a dark and beautiful song that brings a sense of catharsis. I sang powerfully to reflect its pressing intensity, and delicately, as if searching for hope in the darkness. The heavy chorus, along with lyrics and a melody that evoke an ominous atmosphere, all work together to draw listeners into the depths of a dark musical world. “Majestic Catastrophe” stirs emotions deep within—get ready to be hooked by its irresistible darkness.

	Product Information
Title: Majestic Catastrophe (OP Theme of Apocalypse Bringer Mynoghra: World Conquest Starts with the Civilization of Ruin)
Artist: Rico Sasaki
Release Date: August 27, 2025

Artist Edition
Product No.: LACM-24740 (CD + BD)
Price: ¥3,300 (tax incl.)
Label: Bandai Namco Music Live Inc.
Distributor: Bandai Namco Filmworks Inc.

Anime Edition
Product No.: LACM-24741 (CD only)
Price: ¥3,300 (tax incl.)
Label: Bandai Namco Music Live Inc.
Distributor: Bandai Namco Filmworks Inc.

Tracklist
CD
1.Majestic Catastrophe
Lyrics: Erica Masaki
Composition/Arrangement: Ash Inoue (Dream Monster)
And two other original songs

Blu-ray
1. Majestic Catastrophe Music Video
2. Making of the Music Video
3. Original Movie

“Majestic Catastrophe” Online Signing & Release Event Announced!≫
Date: June 2, 2025 – Stream starts at 19:00
Details: Online signing event via Limista
	
	Rico Sasaki's Profile	
Born November 10
Akita Prefecture

Rico Sasaki loved music and singing from a young age and grew up surrounded by various musical influences. In her fifth year of elementary school, she won the leading role in the musical Annie from among 9,000 applicants. This led to an awakening in singing and acting, and she enrolled in a high school with a specialized music program, where she majored in vocal music. Despite her petite stature, her voice resonates with a soulful quality that surprises many.

She is also currently active as a voice actress. Some of her main roles include Misumi Uika/Doloris in BanG Dream! Ave Mujica, Mewi in Welcome to Japan, Ms. Elf!, Daia Nijinosaki in Kiratto Pri Chan, Ayako Yamada in Kageki Shojo!!, and Chisa Sasuga in World Dai Star.

Official webpage: sasakirico.com
X (formerly Twitter): x.com/sasakirico
Instagram: instagram.com/sasakirico_official
YouTube channel: youtube.com/c/sasakirico	

[en]Source: [/en][es]Fuente: [/es]Official Press Release

[ad_bottom class=""mt40""]",https://honeysanime.com/rico-sasaki-to-release-majestic-catastrophe-opening-theme-for-apocalypse-bringer-mynoghra-world-conquest-starts-with-the-civilization-of-ruin/,Honey's Anime,unknown,real
"Ikizurai Club from Ikizulive! Love Live! Bluebird Debuts with “What is my LIFE?” Lyric Video, Digital Release, and Jacket Art Revealed!","[sourceLink asin="""" asin_jp="""" cdj_product_id="""" text="""" url="""" ]
	



[en]What You Need to Know: [/en][es]Lo que necesitas saber: [/es] 


	Ikizurai Club, the school idol group from the new Love Live! series project Ikizulive! Love Live! Bluebird, has released a lyric video for their debut single, “What is my LIFE?”, on the official Ikizulive! YouTube channel. The song was created by Aki Hata and Hajime Mitsumasu (FirstCall), both of whom have worked on numerous tracks in the Love Live! series. The video, featuring Ikizurai Club in colorful stage outfits, leaves a lasting impression with its catchy melody and lyrics that signal a fresh beginning.

	“What is my LIFE?” will be released early on digital platforms at midnight on May 18, and the jacket art has also been revealed. Pre-add and pre-save options are available on select subscription services.

	An artist photo of Ikizurai Club has been unveiled as well, along with solo shots of the cast portraying the group’s ten members. The first live broadcast featuring all ten members is scheduled for June 17. Stay tuned for further details!

	https://youtu.be/sNB2Oq1em3A
	
	Product Information
	Ikizurai Club 1st single “What is my LIFE?”
Lyrics: Aki Hata
Composition/Arrangement: Hajime Mitsumasu (FirstCall)
Lyric video: https://youtu.be/XUa9d7E081A
On digital services (Pre-add/Pre-save): https://lnk.to/LZC-3112

Release Date: July 30
Limited First Edition (CD + Merch)
LACM-34705 / ¥3,630 (incl. tax)

Standard Edition (CD only)
LACM-24705 / ¥1,430 (incl. tax)

Track list
1. What is my LIFE?
2. Untitled track
3. What is my LIFE? (Off Vocal)
4. Untitled track (Off Vocal)

	Live Broadcast Information
Date: July 17
Cast: Ayasaki Honon (Polka Takahashi), Rina Endo (Mai Azabu), Seri Miyano (Akira Goto), Kokoro Fujino (Hanabi Komagata), Aiha Sakano (Miracle Kanazawa), Ria Seko (Noriko Chofu), Yuki Okumura (Yukuri Harumiya), Akane Amasawa (Aurora Konohana), Honoka Kotomori (Midori Yamada), Aoi Suzunose (Shion Sasaki) 
The time and additional details will be announced at a later date.
	
	Ikizulive! Love Live! Bluebird Project
A school idol project following ten high schoolers brought together at Love High School, an online school commonly known as L High. These ten quirky students from different satellite campuses across Japan begin their journey as school idols to energize and promote L High. The project will unfold primarily on X and YouTube, including posts by the members and short drama videos. In addition, the main cast of ten will take part in live performances and events as the group Ikizurai Club.

Official Website: lovelive-anime.jp/lovehigh
Member Self-Intro Playlist: youtube.com/playlist?list=PL-3jtV2TsyS0lw96Gxrfrf7aDYbGvsz3M	

	Members of Ikizurai Club
Ayasaki Honon (Polka Takahashi)
Rina Endo (Mai Azabu)
Seri Miyano (Akira Goto)
Kokoro Fujino (Hanabi Komagata)
Aiha Sakano (Miracle Kanazawa)
Ria Seko (Noriko Chofu)
Yuki Okumura (Yukuri Harumiya)
Akane Amasawa (Aurora Konohana)
Honoka Kotomori (Midori Yamada)
Aoi Suzunose (Shion Sasaki)
	
	Social Media - Ikizurai Club! Love Live! Bluebird
Official X: x.com/ikizulive_staff
Official YouTube channel: youtube.com/@IKIZULIVE

	Social Media - Love Live! Series
Official X: x.com/LoveLive_staff
Official YouTube channel: youtube.com/c/lovelive_series
Official TikTok: tiktok.com/@lovelive_official	


[en]Source: [/en][es]Fuente: [/es]Official Press Release

[ad_bottom class=""mt40""]",https://honeysanime.com/ikizurai-club-from-ikizulive-love-live-bluebird-debuts-with-what-is-my-life-lyric-video-digital-release-and-jacket-art-revealed/,Honey's Anime,unknown,real
Angelina 1/3 (from Gacharic Spin) Sings Theme Song for BANDAI’s LINK TRAVELERS!,"[sourceLink asin="""" asin_jp="""" cdj_product_id="""" text="""" url="""" ]
	



[en]What You Need to Know: [/en][es]Lo que necesitas saber: [/es] 


	BANDAI has launched a new IP, “LINK TRAVELERS,” built around two main distribution channels: “SIDE:C (CANDY = Shokugan)” and “SIDE:G (GASHAPON = Capsule Toys).” Angelina 1/3 of Gacharic Spin, also often referred to as “Reiwa era’s Radio Star,” performs the theme song for the first promotional video, now streaming on major music platforms!

	Following the major success of the original capsule toy figure series “Gashapon Quest,” LINK TRAVELERS, first revealed in November 2024, is a new project that expands into both the Shokugan and Gashapon markets. The series drew strong anticipation from the moment online pre-orders began, and is officially set to release in May 2025. With highly detailed figures and customizable parts, the new line offers users the freedom to play and create based on their own preferences, while its rich backstory and well-developed world setting will add further depth to the imaginative experience.

	The first promotional video, which fully captures the essence of the world, was released on April 28. The promotional video features the song “Transcendence,” which was produced and composed by Eijun Suganami of the rock band THE BLACK HORN, with vocals by Angelina 1/3 of Gacharic Spin. The powerful drumming of Hana of Gacharic Spin, with her intense twin bass performance, also adds to the track. Comments from Angelina 1/3, Eijun Suganami, and K. Sawa, the project lead for LINK TRAVELERS at Bandai, have been released. We invite you to experience a wide array of content, including Shokugan, Gashapon, video, and music!

https://www.youtube.com/watch?v=WAEHAeOGyzE
	
	“Transcendence” on streaming services: 
lnk.to/LZC-3079	
		
	“Transcendence” by Angelina 1/3 of Gacharic Spin
Lyrics/Composition/Arrangement: Eijun Suganami (THE BLACK HORN/eijun)
Release Date: April 28, 2025.

Produced by Eijun Suganami
Vocal, Chorus: Angelina 1/3
Guitar, Bass, Programming: Eijun Suganami
Drums: Hana (Gacharic Spin)
		
	Message From Angelina 1/3 (Gacharic Spin)
“I had the honor of singing as one of the voices in the world of LINK TRAVELERS, standing alongside characters who fight through despair in search of light and strength.
It means so much to me to be part of this powerful project, especially with the incredible Eijun-san, whose work I deeply admire.
The songs Eijun-san writes always give me the strength to move forward and take me to new places.
I hope this song can be a source of strength for everyone out there fighting for their own freedom, just like the characters in LINK TRAVELERS.”

	Message From Eijun (THE BACK HORN)
“When creating this song, I focused on capturing the thrilling sense of adventure and the cool, stylish universe of LINK TRAVELERS.
I wanted the track to feel powerful and liberating, almost like breaking free from the everyday and reaching out toward freedom.
Angie’s rock vocals are truly one of a kind, and they brought the song to life with incredible energy.
She’s an amazing vocalist and also has a deep understanding of the world behind the lyrics.
Thanks to her, the song turned out incredibly energetic, and I’m really happy with how it came together.”

	Message From K. Sawa (Bandai)
“From the opening to the powerful chorus, this song does a fantastic job of fully expressing the world of the first installment of LINK TRAVELERS.
There’s a line in PV1 that says, “A fateful encounter that sets the gears of destiny in motion will suddenly arrive one day,” and I truly feel that meeting Eijun-san and Angelina 1/3, who created such a beautiful song to accompany the characters embarking on their journeys into the future, was exactly that kind of encounter.
I hope you’ll listen to the full version and enjoy it!”

	About Angelina 1/3 (Gacharic Spin)
Born in Tokyo in 2001.
While performing as a mic performer for the six-member all-girl band Gacharic Spin, she is also active as a radio personality.
Currently, she appears on TOKYO FM / JFN’s “SCHOOL OF LOCK!” (Monday–Friday, 22:00–23:55) and TBS Radio’s “Angie Radio ～Yume wa Kuchi ni Daseba Kanau!～” (every Sunday, 12:00–12:55).

X: https://x.com/Angelina__gs
Instagram: instagram.com/gacharicspin.angie
Gacharic Spin Official Website: gacharicspin.com

	About Eijun Suganami (THE BACK HORN/eijun)
The guitarist and primary composer of the rock band THE BACK HORN. In recent years, he has also been active in writing and producing music for other artists. He continues to release music under his solo project name “eijun.”

X: https://x.com/TBHSuganami
Instagram: instagram.com/eijun_suganami_thebackhorn
THE BACK HORN: thebackhorn.com

	MORE INFORMATION
LINK TRAVELERS: bandai.co.jp/candy/linktravelers
Bandai Candy Official X Account “Otona no Shokugan Club”: x.com/otona_shokugan

[en]Source: [/en][es]Fuente: [/es]Official Press Release

[ad_bottom class=""mt40""]",https://honeysanime.com/angelina-1-3-from-gacharic-spin-sings-theme-song-for-bandais-link-travelers/,Honey's Anime,Fate,real
[Honey's Anime Interview] STEREO DIVE FOUNDATION’s RON Reflects on 10 Years of Hits and Musical Evolution,"[sourceLink asin="""" asin_jp="""" cdj_product_id="""" text="""" url="" ]
  



Celebrating a decade of genre-blending innovation and emotional resonance, STEREO DIVE FOUNDATION—helmed by the multi-talented artist and producer RON—marks its 10th anniversary with the release of ""STEREO DIVE 03."" In this interview, RON reflects on his evolution as a creator, the balance between artistic vision and collaboration, and the deeply personal threads woven through his latest work.




    
 

    
      RON 




 

    
         Honey-Chan






Interview with RON from STEREO DIVE FOUNDATION
[gray-hex-decoration]



    
        
            
            
                
                
            
        
    
    
        
RON, thank you very much for this opportunity! It's great to have you back, and congratulations on the 10th anniversary of STEREO DIVE FOUNDATION! Looking back on the past decade, how has your sound evolved since the release of your debut track “Daisy”? 
        
    



    
        
            
            
                
                
            
        
    
    
Over the past decade, I’ve written many songs, not only for myself but also as a music producer for others. Through my various experiences as a musician, I feel that the process of translating musical ideas in my head into concrete output has become more refined. I also sense that my creative repertoire has significantly expanded.
    




    
        
            
            
                
                
            
        
    
    
        
Your new album 'STEREO DIVE 03' features a mix of tie-up songs with anime, as well as original tracks. How do you balance the demands of working on anime theme songs with your personal musical vision?
        
    



    
        
            
            
                
                
            
        
    
    
I primarily approach my work in a way that aligns with the anime. From my creative repertoire, I carefully select the musical elements that best suit the series. For parts beyond the first verse that aren’t used in the anime, I sometimes take a more personal approach.
    




    
        
            
            
                
                
            
        
    
    
        
You’ve mentioned that the song '#03', which opens the album, represents your feelings of “looking forward to the future.” Can you explain more about the meaning behind the track and how it ties into your current journey as an artist?
        
    



    
        
            
            
                
                
            
        
    
    

To mark the 10th anniversary, I wanted to include a special touch. By bringing the intro phrase of “Daisy” to the very end, I aimed to express respect for the beginning while also conveying a sense of appreciation for what’s to come.
    


https://www.youtube.com/watch?v=haQ1-nHFE1I


    
        
            
            
                
                
            
        
    
    
        
Given that you’ve worked in many different contexts throughout these years, how have these experiences shaped your musical style and the way you connect with your audience? And how is that reflected in 'STEREO DIVE 03'? 
        
    



    
        
            
            
                
                
            
        
    
    
In recent years, I’ve had more opportunities to perform in front of overseas audiences. The song “HIKARI,” which is included in the album, was created specifically as a piece that could be sung together with them. When I performed it live, I truly felt a sense of unity, which was an awesome experience.
    




    
        
            
            
                
                
            
        
    
    
        
Your work as a composer spans multiple genres, from rock to EDM to orchestral arrangements. How do you decide which genre best fits the emotional tone of a song, especially when it’s tied to an anime series?
        
    



    
        
            
            
                
                
            
        
    
    
I generally strive to write music in line with the request. When given full creative freedom, I refer to the script, storyboard, or any available footage to determine the appropriate genre and instruments for the scene.
    




    
        
            
            
                
                
            
        
    
    
        
Do you have any favorite anisong from your own repertory? If so, which one and why?
        
    



    
        
            
            
                
                
            
        
    
    
It’s hard to choose just one, but if I had to, I’d say “STORYSEEKER.” I love both the melody and the arrangement. I put a lot of effort into it, even using custom sampling data that I created myself.
    




    
        
            
            
                
                
            
        
    
    
        
With the 10th anniversary of STEREO DIVE FOUNDATION, what new goals and aspirations do you have for the future of your music and creative journey?        
    



    
        
            
            
                
                
            
        
    
    
I want to reflect and think about what I truly want to create. I also aim to refine the balance between my own creative desires and external requests while deepening my mindset for pursuing what I love.
    




    
        
            
            
                
                
            
        
    
    
        
We’re sure many Honey’s Anime readers have followed your journey, some from the very beginning. Is there anything you’d like to say to them as we wrap up the interview? 
        
    



    
        
            
            
                
                
            
        
    
    
I want to express my gratitude to those who discovered SDF or RON through anime. I’ll continue creating many more songs, so please look forward to them!
    






  
    Final Thoughts
  
  
  
With ten years of boundary-pushing music behind him, RON shows no signs of slowing down. As STEREO DIVE FOUNDATION enters its next phase, his commitment to authenticity, growth, and emotional connection remains unwavering. Whether through anime tie-ins or deeply personal tracks, RON continues to craft music that resonates across cultures and generations—inviting listeners to dive even deeper into the soundscapes he so passionately creates.		
		
As STEREO DIVE FOUNDATION looks ahead to a new chapter, we also look forward to many more songs from this amazing band. We've been here to appreciate these 10 years of music, and we'll continue to do so in the next decade too!
  



[author author_id=""063"" author="""" translator_id=""""]

[ad_bottom class=""mt40""]



[recommendedPost post_id='287637' url='' title='' img='' class='' widget_title='']",https://honeysanime.com/stereo-dive-foundations-ron-reflects-on-10-years-of-hits-and-musical-evolution/,Honey's Anime,unknown,real
AiScReam’s “Ai♡Scream!” Takes the World by Storm! From Viral Short to Global Chart Dominance!,"[sourceLink asin="""" asin_jp="""" cdj_product_id="""" text="""" url="""" ]
	



[en]What You Need to Know: [/en][es]Lo que necesitas saber: [/es] 


	AiScReam’s debut single “Ai♡Scream!” has gone viral on TikTok and YouTube Shorts, propelling it onto music charts in Japan and around the world.

	AiScReam is a special unit formed by members from across the Love Live! series. The song was released in January 2025 and was first performed at the Yokohama show of the “LoveLive! Series Asia Tour 2024 ~Minna de Kanaeru Monogatari~” held in February, where it quickly became a fan favorite.

	In early March, a live performance clip was posted on TikTok, sparking a surge of lip-sync and dance videos featuring the catchy line, “○○-chaaan! Hai! Nani ga suki? (What’s your favorite?)” The trend quickly gained momentum as celebrities, influencers, and even K-pop artists joined in, fueling the viral explosion.

	Videos related to the song posted on the official Love Live! TikTok account have surpassed 80 million views, with over 500,000 user-generated posts using the track.

	The momentum has carried over to music charts as well, with the song holding the No. 1 spot for 19 consecutive days on Spotify Viral Top 50 – Japan, which highlights the most talked-about tracks on social media. It also reached No. 1 on six other Viral Top 50 charts. On the YouTube Shorts Daily Top Songs Ranking, it broke into the Top 50 in 11 countries and continues to dominate charts around the world (as of April 14).

The track has also been featured on the cover art of prominent playlists such as Women of Anime (Spotify), Viral Hit Korea (Spotify), and The Short List (YouTube Music).

	AiScReam will host their own live event, “AiScReam presents TOPPING LIVE とけちゃう前に会いに来て♡♡♡,” at Pacifico Yokohama on September 6–7, 2025! Stay tuned for more from this rising unit!
	

https://www.youtube.com/watch?v=9Upo1ELtvhw
	
	Product Information
Release Date: January 22, 2025
Title: Ai♡Scream!
Artist: AiScReam
Streaming & Download: lnk.to/LACM-24620d

AiScReam Webpage (Japanese only)
lovelive-anime.jp/special/live/live_detail.php?p=aiscream

	AiScReam Profile
A special unit formed by Ruby Kurosawa (CV: Ai Furihata) from Aqours, Ayumu Uehara (CV: Aguri Onishi) from Nijigasaki High School Idol Club, and Shiki Wakana (CV: Wakana Okuma) from Liella! of the Love Live! series. Currently active as a limited-time unit with the concept of “Screaming for Love.”

	Website & Social Media
Love Live! Series Official Website: lovelive-anime.jp
Love Live! Series Official X: twitter.com/LoveLive_staff
Love Live! Series Official TikTok: tiktok.com/@lovelive_official
Love Live! Series Official YouTube Channel: youtube.com/@lovelive_series

[en]Source: [/en][es]Fuente: [/es]Official Press Release

[ad_bottom class=""mt40""]",https://honeysanime.com/aiscreams-ai%e2%99%a1scream-takes-the-world-by-storm-from-viral-short-to-global-chart-dominance/,Honey's Anime,unknown,real
ARIA The BEST 2005-2025 Aria’s Best Hits on 3-Disc 20th Anniversary Album to be Released!,"[sourceLink asin="""" asin_jp="""" cdj_product_id="""" text="""" url="""" ]
	



[en]What You Need to Know: [/en][es]Lo que necesitas saber: [/es] 


	The series ARIA, created by manga artist Kozue Amano and directed by Junichi Sato, has been hailed as “one of the best” slice-of-life stories out there. In celebration of the anime ARIA’s 20th anniversary, a special 3-disc album of ARIA’s best hits is scheduled to be released!

	The five main theme songs featured in the trilogy, ARIA the AVVENIRE, ARIA the CREPUSCOLO, and ARIA the BENEDIZIONE, have been recorded on albums by their respective artists before, but never on an ARIA album until now. The first disc will be a collection of 14 opening and ending themes from the anime, the second disc a compilation of 13 insert songs, and the third disc will feature an original collection of songs on piano by pianist and producer Mina Kubota.

	In 2009, ARIA The BOX, a collection of themes and insert songs from the anime, was released with only 10,000 copies available which sold out immediately. The new best-hits album will be the only item once again featuring the complete collection of themes and insert songs from the anime, so you don’t want to miss out.

	The album jacket illustration features original artwork by the creator Kozue Amano.

In addition, the second main visual for ARIA’s 20th anniversary concert has been released. The theme of the visual is “Thank you for 20 years” and features the cast in their respective teams holding various flowers.



	
		
			
		
		[sourceLink asin="""" asin_jp="""" cdj_product_id="""" text="""" url="""" ]
	

	
	
	CD Information
Title: ARIA 20th Anniversary Best Album ARIA The BEST 2005-2025
Release Date: June 25th, 2025
Price: 4,950 yen (tax incl.)
Serial Number: VTCL-60647~60649
35 Recorded Tracks

	Track List
	Disc One: Opening and Ending Theme Collection
Undine by Yui Makino (ARIA The ANIMATION Opening Theme)
Rainbow by ROUND TABLE feat. Nino (ARIA The ANIMATION Ending Theme)
Euforia by Yui Makino (ARIA The NATURAL Opening Theme)
Natsu Machi by ROUND TABLE feat. Nino (ARIA The NATURAL Ending Theme)
Smile Again by Erino Hazuki (ARIA The NATURAL 2nd Ending Theme)
Nanairo no Sora o by SONOROUS (ARIA The OVA ~ARIETTA~ Opening Theme)
Ashita, Yugure Made by Erino Hazuki (ARIA The OVA ~ARIETTA~ Ending Theme)
Spirale by Yui Makino (ARIA The ORIGINATION Opening Theme)
Kin no Nami, Sen no Nami by Akino Arai (ARIA The ORIGINATION Ending Theme)
Piacere by Shiena Nishizawa (ARIA The AVVENIRE Main Theme)
Felicita by Kiyono Yasuno (ARIA The CREPUSCOLO Opening Theme)
echoes by Kiyono Yasuno (ARIA The CREPUSCOLO Ending Theme)
Espero by Yui Makino (ARIA The BENEDIZIONE Opening Theme)
Undine~2021 edizione~ by Yui Makino (ARIA The BENEDIZIONE Ending Theme)

	Disc Two: Insert Song Collection
Barcarolle by Eri Kawai (ARIA The ANIMATION Insert Song)
Symphony by Yui Makino (ARIA The ANIMATION Insert Song)
Just For You by ROUND TABLE feat. Nino (ARIA The ANIMATION Insert Song)
Shiosai by ROUND TABLE feat. Nino (ARIA The NATURAL Insert Song)
Kokkoro by Eri Kawai (ARIA The NATURAL Insert Song)
Ame Furibana by Yui Makino (ARIA The NATURAL Insert Song)
Kami to Hairpin to Watashi by Aika(Chiwa Saito) (ARIA The NATURAL Insert Song)
Torikago no Yume by Akino Arai (ARIA The ORIGINATION Insert Song)
Lumis Eterne by Alice(Ryo Hirohashi) (ARIA The ORIGINATION Insert Song)
Yokogao by Yui Makino (ARIA The ORIGINATION Insert Song)
Kokkoro ~2 Pianos Version~ by Alice(Ryo Hirohashi) with Eri Kawai (ARIA The CREPUSCOLO Insert Song)
Barcarolle ~Orchestra Version~ by Alice(Ryo Hirohashi) with Eri Kawai (ARIA The CREPUSCOLO Insert Song)
Dekkai Shiawase Desu by The Undines (Alice, Akari, Aika feat. President Aria)

	Disc Three: ARIA ~Piano Collection III~ Espero -Hope-
Piano and Arrangement by Mina Kubota
Undine
Barcarolle
Euforia
Kokkoro
Spirale
Lumis Eterne
Felicita
Espero
	
	Streaming Information
Available to download on iTunes Store, Recochoku, mora and all other major music platforms and streaming services Wednesday, June 25!
Streaming Service Providers: Apple Music, Spotify, YouTube Music, LINE MUSIC, Amazon Music, Deezer, AWA, Rakuten Music, KKBOX
	

[en]Source: [/en][es]Fuente: [/es]Official Press Release

[ad_bottom class=""mt40""]",https://honeysanime.com/aria-the-best-2005-2025-arias-best-hits-on-3-disc-20th-anniversary-album-to-be-released/,Honey's Anime,unknown,real
Maaya Sakamoto’s 30th Anniversary Website Now Open! Voting for Maaya’s Best Song Begins!,"[sourceLink asin="""" asin_jp="""" cdj_product_id="""" text="""" url="""" ]
	



[en]What You Need to Know: [/en][es]Lo que necesitas saber: [/es] 


	Today marks the 30th anniversary of Maaya Sakamoto’s artist debut! The multi-talented singer, voice actress, actress, songwriter and essayist released her debut single “Yakusoku wa Iranai” on April 24, 1996. New photos and a special website have been released in celebration of the event.

	The special anniversary campaign to vote for “Maaya’s Best Song” has also begun. This campaign invites fans from across the world to vote for their all-time favorite song from her discography.

In addition, official social media accounts for Maaya Sakamoto have been created to commemorate the event. Follow the official Maaya Sakamoto accounts for the latest news and updates on the artist!


Maaya Sakamoto’s 30th Anniversary Website
jvcmusic.co.jp/maaya/30th
	
Voting Page
jvcmusic.co.jp/maaya/30th/fan-voting	

	Maaya Sakamoto
Born in Tokyo, she began her career as a child actress at the age of eight. She made her CD debut in 1996 with the single “Yakusoku wa Iranai.” Following her 2011 album You Can’t Catch Me, which topped the Oricon chart, she began actively collaborating with a wide range of other artists and musicians. Since her 2013 album Singer-Songwriter, she has also been composing music for other artists.

In 2019, she released her 30th single “Uchuu no Kioku” (produced by Ringo Sheena) and her 10th original album Kyou Dake no Ongaku. In 2020, she released her 25th anniversary album Single Collection+ Achikochi and the digital single “Yakudo,” which topped the Oricon chart.

In July 2021, her radio program “Vitamin M,” which she had been hosting for 20 years, reached its 1,000th broadcast and entered its 21st year. In May 2022, she released the double tie-up single “Sumire / Kotoba ni Dekinai,” with music written and arranged by Shigeru Kishida.

To date, she has released 35 singles and 11 full albums. As a lyricist, in addition to writing her own original songs, she has also written many songs for other artists, including Kinki Kids’ “Hikari no Kehai,” Mamoru Miyano’s “Toumei,” and Walküre’s “Kaze wa Yokoku Naku Fuku,” and has published her own lyrics book Shishu (Kadokawa). 

She won the 38th Kazuo Kikuta Theater Award for her performance as Jerusha in the musical Daddy-Long-Legs. Her latest essay collection Manpukuron - Asu ni Kaburitsuke (Kadokawa) has also garnered attention.

In addition to her singing career, she is active as a voice actress, actress, lyricist, essayist, and radio personality. Her fresh and vibrant voice is loved by fans not only in Japan but also around the world. In 2025, she will celebrate her 30th anniversary as a performer and is set to contribute the opening theme song for the TV anime Aru Majo ga Shinu Made.

Official homepage: jvcmusic.co.jp/maaya
Official YouTube channel: youtube.com/user/maayasakamotoCh
X: x.com/maayas_official
Instagram: instagram.com/maayasakamoto_official
TikTok: tiktok.com/@maayasakamoto_official
Tags: #maaya_30th
	

[en]Source: [/en][es]Fuente: [/es]Official Press Release

[ad_bottom class=""mt40""]",https://honeysanime.com/maaya-sakamotos-30th-anniversary-website-now-open-voting-for-maayas-best-song-begins/,Honey's Anime,unknown,real
The Shiunji Family’s Children Anime Soundtrack Album Featuring Ending Theme and BGM Set for Release! Digital Release of Ending Theme Now Available!,"[sourceLink asin="""" asin_jp="""" cdj_product_id="""" text="""" url="""" ]
	



[en]What You Need to Know: [/en][es]Lo que necesitas saber: [/es] 


	The TV anime The Shiunji Family’s Children has been airing to great acclaim since its premiere on Tuesday, April 8, 2025.
	
	An album featuring the ending theme sung by the five Shiunji sisters and the complete background score from the show, titled The Shiunji Family’s Children Music Collection Sibphony:), is set to release on Wednesday, June 25, 2025!
	
	This all-in-one album includes the series’ full BGM lineup, the ending theme “LIKE YOU o(><)o LOVE YOU?”, and the TV-size version of the opening theme “Honey Lemon” by NACHERRY, which makes it your one stop to enjoy the world of The Shiunji Family’s Children. The album jacket features a charming new illustration of the five sisters holding cards inspired by the ending theme’s title.

In addition, “LIKE YOU o(><)o LOVE YOU?” is now available on major streaming platforms as of today, Wednesday, April 16, ahead of the album release.
While the TV version captures the sisters’ lively energy, the full version—available only via digital distribution and the upcoming CD—features a surprise guest vocalist…!? Be sure to check out the full track for the complete experience.

https://www.youtube.com/watch?v=XhsVDlDkxBU
	
	Streaming & Download: lnk.to/LZC-3078
	
	Product Information
Release Date: Wednesday, June 25, 2025
Title: TV Anime The Shiunji Family’s Children Music Collection Sibphony:)
Vocals: The Shiunji Sisters
[Banri Shiunji (CV: Chika Anzai), Seiha Shiunji (CV: Marika Kouno), Ouka Shiunji (CV: Rie Takahashi), Minami Shiunji (CV: Hana Hishikawa), Kotono Shiunji (CV: Kana Ichinose)]
Music: Akki, Ginnojou Hoshi, Shouta Horie | Directed by PHYZ
Catalog No.: LACA-19121~2 (2-CD Set)
Price: ¥4,180 (tax included)

Tracklist:
All in-show background music (BGM)
Ending Theme “LIKE YOU o(><)o LOVE YOU?” by the Shiunji Sisters – Full Size / Instrumental / TV Size
Opening Theme “Honey Lemon” by NACHERRY – TV Size

The ending theme “LIKE YOU o(><)o LOVE YOU?” is now available for early streaming!
Pre-order the album here:
lnk.to/LACA-19121

Official Website: shiunjifamily.com
Official X (formerly Twitter): @shiunji_anime
Official TikTok: @shiunji_anime

[en]Source: [/en][es]Fuente: [/es]Official Press Release

[ad_bottom class=""mt40""]",https://honeysanime.com/the-shiunji-familys-children-anime-soundtrack-album-featuring-ending-theme-and-bgm-set-for-release-digital-release-of-ending-theme-now-available/,Honey's Anime,unknown,real
"AVIOT to Exhibit at Sakura-Con 2025, the Largest Anime Convention in the Pacific Northwest","[sourceLink asin="""" asin_jp="""" cdj_product_id="""" text="""" url="""" ]
	



[en]What You Need to Know: [/en][es]Lo que necesitas saber: [/es] 


	AVIOT, operated by Preseed Japan Corporation, a manufacturer and seller of consumer electronics, is pleased to announce that it will exhibit at Sakura-Con 2025, the largest anime convention in the Pacific Northwest region of the United States, taking place from April 18 to April 20, 2025, in Seattle.

	Exhibition Content
	1. Exhibition and sale of collaboration earbuds featuring various IPs
AVIOT will be showcasing and selling collaboration models featuring various IPs, including anime, games, and VTubers. Some products will be available to try at the venue.
	


	
		
			
		
		[sourceLink asin="""" asin_jp="""" cdj_product_id="""" text="""" url="""" ]
	

	
	
	2. Sale of hololive English -Myth- collaboration wireless earbuds
AVIOT will be offering a limited quantity of the “TE-V1R-HEN” Hololive English -Myth- collaboration earbuds for sale at the venue.

*Limited to one per person.
	


	
		
			
		
		[sourceLink asin="""" asin_jp="""" cdj_product_id="""" text="""" url="""" ]
	

	
	
	TE-V1R-HEN Product Details
Product Page: 
en.aviot.jp/product/te-v1r-hen
Promotional Video:
youtu.be/A_MwLSNwQSM
	
	3. Exclusive early release of Vtuber collaboration merch in North America
AVIOT will be offering a limited quantity of Vtuber collaboration merchandise for sale, marking the earliest release in the North America region. You’ll be able to purchase collaboration items featuring members of Hololive English -Myth-, Shigure Ui, and Nachoneko. The available items are pictured below:
	


	
		
			
		
		[sourceLink asin="""" asin_jp="""" cdj_product_id="""" text="""" url="""" ]
	

	
	
	Exhibition Location
Seattle Convention Center

	Exhibition Period
April 18 (Fri) – April 20 (Sun), 2025 Pacific Standard Time (PST)
	


	
		
			
		
		[sourceLink asin="""" asin_jp="""" cdj_product_id="""" text="""" url="""" ]
	



About AVIOT
AVIOT, born in 2018 as the original brand of Preseed Japan Corporation, aims to deliver products that convey high-quality Japanese craftsmanship in sound, delicate and beautiful design, and easy-to-use electronic products. In 2023, the brand restarted with the addition of “A Visionary Innovation On Technology” to its name, aiming to be an electronic devices brand that goes beyond the framework of audio-visual products. The vision is to bring innovation through the power of technology and deliver “something that changes your lives” to customers.

Company Name: Preseed Japan Corporation
Representative: CEO Founder Hirokazu Tsuchiyama
Address: 4-16-7 Sendagaya, Shibuya-ku, Tokyo 151-0051, DT Building 3F
Business Activities: 
1) Manufacturing, importing, and selling wireless audio equipment and IoT-related products
2) Importing and selling mobile accessories
3) Managing an e-commerce website

AVIOT Official Website: aviot.jp
AVIOT Official X (formerly Twitter): twitter.com/AVIOT_JP
AVIOT Official Instagram: instagram.com/aviotjapan
AVIOT Official TikTok: tiktok.com/discover/AVIOT	

[en]Source: [/en][es]Fuente: [/es]Official Press Release

[ad_bottom class=""mt40""]",https://honeysanime.com/aviot-to-exhibit-at-sakura-con-2025-the-largest-anime-convention-in-the-pacific-northwest/,Honey's Anime,unknown,real
"Shugo Nakamura’s “Illuminate” to Serve as Opening Theme for The Gorilla God’s Go-To Girl Music Video Released, Track Available for Early Streaming","[sourceLink asin="""" asin_jp="""" cdj_product_id="""" text="""" url="""" ]
	



[en]What You Need to Know: [/en][es]Lo que necesitas saber: [/es] 


	Voice actor and singer-songwriter Shugo Nakamura has released his latest song, “Illuminate,” for early streaming on digital services, along with a music video.

	Written and composed by Nakamura himself, “Illuminate” serves as the opening theme for the TV anime The Gorilla God’s Go-To Girl. This marks the first time that Nakamura performs an anime opening theme. The song features a brass sound that perfectly captures the feeling of springtime romance, paired with heartfelt and straightforward lyrics that are distinctly his own.

	The music video, Nakamura’s first drama-style production featuring a cast, was filmed at an amusement park, creating a vibrant and spring-like atmosphere filled with dazzling visuals. Highlights include scenes shot against a beautifully illuminated carousel and twinkling night lights, offering a fresh new side of Nakamura not seen in his previous music videos.

The physical release is set for April 23 and will be available in both a Limited Edition and a Standard Edition. The Limited Edition includes a Blu-ray featuring the “Illuminate” music video along with behind-the-scenes footage.

	
https://youtu.be/DcQ6wPhqrOc

	Illuminate on Music Services
lnk.to/LZC-3044

8th single “Illuminate”
Release Date: April 23, 2025

	Product Information
	Limited First Edition (CD & BD)
Product No.: LACM-34693
Price: ¥3,080 (incl. tax)
Specifications: Slipcase, Photo Book, and a Random Photo Card (1 of 3 types)

	Standard Edition
Product No.: LACM-24693 
Price: ¥1,430 (incl. tax)

	Tracks
1. Illuminate
Lyrics/Composition: Shugo Nakamura / Jun Murayama
2. Chiguhagu
Lyrics/Composition: Shugo Nakamura / Jun Murayama
3. Marie
Lyrics/Composition: Shugo Nakamura / Jun Murayama

	Blu-ray *Limited Edition only
1. Illuminate -Music Video-
2. Illuminate -Making of Music Video-



	
		
			
		
		[sourceLink asin="""" asin_jp="""" cdj_product_id="""" text="""" url="""" ]
	

	
	
	Connect with Shugo Nakamura	
Shugo Nakamura Official Website: shugo-nakamura.com
Shugo Nakamura X: twitter.com/ShugoAbc
Shugo Nakamura Instagram: instagram.com/nakamura_shugo_official
Shugo Nakamura YouTube Channel: youtube.com/@nakamura_shugo_official

[en]Source: [/en][es]Fuente: [/es]Official Press Release

[ad_bottom class=""mt40""]",https://honeysanime.com/shugo-nakamuras-illuminate-to-serve-as-opening-theme-for-the-gorilla-gods-go-to-girl-music-video-released-track-available-for-early-streaming/,Honey's Anime,unknown,real
Aya Hirano Announces Digital Release of First New Solo Single in 11 Years!,"[sourceLink asin="""" asin_jp="""" cdj_product_id="""" text="""" url="""" ]
	



[en]What You Need to Know: [/en][es]Lo que necesitas saber: [/es] 


	Aya Hirano has announced that she will release a new single, titled “evolutions” on May 10, 2025. This track will be released under the Lantis label, the same label that launched her solo career in 2006. The song’s production is handled by Heart Company, led by Shigeru Saito, who supported Hirano’s career as the music producer of hits like The Melancholy of Haruhi Suzumiya and Lucky Star. With the return of her original production team, Hirano’s music is set to enter a new phase.

	“Evolutions” marks Hirano’s first solo single in 11 years. It is a powerful and energetic track that captures Hirano’s current style, reflecting the diverse vocal genres she has explored throughout her career. The song’s arrangement and composition are by John Kanda (Ajiwai), with lyrics written by Hirano herself.
	
	Additionally, on March 8, 2026, Hirano will celebrate the 20th anniversary of her debut solo single, “Breakthrough,” under the Lantis label. As the countdown to this milestone begins, be sure to watch for the next chapter in Hirano’s music journey with Lantis.
	
	Product Information
	Digital Single “evolutions”
Release Date: May 10, 2025
Lyrics: Aya Hirano
Composition & Arrangement: John Kanda (Ajiwai)
Music Production: Heart Company Ltd



	
		
			
		
		[sourceLink asin="""" asin_jp="""" cdj_product_id="""" text="""" url="""" ]
	


	
	Aya Hirano's Profile
Born in Aichi Prefecture, Aya Hirano began her career as a child actress, appearing in TV dramas and commercials starting in 1998. She made her voice acting debut in 2003. In March 2006, she debuted as a solo artist with the release of her first single, “Breakthrough,” under the Lantis label. 

From 2011 onward, she focused primarily on stage performances, and in 2024, she fully resumed her music career with the RE:BOOT live tour. In May 2025, she will digitally release her first new single in 11 years, titled “evolutions,” under the Lantis label. This track will be featured in her upcoming live tour, which will begin in April and visit eight cities.

Official Website: ayahirano.jp
Official Fanclub “Team AYA”: a-hirano.com
Official X Account: x.com/Hysteric_Barbie
Staff X Account: x.com/AyaHiranoStaff
Official Instagram: instagram.com/a_ya.hirano	

[en]Source: [/en][es]Fuente: [/es]Official Press Release

[ad_bottom class=""mt40""]",https://honeysanime.com/aya-hirano-announces-digital-release-of-first-new-solo-single-in-11-years/,Honey's Anime,unknown,real
Kairiki Bear’s 1st Solo Live Performance Yamiaka Steroid to be Released on Blu-ray!,"[sourceLink asin="""" asin_jp="""" cdj_product_id="""" text="""" url="""" ]
	



[en]What You Need to Know: [/en][es]Lo que necesitas saber: [/es] 


	Kairiki Bear is a popular Vocaloid producer with over 390 million views on YouTube and various hit songs such as “Venom” and “Darling Dance.” Last year they held their first live performance, Yamiaka Steroid hosted by Spotify O-EAST, which is now scheduled to be released on Blu-ray.

	The performance combined Vocaloid with visual art and 3DCG elements, an unprecedented endeavor for a solo live performance by a Vocaloid producer which can only be described as next-generation. Both the afternoon and evening shows were sold-out, proving it was a massive success.
	
	The Blu-ray release will include all 23 songs performed during the evening show, as well the additional 4 songs that were performed exclusively during the afternoon, for a total of 27 songs. In addition, the Blu-ray will also include a story-like video presentation with narration by Nao Toyama.
	
	The first-edition Blu-ray will come with special packaging and an enclosed bonus (contents to be announced later), so be sure to reserve a copy as soon as possible.



	
		
			
		
		[sourceLink asin="""" asin_jp="""" cdj_product_id="""" text="""" url="""" ]
	

	
	
	Blu-ray Information
Artist: Kairiki Bear
Title: Kairiki Bear 1st ONE-MAN LIVE Yamiaka Steroid
Release Date: June 18, 2025
Product Number/Price: Blu-ray Standard Edition only/ 5,000 yen (plus tax)
	
*First-edition Blu-rays come with special packaging and bonus contents.

	1st Solo Live Yamiaka Steroid Blu-ray Website
jvcmusic.co.jp/yamiaka_steroid/Blu-ray
	
	Track List
27 Songs (Evening Medicine 23 songs + Afternoon Medicine 4 songs)

1. Anatasama
2. Ruma
3. Minus Label
4. Inaiinai Izonshou (MARETU Remix)
5. Kokoro Nonsense
6. Atamannaka DEAD END
7. Seidenki Ningen
8. Ori (Inst)
9. Iya Girl
10. Mao
11. Mane Mane Psychotropic
12. Bug
13. Down Timer
14. Yamiaka Steroid
15. Shippaisaku Shoujo (Piano ver.)
16. Logica
17. Aijou Rettousei
18. Alkali Rettousei
19. Mental Chainsaw
20. Venom
21. Lemming Ming
22. Darling Dance
23. Angel

(Afternoon Medicine Only)
24. Inaiinai Izonshou
25. Shippaisaku Shoujo (MARETU Remix)
26. Lemming Ming (Piano ver.)
27. Dream Killer

	

	
		
			
		
		[sourceLink asin="""" asin_jp="""" cdj_product_id="""" text="""" url="""" ]
	

	
	
	Kairiki Bear Profile
A producer and songwriter with human-like tendencies. The absurdity of the world inhabits the sound of guitar and invades people’s hearts.
	
X: twitter.com/kairiki_bear
YouTube: https://www.youtube.com/@kairikibear
niconico: nicovideo.jp/mylist/25602141

	Yamiaka Steroid Live Official Website
jvcmusic.co.jp/yamiaka_steroid

[en]Source: [/en][es]Fuente: [/es]Official Press Release

[ad_bottom class=""mt40""]",https://honeysanime.com/kairiki-bears-1st-solo-live-performance-yamiaka-steroid-to-be-released-on-blu-ray/,Honey's Anime,unknown,real
"VTuber Kurone Yousagi, “Cousin” of Nozomi Suzuhara,  Releases 3rd Digital Single “Twinkle Twinkle Little Wing”!","[sourceLink asin="""" asin_jp="""" cdj_product_id="""" text="""" url="""" ]
	



[en]What You Need to Know: [/en][es]Lo que necesitas saber: [/es] 


	Bandai Namco Music Live Inc. has announced that VTuber Kurone Yousagi released her 3rd digital single, “Twinkle Twinkle Little Wing,” under the Lantis label on March 28, 2025.

	
	Through her 1st and 2nd singles, “Acchuu-Ma!” and “Window,” Kurone Yousagi has expressed different facets of her yami-kawa aesthetic. She continues to bring fresh energy to the VTuber and anime music scene in 2025, with events like her online 3D live concert “Flap” on her YouTube channel on March 27.

	Her 3rd single, “Twinkle Twinkle Little Wing,” marks the conclusion of her three-month release streak. The song was composed by Mamoru (nhhmbase), who is known for his contributions to idol groups like You’ll Melt More! and Lyrical School, as well as games such as Taiko no Tatsujin. The illustration is a pixel art piece by ahiru-hitsuji, who has also produced music videos for Nijisanji VTuber Suo Sango.
	
	Step into a new frontier of the yami-kawa world, where catchy yet unexpected melodies intertwine with a colorful fusion of electronic sounds, strings, and electric guitar, crafting a richly layered and fantastical soundscape.

	https://www.youtube.com/watch?v=SlTL-JWQ8Dc

	On Music Services: lnk.to/LZC-3013
Singer: Kurone Yousagi
Lyrics/Composition/Arrangement: Mamoru (nhhmbase)
Illustration: ahiru-hitsuji

	Kurone Yousagi Online 3D Concert “Flap”
https://www.youtube.com/watch?v=4QsA4620aFo

	Comment from Kurone Yousagi
“Twinkle Twinkle Little Wing” is my third original song! Personally, I think it’s going to be perfect for live performances—I’ve got high expectations! The part I really want you to notice is right before the chorus when I go, “Wah!” in a mischievous kind of way! It’s a classic, high-energy track that anyone can vibe to, so listen to it a ton! Got it?!	
	
	About Kurone Yousagi
A yami-kawa tsundere VTuber affiliated with MEWLIVE and the “cousin” of voice actress Nozomi Suzuhara.

Kurone is a second-year high school student (currently repeating the year) who adores all things with a sickly-cute aesthetic. While she has a tsundere personality, she occasionally reveals a softer side to those she trusts. She refers to herself as a “lady” and claims to live in a grand mansion, but the reality is...?

As a 1st-generation member of MEWLIVE, a VTuber production operated by Bandai Namco Music Live Co., Ltd., Kurone made her major debut under the company’s Lantis label in 2025. She has also announced three consecutive months of music releases, further expanding her activities.

YouTube: youtube.com/@Kurone_Yousagi
X (formerly Twitter): x.com/Yousagi_Kurone

[en]Source: [/en][es]Fuente: [/es]Official Press Release

[ad_bottom class=""mt40""]",https://honeysanime.com/vtuber-kurone-yousagi-cousin-of-nozomi-suzuhara-releases-3rd-digital-single-twinkle-twinkle-little-wing/,Honey's Anime,unknown,real
MyAnimeList’s “You Should Read This Manga” Final Lineup Revealed!,"[sourceLink asin="""" asin_jp="""" cdj_product_id="""" text="""" url="""" ]
	



[en]What You Need to Know: [/en][es]Lo que necesitas saber: [/es] 


	MyAnimeList has unveiled the official list for the third annual “You Should Read This Manga 2025,” a global event designed to highlight exceptional new-and-upcoming manga available to the international fan. The final list, curated from 766 user nominated titles, features 77 unique manga series across four discovery categories.

	This highly-anticipated event aims to spotlight recently published manga and connect fans worldwide with new stories that deserve more recognition on a global scale. For 2025, the project continues to serve as a cultural bridge between creators, publishers, and readers in over 240 countries and territories.

	As an added incentive, MyAnimeList users who read 2 volumes of any title from the 2025 list during the campaign period will earn a time-limited profile badge.

	About “You Should Read This Manga 2025”?
A unique global manga promotion project carried out by world-renowned anime and manga community MyAnimeList in conjunction with industry professionals. The project is the first of its kind, using online nominations from users around the world to produce the ultimate list of manga recommendations for that year. Aside from the main category, “You Should Read This Manga,” the project includes a number of sub-categories, including series that fans would like to see animated.

	Categories & Criteria
	This global manga discovery project was launched with the goal of inspiring fans around the world to explore lesser-known but highly recommended titles. The final list is created from user-submitted nominations, which allows fans to vote for up to 10 titles and include persuasive reasoning for why each title should be featured. Titles must have seen an overseas release in 2024, and have a Score and Popularity ranking below #50 on MyAnimeList to be eligible for nomination. The 2025 edition includes four curated categories:
 
	You Should read This Manga 2025
For manga that readers simply really want to recommend to a friend!  
 (e.g. Gachiakuta, Magus of the Library, Kagurabachi)
 
	Should Be Anime
For manga not adapted into anime within the past 5 years. (e.g. Gokurakugai, Kindergarten Wars, Firefly Wedding)
 
	Best for Beginners
For new readers; short, accessible, or recently adapted into anime. (e.g. Dandadan, Smoking Behind the Supermarket with You, RuriDragon)
 
	Unique Art/Story
For seasoned manga fans seeking originality in artwork or narrative. (e.g. Veil, Kaiju Girl Caramelise, The Color of the End: Mission in the Apocalypse)

Explore the full list of selected works here: mxj.myanimelist.net/readthismanga/2025/nomination	
	
	Trends from This Year’s List	
	
	Demographic Balance: Half of the selected titles were originally published in shounen or seinen magazines. Notably, one in four of these titles received more votes from female readers.
	Digital Origins: 25% of the titles come from web-based manga platforms such as Shonen Jump+ or Manga UP.
	Anime Demand: Over half the “Should Be Anime” picks are shounen, with two-thirds of these available for free via MANGA Plus.
	Female Reader Influence: The “Unique Art/Story” list saw the majority of votes come from female users, in contrast to the other lists.
	Breakout Titles: Girls love/yuri manga The Guy She Was Interested in Wasn't a Guy at All had total nominations almost equal to all GL titles combined from the previous year. Likewise, new nominations for action manga Kagurabachi doubled any other action title.
	
	Additional Content
The project also features bonus recommendation sections created in collaboration with manga publishers and booksellers:
Try This Manga — for Free! → mxj.myanimelist.net/readthismanga/2025/try-manga
Publisher & Bookseller Picks → mxj.myanimelist.net/readthismanga/2025/more-recs
Kodansha Critical Hits & Fan-Favorites → mxj.myanimelist.net/readthismanga/2025/kodansha	
	
	About MyAnimeList
MyAnimeList is an anime and manga community, with comprehensive databases maintained by its passionate user base. The website allows members to track their viewing progress, rate and discuss titles, write reviews, and discover new works through various community-driven features. With over 19.5 million users from more than 240 different countries and territories, MyAnimeList is an essential resource for the international anime and manga fan.
 
*Figures as of March 2025.
 
For more about MyAnimeList, please visit myanimelist.net.
For more information or press inquiries, please contact: sales@mail.myanimelist.net.	

[en]Source: [/en][es]Fuente: [/es]Official Press Release

[ad_bottom class=""mt40""]",https://honeysanime.com/myanimelists-you-should-read-this-manga-final-lineup-revealed/,Honey's Anime,unknown,real
New TV Anime Maebashi Witches Premieres April 2025! Full-Size Opening Theme “Sugosugi Maebashi Witches!” Now Available for Streaming,"[sourceLink asin="""" asin_jp="""" cdj_product_id="""" text="""" url="""" ]
	



[en]What You Need to Know: [/en][es]Lo que necesitas saber: [/es] 


	Maebashi Witches is an upcoming original TV anime produced by Sunrise Studio of Bandai Namco Filmworks, known for titles such as Mobile Suit Gundam and Love Live! The full-length version of its opening theme, “Sugosugi Maebashi Witches!”, is now available for streaming. Performed by the Maebashi Witches, a five-member voice actor idol group portraying the anime’s main characters, the song features lyrics by Tsunku♂, composition by TORIENA, and arrangement by Yuki Kishida.

Blending the classic sound of the Japanese idol scene with infectious refrains, powerful kicks, and deep bass, this track is also a perfect fit for anime club playlists. Don’t miss it!
	

https://www.youtube.com/watch?v=IEYDX-VF974
	
	Creator Comments:
	Lyrics: Tsunku♂
I think everyone has childhood memories of playing flower fortune-telling—plucking petals one by one, eagerly anticipating the final answer. Even with only two possible outcomes, it always felt exciting.

With that theme in mind, I wove the cast members’ names and various types of flowers into the melody to create this song. Writing the lyrics felt like solving a complex jigsaw puzzle—I was so immersed that time just flew by. 

The protagonists are adorable, and with a story full of youthful passion and a sense of achievement, I’m really looking forward to watching the show.

	Composition: TORIENA
I composed this song with the hope that each member of the Maebashi Witches would shine brightly. I think it’s a lively and adorable track. Super amazing Maebashi Witches!

	Arrangement: Yuki Kishida
Congratulations on the full-length release! First and foremost, I’m truly honored to have been part of this project. I still remember how excited I was when I first received the demo—it was already amazing. As I worked on it, I kept thinking about how I could contribute to make it even better. My goal was to create a sound that you’d want to hear anywhere—on TV, through your phone, or even in a club. I hope people enjoy it in all kinds of places!

	Release Information
To commemorate the Maebashi Witches special stage event at AnimeJapan 2025 on March 22, the full-size version of the opening theme “Sugosugi Maebashi Witches!” is now available for early streaming!

	TV Anime Maebashi Witches OP Theme “Sugosugi Maebashi Witches!”
Release Date: March 22, 2025
Label: Lantis
Lyrics: Tsunku
Composition: TORIENA
Arrangement: Yuki Kishida

	On music streaming services: lnk.to/LZC-3031

	CD Release Information	
TV Anime Maebashi Witches OP Theme/ED Theme 
	“Sugosugi Maebashi Witches!” / “Sorezore no Door” Opening Edition
Release Date: May 28, 2025
Product No.: LACM-24687
Price: ¥1,980 (incl. tax)
Label: Lantis

	Tracks
1. Sugosugi Maebashi Witches!
Lyrics: Tsunku
Composition: TORIENA
Arrangement: Yuki Kishida

2. Sorezore no Door
Lyrics/Composition: Haruka Kumoi
Arrangement: Yuki Kishida

3. Kenran SHOWTIME!!
Lyrics/Composition/Arrangement: ChawongChaw

*Also includes instrumental tracks of each song

TV Anime Maebashi Witches OP Theme/ED Theme 
	“Sugosugi Maebashi Witches!” / “Sorezore no Door” Ending Edition
Release Date: May 28, 2025
Product No.: LACM-24688
Price: ¥1,980 (incl. tax)
Label: Lantis

	Tracks
1. Sorezore no Door
Lyrics/Composition: Haruka Kumoi
Arrangement: Yuki Kishida

2. Sugosugi Maebashi Witches!
Lyrics: Tsunku
Composition: TORIENA
Arrangement: Yuki Kishida

3. MAKASETENE
Lyrics: FUJI
Composition: FUJI, Maro Miyakawa
Arrangement: Maro Miyakawa

*Also includes instrumental tracks of each song

	

	
		
			
		
		[sourceLink asin="""" asin_jp="""" cdj_product_id="""" text="""" url="""" ]
	


	
	The Maebashi Witches' Profile	
The Maebashi Witches are a five-member voice actor idol group made up of the voice acting cast of the TV anime Maebashi Witches: Sakura Kasuga (Yuina Akagi), Hinano Sakikawa (Azu Niisato), Rena Motomura (Kyoka Kitahara), Haruka Minami (Choco Mitsumata), and Honami Momose (Mai Kamiizumi). Blending the essence of the Reiwa era with a Heisei revival sound, their music delivers a nostalgic yet fresh experience. They made their debut with the opening theme “Sugosugi Maebashi Witches!” featuring lyrics by Tsunku♂ and composition by TORIENA.

	Anime Promotional Videos

PV1: youtube.com/watch?v=IEYDX-VF974
PV2: youtube.com/watch?v=s6JVgNCG1A4
PV3: youtube.com/watch?v=VbbxG_i83vU

	Websites & Social Media

Maebashi Witches Artist Information: lantis.jp/artist/maebashiwitches
TV Anime Maebashi Witches Official Website: maebashi-witches.com
TV Anime Maebashi Witches Official X: x.com/maebashiwitches
TV Anime Maebashi Witches Official TikTok: tiktok.com/@maebashi_witche

[en]Source: [/en][es]Fuente: [/es]Official Press Release

[ad_bottom class=""mt40""]",https://honeysanime.com/new-tv-anime-maebashi-witches-premieres-april-2025-full-size-opening-theme-sugosugi-maebashi-witches-now-available-for-streaming/,Honey's Anime,unknown,real
"Trigger from Idolish7 Release 3rd Album ""Trois""","[sourceLink asin="""" asin_jp="""" cdj_product_id="""" text="""" url="""" ]
	



[en]What You Need to Know: [/en][es]Lo que necesitas saber: [/es] 


	TRIGGER, the group from Idolish7, has released their third original album, Trois. Based on the grand concept of Lueur des Trois (“The Light of Three”), the album is structured as a grand ensemble divided into three movements: Origine, Passion, and Scène. Each section opens with “Prelude: Lueur des Trois,” while the individual tracks tell the story of TRIGGER’s origin, passion, and journey to the stage. Listeners are invited to immerse themselves in the symphonic poem of Lueur des Trois.

		Among the standout tracks are “Triple Down,” an emotional and progressive dance music piece produced by Ryo Takahashi, with rhythmic and seductive lyrics by multi-artist R・O・N., as well as “Sol,” an innovative electronic track composed by Taiki Kudo from the dance vocal group Da-iCE.

The special limited edition includes a bonus CD featuring the unaccompanied violin suite “Suites pour violon seul ‘Trois,’” which weaves together themes from the three movements, along with a self-remix of the lead track “Triple Down -VC’s ‘Hermetic Art’ UKG Remix-.” This edition also includes an original acrylic stand featuring a newly drawn illustration by manga artist Arina Tanemura.	

	https://youtu.be/OE9da5TuzP0
	
	Product Information
TRIGGER 3rd Album Trois
Release Date: March 12, 2025

Limited First Edition: LACA-35136〜7 / ¥8,470 (incl. tax)
Includes: CD / Bonus CD / Lyrics Booklet / Acrylic Stand / Storage Box

Standard Edition: LACA-25136 / ¥3,850 (incl. tax) 
Includes: CD / Lyrics Booklet

*The jacket visual for both editions is a newly drawn illustration by Arina Tanemura.



  
    
      
        
          
        
        [sourceLink asin="""" asin_jp="""" cdj_product_id="""" text=""Limited First Edition storage box"" url="""" ]
      
      
        
        
        
        [sourceLink asin="""" asin_jp="""" cdj_product_id="""" text=""Jacket art for both editions"" url="""" ]
      
    
  


	
	Tracklist - CD
01. Prelude: Lueur des Trois - Origine (Instrumental)
Composition & Arrangement: Hiroto Kikuchi
02. PLACES
Lyrics: Aira Yuhki | Composition & Arrangement: Jun Suyama
03. SOL
Lyrics: Taiki Kudo | Composition: Taiki Kudo, MAKKA | Arrangement: MAKKA
04. SUISAI
Lyrics: Erica Masaki | Composition & Arrangement: Masayuki Hasuo
05. BE AUTHENTIC
Lyrics: Aira Yuhki | Composition & Arrangement: Tomoya Kinoshita
06. Prelude: Lueur des Trois - Passion (Instrumental)
Composition/Arrangement: Hiroto Kikuchi
07. EVOLUTION
Lyrics: Aira Yuhki | Composition: Daisuke Asakura | Arrangement: Shinnosuke & Daisuke Asakura
08. Hidden Region
Lyrics: Aira Yuhki | Composition & Arrangement: amazuti (KEYTONE)
09. Radiance
Lyrics: Aira Yuhki | Composition & Arrangement: Shinnosuke
10. ESCAPE FROM NOW
Lyrics: Erica Masaki | Composition: Katsuhiko Sugiyama, Takayuki “Kojiro” Sasaki | Arrangement: Takayuki “Kojiro” Sasaki
11. Prelude: Lueur des Trois - Scène (Instrumental)
Composition & Arrangement: Hiroto Kikuchi
12. Smile Again
Lyrics: Yuki Tsujimura | Composition/Arrangement: Yuki Tsujimura, Ken Ito
13. BEAUTIFUL PRAYER
Lyrics, Composition & Arrangement: Shinnosuke
14. KISS IN THE MUSIC
Lyrics: Aira Yuhki | Composition & Arrangement: Ryo Takahashi
15. Triple Down
Lyrics: R･O･N | Composition & Arrangement: Ryo Takahashi

	Bonus CD (Limited First Edition only)
01. Suites pour violon seul “Trois” - Origine (Instrumental)
Composition & Arrangement: Yuma Ito
02. Suites pour violon seul “Trois” - Passion (Instrumental)
Composition & Arrangement: Yuma Ito
03. Suites pour violon seul “Trois” - Scène (Instrumental)
Composition & Arrangement: Yuma Ito
04. Triple Down -VC’s “Hermetic Art” UKG Remix-
Lyrics: R･O･N | Composition & Arrangement: Ryo Takahashi
	
On music download and streaming services: lnk.to/LACA-25136d

Idolish7 Official Website: idolish7.com
Idolish7 Music Official Website: idolish7.lantis.jp
Idolish7 Music Official X:  x.com/iD7_Lantis

[en]Source: [/en][es]Fuente: [/es]Official Press Release

[ad_bottom class=""mt40""]",https://honeysanime.com/trigger-from-idolish7-release-3rd-album-trois/,Honey's Anime,unknown,real
NACHERRY to Release 4th Single “Honey Lemon” on May 28! Will Serve as OP Theme for TV Anime The Shiunji Family's Children,"[sourceLink asin="""" asin_jp="""" cdj_product_id="""" text="""" url="""" ]
	



[en]What You Need to Know: [/en][es]Lo que necesitas saber: [/es] 


	NACHERRY, a unit consisting of voice actresses Natsumi Murakami and Chiemi Tanaka, will release their 4th single, “Honey Lemon,” on May 28, 2025. The title track has also been chosen as the opening theme for the TV anime The Shiunji Family’s Children, which will begin airing in April. Additionally, new artist photos and jacket designs have been revealed.
	
	“Honey Lemon” was written by Ereca Suzuki, composed by Ereca Suzuki and oni, and arranged by oni. It features a refreshing, fast-paced sound that captures the story and characters’ emotions in the anime, with NACHERRY’s two members delivering the sweet and bittersweet lyrics about the moment one realizes they are in love with heartfelt emotion.
	

	This single will be released in two versions: A NACHERRY edition and The Shiunji Family’s Children Edition. Both versions will include the title track “Honey Lemon,” along with two additional tracks. Additionally, the NACHERRY edition will come with a Blu-ray featuring behind-the-scenes footage from the “Honey Lemon” music video shoot. The Shiunji Family’s Children edition will feature a jacket with exclusive artwork.

The full version of “Honey Lemon” will be available for early streaming on various music distribution services starting April 9, ahead of the CD release. While staying true to their rock and pop roots, NACHERRY continually pushes themselves with new styles, making them an act you won’t want to miss.
		
	
	“Honey Lemon” Pre-Add/Pre-Save*
lnk.to/LZC-3077

*Apple Music’s Pre-Add and Spotify’s Pre-Save allow you to pre-order an album before its release. By pre-adding or pre-saving in advance, the album will automatically be added to your library or playlists once it becomes available for streaming♪

	Product Information
Title: NACHERRY 4th single “Honey Lemon”
Release Date: May 28, 2025



	
		
			
		
		[sourceLink asin="""" asin_jp="""" cdj_product_id="""" text="""" url="""" ]
	



	NACHERRY Edition
Price: ¥2,750 (incl. 10% tax)
Product No.: LACM-24694
Includes: 1 CD, 1 Blu-ray

Contents: 
[CD] 
“Honey Lemon”
Lyrics: Ereca Suzuki
Composition: Ereca Suzuki, oni
Arrangement: oni
And two coupling songs

[Blu-ray] *NACHERRY edition only
01. Honey Lemon Music Video
02. Behind-the-scenes footage of music video shoot



	
		
			
		
		[sourceLink asin="""" asin_jp="""" cdj_product_id="""" text="""" url="""" ]
	


	
	The Shiunji Family’s Children Edition
Price: ¥1,650 (incl. 10% tax)
Product No.: LACM-24695
Includes: 1 CD
Jacket featuring exclusive The Shiunji Family’s Children illustration

Contents: 
[CD] 
“Honey Lemon”
Lyrics: Ereca Suzuki
Composition: Ereca Suzuki, oni
Arrangement: oni
And two coupling songs
	
	About Natsumi Murakami
Agency: Yurin Pro
Birthday: September 7
Place of Birth: Tokyo
Hobbies: Fishing, video games
Special skills: Drums, drawing
Roles:
	Ai Miyashita in Love Live! Nijigasaki High School Idol Club
	Ako Saotome in Aikatsu Stars!
	Chiyo in The Little Lies We All Tell	
	
	About Chiemi Tanaka
Agency: Stay Luck
Birthday: October 6
Place of Birth: Shizuoka Prefecture
Hobbies: Sauna
Special skills: Singing
Roles:
	Rina Tennoji in Love Live! Nijigasaki High School Idol Club
	Ririko Oribe in Sakura Quest
	Rikka in The Little Lies We All Tell

	About NANACHERRY
A unit formed by voice actresses Natsumi Murakami and Chiemi Tanaka, who made their artist debut under Lantis. The name “NACHERRY” is a combination of their first names (Natsumi and Chiemi) and symbolizes the idea of “two-in-one,” like a double cherry. They chose this name to reflect their desire to have twice as much fun while complementing each other’s strengths.

Built around the concept of “constant excitement with girls who are open about what they love and never lose their sense of fun,” NACHERRY delivers upbeat, American-style rock songs with a vibrant, poppy energy, bringing excitement to audiences.
	
	NACHERRY Official Fanclub “NACHERRY PARK”
URL: nacherry-fc.com
Monthly Membership Fees: ¥660

NACHERRY Official Website: nacherry.jp
NACHERRY Official YouTube Channel: youtube.com/channel/UCidjZB0LX5l8aKzjLN0-1ZQ
NACHERRY STAFF X: twitter.com/NACHERRY_STAFF
NACHERRY STAFF Instagram: instagram.com/nacherry_official
Natsumi Murakami X: twitter.com/natyaaaaaaan07
Chiemi Tanaka X: twitter.com/t_chiemi1006
Lantis Official HP Website: lantis.jp
Lantis Official YouTube Channel: youtube.com/channel/UCpRh2xmGtaVhFVuyCB271pw
Lantis Official X: twitter.com/lantis_staff	

[en]Source: [/en][es]Fuente: [/es]Official Press Release

[ad_bottom class=""mt40""]",https://honeysanime.com/nacherry-to-release-4th-single-honey-lemon-on-may-28-will-serve-as-op-theme-for-tv-anime-the-shiunji-familys-children/,Honey's Anime,unknown,real
"Aru Majo ga Shinu Made’s Ending Theme Song by Aoi Teshima, Written and Arranged by Yuki Kajiura!","[sourceLink asin="""" asin_jp="""" cdj_product_id="""" text="""" url="""" ]
	



[en]What You Need to Know: [/en][es]Lo que necesitas saber: [/es] 


	It was recently announced that the ending theme song for upcoming anime Aru Majo ga Shinu Made, airing April 1, will be sung by Aoi Teshima. The song “Hana Saku Michi de” was written and arranged by songwriter Yuki Kajiura.

	
	You can listen and watch the newest music video for the anime that was released today featuring a short version of the song.
	

	Aru Majo ga Shinu Made is a heartwarming fantasy about Meg, a 17-year-old apprentice witch, who is told by her long-lived teacher, Faust, that a terrible curse has left her with only one year to live. In order to break the curse, Meg sets out to bring happiness to those around her and collect the joyful tears shed by 1,000 people within a year.

The ending theme song “Hana Saku Michi de” was produced by songwriter and composer Yuki Kajiura, who has gained a huge following around the world thanks to her work on the soundtracks for many popular anime. This song is a collaboration between two artists leading at the forefront of their respective genres.
		
	
https://www.youtube.com/watch?v=raGGkWkCAPY
	
	A Message from Aoi Teshima:

I had the pleasure of singing the ending theme song for Aru Majo ga Shinu Made, “Hana Saku Michi de.” This was my first time singing something written by Yuki Kajiura. The words and melody felt nostalgic somehow and I was able to really put my heart into it. It would make me happy if you all enjoyed the anime all the way to the ending theme as well.



	
		
			
		
		[sourceLink asin="""" asin_jp="""" cdj_product_id="""" text="""" url="""" ]
	

	
	
	Aoi Teshima Profile

Aoi Teshima was born in 1987 from Fukuoka Prefecture.

Following the release of her demo CD The Rose, she made her debut with ""Therru's Song"" featured in the 2006 Ghibli film Tales from Earthsea. In 2011, she sang the theme song for the film From Up on Poppy Hill.

Preceding her debut, she released four highly-acclaimed film music cover albums and an original concept album. Through her music, Aoi Teshima continues to convey a worldview that only she can express.

In celebration of the 15th anniversary of her debut, she released her first best-hit album Simple is best in 2021, and held a commemorative concert of the same title across Japan. On February 22 of the same year, she released her first live album LIVE 2022 ""Simple is best"" containing footage from the concert.

Her exceptional voice has been in high demand for numerous theme songs and commercials thanks to her ability to move the hearts of her listeners with her songs, and her acclaim has been growing both at home and abroad.
	


	
		
			
		
		[sourceLink asin="""" asin_jp="""" cdj_product_id="""" text="""" url="""" ]
	

		

	Yuki Kajiura Profile

A multi-talented music composer, producer and songwriter. She made her debut in 1993 as the composer and keyboardist for See-Saw.

In 2002, her song “Anna ni Issho Datta no ni” became a hit as the ending theme for Mobile Suit Gundam SEED. She has since gone on to produce musical groups and continues to produce anime theme songs and soundtracks. In 2020, her work on the theme song for Demon Slayer: Mugen Train, “Homura,” alongside the singer LiSA, resulted in the track winning the 62nd Japan Record Awards.

She’s also composed music for Japanese films and television programs. In 2023, she released PARADE, her first album in nine years under her personal label FictionJunction. In December of the same year, she held her first two-day concert, “Kaji Fes.2023,” as part of her global tour Yuki Kajiura LIVE.

[en]Source: [/en][es]Fuente: [/es]Official Press Release

[ad_bottom class=""mt40""]",https://honeysanime.com/aru-majo-ga-shinu-mades-ending-theme-song-by-aoi-teshima-written-and-arranged-by-yuki-kajiura/,Honey's Anime,Demon Slayer,real
Macross X Sunrise Super-Dimension Song Princess Audition 2025! Music by Ultimate Tag-Team FlyingDog and Lantis! Audition Theme Song “I to I”,"[sourceLink asin="""" asin_jp="""" cdj_product_id="""" text="""" url="""" ]
	



[en]What You Need to Know: [/en][es]Lo que necesitas saber: [/es] 


	The newest installment by Sunrise (Bandai Namco Film Works) in the Macross franchise was first announced during “Walküre FINAL LIVE TOUR 2023 ~Last Mission~”. During ABEMA’s live broadcast of the “Macross X Sunrise New Animation Announcement Special”, it was announced that auditions for the next song princess in the new series will be held in 2025. Music production for the anime will be a collaborative effort by labels FlyingDog and Lantis (Bandai Namco Music Live).

	
	Music for the new series will be produced by FlyingDog, who has headed music production for the franchise thus far, and Lantis (Bandai Namco Music Live), the producer of hit series LoveLive!. This powerful duo produced a brand new theme song for the auditions to be the next Macross song princess. The song ""I to I"" combines a sense of speed and passion, and with the catchy phrase ""Hear this whole-hearted song!"", it’s giving fans high hopes for the upcoming series.

	Auditions will be accepted until Wednesday, April 30, 11:59 PM (JST). Those interested in auditioning can enter by uploading a video of oneself singing the song “I to I” to YouTube. The song is available to download for those interested in making derivative works such as dance or instrumental videos as well. Those uninterested in the audition are also welcome to participate.
	
	Additionally, there will be videos uploaded every week of past Macross song princesses and special guests singing the theme song as part of a special campaign to promote the new series. The first video of the campaign features Minori Suzuki, winner of the Macross Delta song princess audition and voice of the heroine Freyja Wion. There will be more videos of special guests singing along to “I to I” released every week for everyone to enjoy.

Information about the audition and special guest covers of “I to I” will be available on the official audition website, YouTube, X, Instagram and TikTok accounts. Follow for the latest updates.
	



	
		
			
		
		[sourceLink asin="""" asin_jp="""" cdj_product_id="""" text="""" url="""" ]
	

	
	
	Audition Information
Title: Macross X Sunrise “New Macross” Super-Dimension Song Princess Audition 2025
Entry Period: Sunday, March 2, 2025–Wednesday, April 30, 2025 11:59 PM (JST)
Requirements: Female, must currently reside in Japan, between the ages of 13 and 25-years old (as of April 1, 2025)
	
※Those under 18 years of age must have permission from a guardian to enter.	
	
	Audition Process	
	First Stage (Online Entry) Entry Form, Self-Introduction, Song
Complete the designated entry form.
Prepare photos and video for the audition (must be taken within the last three months).
After uploading your cover of the audition song “I to I” to YouTube, enter the URL.
The video may be uploaded publicly or privately.
Provide one headshot and one full-length photo.

	Second Stage (Online Interview) – End of June, 2025
	
	Final Stage (In-person Interview) – End of July, 2025 (Tokyo)
*Details for the second and final stage will be sent only to those who pass.

*Please read the terms and conditions for auditioning carefully on the official website before you apply.
	
	Track Information
Macross X Sunrise “New Macross” Super-Dimension Song Princess Audition 2025 Song
“I to I”
Lyrics, Composition, Arrangement: Fuwari

*For use of the audition song, check the official website.

	Distribution Information
Song Link: https://jvcmusic.lnk.to/I_to_I_audition_karaoke
Available on streaming services and major download sites such as the iTunes Store, RecoChoku, and mora from midnight March 3, 2025.

Streaming services: Apple Music, LINE MUSIC, Amazon Music Unlimited, AWA, KKBOX, Rakuten Music, TOWER RECORDS MUSIC, Spotify, YouTube Music

	“New Macross” Super-Dimension Song Princess Audition 2025 Official Website & SNS
●Official Site：macross-aud.jp
●Official YouTube：youtube.com/@macross_aud2025
●Official X：x.com/macross_aud
●Official Instagram：instagram.com/macross_aud
●Official TikTok：tiktok.com/@macross_aud

[en]Source: [/en][es]Fuente: [/es]Official Press Release

[ad_bottom class=""mt40""]",https://honeysanime.com/macross-x-sunrise-super-dimension-song-princess-audition-2025-music-by-ultimate-tag-team-flyingdog-and-lantis-audition-theme-song-i-to-i/,Honey's Anime,unknown,real
Makoto Furukawa to Release Mini-Album  Catch Me If You Can!,"[sourceLink asin="""" asin_jp="""" cdj_product_id="""" text="""" url="""" ]
	



[en]What You Need to Know: [/en][es]Lo que necesitas saber: [/es] 


	Makoto Furukawa will release his first mini-album in nearly four years, Catch Me If You Can, on June 18, 2025.

	One of its tracks, “Hightail it,” has been selected as the ending theme for the TV anime Please Put Them On, Takamine-san, which premieres on April 2. The album will feature five songs and be available in three editions: a limited edition with photos of Furukawa in a casual outfit, a first-run limited edition that includes a Blu-ray with a music video and behind-the-scenes footage, and a standard CD-only edition. The music video includes a guest appearance by comedian Tonikaku Akarui Yasumura, adding an extra layer of fun to the release.

Furukawa will also take the stage in Tokyo on April 13 as part of his Furukawa Makoto 2nd Live Tour “kaleido is bloom.” Stay tuned for more of his music activities!


	Product Information
Release Date: June 18, 2025
Title: Catch Me If You Can
Artist: Makoto Furukawa
5 tracks

Click here to reserve your product: lnk.to/LACA-25157

	[Limited Edition] CD + Download Card
Product No.: LACZ-10291
Price: ¥3,190 (tax incl.)
*This edition will be available exclusively at Animate.
*The download card will include digital photos.
	
	[First-Run Limited Edition] CD + Blu-ray
Product No.: LACA-35157
Price: ¥3,850 (tax incl.)
The Blu-ray will include a music video and behind-the-scenes footage.

	[Standard Edition] CD
Product No.: LACA-25157
Price: ¥2,750 (tax incl.)

	About Makoto Furukawa
Born September 29, 1989 in Kumamoto Prefecture
Agency: Toy’s Factory

Makoto Furukawa has voiced numerous anime characters, including Shaddiq Zenelli in Mobile Suit Gundam: The Witch from Mercury, Karasu Tabito in Blue Lock, Shishio Makoto in Rurouni Kenshin: Meiji Swordsman Romantic Story – Kyoto Arc, and Taiju Oki in Dr. Stone.

Furukawa made his singing debut under the Lantis label with his first single, “miserable masquerade,” released on July 4, 2018.

On November 12, 2023, he held his first solo concert with a live audience, Furukawa Makoto 1st Re-Live “Call” in the BOX, at Zepp Shinjuku (Tokyo). His next Tokyo performance, part of the Furukawa Makoto 2nd Live Tour “kaleido is bloom,” is scheduled for April 13, 2025, at TACHIKAWA STAGE GARDEN.

Makoto Furukawa Lantis page: lantis.jp/artist/furukawamakoto
Makoto Furukawa Lantis staff X: x.com/Lantis_FM

[en]Source: [/en][es]Fuente: [/es]Official Press Release

[ad_bottom class=""mt40""]",https://honeysanime.com/makoto-furukawa-to-release-mini-album-catch-me-if-you-can/,Honey's Anime,Dr. Stone,real
"VTuber Kurone Yousagi, “Cousin” of Nozomi Suzuhara, Releases 2nd Digital Single “Window,” Along with Music Video! Online 3D Live Concert Set for March 27!","[sourceLink asin="""" asin_jp="""" cdj_product_id="""" text="""" url="""" ]
	



[en]What You Need to Know: [/en][es]Lo que necesitas saber: [/es] 


	Bandai Namco Music Live Inc. has announced that VTuber Kurone Yousagi has digitally released her second single, “Window,” under the Lantis label. Along with the release, a music video has been unveiled, and a 3D live concert is scheduled for March 27, 2025.

	
	“Window” was written and composed by KAIRUI, who received praise for his first album Hoshi no Watashi, released by Maltine Records in January, and is also creating music for PROJECT IM@S vα-liv. The illustration and music video were created by iamuu_n, known for producing videos for the virtual singer Ui, whose character design and voice were created by Shigure Ui. This track offers a fresh side of Kurone Yousagi’s world, distinct from her first single, “Acchuu-Ma!”

	Additionally, on March 27, 2025—the day before the release of the third and final song in her three-month consecutive release schedule—Kurone Yousagi will hold an online 3D live concert on her YouTube channel. Featuring original songs, covers, and special announcements, this event will showcase how she has evolved since her 3D debut stream last year.

	https://www.youtube.com/watch?v=LBifqP_S9R4

	On Music Services: lnk.to/LZC-300
Singer: Kurone Yousagi
Lyrics/Composition/Arrangement: KAIRUI
Illustration/Music Video: iamuu_n

	Kurone Yousagi Online 3D Live Concert (Title TBD)
Date & Time: March 27, 2025, from 9:00 PM (JST)
Platform: Kurone Yousagi’s YouTube Channel
youtube.com/@Kurone_Yousagi
Free to watch!

Stay tuned for more updates!

	About Kurone Yousagi
A yami-kawa tsundere VTuber affiliated with MEWLIVE and the “cousin” of voice actress Nozomi Suzuhara.

Kurone is a second-year high school student (currently repeating the year) who adores all things with a sickly-cute aesthetic. While she has a tsundere personality, she occasionally reveals a softer side to those she trusts. She refers to herself as a “lady” and claims to live in a grand mansion, but the reality is...?

As a 1st-generation member of MEWLIVE, a VTuber production operated by Bandai Namco Music Live Co., Ltd., Kurone made her major debut under the company’s Lantis label in 2025. She has also announced three consecutive months of music releases, further expanding her activities.

YouTube: youtube.com/@Kurone_Yousagi
X (formerly Twitter): x.com/Yousagi_Kurone

[en]Source: [/en][es]Fuente: [/es]Official Press Release

[ad_bottom class=""mt40""]",https://honeysanime.com/vtuber-kurone-yousagi-cousin-of-nozomi-suzuhara-releases-2nd-digital-single-window-along-with-music-video-online-3d-live-concert-set-for-march-27/,Honey's Anime,unknown,real
Masami Okui to Release First Single Under Lantis in 8 Years!,"[sourceLink asin="""" asin_jp="""" cdj_product_id="""" text="""" url="""" ]
	



[en]What You Need to Know: [/en][es]Lo que necesitas saber: [/es] 


	Masami Okui will release her first single under the Lantis label in nearly eight years, titled “Baby Baby Baby,” on April 23, 2025. The lead track, her first collaboration with Bonjour Suzuki, has been chosen as the opening theme for the TV anime Please Put Them On, Takamine-san, which premieres in April. Be sure to check out the perfect balance between Okui’s powerful vocals and Bonjour Suzuki’s coquettish singing style.

	The coupling track, an original song by R・O・N, showcases Okui’s cool side and offers a striking contrast to the lead track.

The single will be available in two editions: a limited first-edition 8 cm single featuring exclusive Please Put Them On, Takamine-san artwork and a new photo of Masami Okui, evoking the charm of classic releases, and a standard 12 cm edition. This release is designed to be enjoyed not just for its music but also as a collectible physical product.


	Product Information
Release Date: April 23, 2025
Title: Baby Baby Baby (Limited Edition / Standard Edition)
Artist: Masami Okui
Contents: 2 tracks + off vocal versions
Product No.: LACM-34686 / LACM-24686
Prices:
Limited Edition: ¥2,200 (incl. tax)
Standard Edition: ¥1,650 (incl. tax)

	Masami Okui's Profile
Singer / Lyricist / Composer / Producer

After working as a backing vocalist for numerous artists, including Yumi Matsutoya, Masami Okui made her debut in August 1993 with “Dare Yori mo Zutto...” under King Records. She has performed numerous theme songs for hit anime such as Slayers and Revolutionary Girl Utena and has contributed many songs to anime productions. In 2003, she joined JAM Project, where she has also been involved in songwriting.
	
Masami Okui official website: makusonia.com
Lantis Masami Okui webpage: lantis.jp/artist/okuimasami
Please Put Them On, Takamine-san official website: takaminesan.com

[en]Source: [/en][es]Fuente: [/es]Official Press Release

[ad_bottom class=""mt40""]",https://honeysanime.com/masami-okui-to-release-first-single-under-lantis-in-8-years/,Honey's Anime,unknown,real
Maaya Sakamoto Announces 36th Single “Drops”,"[sourceLink asin="""" asin_jp="""" cdj_product_id="""" text="""" url="""" ]
	



[en]What You Need to Know: [/en][es]Lo que necesitas saber: [/es] 


	It was recently announced that Maaya Sakamoto’s latest song, “Drops,” will serve as the opening theme for the upcoming TV anime Aru Majo ga Shinu Made, which begins airing on April 1. Today, it has been confirmed that the song will be released as her 36th single, and the cover artwork has also been revealed.

	The lyrics for “Drops” were written by Yuho Iwasato, who has collaborated with Maaya Sakamoto on many songs. The music was composed by Naoto Kiyota, an up-and-coming composer making his debut collaboration with Sakamoto, and the arrangement was handled by Shin Kono, who has been arranging Sakamoto’s music for many years. This combination of familiarity and fresh talent makes for an exciting team.

	The coupling song, “Twilight,” features lyrics co-written by Maaya Sakamoto and Yuho Iwasato for the first time in 28 years, with composition and arrangement by Tomoya Kawasaki. This electro-style number marks a bold new direction for Sakamoto.

The Limited First Edition comes with the Maaya Sakamoto 30th Anniversary Acrylic Stand, “Omote mo Ura mo Sakamoto Maaya!” (Maaya Sakamoto on the front and back!). This exclusive anniversary item features a newly photographed image of Sakamoto with the FlyingDog logo on the base. The acrylic stand is double-sided, with her back view printed on the reverse.


	Product Information
Artist: Maaya Sakamoto
Title: Drops
Release Date: May 21, 2025
Product No./Price:
Limited First Edition / VTZL-255 / ¥3,300 (tax incl.)
Standard Edition / (CD) VTCL-35386 / ¥1,320 (tax incl.)

The Limited First Edition comes with the Maaya Sakamoto 30th Anniversary Acrylic Stand, “Omote mo Ura mo Sakamoto Maaya!”

	Tracklist
1. Drops (OP theme of Aru Majo ga Shinu Made)
Lyrics: Yuho Iwasato
Composition: Naoto Kiyota
Arrangement: Shin Kono
2. Twilight
Lyrics: Maaya Sakamoto & Yuho Iwasato
Composition / Arrangement: Tomoya Kawasaki
3. Drops (TV size)
And two instrumental tracks

	Maaya Sakamoto
Born in Tokyo. Active as a child actress from age eight. She made her CD debut in 1996 with the single “Yakusoku wa Iranai.” In 2011, her album You can’t catch me topped the Oricon chart. In 2013, she released Singer-Songwriter, the first album for which she wrote all the music.

In 2019, she released her 30th single “Uchuu no Kioku” (produced by Ringo Sheena) and her 10th original album Kyou Dake no Ongaku. In 2020, she released her 25th anniversary album Single Collection+ Achikochi and the digital single “Yakudo,” which topped the Oricon chart.

In 2021, she released her concept album Duets, which featured a variety of artists, and in the same month, she celebrated the 25th anniversary of her CD debut with a concert at Yokohama Arena, which is now on sale on Blu-ray and DVD. 

In May 2022, she released the double tie-up single “Sumire / Kotoba ni Dekinai,” with music written and arranged by Shigeru Kishida. In July of the same year, her radio program “Vitamin M,” in which she has been a personality for 20 years, reached its 1,000th broadcast and entered its 21st year.

In 2023, she released her 33rd single “Mada Tooku ni Iru / un_mute.”

As a lyricist, in addition to writing her own first album, she has also written many songs for other artists, including Kinki Kids’ “Hikari no Kehai,” Mamoru Miyano’s “Toumei,” and Walküre’s “Kaze wa Yokoku Naku Fuku,” and has published her own lyrics book Shishu (Kadokawa). 

She also won the 38th Kazuo Kikuta Theater Award for her performance as Jerusha in the musical Daddy-Long-Legs.

She is a voice actress, actress, lyricist, essay writer, and radio personality, and her vibrant voice has won the support of fans all over the world.

Official homepage: jvcmusic.co.jp/maaya
Official YouTube channel: youtube.com/user/maayasakamotoCh		

[en]Source: [/en][es]Fuente: [/es]Official Press Release

[ad_bottom class=""mt40""]",https://honeysanime.com/maaya-sakamoto-announces-36th-single-drops/,Honey's Anime,unknown,real
AVIOT to Release Kamen Rider W Collaboration True Wireless Earbuds! Pre-Orders Open!,"[sourceLink asin="""" asin_jp="""" cdj_product_id="""" text="""" url="""" ]
	



[en]What You Need to Know: [/en][es]Lo que necesitas saber: [/es] 


	AVIOT, operated by Preseed Japan Corporation, which manufactures and sells consumer electronics, has opened pre-orders for the TE-V1R-WCJ true wireless earbuds created in collaboration with Kamen Rider W. These earbuds, which are based on the TE-V1R, feature the voices of Doubledriver, Lostdriver, and Gaia Memories, along with sound tuning supervised by Mitsuru Matsuoka.

	Based on the latest model of AVIOT’s hit V series, which has sold approximately 150,000 units*, the TE-V1R-WCJ is a special edition designed to immerse users in the world of Kamen Rider W.

	The design represents a collaboration between AVIOT and the in-show fashion brand Wind Scale, combining the essence of the series with a touch of fashion through unique details such as the differently colored top parts on the left and right earbuds.
	
	With full support from Bandai Co., Ltd., the voice guidance for notifications like power and connection status includes approximately 140 sounds, featuring audio from the Doubledriver, Lostdriver, and Gaia Memories. Additionally, a “special voice” function can be activated by holding the right button, bringing Futo’s heroes and their intense battles to life during use.
	
	Through the app, users can switch between 10 modes featuring five riders in various forms: Kamen Rider W Cyclone Joker, Kamen Rider W Heat Metal, Kamen Rider W Luna Trigger, Kamen Rider W Fang Joker, Kamen Rider W Cyclone Joker Extreme, Kamen Rider Joker, Kamen Rider Accel, Kamen Rider Accel Trial, Kamen Rider Skull, and Kamen Rider Eternal. Relive the excitement of the series with these dynamic modes!

	Product Characteristics
	Base Model
The TE-V1R is the latest model in AVIOT’s popular V series, which has sold approximately 150,000 units*. The earbuds offer an ultra-long battery life of 19 hours (62 hours with the charging case) and Adaptive Hybrid Noise Canceling, which automatically adjusts the noise reduction strength based on the surrounding environment. They also feature the new Hybrid Dual Driver 2.0 for enhanced sound quality, LDAC™ support for high-resolution playback, and wireless charging functionality, making them a high-grade model that perfectly balances sound quality and functionality.

*As of the end of September 2024


	Special Voice Lines
With full support from Bandai Co., Ltd., the voice guidance for notifications like power and connection status includes approximately 140 sounds, featuring audio from the Doubledriver, Lostdriver, and Gaia Memories. Additionally, a “special voice” function can be activated by holding the right button, bringing Futo’s heroes and their intense battles to life during use.

Through the app, users can switch between 10 modes featuring five riders in various forms: Kamen Rider W Cyclone Joker, Kamen Rider W Heat Metal, Kamen Rider W Luna Trigger, Kamen Rider W Fang Joker, Kamen Rider W Cyclone Joker Extreme, Kamen Rider Joker, Kamen Rider Accel, Kamen Rider Accel Trial, Kamen Rider Skull, and Kamen Rider Eternal. Relive the excitement of the series with these dynamic modes!

To see the other voice lines, please check the product page: aviot.jp/product/te-v1r-wcj.

	Special Design
Inspired by the collaboration between AVIOT and the in-show fashion brand Wind Scale, the earbuds and charging case prominently display the brand’s logo. The design also incorporates differently colored top parts on the left and right earbuds, capturing the essence of the series with a stylish touch.



	
		
			
		
		[sourceLink asin="""" asin_jp="""" cdj_product_id="""" text="""" url="""" ]
	


	
	Special Packaging
The packaging features the Wind Scale and AVIOT logos on the front and back, with a striking image of Futo’s nighttime cityscape on the inside. Additionally, two over sleeves are included, featuring either Kamen Rider W and Kamen Rider Accel or Kamen Rider Skull and Kamen Rider Eternal.
	


	
		
			
		
		[sourceLink asin="""" asin_jp="""" cdj_product_id="""" text="""" url="""" ]
	

	

Special Tuning
The sound tuning was supervised by Mitsuru Matsuoka, who played Katsumi Daido/Kamen Rider Eternal and has provided numerous songs for the Kamen Rider series, including the theme song for Kamen Rider W Forever: A to Z/The Gaia Memories of Fate. Users can enjoy an exclusive tuning that brings the world of Kamen Rider W to life.
	


	
		
			
		
		[sourceLink asin="""" asin_jp="""" cdj_product_id="""" text="""" url="""" ]
	

	
	
	Mitsuru Matsuoka Profile
Born on August 12, 1971, in Osaka Prefecture, Mitsuru Matsuoka made his major debut in 1995 as the vocalist of the rock band SOPHIA. He has written lyrics for all of the band’s approximately 200 songs, creating numerous iconic tracks, including “Machi.”
	
In addition to his music career, he has taken on lead roles in numerous dramas, films, musicals, and stage productions, demonstrating his versatility as an actor. His notable appearances include the TV dramas Hito ni Yasashiku (2002), Kaze no Haruka (2005), and Yamada Tarō Monogatari (2007); the grand musical Titanic; the stage play Kisaragi; the dramatic production Rurouni Kenshin; and the off-Broadway musical Forever Plaid. In recent years, he garnered attention for guest-starring as a Rider in Kamen Rider and is also recognized as the artist responsible for performing the most theme songs in the franchise’s history.
	
Beyond his role as a vocalist, Matsuoka is a multifaceted creator and artist, actively pursuing endeavors such as publishing photo books, writing novels, designing products, and hosting television programs.
	
	Basic Product Information
	TE-V1R-WCJ
Price: ¥19,800 (incl. tax)
Pre-orders currently open
Expected Delivery Date: February 2025 or later
Available at:
AVIOT ONLINE MALL: shop.aviot.jp/c/product/te-v1r-wcj
PREMIUM BANDAI: p-bandai.jp/item/item-1000219533	

	TE-V1R
→ Basic Specifications
・Driver: Hybrid type with φ10mm dynamic and balanced armature drivers
・Microphone for calls: MEMS microphone
・Battery capacity: Earbud single ear 85mAh / Case 600mAh
・Talk time*: Up to 9 hours
・Playback time*: Up to 19 hours (with charging case: up to 62 hours)
・Earbud charging time: Approximately 1.5 hours
・Charging port: USB Type-C
・Water resistance level**: Equivalent to IPX4
・Weight: Earbud single ear approximately 6.5g
・Other features: Multipoint support (up to 2 devices), single ear usage, earbuds can be individually turned on or off, fast charging (up to 120 minutes of playback with a 10-minute charge), wireless charging
	
→ Accessories
・Silicone earpieces (1 pair each in sizes S/M/L)
・USB Type-C cable
・User manual

	→ Bluetooth Specifications
・Supported codecs: SBC, AAC, LDAC
・Supported profiles: A2DP, AVRCP, HFP, HSP
・Bluetooth version: 5.3
・Number of Bluetooth multi-pairing registrable devices: 8

*Exact time may vary depending on your usage environment
**Earbuds only

About AVIOT
AVIOT, born in 2018 as the original brand of Preseed Japan Corporation, aims to deliver products that convey high-quality Japanese craftsmanship in sound, delicate and beautiful design, and easy-to-use electronic products. In 2023, the brand restarted with the addition of “A Visionary Innovation On Technology” to its name, aiming to be an electronic devices brand that goes beyond the framework of audio-visual products. The vision is to bring innovation through the power of technology and deliver “something that changes your lives” to customers.

Company Name: Preseed Japan Corporation
Representative: CEO Founder Hirokazu Tsuchiyama
Address: 4-16-7 Sendagaya, Shibuya-ku, Tokyo 151-0051, DT Building 3F
Business Activities: 
1) Manufacturing, importing, and selling wireless audio equipment and IoT-related products
2) Importing and selling mobile accessories
3) Managing an e-commerce website

AVIOT Official Website: aviot.jp
AVIOT Official X (formerly Twitter): twitter.com/AVIOT_JP
AVIOT Official Instagram: instagram.com/aviotjapan
AVIOT Official TikTok: tiktok.com/discover/AVIOT	

[en]Source: [/en][es]Fuente: [/es]Official Press Release

[ad_bottom class=""mt40""]",https://honeysanime.com/aviot-to-release-kamen-rider-w-collaboration-true-wireless-earbuds-pre-orders-open/,Honey's Anime,Fate,real
AVIOT to Release Azur Lane Collaboration True Wireless Earbuds! Pre-Orders Open!,"[sourceLink asin="""" asin_jp="""" cdj_product_id="""" text="""" url="""" ]
	



[en]What You Need to Know: [/en][es]Lo que necesitas saber: [/es] 


	AVIOT, operated by Preseed Japan Corporation, which manufactures and sells consumer electronics, has opened pre-orders for the TE-V1R-AZL true wireless earbuds created in collaboration with the smartphone game Azur Lane. These earbuds, which are based on the TE-V1R, feature 100 newly recorded voice lines and packaging illustrated by Kasu Komeshiro.

	Based on the latest model of AVIOT’s hit V series, which has sold approximately 150,000 units*, the TE-V1R-AZL is a special edition designed to immerse users in the world of Azur Lane. It includes five character voice modes: Le Malin, Implacable, Ägir, Kearsarge and Owari, for a total of 100 voice lines specifically recorded for these earbuds.

	The packaging showcases an exclusive new illustration by illustrator Kasu Komeshiro, and both the charging case and the earbuds themselves are designed to maximize the allure of Azur Lane. Through the earbuds, the KAN-SEN, dressed in pajamas, deliver exclusive voice lines that offer soothing moments to commanders during their daily battles.
	
	A special video featuring Owari and Ägir introducing this product is now available on AVIOT’s official YouTube channel and the product page. Please enjoy this exclusive short movie, which depicts an original story unique to this release.

https://youtu.be/8NzwQd0HDcY

	Product Characteristics
	Base Model
The TE-V1R is the latest model in AVIOT’s popular V series, which has sold approximately 150,000 units*. The earbuds offer an ultra-long battery life of 19 hours (62 hours with the charging case) and Adaptive Hybrid Noise Canceling, which automatically adjusts the noise reduction strength based on the surrounding environment. They also feature the new Hybrid Dual Driver 2.0 for enhanced sound quality, LDAC™ support for high-resolution playback, and wireless charging functionality, making them a high-grade model that perfectly balances sound quality and functionality.

*As of the end of September 2024

	Special Voice Lines
In addition to voice guidance for notifications such as power and connection status, this model includes a “random voice” feature with a total of 100 newly recorded voicelines! There are five modes, featuring Le Malin, Implacable, Ägir, Kearsarge, and Owari. Users can switch between modes using the dedicated app.

To see the other voice lines, please check the product page: aviot.jp/product/te-v1r-azl.

	Special Design
The earbuds feature a sporty yet refreshing blue reminiscent of the ocean as the base color, complemented by a metallic finish for added depth and a mechanical touch. The simple logo design and subtly placed anchor emblem create a stylish look while staying true to the essence of Azur Lane.



	
		
			
		
		[sourceLink asin="""" asin_jp="""" cdj_product_id="""" text="""" url="""" ]
	


	
	Special Packaging
The packaging features a completely new illustration by illustrator Kome Shirokasu. Based on the themes of “relaxation” and “moments with the KAN-SEN,” this key visual showcases the KAN-SEN in their pajamas.
	


	
		
			
		
		[sourceLink asin="""" asin_jp="""" cdj_product_id="""" text="""" url="""" ]
	

	

Kome Shirokasu Profile
A Japanese illustrator and manga artist with an extensive portfolio, including character designs for games and VTubers, light novel illustrations, and merchandise artwork.

Comment from Kome Shirokasu:
“While preserving the wonderful elements of the original standing poses and character imagery, I incorporated the themes of ‘relaxation’ and ‘pajamas’ with my desire to see them lounging around in clothes like this.”

	・Special Tuning
In addition to the Music Mode that lets you fully enjoy the excellent sound performance of the TE-V1R, these earbuds also feature an ASMR Mode optimized for ASMR content. This special tuning allows you to experience every breath of the KAN-SEN in incredible detail. Users can switch between the two modes at any time using the app.

	Gaming Mode
Features a low latency mode that minimizes audio-video sync issues, providing a smooth experience for watching videos and gaming.
*The free AVIOT SOUND ME app is required to use gaming (low latency) mode.
	
	Basic Product Information
	TE-V1R-AZL
Price: ¥22,880 (incl. tax)
Pre-orders currently open
(While stocks last. We recommend placing your order as soon as possible.)
Expected Delivery Date: February 2025 or later
Available at:
AVIOT ONLINE MALL: shop.aviot.jp/c/product/te-v1r-azl

	TE-V1R
→ Basic Specifications
・Driver: Hybrid type with φ10mm dynamic and balanced armature drivers
・Microphone for calls: MEMS microphone
・Battery capacity: Earbud single ear 85mAh / Case 600mAh
・Talk time*: Up to 9 hours
・Playback time*: Up to 19 hours (with charging case: up to 62 hours)
・Earbud charging time: Approximately 1.5 hours
・Charging port: USB Type-C
・Water resistance level**: Equivalent to IPX4
・Weight: Earbud single ear approximately 6.5g
・Other features: Multipoint support (up to 2 devices), single ear usage, earbuds can be individually turned on or off, fast charging (up to 120 minutes of playback with a 10-minute charge), wireless charging
	
→ Accessories
・Silicone earpieces (1 pair each in sizes S/M/L)
・USB Type-C cable
・User manual

	→ Bluetooth Specifications
・Supported codecs: SBC, AAC, LDAC
・Supported profiles: A2DP, AVRCP, HFP, HSP
・Bluetooth version: 5.3
・Number of Bluetooth multi-pairing registrable devices: 8

*Exact time may vary depending on your usage environment
**Earbuds only

About AVIOT
AVIOT, born in 2018 as the original brand of Preseed Japan Corporation, aims to deliver products that convey high-quality Japanese craftsmanship in sound, delicate and beautiful design, and easy-to-use electronic products. In 2023, the brand restarted with the addition of “A Visionary Innovation On Technology” to its name, aiming to be an electronic devices brand that goes beyond the framework of audio-visual products. The vision is to bring innovation through the power of technology and deliver “something that changes your lives” to customers.

Company Name: Preseed Japan Corporation
Representative: CEO Founder Hirokazu Tsuchiyama
Address: 4-16-7 Sendagaya, Shibuya-ku, Tokyo 151-0051, DT Building 3F
Business Activities: 
1) Manufacturing, importing, and selling wireless audio equipment and IoT-related products
2) Importing and selling mobile accessories
3) Managing an e-commerce website

AVIOT Official Website: aviot.jp
AVIOT Official X (formerly Twitter): twitter.com/AVIOT_JP
AVIOT Official Instagram: instagram.com/aviotjapan
AVIOT Official TikTok: tiktok.com/discover/AVIOT	

[en]Source: [/en][es]Fuente: [/es]Official Press Release

[ad_bottom class=""mt40""]",https://honeysanime.com/aviot-to-release-azur-lane-collaboration-true-wireless-earbuds-pre-orders-open/,Honey's Anime,unknown,real
MyAnimeList and Honeyfeed Open Writing Contest “NOVELOUS Worlds” Powered by Shogakukan,"[sourceLink asin="""" asin_jp="""" cdj_product_id="""" text="""" url="""" ]
	



[en]What You Need to Know: [/en][es]Lo que necesitas saber: [/es] 


	MyAnimeList (MAL) and Honeyfeed (HF) proudly announce the opening of “MyAnimeList x Honeyfeed Writing Contest 2025 - NOVELOUS Worlds.” This collaboration aims to spotlight talented international web novel authors by bringing their stories to NOVELOUS, a light novel reader app launched this January by the renowned Japanese publisher, Shogakukan. Anime enthusiasts are invited to craft captivating tales inspired by two prompts: “Love Transcends Boundaries” and “The End is Now.” Centered on themes of love and death, the contest seeks page-turning stories that will ignite the imaginations of new readers on the NOVELOUS platform.

	The NOVELOUS app promises to bridge the gap between global audiences and the beloved Japanese storytelling format of light novels.

	To celebrate its launch, NOVELOUS has partnered with MyAnimeList and Honeyfeed to bring fresh, original talent into the spotlight. Through ""MyAnimeList x Honeyfeed Writing Contest 2025 - NOVELOUS Worlds,"" authors from around the world are invited to showcase their creativity, with a chance to have their works featured on the app.
	
	Prompts
The contest challenges writers to craft compelling stories based on one of two prompts:

	“Love Transcends Boundaries:” Explore the power of love to overcome cultural barriers and obstacles, highlighting bonds that defy the odds.	
	
	“The End is Now:” Dive into a world on the brink of destruction, where humanity has only one year left—how will people respond to the ultimate countdown?	
	
	How it Works
Submissions will be hosted on Honeyfeed, a platform for aspiring novelists, from February 11, 2025, to May 7, 2025. After the submission period, a panel of judges will select finalists, and fans worldwide will participate in the voting phase, from June 23 to July 24, 2025, on NOVELOUS. Winning stories will be announced on August 4, 2025.
	
	Prizes
The contest offers monetary rewards for outstanding entries:
→ Most Voted “Love Transcends Boundaries” Entry: US$3,000
→ Most Voted “The End is Now” Entry: US$3,000
→ Judges’ Choice Award: US$3,000
	
This writing contest not only celebrates the launch of NOVELOUS but also serves as a platform for emerging talent to shine. Writers, don’t miss this chance to expand your readership and have your work featured on this exciting new app!
For complete contest details, submission guidelines, and updates, visit mhwc.myanimelist.net/202502-

	About NOVELOUS
NOVELOUS is an app for reading Japanese light novels. While many people are already familiar with the countless anime and manga series born in Japan, light novels, which often serve as their source material, remain lesser-known. This is partly due to the lack of widespread translations. Through NOVELOUS, Shogakukan, one of Japan’s leading publishers, will introduce North American readers to light novels that have yet to gain wide recognition, offering translations directly from the source.

	About MyAnimeList
MyAnimeList is one of the world’s largest communities and databases for Japanese anime and manga, with 16 million registered members from 240 countries and regions worldwide. An indispensable site for tracking anime and manga progress, it holds over 1.2 billion records of viewing and reading big data. Founded in 2004, MyAnimeList has become a crucial source of information for overseas fans, especially among Generation Z in North America.

	About Honeyfeed
Honeyfeed is a leading writing platform that empowers authors to create, share, and engage with their original stories. With a vibrant community of readers and writers, Honeyfeed provides an immersive space for storytelling across various genres, including anime and manga-inspired narratives.	
	

[en]Source: [/en][es]Fuente: [/es]Official Press Release

[ad_bottom class=""mt40""]",https://honeysanime.com/myanimelist-and-honeyfeed-open-writing-contest-novelous-worlds-powered-by-shogakukan/,Honey's Anime,unknown,real
Panty & Stocking with Garterbelt The Original Soundtrack Returns After 15 Years!,"[sourceLink asin="""" asin_jp="""" cdj_product_id="""" text="""" url="""" ]
	



[en]What You Need to Know: [/en][es]Lo que necesitas saber: [/es] 


	It has been announced that New Panty & Stocking with Garterbelt, the first new installment of the Panty & Stocking with Garterbelt anime series in 15 years, will be broadcast and streamed in 2025!

	To commemorate the broadcast, the smash-hit soundtrack from the original Panty & Stocking with Garterbelt—famously dubbed “the worst and the best” in anime history for its mix of naughty and nice—will be released on vinyl for the first time ever!

	The music, overseen by m-flo member Taku Takahashi, features an impressive lineup of artists including TeddyLoid, Mitsunori Ikeda, Hoshina Anniversary, Booty Bronx, and Jun Sasaki. The result is a relentlessly cool and stylish techno soundtrack.
	
	The first pressing will feature a bold yet playful limited-edition color vinyl in clear pink and purple, along with a fold-out poster. Additionally, Taku Takahashi has rearranged the track order exclusively for this release, presenting it as “the Analog Edition.” Relive the excitement once more and immerse yourself in the over-the-top Panty & Stocking world.
	
	Product Information
Release Date: May 14, 2025
Title: TCY FORCE / Panty & Stocking with Garterbelt The Original Soundtrack Analog Edition
2LP (Limited edition colored vinyl for first pressing) with gatefold Jacket 
Price: ¥6,600 (tax included) / VTJL-37〜38
Limited Edition includes poster of jacket art
The first ever vinyl release of this soundtrack!

	Tracklist
Disc 1 - A
1. Theme for Panty & Stocking – Hoshina Anniversary
2. Beverly Hills Cock – TCY FORCE
3. Theme for Scanty & Knee Socks – TeddyLoid
4. Tenga Step – TCY FORCE
5. Technodildo – Hoshina Anniversary
6. Dancefloor Orgy – TeddyLoid
 
Disc 1 - B
1. Fly Away – TeddyLoid
2. Immoral Church – TeddyLoid & ☆Taku Takahashi
3. See-Through – Hoshina Anniversary
4. Corset Theme – TeddyLoid
5. CHOCOLAT feat. Mariya Ise – TCY FORCE
 
	Disc 2 - A
1. Pantscada – TCY FORCE
2. Schranz Chase – Booty Bronx
3. Daten City – TeddyLoid
4. Cherryboy Riot – TeddyLoid
5. Champion feat. Emyli – TCY FORCE
6. Juice – Jun Sasaki
 
Disc 2 - B
1. D City Rock feat. Debra Zeer – TeddyLoid
2. EPTM feat. Kodai of KinKieS  (Booty Bronx Remix) – Hoshina Anniversary
3. Fallen Angel feat. Aimee B – Mitsunori Ikeda
 
*Note that while the track order differs from the original Panty & Stocking with Garterbelt CD (VTCL-60236), the content is the same.

©TRIGGER・Hiroyuki Imaishi/NPSG Production Committee

New PANTY & STOCKING with GARTERBELT will be broadcast and streamed in 2025!
For more details, please check the official homepage: newpsg.com.

[en]Source: [/en][es]Fuente: [/es]Official Press Release

[ad_bottom class=""mt40""]",https://honeysanime.com/panty-stocking-with-garterbelt-the-original-soundtrack-returns-after-15-years/,Honey's Anime,unknown,real
Announcing the Third Annual “You Should Read This Manga” by MyAnimeList,"[sourceLink asin="""" asin_jp="""" cdj_product_id="""" text="""" url="""" ]
	



[en]What You Need to Know: [/en][es]Lo que necesitas saber: [/es] 


	MyAnimeList just announced the third installment of their global manga event, “You Should Read This Manga 2025”. This highly-anticipated event aims to spotlight recently published manga and connect fans worldwide with new stories that deserve more recognition on a global scale.

	Starting on February 3, 2025, manga enthusiasts, industry professionals, and fans alike will have the opportunity to nominate their new-and-upcoming manga gems for this year’s list. The nomination process will be open to all, allowing the global community to contribute to a diverse and inclusive selection of remarkable titles. This year, fans will also have the unique opportunity to write a message directly to the author of the work they are nominating.

	“Manga is a universal language that transcends borders, and You Should Read This Manga 2025 celebrates the creativity and artistry that make this medium so special,” says Atsushi Mizoguchi, CEO of MyAnimeList. “We’re excited to see the incredible titles our community will bring forward this year.”
	
	Each year, MyAnimeList has been honored to receive personal messages from manga authors whose work was selected, and these messages are added to the final list for fans to enjoy. During nominations, voters have the option to explain why they are passionate about recommending this manga to other fans, and one of these comments is also carefully chosen for display on the final list.
	
	Previous installments garnered immense participation from fans around the world, solidifying its reputation as a benchmark for recognizing outstanding manga available overseas. The initiative also underscores MyAnimeList’s commitment to fostering a vibrant and engaged global manga community.

	Key Dates
Nominations Open: February 3, 2025 3:00 GMT
Nominations Close: February 28, 2025 3:00 GMT
List Announcement: March 31, 2025 3:00 GMT
 
Details regarding eligibility criteria, submission guidelines, and voting procedures can be found on the official event page.

	What is “You Should Read This Manga 2025”?
A global manga project coordinated by MyAnimeList, the world-renowned anime and manga community, along with publishers and bookstores. “You Should Read This Manga” features online nominations from enthusiastic manga readers around the world, whose passionate voices are then curated into the ultimate discovery list of up-and-coming manga recommendations. Aside from the main category, there are also sub-categories tailored for anime fans who are new to reading manga and experienced readers looking for something unique.

Event Page: mxj.myanimelist.net/readthismanga/2025/nomination

	Categories & Criteria
	You Should Read This Manga 2025: All categories
→ At least one volume of the manga was published overseas in 2024.
→ The manga’s Rank & Popularity on MAL are both under #50.
→ If the series is completed, it finished serialization in 2022 or later.
 
	Main List
You really want to recommend this manga to a friend!
 
	Should Be Anime
Cannot have had an anime adaptation in the last 5 years.
 
	Best for Beginners
Can easily be enjoyed by new manga readers (e.g. already adapted to incomplete anime).
 
	Unique Art/Story
For well-versed manga readers who are looking for something fresh.

	About MyAnimeList
MyAnimeList is an anime and manga community, with comprehensive databases maintained by its passionate user base. The website allows members to track their viewing progress, rate and discuss titles, write reviews, and discover new works through various community-driven features. With over 19.5 million users from more than 240 different countries, MyAnimeList is an essential resource for the international anime and manga fan.
 
*Figures as of January 2025.
 
For more about MyAnimeList, please visit myanimelist.net.
For more information or press inquiries, please contact: sales@mail.myanimelist.net.	

[en]Source: [/en][es]Fuente: [/es]Official Press Release

[ad_bottom class=""mt40""]",https://honeysanime.com/announcing-the-third-annual-you-should-read-this-manga-by-myanimelist/,Honey's Anime,unknown,real
Maaya Sakamoto’s Latest Song “Drops” to Serve as OP Theme of TV Anime Aru Majo ga Shinu Made,"[sourceLink asin="""" asin_jp="""" cdj_product_id="""" text="""" url="""" ]
	



[en]What You Need to Know: [/en][es]Lo que necesitas saber: [/es] 


	Maaya Sakamoto’s latest song, “Drops,” has been chosen as the opening theme of the TV anime Aru Majo ga Shinu Made, which will premiere on April 1. A preview of the song is available in the first main promotional video for the series, released today.

	Aru Majo ga Shinu Made is a heartwarming fantasy about Meg, a 17-year-old apprentice witch, who is told by her long-lived teacher, Faust, that a terrible curse has left her with only one year to live. In order to break the curse, Meg sets out to bring happiness to those around her and collect the joyful tears shed by 1,000 people within a year.

	The lyrics for “Drops” were written by Yuho Iwasato, who has collaborated with Maaya Sakamoto on many songs. The music was composed by Naoto Kiyota, an up-and-coming composer making his debut collaboration with Sakamoto, and the arrangement was handled by Shin Kono, who has been arranging Sakamoto’s music for many years. This combination of familiarity and fresh talent makes for an exciting team.

https://youtu.be/l80FWPxqw_A
	
	About Maaya Sakamoto
Born in Tokyo, she began her career as a child actress at the age of eight. She made her CD debut in 1996 with the single “Yakusoku wa Iranai.” Following her 2011 album You Can’t Catch Me, which topped the Oricon chart, she began actively collaborating with a wide range of other artists and musicians. Since her 2013 album Singer-Songwriter, she has also been composing music for other artists.
In 2019, she released her 30th single “Uchuu no Kioku” (produced by Ringo Sheena) and her 10th original album Kyou Dake no Ongaku. In 2020, she released her 25th anniversary album Single Collection+ Achikochi and the digital single “Yakudo,” which topped the Oricon chart.

In July 2021, her radio program “Vitamin M,” which she had been hosting for 20 years, reached its 1,000th broadcast and entered its 21st year. In May 2022, she released the double tie-up single “Sumire / Kotoba ni Dekinai,” with music written and arranged by Shigeru Kishida.

To date, she has released 35 singles and 11 full albums. As a lyricist, in addition to writing her own original songs, she has also written many songs for other artists, including Kinki Kids’ “Hikari no Kehai,” Mamoru Miyano’s “Toumei,” and Walküre’s “Kaze wa Yokoku Naku Fuku,” and has published her own lyrics book Shishu (Kadokawa). 

She won the 38th Kazuo Kikuta Theater Award for her performance as Jerusha in the musical Daddy-Long-Legs. Her latest essay collection Manpukuron - Asu ni Kaburitsuke (Kadokawa) has also garnered attention.

In addition to her singing career, she is active as a voice actress, actress, lyricist, essayist, and radio personality. Her fresh and vibrant voice is loved by fans not only in Japan but also around the world. In 2025, she will celebrate her 30th anniversary as a performer and is set to contribute the opening theme song for the TV anime Aru Majo ga Shinu Made.

Official homepage: jvcmusic.co.jp/maaya
Official YouTube channel: youtube.com/@maayasakamotoch

[en]Source: [/en][es]Fuente: [/es]Official Press Release

[ad_bottom class=""mt40""]",https://honeysanime.com/maaya-sakamotos-latest-song-drops-to-serve-as-op-theme-of-tv-anime-aru-majo-ga-shinu-made/,Honey's Anime,unknown,real
Male VTuber Unit “Reφilm” from Bandai Namco Music Live  to Debut on February 18!,"[sourceLink asin="""" asin_jp="""" cdj_product_id="""" text="""" url="""" ]
	



[en]What You Need to Know: [/en][es]Lo que necesitas saber: [/es] 


	Bandai Namco Music Live announced the debut of its first male VTuber unit, Reφilm (pronounced “Refilm”), under MEWLIVE.

	Established in 2023, the VTuber production MEWLIVE currently has a roster of eight VTubers, including Beatrice Kumano, who is pioneering a new genre by performing as both a real-life and virtual persona.

	Reφilm is part of the MEWLIVE UNIVERSE, a subcategory of MEWLIVE featuring unique settings and story elements. The unit consists of three members: Luki Lux, Aki Natsumegawa, and Rino Nadaya. Their activities will kick off with a series of debut livestreams starting at 20:00 on February 18 (JST).

	Reφilm will operate not only as streamers but also as characters within a unique narrative. The story begins with the three members gathering at a movie theater called Reφilm, located in a parallel world different from Earth. The theater’s owner, Luki Lux, invites part-timers Aki Natsumegawa and Rino Nadaya to join MEWLIVE in an effort to promote the struggling theater, marking the start of their journey as VTubers. However, there is more to their story—a deeper mystery lurking beneath the surface. How did they all come to be at the Reφilm theater? How did they meet? And what exactly is Reφilm?

	Teaser visuals hinting at the mysteries are currently being released one by one on the X accounts of the three members. Moving forward, their stories will be explored in greater depth through streams, original songs, and other content.

Be sure to check out the teaser visuals on X and their debut livestreams on YouTube!


	Luki Lux
The owner of the movie theater Reφilm.
A film enthusiast who runs a small theater as a hobby. His age and species are unknown.

Character Designer: Shinobu Takayama (X: x.com/yamasinotakabu)
YouTube: youtube.com/@Re_LukiLux
X: x.com/Re_Luki_Lux
	
https://youtu.be/OGq72rFRdTQ	
	
	Aki Natsumegawa
A part-time worker at Reφilm and an aspiring radio DJ.
His dream is to host his own radio show. He works part-time selling food at the theater.

Character Designer: Oyo X: x.com/ohyg3)
YouTube: youtube.com/@NatsumegawaAki　
X: x.com/Natsumegawa_Aki	
	
https://youtu.be/QeZi2-F6dDg

	Rino Nadaya	
A part-time worker at Reφilm and a multi-creator.
He handles tasks like designing posters for the theater but often finds himself in tears with the deadlines.

Character Designer: Yukko (X: x.com/matakite_4kaku)
YouTube: youtube.com/@NadayaRino　
X: x.com/Nadaya_Rino

https://youtu.be/nfT2okQS0VI
	
	About MEWLIVE
Launched in 2023, MEWLIVE is a VTuber production aiming to create a world where creators can freely bridge the gap between real and virtual. It currently has a total of 8 members who engage in a wide range of activities, including releasing music on streaming platforms and performing at music festivals.

MEWLIVE official website: mewlive.jp
MEWLIVE official YouTube channel: youtube.com/@mewlive_official
MEWLIVE official X: x.com/mewlive_jp	
	
	About the MEWLIVE Universe
Reφilm (Refilm) was launched as a subcategory within MEWLIVE, consisting of VTubers and VSingers who have unique settings and storylines.	
	
Reφilm YouTube: youtube.com/@Refilm_ch 
Reφilm X: x.com/Refilm_Official

[en]Source: [/en][es]Fuente: [/es]Official Press Release

[ad_bottom class=""mt40""]",https://honeysanime.com/male-vtuber-unit-re%cf%86ilm-from-bandai-namco-music-live-to-debut-on-february-18/,Honey's Anime,unknown,real
"R×R (Reo/ReoNa & Rondo/R・O・N) Digitally Release “DEPARTURES,” Alongside an Anime Vocal Collection for SYNDUALITY Noir!","[sourceLink asin="""" asin_jp="""" cdj_product_id="""" text="""" url="""" ]
	



[en]What You Need to Know: [/en][es]Lo que necesitas saber: [/es] 


	Singer-songwriter Mekakushe teamed up with popular character Mamuang for her new song “Kimi wa Shunokeru” (You’re My Snorkel), which was released on January 15!

	R×R is a fictional unit featured in SYNDUALITY, a large-scale sci-fi project by Bandai Namco Entertainment, Bandai Namco Filmworks, and Bandai Spirits. The unit consists of ReoNa, who performs the theme song for the game SYNDUALITY Echo of Ada, and R・O・N from STEREO DIVE FOUNDATION, who performs the theme song for the TV anime SYNDUALITY Noir. On January 24, 2025, R×R digitally released their song “DEPARTURES” on music streaming platforms.

	“DEPARTURES,” a house music track blending melancholy and brightness, serves as a bridge connecting the anime and the game. It was featured as an insert song in the anime’s final episode and is also used in SYNDUALITY Echo of Ada.

	ReoNa’s ethereal, emotionally resonant vocals and R・O・N’s gentle, supportive singing intertwine to create a melody that transcends the bounds of typical anime songs and captivates listeners. The English lyrics in the chorus provide a unique flair, creating a soothing listening experience. This once-in-a-lifetime collaboration between the two artists is a must-listen.

In addition to “DEPARTURES,” a Vocal Collection featuring theme songs and insert songs from the TV anime was also digitally released on January 24. The album is packed with content, including newly recorded solo versions of the insert song “Your Song” by Ciel (CV: Nagisa Aoyama) and Noir (CV: Aoi Koga).

https://youtu.be/mVedstch4C8

	Product Information
DEPARTURES
Release Date: January 24, 2025
Tracks
1. DEPARTURES
Artist: R×R
Vocals: Reo (ReoNa), Rondo (R・O・N) 
Lyrics/Composition/Arrangement: R・O・N
2. DEPARTURES (SYNDUALITY Echo of Ada ver.)
Composition/Arrangement: R・O・N

On music services: lnk.to/LZC-3005
Music video: youtu.be/mVedstch4C8

	TV Anime SYNDUALITY Noir Vocal Collection
Release Date: January 24, 2025
Tracks
RAYTRACER
Artist: STEREO DIVE FOUNDATION
Eureka
Artist: ARCANA PROJECT
Aire
Artist: ARCANA PROJECT
Drifters
Artist: STEREO DIVE FOUNDATION
You & (A)I
Artist: Ciel (CV: Nagisa Aoyama)
Genwaku Desire
Artist: Ciel (CV: Nagisa Aoyama)
Daydream -Ciel ver.-
Artist: Ciel (CV: Nagisa Aoyama)
Your Song -Ciel ver.-
Artist: Ciel (CV: Nagisa Aoyama)
Genwaku Desire -Noir ver.-
Artist: Noir (CV: Aoi Koga)
Daydream -Noir ver.-
Artist: Noir (CV: Aoi Koga)
Your Song -Noir ver.-
Artist: Noir (CV: Aoi Koga)
Your Song
Artist: Noir (CV: Aoi Koga)/Ciel (CV: Nagisa Aoyama)
DEPARTURES
Artist: R×R
Vocals: Reo (ReoNa), Rondo (R・O・N)

On music services:
lnk.to/LZC-2875
	
	About ReoNa's
A singer known for her anime songs that convey themes of despair. A finalist in the 2017 SACRA MUSIC Audition, ReoNa made her pre-debut in April 2018 as the singing voice of Elsa Kanzaki in the anime Sword Art Online Alternative: Gun Gale Online. In March 2023, she held her first solo concert at Nippon Budokan, titled “ReoNa ONE-MAN Concert 2023 “Pilgrim” at Nippon Budokan ～3.6 Day Nigete Aoune～,” which was a complete sellout. Starting in May 2024, she embarked on her 5th Anniversary Tour, “ReoNa 5th Anniversary Concert Tour ‘Hello, Unhappy,’” performing 11 shows across 9 cities in Japan and completing her first Japan-Asia tour with stops in Taipei, Hong Kong, and Shanghai. In October 2024, she performed “GG,” the opening theme for Sword Art Online Alternative: Gun Gale Online II. Her theme song for SYNDUALITY Echo of Ada, titled “Debris,” was released digitally on January 16, 2025.

ReoNa Official Site: https://www.reona-reona.com
More Information: reona.lnk.to/artistpage	
	
	About R・O・N / STEREO DIVE FOUNDATION	
A versatile musician and artist, R・O・N is known for his ability to create catchy, artistic sounds and unique programming arrangements that span a wide range of genres, utilizing instruments such as piano, guitar, and bass.

As R・O・N, he has composed music for voice actors and artists, as well as background scores, theme songs, and character songs for anime series such as Hypnosis Mic, A3!, Love Live! Sunshine!!, Re:ZERO -Starting Life in Another World-, and BNA: Brand New Animal.

Performing under the name STEREO DIVE FOUNDATION, he debuted in 2013 with “Daisy,” the ending theme for the TV anime Beyond the Boundary. Since then, he has contributed numerous theme songs to popular anime, including Dimension W, Food Wars! Shokugeki no Soma: The Fourth Plate, Moriarty the Patriot, and That Time I Got Reincarnated as a Slime.

R・O・N is also active internationally, performing at events in countries such as the United States, Germany, Canada, Chile, Thailand, and Poland. In 2022, he held his first solo concert abroad in New York, followed by a performance in Singapore in 2023. For the TV anime SYNDUALITY Noir, he composed both the opening theme, “RAYTRACER,” and the ending theme for the second season, “Drifters.”

STEREO DIVE FOUNDATION Official Site: stereodivefoundation.jp
More Information: lnk.to/stereodivefoundation	
	
	About SYNDUALITY
A new sci-fi project by the Bandai Namco Group exploring the theme of misunderstandings between humans and AI. The thoughts and emotions of humans and artificial intelligence that can never truly intersect—the frustration, sadness, and helplessness of longing for each other yet being unable to connect. This project captures and portrays that sorrow through the interactions between humans and AI.

From SYNDUALITY emerges the intertwined lives of humans with humans, humans with AI, and AI with other AI. It is the story of humanity’s final misunderstandings in a world gradually coming to its end.

Anime Official Website: synduality-noir.com
Anime Official X: x.com/SYN_noir
Game Official Website: synduality-ada.bn-ent.net
Game Official X: x.com/SYNDUALITY_GAME	

[en]Source: [/en][es]Fuente: [/es]Official Press Release

[ad_bottom class=""mt40""]",https://honeysanime.com/rxr-reo-reona-rondo-r%e3%83%bbo%e3%83%bbn-digitally-release-departures-alongside-an-anime-vocal-collection-for-synduality-noir/,Honey's Anime,Re:Zero,real
"A New Mekakushe Song Released on January 15, Featuring Mamuang!","[sourceLink asin="""" asin_jp="""" cdj_product_id="""" text="""" url="""" ]
	



[en]What You Need to Know: [/en][es]Lo que necesitas saber: [/es] 


	Singer-songwriter Mekakushe teamed up with popular character Mamuang for her new song “Kimi wa Shunokeru” (You’re My Snorkel), which was released on January 15!

	The catchy, electro dance piece touches on the heart-wrenching feeling of not being able to breathe when a loved one isn’t around. This sentimental song was produced by Kaho Nakamura, Chelmico, Haruno, Harmoe, and Daoko, with Tomggg overseeing the whole collaboration.

The music video and CD jacket were also unveiled on the same day. These were designed by illustrator Wisut Ponnimit, who has worked with other top musical artists like Quruli, Haruoni Hosomo, Gen Hoshino, Ikuko Harada, and the poet Shuntaro Tanikawa.
	
	In the video, his star character, Mamuang, takes a deep dive to participate in an underwater singing competition, where she’s judged by a panel of marine life. The catchy tune is underscored by a sort of melancholy, which is beautifully portrayed in the animation. The whole piece showcases the best of Mekakushe and other hugely talented creators, so we hope that tons of people check it out!
	
	Mekakushe will also be performing with 2.5D artist Yuka Nagase, on Friday, February 7. Their joint concert, “Sekai ga Utsukushii Kara Dayo,” will be held at SHIBUYA PLEASURE PLEASURE, in Tokyo. Their unique worldview will be brought to life through a full band, making this one performance you won’t want to miss!

https://youtu.be/yjM4tbx0unM

	Product Information
Digital Single
Mekakushe “Kimi wa Shunokeru”
Lyrics/Composition: Mekakushe / Arrangement: Tomggg
Streaming: linkco.re/Gy0ux5rd
Music Video: youtu.be/yjM4tbx0unM

	Comment From Mekakushe
The hurt that comes with longing for someone is its own solemn sort of happiness.

From that fateful day onward, it feels like you’ve been set adrift at sea. The fragments of your shattered heart glisten on the water’s surface, and there’s the fear of slipping under the waves, to much darker depths. But, if you were with someone special, then even the bottom of the ocean could feel like heaven.

I’m not sure if that’s something to be happy or sad about, so it turned into a song.

Wisut Ponnimut, who designed the music video for “Kimi ha Shunokeru” is also the creator of “Happy Mamuang,” which has always been a protective charm for my heart. Those pictures and words have soothed me so many times. Just having my beloved Mamuang appear in the video is like a dream come true. When I saw the anime, I was so overcome with emotion, that I couldn’t get any words out. I won’t forget this, not even when I’m old and gray. Mamuang’s spirit lives inside my song.

	Comment From Wisut Ponnimut
Lively songs like this make you want to get up and move, so I did my best to match the animation to the rhythm, to make it feel like it was dancing. Hearing Mekakushe’s cute voice made me wonder what it would be like if Mamuang ended up in a much less adorable world.

Even when your surroundings are harsh, having someone to share them with—even for a moment—can make it all better. She has one line in the song that goes “stay just a little bit longer by my side,” and I could really feel that strong sense of gratitude at having met someone special. So, I worked that into the anime’s story, as well.

Life is so much bigger than anyone can imagine.
It’s a song that feels like taking a deep breath after breaking through the waves.

	Comment From Tomggg
When I first heard Mekakushe’s demo track, with her gorgeous song and simple piano, I couldn’t wait to figure out the best way to arrange the piece. It’s got a fascinating mix of warmth with a bit of a chill to it.

I hope that you’ll go with the ebb and flow of this song, letting it pull you along—whether you dive into it, or float along the surface.

	Concert News: Mekakushe & Yuka Nagase Collaboration Live “Sekai ga Utsukushii Kara Dayo”
	Friday, February 7, 2025 
Doors open - 18:00 / Concert starts - 19:00
Venue: SHIBUYA PLEASURE PLEASURE (Tokyo)

Performers: Mekakushe, Yuka Nagase
Ticket Prices:
1F Premium Tickets: ¥16,500 (tax incl.)
Premium tickets include seating in the front area and a canvas print of “Samishii Wakusei” (Lonely Planet) signed by Mekakushe and Yuka Nagase.
1F/2F Reserved Seating: ¥7,700 (tax incl.)
Notes: 
All tickets are digital-only.
Drinks are not included, and cost ¥600.
Tickets are limited to 4 per person.
Guests must be elementary school-aged or older. 
All seats are reserved.
Pictures and video will be taken, which may include the seating area.

	Wisut Ponnimit’s Profile
Debuted as a manga artist in Bangkok, in 1998.
Awarded the Encouragement Prize in the Manga Division of the 2009 Japan Media Arts Festival.

Best known for his work on the “Mamuang” series, previous music credits include the promotional video for Quruli’s “Amber Colored City, The Morning of The Shanghai Crab.”
	
	Tomggg’s Profile
A prolific arranger who has collaborated on projects with all kinds of artists within Japan and abroad, such as Kaho Nakamura, Chelmico, Haruno, Harmoe, Daoko, Shelheil, and Ena Mori, to name a few. His reach has since gotten even wider with the release of “Nante ne” in a recent commercial for Pokari Sweat.
	
	Mekakushe’s Profile
Handling lyrics, composition, vocals, and piano performance by herself, the next-generation singer-songwriter Mekakushe enjoys immense popularity among artists and creators. Starting classical piano at the age of three, she gradually gravitated towards pop music. Her independently produced songs were featured in a Kao Laurier commercial, and she was one of the top artists on the Spotify official playlist “Kirakira Pop Japan” with a total of 3 million plays. She is a promising emerging artist with anticipated future success. With electronica as the foundation in her recordings, her musical style continues to expand, featuring classical solos and band sets in live performances.

Official YouTube channel: youtube.com/@_mekakushe_
Official X: twitter.com/_mekakushe_
Official Instagram: instagram.com/_mekakushe_
Official TikTok: tiktok.com/@_mekakushe_
Official homepage: mekakushe.com

[en]Source: [/en][es]Fuente: [/es]Official Press Release

[ad_bottom class=""mt40""]",https://honeysanime.com/a-new-mekakushe-song-released-on-january-15-featuring-mamuang/,Honey's Anime,Fate,real
"VTuber Kurone Yousagi, “Cousin” of Nozomi Suzuhara, Debuts with “Acchuu-Ma!” via Lantis and Kicks Off Three Months of Consecutive Releases!","[sourceLink asin="""" asin_jp="""" cdj_product_id="""" text="""" url="""" ]
	



[en]What You Need to Know: [/en][es]Lo que necesitas saber: [/es] 


	Bandai Namco Music Live Inc. has announced that VTuber Kurone Yousagi has released her debut single “Acchuu-Ma!” via the Lantis music label, accompanied by a music video. Additionally, a three-month consecutive song release schedule has been confirmed.

	Kurone Yousagi’s first original song “Acchuu-Ma!” was provided by the trending Vocaloid producer LonePi, whose hit song “Hydrangea” surpassed 20 million views on YouTube. LonePi also created the song’s illustration and music video. The track features a catchy, yami-kawa (sickly cute) pop vibe with a playful rhythm and wordplay, all showcased through Kurone’s lovely voice that she shares with her “cousin.”

Additionally, the release of “Acchuu-Ma!” marks the beginning of a three-month consecutive song release schedule! Kurone is set to digitally release her 2nd single on February 21 and her 3rd single on March 28. Stay tuned for further updates!


https://www.youtube.com/watch?v=-byfkRm5nJE

	Singer: Kurone Yousagi
	Lyrics/Composition/Arrangement/Illustration/Music Video: LonePi
	
	Comment From Kurone Yousagi:
This is my first original song! The lyrics are packed with yami-kawaii vibes, and the catchy melody will make you want to sing along! Also, please take special note of the addictive rap part! Without a doubt, “Acchuu-Ma!” will captivate you! Be sure to listen to it a lot!

	Comment from LonePi:
Since this is Kurone's first original song, I aimed to make it an impactful piece that will continue to be one of her signature songs in the future. I hope its catchiness and cuteness will make you want to listen to it over and over again.		
		
	About Kurone Yousagi
A yami-kawa tsundere VTuber affiliated with MEWLIVE and the “cousin” of voice actress Nozomi Suzuhara.

Kurone is a second-year high school student (currently repeating the year) who adores all things with a sickly-cute aesthetic. While she has a tsundere personality, she occasionally reveals a softer side to those she trusts. She refers to herself as a “lady” and claims to live in a grand mansion, but the reality is... ?

As a 1st-generation member of MEWLIVE, a VTuber production operated by Bandai Namco Music Live Co., Ltd., Kurone made her major debut under the company’s Lantis label in 2025. She has also announced three consecutive months of music releases, further expanding her activities.
		
	Social Media Accounts:
YouTube: youtube.com/@Kurone_Yousagi
X (formerly Twitter): x.com/Yousagi_Kurone		

[en]Source: [/en][es]Fuente: [/es]Official Press Release

[ad_bottom class=""mt40""]",https://honeysanime.com/vtuber-kurone-yousagi-cousin-of-nozomi-suzuhara-debuts-with-acchuu-ma-via-lantis-and-kicks-off-three-months-of-consecutive-releases/,Honey's Anime,unknown,real
Aqours Finale LIVE Theme Song CD “Eikyuu hours” Tops the Oricon Chart!,"[sourceLink asin="""" asin_jp="""" cdj_product_id="""" text="""" url="""" ]
	



[en]What You Need to Know: [/en][es]Lo que necesitas saber: [/es] 


	The latest single by Aqours, the nine-member school idol group from the Love Live! Sunshine!! series of the multimedia Love Live! franchise, has claimed the No. 1 spot on the Oricon Weekly Singles Ranking (dated December 30, 2024). Titled “Eikyuu hours,” the single serves as the theme song for Aqours’ final solo concert, Love Live! Sunshine!! Aqours Finale LoveLive! ～Eikyuu Stage～, marking the culmination of their activities in celebration of their ninth anniversary this year.

	The first limited-edition Blu-ray includes a live-action music video filmed in Aqours’ hometown of Numazu. The CD also features the coupling track “Bokura no Tabi wa Owaranai,” a collaboration with JR Tokai’s Oshitabi campaign.

This is Aqours’ first No. 1 ranking in approximately six years, and member Anju Inami has shared a comment to celebrate the achievement:


https://youtu.be/iMf5iCFz5wY?si=eg0b5BuwS9Hprf80	
	
	Message From Anju Inami, Voice of Chika Takami (Aqours)
We are truly grateful for the overwhelming love and support from everyone who has cheered on Aqours. Thanks to you, we’ve once again achieved the milestone of claiming the No. 1 spot on the Oricon Weekly Singles Ranking!

Set against the backdrop of Numazu in Shizuoka Prefecture, Love Live! Sunshine!! carries the words and heartfelt emotions of everyone involved with Aqours...!

“Thank you so, so much!”

With this song, we hope that Love Live! Sunshine!! Aqours Finale LoveLive! ～Eikyuu Stage～, adorned with the unique brilliance that the nine of us have tirelessly pursued, will resonate with each person’s journey and hold a special place in your hearts.

	Live Information
	Love Live! Sunshine!! Aqours Finale LoveLive! ～Eikyuu Stage～

Schedule:
Day 1: June 21, 2025 — Doors open at 15:00 / Performance starts at 17:00
Day 2: June 22, 2025 — Doors open at 15:00 / Performance starts at 17:00

Venue:
Belluna Dome

Inquiries:information-desk.info

	Aquors' Profile
Aqours is a school idol group that consists of the main characters in LoveLive! Sunshine!! They debuted with their first single “Kimi no Kokoro wa Kagayaiterukai?” in 2015. Over the years, LoveLive! Sunshine!! music CDs have sold over 3.5 million copies, earning the group 10 Gold Records in total. Aqours has also performed at the prestigious 69th NHK Kohaku Uta Gassen and successfully held two solo concerts at Tokyo Dome.

On June 30, 2024, ahead of their 9th anniversary, they announced their final concert together, titled “LoveLive! Sunshine!! Aqours Finale LoveLive! ~Eikyuu stage~.” The theme song for this concert, “Eikyuu hours,” will be released as a single on December 18. The Limited First Edition will include a music video, marking their second live-action music video since “DREAMY COLOR.”

Additionally, the single will include “Bokura no Tabi wa Owaranai,” a collaboration song with the JR Tokai Tokaido Shinkansen’s 60th Anniversary Oshi Tabi campaign.

LoveLive! Sunshine!! Official Website: lovelive-anime.jp/uranohoshi
LoveLive! Series Official X: x.com/LoveLive_staff
LoveLive! Series Official YouTube Channel: youtube.com/c/lovelive_series
LoveLive! Series Official TikTok: tiktok.com/@lovelive_official

[en]Source: [/en][es]Fuente: [/es]Official Press Release

[ad_bottom class=""mt40""]",https://honeysanime.com/aqours-finale-live-theme-song-cd-eikyuu-hours-tops-the-oricon-chart/,Honey's Anime,unknown,real
Multidimensional Artist SZNO Streams First Online Concert  “SZNO 1st ONLINE LIVE [into]” for Free on YouTube,"[sourceLink asin="""" asin_jp="""" cdj_product_id="""" text="""" url="""" ]
	



[en]What You Need to Know: [/en][es]Lo que necesitas saber: [/es] 


	SZNO (pronounced: Suzuno) is a multidimensional artist project that operates in both the real and virtual realms, jointly developed by Bandai Namco Music Live Inc. (Head office: Shibuya-ku, Tokyo; President: Yoshitaka Tao) and MusicRay’n (Head office: Chiyoda-ku, Tokyo; President: Ryoichi Sugiura). On December 18, SZNO streamed her first-ever online concert, titled “SZNO 1st ONLINE LIVE [into]” for free on YouTube.
	
	At AFA Singapore 2024, held from November 29 to December 1, SZNO gave a solo performance on the Akiba Stage, opening for her senior and labelmate, STEREO DIVE FOUNDATION, from the music label Lantis. During the MC segment, she shared in English, “I was nervous, but everyone in Singapore was so warm. These three days have become unforgettable for me.” Her words were met with applause from an audience of approximately 300 people.
	
	After giving her first-ever live performance overseas, SZNO transcended dimensions by holding an online 3D live concert on YouTube. The setlist included all four singles released since her debut on August 24. The video is still available, so don’t miss this unique opportunity to experience her first online concert!

	SZNO 1st ONLINE LIVE [into]	

	
		
			
		
		[sourceLink asin="""" asin_jp="""" cdj_product_id="""" text="""" url="""" ]
	

	
	Concert Link: youtube.com/live/LyRI_X2jcrw
	
About SZNO
SZNO is a multidimensional artist project that operates in both the real and virtual realms. It was born from a collaboration between Bandai Namco Music Live, known for its Lantis label and expertise in producing music content like the Love Live! series, and MusicRay’n, a Sony Music Group company renowned for discovering and nurturing talent such as Sphere, TrySail, and CHiCO.

A stellar lineup of creators has come together for this project, including Jin, the creator of the Kagerou Project, and Ritao (PHASE STUDIO), who has been involved in creative work for KAF and Project SEKAI: Colorful Stage! feat. Hatsune Miku.
As new songs and story videos are released, the world of SZNO is gradually revealed.

Showcasing a range of styles with their debut single “xx,” second single “flag,” and third single “21g,” SZNO has captured attention, with the music videos for “xx” and “flag” each surpassing one million views. Their fourth single, “Mata ne,” is a ballad that wraps listeners in a bittersweet yet warm mood, carried by tender, compassionate, and crystal-clear vocals.

The accompanying official music video features SZNO appearing outdoors for the first time, contemporary dance elements, and connections to their first single, “xx,” making it a must-see.

	Social Media and Website
YouTube: youtube.com/@szno_xx
X (formerly Twitter): x.com/szno_xx
Official Site: lantis.jp/szno

	Main Staff
Worldview/Character Design Concept Collaboration: Jin
Character Design: Ritao (PHASE STUDIO)
Script: Natsumi Moriichi
Music: Ren Nakai
Music Director: Mamoru Tanoue (Heart Company)
Video Director: Satoru Araki (Hifumi, Inc.)
Music Production: Lantis
Planning and Production: SZNO Project (Bandai Namco Music Live, MusicRay’n) (C) SZNO Project

[en]Source: [/en][es]Fuente: [/es]Official Press Release

[ad_bottom class=""mt40""]",https://honeysanime.com/multidimensional-artist-szno-streams-first-online-concert-szno-1st-online-live-into-for-free-on-youtube/,Honey's Anime,unknown,real
"Rib to Release 5th Album Ratimeria on May 14, 2025! Includes Collaboration with a Stellar Lineup of Creators and Vocalists!","[sourceLink asin="""" asin_jp="""" cdj_product_id="""" text="""" url="""" ]
	



[en]What You Need to Know: [/en][es]Lo que necesitas saber: [/es] 


	The vocalist Rib, known for his mysterious persona and exceptional singing ability on video-sharing platforms like YouTube, has announced his fifth album, Ratimeria.

	Set to release on May 14, 2025, Ratimeria marks Rib’s first album in five and a half years since his fourth album, Ribing fossil. The cover illustration is by Posuka Demizu, a popular illustrator known for her work on The Promised Neverland. The album features eight tracks, including “Twilight,” the ending theme for the TV anime Tasokare Hotel provided by Eve, along with contributions from an impressive lineup of creators such as Kairiki Bear × Shota Horie, Giga (lyrics by Hidefumi Kenmochi), Yoh Kamiyama, TOKOTOKO (NishizawasanP), Sasuke Haraguchi, and meiyo.

The First Press Limited Edition is packaged in a deluxe tall-case format with foil stamping and includes a bonus CD. This CD contains cover songs in collaboration with vocalists whom Rib respects, such as Soraru, Kashitaro Ito, Chogakusei, Senra, and one more artist to be announced at a later date.


	Comment from Posuka Demizu
I am deeply honored to have been asked to create the jacket illustration for Rib’s album. I interpreted the concept in my own way to bring it to life. 
The coelacanth’s appearance is powerful, yet I aimed to give it an endearing face, hoping to convey a sense of approachability. Like a great tree, it grows slowly over a long period of time, a reliable presence watching over the beautiful surface of the sea from the depths. I would be happy if this resonates with the image you have in your mind.

	Album Information
Title: 5th Album Ratimeria
Artist: Rib
Release Date: May 14, 2025
Standard Edition: ¥2,640 (incl. tax), VTCL-60646
Limited First Edition: ¥3,960 (incl. tax), VTZL-254

	Limited First Edition Bonuses
1. Collaboration Cover CD featuring Rib and other vocalists
2. Deluxe tall-case packaging with foil stamping

	Tracklist
“Twilight” Lyrics/Composition: Eve, Arrangement: Numa – Ending Theme for the TV Anime Tasokare Hotel
“Stray Sea” Kairiki Bear × Shota Horie – Provided Track
“Play” Giga (Lyrics: Hidefumi Kenmochi) – Provided Track
“Yodaka” Yoh Kamiyama – Provided Track
“Melty Cheese Freak” TOKOTOKO (NishizawasanP) – Provided Track
“Tookudeite” Sasuke Haraguchi – Provided Track
“Toridori no Iro” meiyo – Provided Track
Rib Original Track (TBA)
Total of 8 tracks
* The content is the same for both Standard and Limited Editions
* The tracklist may be subject to change

	Limited First Edition Bonus CD
Soraru × Rib “Goodbye Declaration”
Soraru × Rib “Shanti”
Kashitaro Ito × Rib “Shura Bara”
Chogakusei × Rib “Song TBA”
Senra × Rib “Song TBA”
?? × Rib
Total of 6 tracks
* The tracklist may be subject to change
	
	Rib's Profile
A male vocalist active in the net scene, primarily on video-sharing sites like YouTube and Nico Nico Douga, as well as social media platforms. His second album, Riboot (2014), reached second place on the Oricon Weekly Ranking, a remarkable feat for an artist primarily active online. Similarly, his fourth album “Ribing fossil” (2019), released four and a half years later, reached third place on the Oricon Weekly Ranking. He has yet to reveal his face, and his mysterious persona, along with his  exceptional singing ability, have garnered strong support from his fans.

On November 24, 2021, he simultaneously released a best-of album, MYLIST, and an acoustic cover album, PLAYLIST. In 2023, he and his longtime friend Soraru worked together under the name “Soraru to Rib” to provide the opening theme song for the TV anime Migi & Dali. In 2024, he has largely stayed out of the public eye on social media, but in 2025, the 15th anniversary of his career, he will be providing the ending theme song for the TV anime Tasokare Hotel. 

He has a deep love for sweets and ice cream.

Official homepage: jvcmusic.co.jp/singing-rib
Official X: x.com/singing_rib
Official X (staff account): x.com/rib_info2525
Official YouTube channel: youtube.com/c/ribYT
Official 5th album Ratimeria webpage: singing-rib.com
	

[en]Source: [/en][es]Fuente: [/es]Official Press Release

[ad_bottom class=""mt40""]",https://honeysanime.com/rib-to-release-5th-album-ratimeria-on-may-14-2025-includes-collaboration-with-a-stellar-lineup-of-creators-and-vocalists/,Honey's Anime,unknown,real
"nano.RIPE to Release Hikari wo Hakobumono,  First Full Album in Over Two Years, on March 12!","[sourceLink asin="""" asin_jp="""" cdj_product_id="""" text="""" url="""" ]
	



[en]What You Need to Know: [/en][es]Lo que necesitas saber: [/es] 


	The two-member band nano.RIPE, known for performing numerous anime theme songs, announced at their concept one-man live “Hoshinomonshou” held at Shibuya DIVE that they will release their next full album, Hikari wo Hakobumono (Lit. “Those Who Carry Light”), on March 12, 2025.

	Themed around “initial impulses,” the album will include 13 tracks, featuring 10 brand-new songs. The existing tracks will include “Hikari no Nai Machi,” the OP theme of The Devil Is a Part-Timer! season 2, “Magic Hour,” the image song for the manga Tensei Shite Inaka de Slow Life wo Okuritai, and “Climax,” the high school baseball theme and cheering song for Saitama, Chiba, and Ishikawa prefectures.

To promote the album, the band will embark on a nationwide tour, visiting nine cities across Japan starting in April. Pre-sale tickets are available now.


	Comment From Kimiko (Guitar, Vocals)
With the theme of initial impulses, we carefully crafted this album while staying true to our unique band sound. We poured into it the hope that we can now share the light music once gave us. May this album contain something that lights your way.

	Product Information
nano.RIPE 8th album Hikari wo Hakobumono
Release Date: March 12, 2025
Product No.: LACA-25147
Price: ¥3,300 (incl. tax)

Tracklist
1. Toroimerai
Lyrics: Kimiko / Composition: Kimiko / Arrangement: Jun Sasaki
2. Hoshi ni Todoku yo
Lyrics: Kimiko / Composition: Jun Sasaki / Arrangement: Jun Sasaki
3. Climax (Saitama-Chiba-Ishikawa High School Baseball Theme and Cheering Song)
Lyrics: Kimiko / Composition: Jun Sasaki / Arrangement: Jun Sasaki
4. Hikari no Nai Machi (The Devil Is a Part-Timer! 2nd Season OP Theme)
Lyrics: Kimiko / Composition: Jun Sasaki / Arrangement: Jun Sasaki
5. Boku to Otona no Chocolate
Lyrics: Kimiko / Composition: Kimiko / Arrangement: Jun Sasaki
6. Tsuki no Deru Oka
Lyrics: Kimiko / Composition: Jun Sasaki / Arrangement: Jun Sasaki
7. Zirconia
Lyrics: Kimiko / Composition: Jun Sasaki / Arrangement: Jun Sasaki
8. Shoki Shoudou
Lyrics: Kimiko / Composition: Jun Sasaki / Arrangement: Jun Sasaki
9. Sakugetsu
Lyrics: Kimiko / Composition: Jun Sasaki / Arrangement: Jun Sasaki
10. Limit
Lyrics: Kimiko / Composition: Jun Sasaki / Arrangement: Jun Sasaki
11. Magic Hour (Tensei Shite Inaka de Slow Life wo Okuritai Image Song)
Lyrics: Kimiko / Composition: Jun Sasaki / Arrangement: Jun Sasaki
12. Hatenaki Blue
Lyrics: Kimiko / Composition: Jun Sasaki / Arrangement: Jun Sasaki
13. Hoshi to Boku no Zahyou
Lyrics: Kimiko / Composition: Jun Sasaki / Arrangement: Jun Sasaki

	8th Album Hikari wo Hakobumono Release Tour
	Schedule
April 12, 2025 (Sat) Joetsu EARTH, Niigata - OPEN 17:00 / START 17:30
April 19, 2025 (Sat) Kanazawa AZ, Ishikawa - OPEN 17:00 / START 17:30
April 20, 2025 (Sun) Kanazawa AZ, Ishikawa - OPEN 16:00 / START 16:30
May 3, 2025 (Sat) Nagoya ell.SIZE, Aichi - OPEN 17:00 / START 17:30
May 10, 2025 (Sat) Sendai ROCKATERIA, Miyagi - OPEN 17:00 / START 17:30
May 17, 2025 (Sat) Queblick, Fukuoka - OPEN 17:00 / START 17:30
May 24, 2025 (Sat) CRAZYMAMA 2ndRoom, Okayama - OPEN 17:00 / START 17:30
May 25, 2025 (Sun) Fukushima LIVE SQUARE 2nd LINE, Osaka - OPEN 16:00 / START 16:30
May 31, 2025 (Sat) Sapporo Crazy Monkey, Hokkaido - OPEN 17:00 / START 17:30
June 7, 2025 (Sat) Shimokitazawa CLUB Que, Tokyo - OPEN 16:45 / START 17:30
	
	Tickets
FC Pre-sale
Sale Period: 20:00 on December 7 – 23:59 on December 22 (JST)
Ticket Price: ¥5,000 (incl. tax) 
*FC discount price
*Purchase limit: 2 tickets per person
*Drink fee not included
*Required for ages 3 and up
*Fan club membership required to apply for tickets

Fan Club “Noctiluca”
fanicon.net/fancommunities/3607

	General Sale
Sale Period: From 10:00 on January 1, 2025 (JST)
Ticket Price: ¥5,500 (incl. tax) / ¥6,000 (incl. tax) at the door
*Drink fee not included
*Required for ages 3 and up

	Inquiries about the performance
nano.RIPE info: post@nanoripe.com

	nano.RIPE's Profile
A two-member band consisting of Kimiko (Guitar, Vocals) and Jun Sasaki (Guitar), formed in 2004. They made their major debut in 2010 and gained widespread attention in 2011 with the opening theme song “Hana no Iro” for the TV anime Hanasaku Iroha. They have since provided theme songs for numerous anime, including Hanasaku Iroha, The Devil Is a Part-Timer!, Non Non Biyori, and Food Wars! In 2015, they successfully completed a tour across all 47 prefectures in Japan, and in 2019, they performed at “COUNTDOWN JAPAN 19/20.” They remain active with live performances both domestically and internationally and will celebrate their 15th anniversary in 2025.	

[en]Source: [/en][es]Fuente: [/es]Official Press Release

[ad_bottom class=""mt40""]",https://honeysanime.com/nano-ripe-to-release-hikari-wo-hakobumono-first-full-album-in-over-two-years-on-march-12/,Honey's Anime,unknown,real
Macross 7 Album Karaoke FIRE!! to Receive a Digital Release on December 16 as Karaoke FIRE!! STREAM with New Bonus Tracks!,"[sourceLink asin="""" asin_jp="""" cdj_product_id="""" text="""" url="""" ]
	



[en]What You Need to Know: [/en][es]Lo que necesitas saber: [/es] 


	As Macross 7 celebrates its 30th anniversary this year, the rock band FIRE BOMBER from the anime has released their first song in approximately 12 years, titled “BURN! BURN! BURN!” Additionally, their first solo concert in 13 years, titled “SANKYO presents MACROSS 7 30th Anniv. FIRE BOMBER LIVE 2025 ～BURN! BURN! BURN!～,” is set for next year. With this exciting line up of events, fans have much to look forward to.

And today, December 12, during the live broadcast of the information program Macross ga Tomaranai on SHOWROOM, even more exciting news was revealed: the digital album Karaoke FIRE!! STREAM will be released next Monday, December 16.
	
	Originally released on December 16, 1995, the album Karaoke FIRE!! is returning in digital form as Karaoke FIRE!! STREAM, now featuring three new bonus tracks: “DYNAMITE EXPLOSION,” “ANGEL VOICE,” and “HEART & SOUL.” As the festive season approaches and the streets come alive with vibrant energy, fans can now enjoy singing the iconic songs of Macross 7 anytime, anywhere, and as often as they like to stir up endless spiritia!

	Currently, a digest video of Karaoke FIRE!! STREAM is available on the official FlyingDog YouTube channel, and the album is already available for pre-add/pre-save. While waiting for the release date, fans can pre-add/pre-save the album and enjoy singing along to the digest video!

	https://youtu.be/QoD2Kr9PzrE	
	
	Release Information
Macross 7 Album Karaoke FIRE!! STREAM
Release Date: December 16, 2024

	Tracklist *All karaoke tracks
PLANET DANCE
Totsugeki Love Heart
REMEMBER 16
SWEET FANTASY
SEVENTH MOON
MY SOUL FOR YOU
MY FRIENDS
SUBMARINE STREET
HOLY LONELY LIGHT
Kimi ni Todoke
POWER TO THE DREAM
...Dakedo Baby!!
LIGHT THE LIGHT
TRY AGAIN
DYNAMITE EXPLOSION (BONUS TRACK)
ANGEL VOICE (BONUS TRACK)
HEART&amp;SOUL (BONUS TRACK)

	Distribution Information
Available on streaming services and major download sites such as the iTunes Store, RecoChoku, and mora from December 16. Pre-add/Pre-save now!
jvcmusic.lnk.to/KaraokeFireStream

Streaming services: Apple Music, LINE MUSIC, Amazon Music Unlimited, AWA, KKBOX, Rakuten Music, TOWER RECORDS MUSIC, Spotify, YouTube Music

[en]Source: [/en][es]Fuente: [/es]Official Press Release

[ad_bottom class=""mt40""]",https://honeysanime.com/macross-7-album-karaoke-fire-to-receive-a-digital-release-on-december-16-as-karaoke-fire-stream-with-new-bonus-tracks/,Honey's Anime,unknown,real
"Poka Poka Ion (Nao Toyama & Kiyono Yasuno) to Perform ED Theme of Upcoming Anime I’m a Behemoth, an S-Ranked Monster, but Mistaken for a Cat, I Live as an Elf Girl’s Pet","[sourceLink asin="""" asin_jp="""" cdj_product_id="""" text="""" url="""" ]
	



[en]What You Need to Know: [/en][es]Lo que necesitas saber: [/es] 


	The second promotional video for the TV anime I’m a Behemoth, an S-Ranked Monster, but Mistaken for a Cat, I Live as an Elf Girl’s Pet, set to air in January 2025, was released today. Alongside the video, it was announced that the anime’s ending theme will be performed by the popular voice actress unit, Poka Poka Ion.

	Poka Poka Ion is a duo formed by Nao Toyama and Kiyono Yasuno, who are also members of the tactical sound unit Walküre from Macross Δ. They debuted in March 2022 with their first single. Now, three years later, they are set to release their highly anticipated second single, “Rimmy,” on March 5, 2025. This song will serve as the ending theme for the anime I’m a Behemoth, an S-Ranked Monster, but Mistaken for a Cat, I Live as an Elf Girl’s Pet.

	The new artist photo is themed around baths, a highlight of the soothing scenes in the anime. Featuring their signature pink and blue colors, the design perfectly embodies Poka Poka Ion’s warmth and charm.

	“Rimmy” will be available in three versions: Poka Poka Edition, Ion Edition, and Anime Regular Edition. The Poka Poka Edition includes a Blu-ray disc featuring special content such as Poka Poka Ion’s After-Bath Talk!—a segment where the duo enjoys food and drinks post-bath—along with different versions of the “Rimmy” music video and a behind-the-scenes making-of feature.

	The Ion Edition will feature a deluxe set that includes a 56-page photo book titled Poka Poka Ion’s Onsen Tour Journal, along with a karaoke CD for duets with Nao Toyama and Kiyono Yasuno.

The Anime Regular Edition features an exclusive, newly illustrated anime-style jacket designed specifically for this release.

	https://youtu.be/Gup8LIj-geY
	
	Product Information
Title: Rimmy
Ending theme of I’m a Behemoth, an S-Ranked Monster, but Mistaken for a Cat, I Live as an Elf Girl’s Pet
Artist: Poka Poka Ion
Release Date: March 5, 2025

	Poka Poka Edition (VTZL-249)
CD + Blu-ray
Price: ¥3,520 (incl. tax)
Blu-ray content: Special bonus video Poka Poka Ion’s After-Bath Talk! / Rimmy Music Video (Full ver.) / Rimmy Music Video (near×near 1cho. ver.) / Rimmy Music Video Making-of

Tracklist
1. Rimmy (Lyrics/Composition/Arrangement: Yusuke Shirato)
2. Symmetry wings (Lyrics: Kiyono Yasuno / Composition: Nao Toyama / Arrangement: Hinako Tsubakiyama)
3. Kitto Cherry (Lyrics/Composition/Arrangement: Chinozo)
Plus instrumental versions of tracks 1-3

	Ion Edition (VTZL-250)
2 CDs + Photobook 
Price: ¥3,520 (incl. tax)
Contents: CD + deluxe 56-page photo book Poka Poka Ion’s Onsen Tour Journal + duet karaoke CD (featuring 4 new tracks with “without Nao” and “without Kiyono” versions).

Tracklist
1. Rimmy (Lyrics/Composition/Arrangement: Yusuke Shirato)
2. Symmetry wings (Lyrics: Kiyono Yasuno / Composition: Nao Toyama / Arrangement: Hinako Tsubakiyama)
3. Fairytale wa Owaranai (Lyrics: Saori Kodama / Composition/Arrangement: Akki)
Plus instrumental versions of tracks 1-3

	Anime Edition (VTCL-35380)
CD only
Price: ¥1,320 (incl. tax)
Anime jacket illustration

Tracklist
1. Rimmy (Lyrics/Composition/Arrangement: Yusuke Shirato)
2. Symmetry wings (Lyrics: Kiyono Yasuno / Composition: Nao Toyama / Arrangement: Hinako Tsubakiyama)
3. Rimmy (TV size)
Plus instrumental versions of tracks 1-2

	Distribution Information
Available on streaming services and major download sites such as the iTunes Store, RecoChoku, and mora.
Streaming services: Apple Music, LINE MUSIC, Amazon Music Unlimited, AWA, KKBOX, Rakuten Music, TOWER RECORDS MUSIC, Spotify, YouTube Music
		
	Poka Poka Ion Special Website: pokapokaion.com
		
	About Poka Poka Ion
Nao Toyama and Kiyono Yasuno are both members of the tactical music unit Walküre from Macross Delta. After performing together on a TV show in 2017, they hit it off, and Poka Poka Ion was officially announced on November 22, 2021.

In December 2021, they performed the insert song “Boku no Takaramono” for episode 11 of the TV anime Isekai Shokudo 2. On March 2, 2022, they released their first single “Yajirushi→” (the opening theme for the TV anime Slow Loop) under Flying Dog, marking their major debut.

Poka Poka Ion, which was formed under the concept of “soothing people’s hearts and delivering vitality ‘vitamins’ for tomorrow,” seeks to deliver comfortable pop tunes that warm people’s hearts (“pokapoka” in Japanese) and shower them with negative ions!

	Nao Toyama's Profile (Poka Poka Ion color: Pink)
Date of Birth: March 11
Place of Birth: Tokyo
Hobbies/Special Skills: Singing, dancing

Major Roles:
Reina Prowler in MacrossΔ
Rin Shima in Yuru Camp△
Yui Yuigahama in My Youth Romantic Comedy Is Wrong, As I Expected
Karen Kujo in Kiniro Mosaic
Kanon Nakagawa in The World God Only Knows

Nao Toyama debuted as a singer in 2017 and held her first solo concert at the Nippon Budokan in February 2018. In 2019, she completed her first Asian tour. This year, celebrating her 15th anniversary as a voice actress and 7th anniversary as a singer, she hosted her first Billboard Live performances (in Osaka and Yokohama) and official fan club “Niji no Wakka” live cave bus tour. Her latest single “Hoshi no Dengon” is currently on sale.

Official X: @naobou_official
Artist homepage: toyamanao.com
Official blog: ameblo.jp/naobouofficial
Official YouTube channel: youtube.com/c/naobou_channel
Instagram account: @naobou_official
TikTok account: tiktok.com/@official_naotoyama
Official fan club “Niji no Wakka”: fc.toyamanao.com

	Kiyono Yasuno's Profile (Poka Poka Ion color: Blue)
Date of Birth: July 9
Place of Birth: Miyagi Prefecture
Hobbies/Special Skills: Enjoying saké, murder mysteries

Major Roles:
Kaname Buccaneer in MacrossΔ
Megumi Kato in How to Raise a Boring Girlfriend
Elena Amamiya in Star Twinkle PreCure
Natsuki Kimura in The Idolmaster Cinderella Girls
Ryoko Totonoi in Hana wa Saku, Shura no Gotoku

In July 2017, Kiyono Yasuno made her solo artist debut with her first mini-album Namida, which included the ending theme “Chiisana Hitotsubu” from the TV anime Isekai Shokudo,. Since then, she has released four singles, one digital single, three mini-albums, one full album, and one live Blu-ray. Her latest song, “Re:fresh,” is now available for streaming.

Official X account: @Yaskiyo_manager
Official website: avex.jp/kiyono-yasuno
Official YouTube channel: youtube.com/channel/UCEQScK4V7gy34xEFGjNH6Hw
Official fan club “Yasuno Family”: yasunoke.fc.avex.jp

[en]Source: [/en][es]Fuente: [/es]Official Press Release

[ad_bottom class=""mt40""]",https://honeysanime.com/poka-poka-ion-nao-toyama-kiyono-yasuno-to-perform-ed-theme-of-upcoming-anime-im-a-behemoth-an-s-ranked-monster-but-mistaken-for-a-cat-i-live-as-an-elf-girls-pet/,Honey's Anime,unknown,real
Rib to Perform “Twilight” as ED Theme for Upcoming Anime Tasokare Hotel! Song Revealed in Newly Released Second PV!,"[sourceLink asin="""" asin_jp="""" cdj_product_id="""" text="""" url="""" ]
	



[en]What You Need to Know: [/en][es]Lo que necesitas saber: [/es] 


	The vocalist Rib, who is primarily active on video-sharing platforms like YouTube, has garnered strong support for his mysterious persona and exceptional singing ability, all without revealing his face. Now, after a three-year hiatus, he has announced an original song titled “Twilight.”

	“Twilight” will serve as the ending theme for the TV anime Tasokare Hotel, which begins airing on January 8, 2025. A snippet of the song can be heard in the anime’s second official promotional video. The track was written by the artist Eve, who connected with Rib in 2010 after he posted his first cover on Nico Nico Douga. Since then, the two have maintained a mutual respect and artistic camaraderie.

Tasokare Hotel is the highly anticipated TV anime adaptation of the popular mobile game of the same name, which has surpassed 1 million downloads worldwide. “Twilight” is a fast-paced track that captures the beautiful yet fleeting world of Tasokare Hotel, bathed in the colors of twilight. A promotional video focused on the song “Twilight” has been released on Rib’s official X account, offering fans an early preview before the anime’s premiere.

	https://youtu.be/eRmNv5CLXbM	
	
	Comment From Rib:
I am Rib, and I will be performing the ending theme song for the TV anime Tasokare Hotel. I am deeply moved to be working with Eve again in this way, given our long-standing connection, and I poured my heart into singing this song. I hope you will enjoy the strange, sometimes heartbreaking, and sometimes beautiful story unfolding at the Twilight Hotel, along with the music.
	
	Rib's Profile
A male vocalist active in the net scene, primarily on video-sharing sites like YouTube and Nico Nico Douga, as well as social media platforms. His second album, Riboot (2014), reached second place on the Oricon Weekly Ranking, a remarkable feat for an artist primarily active online. Similarly, his fourth album “Ribing fossil” (2019), released four and a half years later, reached third place on the Oricon Weekly Ranking. He has yet to reveal his face, and his mysterious persona, along with his  exceptional singing ability, have garnered strong support from his fans.

On November 24, 2021, he simultaneously released a best-of album, MYLIST, and an acoustic cover album, PLAYLIST. In 2023, he and his longtime friend Soraru worked together under the name “Soraru to Rib” to provide the opening theme song for the TV anime Migi & Dali. In 2024, he has largely stayed out of the public eye on social media, but in 2025, the 15th anniversary of his career, he will be providing the ending theme song for the TV anime Tasokare Hotel. 

He has a deep love for sweets and ice cream.

Official homepage: jvcmusic.co.jp/singing-rib
Official X: x.com/singing_rib
Official X (staff account): x.com/rib_info2525
Official YouTube channel: youtube.com/c/ribYT	

	Comment From Eve:
I am honored to have had the opportunity to contribute music to such a wonderful anime. Rib, who performed the vocals, is not only an old friend of mine but also a vocalist I deeply respect. I am truly happy to have had the chance to work together again on this project. Please be sure to listen to his voice and the music together.

	Eve's Profile
Her albums Otogi, released in February 2019, and Smile, in February 2020, both reached No. 2 on the Oricon Album Chart. Kaikai Kitan / Ao no Waltz, released in December 2020, topped the Oricon Daily Chart, and the track “Kaikai Kitan” surpassed 770 million streams worldwide and 390 million views on its music video. In 2021, it was the most-played Japanese song overseas on Spotify.

Her YouTube subscriber count is over 5.16 million, making her the fourth most-subscribed domestic artist. Kaizin, released in March 2022, reached No. 3 on the Oricon Daily Album Chart. In the same month, the video project Adam by Eve: A Live in Animation, featuring Eve, was distributed worldwide in theaters across Japan and on Netflix.

In 2024, she held her first Asia tour, “Eve Asia Tour 2024 Culture,” including a performance in Japan, which quickly sold out. On November 27, she released the album Under Blue. 

In July and August 2025, she will embark on her arena tour, “Eve Arena Tour 2025 Under Blue,” which will visit five cities for ten performances. She is an artist attracting significant attention both domestically and internationally.
	
	Song Information
Ending theme of TV anime Tasokare Hotel
“Twilight” by Rib
Lyrics/Composition: Eve / Arrangement: Numa

[en]Source: [/en][es]Fuente: [/es]Official Press Release

[ad_bottom class=""mt40""]",https://honeysanime.com/rib-to-perform-twilight-as-ed-theme-for-upcoming-anime-tasokare-hotel-song-revealed-in-newly-released-second-pv/,Honey's Anime,unknown,real
AKINO From bless4 and Yoshiki Fukuyama Announced as OP and ED Theme Artists for Upcoming Anime Aquarion: Myth of Emotions,"[sourceLink asin="""" asin_jp="""" cdj_product_id="""" text="""" url="""" ]
	



[en]What You Need to Know: [/en][es]Lo que necesitas saber: [/es] 


	The Aquarion series, an original robot anime created by Shoji Kawamori (Macross series) and Satelight, will celebrate its 20th anniversary next year. The highly anticipated Aquarion: Myth of Emotions, the fourth entry in the series, is set to premiere in January.

	During a special event held at Tachikawa Cinema City on December 7, which featured an advance screening of Episode 1 and a talk show, details about the opening and ending theme songs for the anime were revealed.

The opening theme, “Genesis of Aquarion: Myth of Emotions Ver.,” will be performed by a special unit comprising AKINO from bless4—who sang the iconic theme for the original 2005 series Genesis of Aquarion—and Yoshiki Fukuyama, known for his work with FIRE BOMBER and JAM PROJECT. The original “Genesis of Aquarion,” written by Yuho Iwasato and composed by Yoko Kanno, is known for its memorable lyrics, “I’ve loved you since ten thousand and two thousand years ago.” The Myth of Emotions version is a reimagining of this classic track by renowned Evangelion composer Shiro Sagisu.
	
	The ending theme, titled “Kokuhaku,” will also be performed by AKINO. With lyrics by director Kenji Itoso and Yoko Kanno, and composition and arrangement by Kanno, the song blends AKINO’s vocals with stunning string arrangements to deliver a divine musical experience.

	https://youtu.be/T9zHdVOM7qE
	
	Comment From AKINO:
Congratulations on the 20th anniversary of Aquarion❣️
I first encountered this series when I was 14, and it changed my life in a big way.
I’ve been waiting for this for ten thousand and two thousand years!
I’m incredibly happy to be a part of Aquarion: Myth of Emotions, and I can’t wait to watch it in real time.
♪I’ll keep loving it even for ten thousand and two thousand years♪

	Comment From Yoshiki Fukuyama:
I’m Yoshiki Fukuyama, and I’ll be singing “Genesis of Aquarion: Myth of Emotions Ver.” with AKINO.
This is a song that everyone knows, but I never imagined I’d be the one to sing it!
Since I’m dueting with AKINO, who’s been singing it for 20 years, the bar was set quite high (laughs).
I hope you’ll enjoy this new version. Of course, it would also be amazing to perform it live.
Since the anime is set in Enoshima, which is near my hometown, I’m thinking of making a pilgrimage to the places shown in the anime. I can’t wait for it to air!

	TV Anime Aquarion: Myth of Emotions Theme Song Details
	Opening Theme
Title: Genesis of Aquarion: Myth of Emotions Ver.
Artists: AKINO from bless4 and Yoshiki Fukuyama
Lyrics: Yuho Iwasato
Composition: Yoko Kanno
Arrangement: Sagisu Shiro

	Ending Theme
Title: Kokuhaku
Artist: AKINO from bless4 
Lyrics: Yoko Kanno, Kenji Itoso
Composition/Arrangement: Yoko Kanno

[en]Source: [/en][es]Fuente: [/es]Official Press Release

[ad_bottom class=""mt40""]",https://honeysanime.com/akino-from-bless4-and-yoshiki-fukuyama-announced-as-op-and-ed-theme-artists-for-upcoming-anime-aquarion-myth-of-emotions/,Honey's Anime,unknown,real
ZUTOMAYO Releases Official Music Video for “TAIDADA” Created as an Homage to DAN DA DAN’s Ending Sequence,"[sourceLink asin="""" asin_jp="""" cdj_product_id="""" text="""" url="""" ]
	



[en]What You Need to Know: [/en][es]Lo que necesitas saber: [/es] 


	ZUTOMAYO has released a music video for “TAIDADA,” the ending theme for the TV anime DAN DA DAN. The anime’s popular ending sequence highlights the charm of Turbo Granny, a maneki-neko (beckoning cat) character featured in the manga’s volume extras.

	The newly released “TAIDADA” music video is a collaborative work that pays homage to this ending sequence. By reusing some of the original visuals, it presents an original occult-themed story featuring Turbo Granny alongside ZUTOMAYO’s official characters: Uniguri-kun, shoga_st, and Nira-chan.

The music video was directed by goru, known for his work on key animation for DAN DA DAN and several ZUTOMAYO music videos, including “Ham,” “Fuhou Shinnyuu,” and “Blues in the Closet.” The scene of Turbo Granny and Uniguri-kun running side by side during the chorus makes this a rare official video that breaks the boundaries between anime and music artist characters.


	https://youtu.be/IeyCdm9WwXM
	
	TAIDADA DL/Streaming
lnk.to/ZTMY_TAIDADA

ZUTOMAYO
	“TAIDADA”
Lyrics & Music & Vocal - ACAne
Arrangement - nilfruits, 100kai outo, ZTMY
Drums - Yoshihiro Kawamura
Bass - Takashi Adachi
Guitar - Yuya Komoguchi
Rec & Mix Engineer - Toru Matake
Mastering Engineer - Takeo Kira
Sound Director - Kohei Matsumoto

	Music Video
Direction, Character Design - Goru

	
	
	Product Information
Mini Album “Koke no Ichinen Kaiba ni Takusu” 
Release Date: October 23, 2024

CD (All editions)
Tracks
1. Koke
2. TAIDADA (ED theme of TV anime DAN DA DAN)
3. KUZURI
4. Hippocampal Pain
5. Truth in Lies (Theme song of My Oni Girl)
6. Blues in the Closet (Insert song from My Oni Girl)
*Off-vocal (instrumental) versions also included in Limited First Edition
 *First press bonus: DAN DA DAN × ZUTOMAYO Sparkling Stickers

Limited Edition (2 CDs)
Product No.: UPCH-29480
Price: ¥4,400 (incl. tax)
・Grimoire Package Design
・Includes off-vocal (instrumental) versions of all main tracks
・Includes a live audio CD of the 5th Anniversary Premium Genso Doro Dango Tour performance @ Zepp Haneda (TOKYO) (May 31, 2023) (contains 14 tracks, including some cover songs)

Disc 1
1. Koke
2. TAIDADA
3. KUZURI
4. Hippocampal Pain
5. Truth in Lies
6. Blues in the Closet
7. Koke (Instrumental)
8. TAIDADA (Instrumental)
9. KUZURI (Instrumental)
10. Hippocampal Pain (Instrumental)
11. Truth in Lies (Instrumental)
12. Blues in the Closet (Instrumental)

Disc 2
1. Glass to Rum Raisin
2. Haze Haseru Haterumade
3. Obenkyou Shitoite yo
4. Ham
5. Marine Blue Garden
6. Kimi no Shiranai Monogatari (1cho)
7. Front Memory (short ver.)
8. Yasashiku Last Smile
9. Fuhou Shinnyuu
10. Saturn
11. Byoushinwo Kamu
12. Matane Maboroshi
13. Time Left
---Encore---
14. Nouri Ue no Cracker

Standard Edition (1 CD)
Product No.: UPCH-20685
Price: ¥2,200 (incl. tax)
1. Koke
2. TAIDADA (ED theme of TV anime DAN DA DAN)
3. KUZURI
4. Hippocampal Pain
5. Truth in Lies (Theme song of My Oni Girl)
6. Blues in the Closet (Insert song from My Oni Girl)

	TV Anime DAN DA DAN Ending Theme
https://www.youtube.com/watch?v=s8SSPUQvUz
	
	ZUTOMAYO's Profile
ZUTOMAYO is a band without a particular form, created by lyricist, composer, and vocal guitarist ACAne. Their YouTube channel boasts 2.6 million subscribers, with their music videos exceeding 2 billion views. They have topped the Oricon Weekly Album Rankings and Billboard JAPAN HOT ALBUMS charts. Known for their live performances that blend passionate, decadent themes with a focus on analog instruments (sometimes even incorporating household appliances), ZUTOMAYO has captured attention both in Japan and abroad. Starting in October of this year, they will hold a hall and arena tour expected to draw 200,000 attendees.

ACAne X: twitter.com/zutomayo
Official X: twitter.com/zutomayo_staff
Homepage: zutomayo.net
YouTube Channel: youtube.com/@ZUTOMAYO

bilibili: space.bilibili.com/1191329045?spm_id_from=333.1007.0.0
Weibo: weibo.com/u/7559327438	

[en]Source: [/en][es]Fuente: [/es]Official Press Release

[ad_bottom class=""mt40""]",https://honeysanime.com/zutomayo-releases-official-music-video-for-taidada-created-as-an-homage-to-dan-da-dans-ending-sequence/,Honey's Anime,unknown,real
"AVIOT to Exhibit at Anime Weekend Atlanta 2024, One of the Largest Anime Conventions in the Southeastern United States","[sourceLink asin="""" asin_jp="""" cdj_product_id="""" text="""" url="""" ]
	



[en]What You Need to Know: [/en][es]Lo que necesitas saber: [/es] 


	AVIOT, operated by Preseed Japan Corporation, which manufactures and sells consumer electronics products, is pleased to announce that it will be exhibiting at Anime Weekend Atlanta, one of the largest anime conventions in the southeastern United States, held in Atlanta from December 12 to December 15, 2024.

Exhibition Content	
	Exhibition and Sale of Collaboration Wireless Earbuds Featuring Various IP Contents
They will be showcasing and selling collaboration models featuring various IPs, including anime, games, and VTubers. Some products will be available to try at the venue.
	
	Venue-Exclusive Early Sales of hololive English -Myth- Collaboration Model Wireless Earbuds
They will be selling the AVIOT × hololive English -Myth- collaboration model, TE-V1R-HEN, in limited quantities. 
*Limited to one per customer.


	
		
			
		
		[sourceLink asin="""" asin_jp="""" cdj_product_id="""" text="""" url="""" ]
	

	
	Exclusive Gifts for Reservation Holders and Purchasers of the hololive English -Myth- Collaboration Model
They will distribute exclusive gifts to those who have reserved or purchased the AVIOT × hololive English -Myth- collaboration model, TE-V1R-HEN.

Customers who purchase an eligible product at the venue or visit the AVIOT booth and present proof of reservation (such as an order confirmation email or a screenshot of the web page) will receive a postcard set featuring specially drawn illustrations.

*Limited to one set per customer. Available while supplies last.

	TE-V1R-HEN Product Details
Product Page: en.aviot.jp/product/te-v1r-hen
Promotion Movie: youtu.be/A_MwLSNwQSM
		

	
		
			
		
		[sourceLink asin="""" asin_jp="""" cdj_product_id="""" text="""" url="""" ]
	
	
	
	Event Details
	Exhibition Location
Venue: Georgia World Congress Center – Building C
AVIOT (Preseed Japan Corporation) Booth Number: 603

	Exhibition Period
From Thursday, December 12, to Sunday, December 15 (Eastern Daylight Time, U.S.)
	
	About AVIOT
AVIOT, born in 2018 as the original brand of Preseed Japan Corporation, aims to deliver products that convey high-quality Japanese craftsmanship in sound, delicate and beautiful design, and easy-to-use electronic products. In 2023, the brand restarted with the addition of “A Visionary Innovation On Technology” to its name, aiming to be an electronic devices brand that goes beyond the framework of audio-visual products. The vision is to bring innovation through the power of technology and deliver “something that changes your lives” to customers.

Company Name: Preseed Japan Corporation
Representative: CEO Founder Hirokazu Tsuchiyama
Address: 4-16-7 Sendagaya, Shibuya-ku, Tokyo 151-0051, DT Building 3F
Business Activities: 
1) Manufacturing, importing, and selling wireless audio equipment and IoT-related products
2) Importing and selling mobile accessories
3) Managing an e-commerce website

AVIOT Official Website: aviot.jp
AVIOT Official X (formerly Twitter): twitter.com/AVIOT_JP
AVIOT Official Instagram: instagram.com/aviotjapan
AVIOT Official TikTok: tiktok.com/discover/AVIOT	

[en]Source: [/en][es]Fuente: [/es]Official Press Release

[ad_bottom class=""mt40""]",https://honeysanime.com/aviot-to-exhibit-at-anime-weekend-atlanta-2024-one-of-the-largest-anime-conventions-in-the-southeastern-united-states/,Honey's Anime,unknown,real
"Kaede Higuchi and Kanae’s New Single “Yummy Yummy” Chosen as Ending Theme for Upcoming TV Anime Welcome to Japan, Ms. Elf!","[sourceLink asin="""" asin_jp="""" cdj_product_id="""" text="""" url="""" ]
	



[en]What You Need to Know: [/en][es]Lo que necesitas saber: [/es] 


	VTubers Kaede Higuchi and Kanae, members of the Nijisanji group operated by ANYCOLOR Inc., are set to release their new single “Yummy Yummy” on January 29, 2025. This song will also serve as the ending theme for the upcoming TV anime Welcome to Japan, Ms. Elf!, which will air in January 2025.

	Welcome to Japan, Ms. Elf! is a hybrid romantic comedy fantasy, blending slice-of-life slow living with isekai action. Written by Makishima Suzuki, the story follows Kazuhiro Kitase, a young man with the mysterious ability to travel to another world in his dreams, and Mariabelle, an elf girl who arrives in modern Japan after a certain incident. Together, they travel between their respective worlds, enjoying Japan’s scenery and delicious food while battling monsters and conquering dungeons.

	“Yummy Yummy,” the ending theme for Welcome to Japan, Ms. Elf! is a vibrant pop tune that naturally gets you moving. It evokes the image of someone imagining the flavors and textures of a variety of seasonal dishes placed before them while expressing the excitement and joy of trying new things.

	The single will feature three tracks in total, including the title song “Yummy Yummy” and one solo song each by Kaede Higuchi and Kanae.

The jacket illustrations were specially created by yatoyato for the Limited Edition and Yappen for the Regular Edition. Both editions come with a trading card featuring their respective jacket designs. Additionally, the Limited Edition includes a slipcase and a booklet containing storyboards and illustrations for the “Yummy Yummy” music video.


	Product Information
	Limited Edition
Title: Yummy Yummy (ED theme of Welcome to Japan, Ms. Elf!) Limited Edition 
Release Date: January 29, 2025
Artists: Kaede Higuchi, Kanae
Product No.: LACM-34649
Price: ¥1,980 (incl. tax)
Publisher: Bandai Namco Music Live Inc.
Distributor: Bandai Namco Filmworks Inc.

CD
1. Yummy Yummy / Kaede Higuchi, Kanae
Lyrics/Composition: Tomokazu Yamada, Yo-SK / Arrangement: Yusuke Shirato
2. Ano ne, Boku ne / Kaede Higuchi
Lyrics: rino / Composition, Arrangement: Hajime Mitsumasu (FirstCall)
3. Ai My Kyorikan / Kanae
Lyrics: rino / Composition, Arrangement: Ginnojo Hoshi
4. Yummy Yummy (Instrumental)
5. Ano ne, Boku ne (Instrumental)
6. Ai My Kyorikan (Instrumental)

Includes:
・Jacket illustration by yatoyato 
・Slipcase
・Trading card with the jacket illustration
・Booklet containing storyboards and illustrations for the music video of the title track “Yummy Yummy”

A Limited Edition with exclusive paid benefits for the Nijisanji Official Store has also been confirmed for release!
Exclusive paid bonuses from the Nijisanji Official Store:
1. Kaede Higuchi Aurora Acrylic Stand
2. Kanae Aurora Acrylic Stand
Price: ¥3,630 each (incl. tax)

Regular Edition
Title: Yummy Yummy (ED theme of Welcome to Japan, Ms. Elf!) Regular Edition 
Release Date: January 29, 2025
Artists: Kaede Higuchi, Kanae
Product No.: LACM-24649
Price: ¥1,430 (incl. tax)
Publisher: Bandai Namco Music Live Inc.
Distributor: Bandai Namco Filmworks Inc.

CD
1. Yummy Yummy / Kaede Higuchi, Kanae
Lyrics/Composition: Tomokazu Yamada, Yo-SK / Arrangement: Yusuke Shirato
2. Ano ne, Boku ne / Kaede Higuchi
Lyrics: rino / Composition, Arrangement: Hajime Mitsumasu (FirstCall)
3. Ai My Kyorikan / Kanae
Lyrics: rino / Composition, Arrangement: Ginnojo Hoshi
4. Yummy Yummy (Instrumental)
5. Ano ne, Boku ne (Instrumental)
6. Ai My Kyorikan (Instrumental)

Includes:
・Jacket illustration by Yappen
・Trading card with the jacket illustration

	Kaede Higuchi's Profile
A second-year high school student living in VR Kansai, she is tall with an excellent sense of style. She has loved playing the trumpet since childhood and is currently a member of the school band. Her passions in life are fashion and living with her cat. Wanting to share what she loves with more people, she started her career as a virtual streamer. Affectionately known as “Deron,” she is a rising creator in the virtual world.

On March 25, 2020, she made her singing debut with her first major single “MARBLE” under the Lantis label. On October 9, 2024, she released her second major album, GAME GIRL.

Official profile: nijisanji.jp/talents/l/kaede-higuchi　
X (formerly Twitter): x.com/Higuchikaede　
YouTube: youtube.com/@HiguchiKaede　
Lantis: lantis.jp/artist/kaede_higuchi

Kanae's Profile
A soothing young man who descended upon us like an angel. He can often be seen holding a cat-shaped cushion, and his manner of speaking is equally gentle and airy. He appears to be a student, but it’s unclear how he usually spends his time. With his sweet voice, he engages in conversations that seem to cleanse the listener’s soul.

On July 27, 2022, he made his singing debut with his 1st mini album flores under the Lantis label. Using his gentle voice, he is venturing into a new realm as an artist.

Official profile: nijisanji.jp/talents/l/kanae　
X (formerly Twitter): x.com/kanae_2434　
YouTube: youtube.com/@kanae　
Lantis: https://www.lantis.jp/artist/kanae

Kaede Higuchi and Kanae are VTubers affiliated with Nerated by ANYCOLOR Inc. They debuted as solo artists under Lantis and will be performing a duet for the ending theme of the TV anime Welcome to Japan, Ms. Elf!, which is set to air in January 2025.	

[en]Source: [/en][es]Fuente: [/es]Official Press Release

[ad_bottom class=""mt40""]",https://honeysanime.com/kaede-higuchi-and-kanaes-new-single-yummy-yummy-chosen-as-ending-theme-for-upcoming-tv-anime-welcome-to-japan-ms-elf/,Honey's Anime,unknown,real
"Rico Sasaki’s New Single “Palette Days” Chosen as Opening Theme for Upcoming TV Anime Welcome to Japan, Ms. Elf!","[sourceLink asin="""" asin_jp="""" cdj_product_id="""" text="""" url="""" ]
	



[en]What You Need to Know: [/en][es]Lo que necesitas saber: [/es] 


	Singer and voice actress Rico Sasaki is set to release her new single, “Palette Days,” on February 26, 2025. This song will also serve as the opening theme for the upcoming TV anime Welcome to Japan, Ms. Elf!, which will air in January 2025.

	Welcome to Japan, Ms. Elf! is a hybrid romantic comedy fantasy, blending slice-of-life slow living with isekai action. Written by Makishima Suzuki, the story follows Kazuhiro Kitase, a young man with the mysterious ability to travel to another world in his dreams, and Mariabelle, an elf girl who arrives in modern Japan after a certain incident. Together, they travel between their respective worlds, enjoying Japan’s scenery and delicious food while battling monsters and conquering dungeons.

	“Palette Days,” the opening theme for Welcome to Japan, Ms. Elf!, is a heartfelt song that paints a vivid picture of cherished memories, favorite things, and a spectrum of emotions arranged on the palette of one’s heart. It conveys the joy of discovering the unknown and the limitless possibilities of new encounters, themes that are beautifully reflected in the anime.

	The single will feature three tracks in total, including the title song “Palette Days” and one song written and composed by Riko Sasaki herself.

The latest trailer of Welcome to Japan, Ms. Elf!, released on November 28, features a preview of “Palette Days” audio, so be sure to check it out!

	Product Information
Title: Palette Days (OP theme of Welcome to Japan, Ms. Elf!) Artist Edition
Artist: Rico Sasaki
Release Date: February 26, 2025
Product No.: LACM-24654 (CD＋BD)
Price: ¥3,300 (incl. tax)
Publisher: Bandai Namco Music Live Inc.
Distributor: Bandai Namco Filmworks Inc.

CD
1. Palette Days
Lyrics: Erica Masaki
Composition/Arrangement: KOUGA
And two other new songs.

Blu-ray
1. Palette Days music video
2. Music video behind-the-scenes documentary
3. Original movie


	
		
			
		
		[sourceLink asin="""" asin_jp="""" cdj_product_id="""" text="""" url="""" ]
	

	
Title: Palette Days (OP theme of Welcome to Japan, Ms. Elf!) Anime Edition
Artist: Rico Sasaki
Release Date: February 26, 2025
Product No.: LACM-24655 (CD only)
Price: ¥1,650 (incl. tax)
Publisher: Bandai Namco Music Live Inc.
Distributor: Bandai Namco Filmworks Inc.

CD
1. Palette Days
Lyrics: Erica Masaki
Composition/Arrangement: KOUGA
And two other new songs.

	Rico Sasaki's Profile	
Rico Sasaki loved music and singing from a young age and grew up surrounded by various musical influences. In her fifth year of elementary school, she won the leading role in the musical Annie from among 9,000 applicants. This led to an awakening in singing and acting, and she enrolled in a high school with a specialized music program, where she majored in vocal music.

In May 2024, she made her debut with “Windshifter,” released under the Lantis label from Bandai Namco Music Live. Despite her petite stature, her voice resonates with a soulful quality that surprises many.

Currently, she is also active as a voice actress. Some of her main roles include Misumi Uika/Doloris in BanG Dream! Ave Mujica, Tsutsuji Kurume in Rinkai!, Daia Nijinosaki in Kiratto Pri Chan, Ayako Yamada in Kageki Shojo!!, and Chisa Sasuga in World Dai Star.

Official webpage: sasakirico.com
X (formerly Twitter): x.com/sasakirico
Instagram: instagram.com/sasakirico_official
YouTube channel: youtube.com/c/sasakirico	
	
	

[en]Source: [/en][es]Fuente: [/es]Official Press Release

[ad_bottom class=""mt40""]",https://honeysanime.com/rico-sasakis-new-single-palette-days-chosen-as-opening-theme-for-upcoming-tv-anime-welcome-to-japan-ms-elf/,Honey's Anime,unknown,real
Mekakushe × Yuka Nagase Collaboration Live Announced!  Final Song of Three-Part Collaboration Project Released!,"[sourceLink asin="""" asin_jp="""" cdj_product_id="""" text="""" url="""" ]
	



[en]What You Need to Know: [/en][es]Lo que necesitas saber: [/es] 


	Artists Mekakushe and Yuka Nagase will hold a collaboration concert on February 7, 2025, at SHIBUYA PLEASURE PLEASURE!

	Additionally, on November 27, the song “Katsute, Chikyuu wa Shirokatta” (The Earth Was Once White)—the culmination of their collaborative project “Sekai ga Utsukushii Kara Dayo” (Because the World is Beautiful), an original three-part story told through music—was released for streaming. A delicate yet powerful Heisei-era-inspired pop song, it conveys a heartfelt wish to cherish the memory of a lost loved one.

	The music video and cover art accompanying the release were created in collaboration with illustrator Anbiyori, whose nostalgic style beautifully captures the essence of the Heisei era. Together, they deliver an immersive and intricately crafted experience. The song’s arrangement was performed by Kosuke Hayashi, frontman of the band Scenarioart, bringing yet another layer of artistry to this collaboration between rising talents.

The Mekakushe × Yuka Nagase Collaboration Live “Sekai ga Utsukushii Kara Dayo” will bring the story’s themes of the world’s end and imaginary friends to life through a full-band performance. Don’t miss this unforgettable event!

	Product Information
Digital Single 
	Mekakushe × Yuka Nagase “Katsute, Chikyuu wa Shirokatta”
Lyrics/Composition: Mekakushe / Arrangement: Kousuke Hayashi (Scenarioart)
On music streaming sites: https://linkco.re/5z7ya5dt
Music video: https://youtu.be/K3V9xP9LxhA

Mekakushe × Yuka Nagase Collaboration Live “Sekai ga Utsukushii Kara Dayo”
Date: February 7, 2025
Doors open: 18:00 / Show starts: 19:00
Venue: SHIBUYA PLEASURE PLEASURE (Tokyo)

Official Pre-sale: 00:00 on November 27, 2024 to 23:59 on December 15, 2024
Ticket sales URL: eplus.jp/mekakushexyuka-nagase-official

Performers: Mekakushe, Yuka Nagase
Ticket Prices:
1F Premium Ticket: ¥16,500 (tax incl.)
Premium tickets include seating in the front area and a canvas artwork of “Samishii Wakusei” (Lonely Planet) signed by Mekakushe and Yuka Nagase.
1F/2F Reserved Seating: ¥7,700 (tax incl.)

	Mekakushe’s Comment
The Mekakushe × Yuka Nagase Collaboration Live is actually happening! I couldn’t be happier!
Since SHIBUYA PLEASURE PLEASURE is a seated venue, I hope to create a live performance with Yuka Nagase that will let you fully immerse yourself in the story of “Sekai ga Utsukushii Kara Dayo.”
Step beyond the music and come experience it live with us!

	About the song “Katsute, Chikyuu wa Shirokatta”
The astronaut Gagarin once said, “The Earth is blue.”

The blue of the Earth is the blue of the sea, reflecting only the blue light of the sun. Within that light lies the meteor shower of human tears, a blue of loneliness.

On the day the world ends, as we are flung into the vastness of space, what color will the Earth appear to be?
I want to sing while I can still remember. On this Earth, I want to keep singing together with Yuka-chan.

	Mekakushe Profile
Handling lyrics, composition, vocals, and piano performance by herself, the next-generation singer-songwriter Mekakushe enjoys immense popularity among artists and creators. Starting classical piano at the age of three, she gradually gravitated towards pop music. Her independently produced songs were featured in a Kao Laurier commercial, and she was one of the top artists on the Spotify official playlist “Kirakira Pop Japan” with a total of 3 million plays. She is a promising emerging artist with anticipated future success. With electronica as the foundation in her recordings, her musical style continues to expand, featuring classical solos and band sets in live performances.

YouTube channel: youtube.com/@_mekakushe_
X: x.com/_mekakushe_
Instagram: instagram.com/_mekakushe_
TikTok: tiktok.com/@_mekakushe_
Homepage: mekakushe.com		
	
	Yuka Nagase’s Comment
I’m thrilled to announce that I’ll be performing in a two-artist concert with Mekakushe! This setup is a first for both of us, and I have a feeling it’s going to be something truly special. We’ll be delivering a world that only the two of us can create, so please come and experience it with us!

	About the song “Katsute, Chikyuu wa Shirokatta”
This track serves as the perfect conclusion to the “Sekai ga Utsukushii Kara Dayo” trilogy. Like the night sky, it reveals new landscapes with every listen.

When I first received the demo, I was struck by how much fresher and purer it sounded than I had imagined. Perhaps the end of the world really is like this.

I sang as though I were witnessing the end of the world from afar. Hidden within the song are countless delicate expressions and subtle breaths. Be sure to listen while gazing at the blue sky.

“Sekai ga Utsukushii Kara Dayo” Synopsis

I wanted you to tell me why I sing, why I’m drawn to loneliness.

Good morning, humanity.
On an ordinary morning, one thing was different:
the news of the world’s end burned itself into my sleepy eyes.

That night, I had the strangest experience.
In a dream, I met my imaginary friend.

As I wrote about the bizarre events in my dream diary,
I began to wonder who you were.
I no longer understood who I was.
I started to think about why I was alive.
I wanted to meet you.

Hey, if the world were to end in a week, what would you do?
	
	Yuka Nagase Profile
A datsuryoku-kei artist who works across 2D (Digital) and 3D (Physical) platforms.
She has a presence as both a virtual artist, using 3D CGI and illustrations, as well as a real-life artist, adapting her form of expression and performance depending on the medium.

In August 2023, she held her first solo live performance, “Eureka,” at Ebisu LIQUIDROOM. The tickets sold out in advance, and the live performance, which incorporated her 3D appearance, became a hot topic in the industry.

In September 2023, she released her first tie-up song, “Mujakina Kimochi.” The song was a special collaboration to celebrate the 20th anniversary of Tirol Choco’s popular “Kinako Mochi” product, and it gained over a million plays on TikTok. Also in September 2023, she released a mini album titled Launchvox. The album features contributions from emerging artists such as Pasocom Music Club, Mekakushe, Mao Sasagawa, Iyowa, and Amane Uyama and has earned recognition beyond the virtual artist scene.

X: x.com/yuka_n_RIOT
YouTube: hyoutube.com/@yukanagase	
	
	Kosuke Hayashi's Comment
I imagined this song as having such a grand scale that the two of them, cast into the atmosphere, could dye the Earth itself blue with their feelings. At the same time, I worked to craft a sound that stays close to the warmth of everyday life that’s always within reach.

For the chorus accompaniment, I combined the electric piano Wurlitzer with jazz piano, creating a sound that feels as if the two of them are playing back-to-back.

As I arranged the piece, I envisioned a beautiful, heartwarming end-of-the-world scene where they sing together with gentle smiles.
	
	Kosuke Hayashi'sProfile
While serving as the guitarist and vocalist for the twin-vocal band Scenarioart, he also engages in music production, arrangement, and artist producing. Notable works include projects with Sachiko Aoyama, formerly of Negoto, among others.

	Anbiyori’s Comment
I had the honor of working on the music video and cover illustration for this song. In preparing for this, I reread a dream diary I wrote several years ago, but most of the events seemed like a story written by someone else, as I had no memory of them.

Dreams feel as real as reality, and even when strange things happen, you accept them as part of that world, without a sense of discomfort. Yet, the moment you wake up, the details blur, and you realize it was all just a dream.

For this project, I created an illustration with the theme of a special place for just the two of them, where reality and dream memories blend together, much like when writing a dream diary. I hope you enjoy the beautiful song, which is gentle like a lullaby and embraces loneliness, along with the protagonist’s dream diary.

[en]Source: [/en][es]Fuente: [/es]Official Press Release

[ad_bottom class=""mt40""]",https://honeysanime.com/mekakushe-x-yuka-nagase-collaboration-live-announced-final-song-of-three-part-collaboration-project-released/,Honey's Anime,unknown,real
Pre-Orders Open for True Wireless AVIOT x Nachoneko Collaboration Earbuds!,"[sourceLink asin="""" asin_jp="""" cdj_product_id="""" text="""" url="""" ]
	



[en]What You Need to Know: [/en][es]Lo que necesitas saber: [/es] 


	AVIOT, operated by Preseed Japan Corporation, which manufactures and sells consumer electronics products, has opened pre-orders for the TE-V1R-NCN true wireless earbuds, created in collaboration with illustrator and streamer Nachoneko. This model is based on the TE-V1R earbuds.
	
	The TE-V1R series is based on the latest model of AVIOT’s hit “V Series,” which has sold approximately 140,000 units**. These special edition true wireless earbuds are designed to let users enjoy the unique charm of Nachoneko.


		**As of the end of July 2024


Nachoneko is well-known as both an illustrator and a popular streamer. This collaboration model features exclusive content, including the soothing voice of Nachoneko for notifications (such as power on/off and connection status) and newly recorded “random voice” lines. The design was also supervised by Nachoneko herself.


	https://youtu.be/DHixnwPcKAM
	
	Product Characteristics
	Base Model
The TE-V1R is the latest model in AVIOT’s popular “V Series,” which has sold approximately 140,000 units. The base performance of the previous TE-D01v model has been further enhanced. The earbuds offer an ultra-long battery life of 19 hours (62 hours with the charging case) and Adaptive Hybrid Noise Canceling, which automatically adjusts the noise reduction strength based on the surrounding environment. They also feature the new Hybrid Dual Driver 2.0 for enhanced sound quality, LDAC™ support for high-resolution playback, and wireless charging functionality, making them a high-grade model that perfectly balances sound quality and functionality.

	Special Voice Lines
In addition to voice guidance for notifications such as power and connection status, this model includes a “random voice” feature with newly recorded voice lines. Not only does it include popular phrases from Nachoneko’s streams, but it also features everyday lines recorded specifically for this collaboration. Enjoy Nachoneko’s soothing voice right in your ears, anytime you like.


	
		
			
		
		[sourceLink asin="""" asin_jp="""" cdj_product_id="""" text="""" url="""" ]
	
	
	
	Special Design
Both the earbuds and the charging case feature a special design personally supervised by Nachoneko herself. This must-have product lets fans feel Nachoneko’s presence wherever they go.

Special Packaging
The package features an exclusive illustration by Amashiro Natsuki, depicting Nachoneko relaxing while enjoying music. This unique design was created specifically for this collaboration.

	Sound Tuning
The earbuds offer two modes: Music Mode, which maximizes the TE-V1R’s superior audio performance, and Streaming Mode, optimized for clearer sound during streams. Users can easily switch between the modes via the app.
	
	Basic Product Information	
	

	
		
			
		
		[sourceLink asin="""" asin_jp="""" cdj_product_id="""" text="""" url="""" ]
	

	
	TE-V1R-NCN
Price: ¥18,700 (incl. tax)
Pre-Orders Start: October 11, 2024 at 19:00 (JST)
(Only while stocks last. We recommend placing your order as soon as possible.)
Expected Delivery Date: Late-January 2025 or later
Available at:
AVIOT ONLINE MALL: shop.aviot.jp/c/product/te-v1r-ncn
Amazon US: amzn.to/48TapFC
	
	Basic Specifications
・Driver: Hybrid type with φ10mm dynamic and balanced armature drivers
・Microphone for calls: MEMS microphone
・Battery capacity: Earbud single ear 85mAh / Case 600mAh
・Talk time*: Up to 9 hours
・Playback time*: Up to 19 hours (with charging case: up to 62 hours)
・Earbud charging time: Approximately 1.5 hours
・Charging port: USB Type-C
・Water resistance level**: Equivalent to IPX4
・Weight: Earbud single ear approximately 6.5g
・Other features: Multipoint support (up to 2 devices), single ear usage, earbuds can be individually turned on or off, fast charging (up to 120 minutes of playback with a 10-minute charge)
	Accessories
・Silicone earpieces (1 pair each in sizes S/M/L)
・USB Type-C cable
・User manual
・Product warranty registration card
	Bluetooth Specifications
・Supported codecs: SBC, AAC, LDAC
・Supported profiles: A2DP, AVRCP, HFP, HSP
・Bluetooth version: 5.3
・Number of Bluetooth multi-pairing registrable devices: 8

*Exact time may vary depending on your usage environment
**Earbuds only
	
	About AVIOT
AVIOT, born in 2018 as the original brand of Preseed Japan Corporation, aims to deliver products that convey high-quality Japanese craftsmanship in sound, delicate and beautiful design, and easy-to-use electronic products. In 2023, the brand restarted with the addition of “A Visionary Innovation On Technology” to its name, aiming to be an electronic devices brand that goes beyond the framework of audio-visual products. The vision is to bring innovation through the power of technology and deliver “something that changes your lives” to customers.

Company Name: Preseed Japan Corporation
Representative: CEO Founder Hirokazu Tsuchiyama
Address: 4-16-7 Sendagaya, Shibuya-ku, Tokyo 151-0051, DT Building 3F
Business Activities: 
1) Manufacturing, importing, and selling wireless audio equipment and IoT-related products
2) Importing and selling mobile accessories
3) Managing an e-commerce website

AVIOT Official Website: aviot.jp
AVIOT Official X (formerly Twitter): twitter.com/AVIOT_JP
AVIOT Official Instagram: instagram.com/aviotjapan
AVIOT Official TikTok: tiktok.com/discover/AVIOT	

[en]Source: [/en][es]Fuente: [/es]Official Press Release

[ad_bottom class=""mt40""]",https://honeysanime.com/pre-orders-open-for-true-wireless-aviot-x-nachoneko-collaboration-earbuds/,Honey's Anime,unknown,real
