title,text,label
"Coro Coro Comics, CiaoLaunch NewCoroCiaoMagazine",,real
Studio N Apologizes AfterThe Remarried EmpressLive-Action Series' Costume Prop Causes Controversy,,real
NewAssassination ClassroomFilm Announces More Cast,,real
GAEA-TIMA the GigantisManga Has Anime in the Works,,real
Code Vein IIGame's Trailer Highlights Character Noah G. MagMell,,real
Crunchyroll StreamsFUUTO PI: Kamen Rider Skull no ShōzōAnime Film in India,,real
Multiple Home Editions ofDan Da DanWill Be Released in the U.K. on Monday,,real
Attack on TitanConcert Reveals 2026 U.S. Tour Dates,,real
"'Killed Again, Mr. Detective?'Light Novels Get TV Anime Next April",,real
"Re:ZEROSeason 4's Main Trailer Reveals New Cast, April 2026 Debut",,real
"A Misanthrope Teaches a Class for Demi-HumansAnime Reveals More Cast, Theme Song Artists",,real
"Sasaki and PeepsSeason 2 Unveils New Visual, 2026 Debut",,real
"SHIBOYUGI: Playing Death Games to Put Food on the TableAnime Reveals January 7 Debut, More Cast in Video",,real
The Detective is Already DeadSeason 2's  Teaser Reveals July 2026 Debut,,real
"Girls & Panzer: Motto Love Love Sakusen Desu!Anime Reveals Theme Songs, Promo Video for 1st of 4 Films",,real
5thGirls und Panzer das FinaleFilm Opens in 2026,,real
"Classroom of the EliteSeason 4 Unveils Trailer, Key Visual, Cast, April Debut",,real
"Muse India StreamsNew Game!Seasons 1, 2 on YouTube",,real
4K Restoration of Mamoru Oshii'sThe Red SpectaclesFilm Screens in N.Y. on November 21-23,,real
100 MetersWill Be Released in U.K. and Ireland Cinemas From Sunday,,real
You Don't Know Gunma YetLight Anime's 2nd Teaser Reveals Theme Song,,real
"Japan's Video Game Rankings, November 3-9",,real
Manga Up! Global AddsThe Corrupt Guildmaster Is Beloved by the BanishedManga in English,,real
"Japanese Animation TV Ranking, November 3-9",,real
Korean Government to Conduct Industry-Wide Survey on Webtoons,,real
FUUTO PI: Kamen Rider Skull no ShōzōAnime Film Streams on Crunchyroll,,real
"Kaya, Utahime Dream All Stars Perform Themes forA Tale of the Secret SaintAnime",,real
XSEED Games Cancels Release ofCorpse Party Tetralogy Pack,,real
Daejeon Hosts 2025 University Webtoon Championship,,real
Webtoon-Based Live-Action SeriesJudge Han-Young LeeConfirms January 2 Debut,,real
Live-ActionPortraits of DelusionSeries to Debut on Disney+ in 2nd Half of 2026,,real
"Crossed Hearts Announces Print Release of'Darling, Why Can't We Divorce?' Webtoon",,real
Live-ActionDear XSeries Release Drives Surge in Original Webtoon Readership,,real
Solo Levelingto Debut as Ice Musical in Seoul This December,,real
MusicalMarliAdapted into Webtoon Ahead of Stage Premiere,,real
"North American Anime, Manga Releases, November 9-15",,real
"Metroid Prime 4: BeyondGame's Trailer Previews Viewros, Psychic Abilities, Vi-O-La, Federation Troopers",,real
Ys X: Proud NordicsGame's PS5 Version Launches on February 19,,real
"emaqi AddsDelinquents Can't Cut Cake,'Magic, Me and My Big Master!', More Manga",,real
K Manga Adds Battan'sFatale GameManga as Simulpub,,real
"My Gift Lvl 9999 Unlimited GachaTV Anime Reveals 5 More Cast Members, 2nd Promo Video",,real
"Mamoru Hosoda'sScarletAnime Film Unveils Video, Visual, 5 More Cast Members",,real
Manta Comics'Under the Oak TreeWebtoon to Return with Season 5 on November 22,,real
AlphaPolis to Release English Manga in Print Beginning in June 2026,,real
Crunchyroll Becomes Associate Team Sponsor to Proteas Men's Cricket Series in India,,real
"The Holy Grail of ErisTV Anime Reveals Theme Song Artists, January 8 Debut",,real
Dr. Stone: Science FutureAnime's New Promo Video Teases 3rd Part of Season,,real
Campfire Cooking in Another World with My Absurd SkillSeason 2 Anime Gets Hindi Dub,,real
"Reincarnated as a Dragon HatchlingAnime Reveals Theme Songs, January 2026 Premiere",,real
"Hiroyuki Nishimori, Mifumi Inaba LaunchItsuka Uchū KaraManga on December 12",,real
Aniplus Asia LicensesNeedy Streamer OverloadTV Anime,,real
The Remarried EmpressLive-Action Series to Debut in 2nd Half of 2026,,real
The HorizonWebtoon Wins Award at Italy's Lucca Comics & Games,,real
Trails in the Sky 2nd ChapterRemake Game Revealed,,real
2nd Live-ActionGolden KamuyFilm Casts Sōkō Wada as Kadokura,,real
"Love Unseen Beneath the Clear Night SkyNovel Gets TV Anime, Live-Action Series",,real
"Valve Announces Steam Machine, Steam Controller, Steam Frame Hardware",,real
Monarch: Legacy of MonstersSeries Season 2 Reveals February 27 Premiere in Trailer,,real
Digital Manga Publisher Azuki Changes Name to Omoi,,real
Media Factory's Light Novel Imprint Makes Fall Event Online-Only After Threats,,real
"Pokémon PokopiaGame's Trailer Previews Town Building, Transformations, New Pokémon Forms",,real
"One Piece, Dragon Ball SuperSeries Director Tatsuya Nagamine Dies (Updated)",,real
"Jujutsu Kaisen: ExecutionCompilation Film Opens at #1,Chainsaw ManAnime Film Drops to #4",,real
2ndGundam HathawayFilm Unveils New Cast Members,,real
Jujutsu KaisenCompilation Film With Season 3 Preview Opens in U.K. and Ireland Cinemas on Friday,,real
Hiromi Morishita'sShō 3 Ashibe QQ Goma-chanManga Gets TV Short Anime in Spring 2026,,real
Disney Twisted-WonderlandAnime Confirms 2nd Season in Production,,real
Moto Hagio'sThe Poe ClanManga Gets New Stage Musical Adaptation by Takarazuka Revue,,real
Free London Screening ofDemon Slayer: Kimetsu no Yaiba Infinity Castleon November 25,,real
PlayStation 5 Gets Japan-Language-Only Digital Edition,,real
"AFA Singapore Screens World Premieres ofAn Adventurer's Daily Grind at Age 29,Fire ForceAnime's Final Run",,real
"Kanagawa ElvesLight Anime's 2nd Teaser Video Unveils More Cast, Ending Song",,real
Toshiya Miyata'sKyōkai no MelodyNovel Gets TV Anime,,real
"A-1 Pictures Animates Opening forSolo Leveling: KarmaPC, Mobile Game",,real
"Seven Seas LicensesReborn as an Aristocratic Scoundrel, Love is Money, The Death Defying Princess, 4 More Titles",,real
Witch Hat AtelierManga Has 7 Million Copies in Circulation Worldwide,,real
Late Ghibli Director Isao Takahata's Unproduced Scripts Found at Home,,real
Death StrandingFranchise Gets Anime Series Also in 2027,,real
Bandai Namco Filmworks Posts NewXabungle Side R'Experimental Video',,real
The Legendary Hero is Dead!Spinoff Manga Ends with 2nd Volume,,real
Gran Turismo 7Game Reveals Power Pack DLC,,real
Shun Matsuena'sKichijōji Shōnen!Manga Ends,,real
Super Robot Wars YGame Gets First DLC on November 20,,real
Octopath Traveler 0Prequel Game's Story Trailer Reveals Playable Demo,,real
Dynasty Warriors: OriginsGame's Trailer Previews Visions of Four Heroes DLC,,real
Damon and BabyAction Game Gets Early 2026 Release Window,,real
"Crunchyroll Streams'Anyway, I'm Falling in Love with You'2nd Season, Screens Premieres at Anime Frontier",,real
Digimon Story Time StrangerGame's Video Previews 1st DLC Pack,,real
"Marvel Tōkon: Fighting SoulsGame Announces 2 New Characters, 2nd Closed Beta Test for PS5",,real
Sonic Racing CrossWorldsGame Unveils 3 DLC Characters,,real
Ys X: Proud NordicsGame Gets PS5 Release in February,,real
Super MarioManga Artist Kazuki Motoyama Dies,,real
Birushana: Winds of FateVisual Novel Fan Disc Heads West for Switch in 2026,,real
"Kadokawa ReleasesStay Away from My Sons!,The Villainess Is Adored by the Prince of the Neighbor KingdomManga (Updated)",,real
Over RequiemzGame Heads West for Switch in Summer 2026,,real
Mamoru Hosoda'sScarletAnime Film's Video Reveals New Song,,real
"Coro Coro Comics, CiaoLaunch NewCoroCiaoMagazine",,real
Studio N Apologizes AfterThe Remarried EmpressLive-Action Series' Costume Prop Causes Controversy,,real
NewAssassination ClassroomFilm Announces More Cast,,real
GAEA-TIMA the GigantisManga Has Anime in the Works,,real
Code Vein IIGame's Trailer Highlights Character Noah G. MagMell,,real
Crunchyroll StreamsFUUTO PI: Kamen Rider Skull no ShōzōAnime Film in India,,real
Multiple Home Editions ofDan Da DanWill Be Released in the U.K. on Monday,,real
Attack on TitanConcert Reveals 2026 U.S. Tour Dates,,real
"'Killed Again, Mr. Detective?'Light Novels Get TV Anime Next April",,real
"Re:ZEROSeason 4's Main Trailer Reveals New Cast, April 2026 Debut",,real
"A Misanthrope Teaches a Class for Demi-HumansAnime Reveals More Cast, Theme Song Artists",,real
"Sasaki and PeepsSeason 2 Unveils New Visual, 2026 Debut",,real
"SHIBOYUGI: Playing Death Games to Put Food on the TableAnime Reveals January 7 Debut, More Cast in Video",,real
The Detective is Already DeadSeason 2's  Teaser Reveals July 2026 Debut,,real
"Girls & Panzer: Motto Love Love Sakusen Desu!Anime Reveals Theme Songs, Promo Video for 1st of 4 Films",,real
5thGirls und Panzer das FinaleFilm Opens in 2026,,real
"Classroom of the EliteSeason 4 Unveils Trailer, Key Visual, Cast, April Debut",,real
"Muse India StreamsNew Game!Seasons 1, 2 on YouTube",,real
4K Restoration of Mamoru Oshii'sThe Red SpectaclesFilm Screens in N.Y. on November 21-23,,real
100 MetersWill Be Released in U.K. and Ireland Cinemas From Sunday,,real
You Don't Know Gunma YetLight Anime's 2nd Teaser Reveals Theme Song,,real
"Japan's Video Game Rankings, November 3-9",,real
Manga Up! Global AddsThe Corrupt Guildmaster Is Beloved by the BanishedManga in English,,real
"Japanese Animation TV Ranking, November 3-9",,real
Korean Government to Conduct Industry-Wide Survey on Webtoons,,real
FUUTO PI: Kamen Rider Skull no ShōzōAnime Film Streams on Crunchyroll,,real
"Kaya, Utahime Dream All Stars Perform Themes forA Tale of the Secret SaintAnime",,real
XSEED Games Cancels Release ofCorpse Party Tetralogy Pack,,real
Daejeon Hosts 2025 University Webtoon Championship,,real
Webtoon-Based Live-Action SeriesJudge Han-Young LeeConfirms January 2 Debut,,real
Live-ActionPortraits of DelusionSeries to Debut on Disney+ in 2nd Half of 2026,,real
"Crossed Hearts Announces Print Release of'Darling, Why Can't We Divorce?' Webtoon",,real
Live-ActionDear XSeries Release Drives Surge in Original Webtoon Readership,,real
Solo Levelingto Debut as Ice Musical in Seoul This December,,real
MusicalMarliAdapted into Webtoon Ahead of Stage Premiere,,real
"North American Anime, Manga Releases, November 9-15",,real
"Metroid Prime 4: BeyondGame's Trailer Previews Viewros, Psychic Abilities, Vi-O-La, Federation Troopers",,real
Ys X: Proud NordicsGame's PS5 Version Launches on February 19,,real
"emaqi AddsDelinquents Can't Cut Cake,'Magic, Me and My Big Master!', More Manga",,real
K Manga Adds Battan'sFatale GameManga as Simulpub,,real
"My Gift Lvl 9999 Unlimited GachaTV Anime Reveals 5 More Cast Members, 2nd Promo Video",,real
"Mamoru Hosoda'sScarletAnime Film Unveils Video, Visual, 5 More Cast Members",,real
Manta Comics'Under the Oak TreeWebtoon to Return with Season 5 on November 22,,real
AlphaPolis to Release English Manga in Print Beginning in June 2026,,real
Crunchyroll Becomes Associate Team Sponsor to Proteas Men's Cricket Series in India,,real
"The Holy Grail of ErisTV Anime Reveals Theme Song Artists, January 8 Debut",,real
Dr. Stone: Science FutureAnime's New Promo Video Teases 3rd Part of Season,,real
Campfire Cooking in Another World with My Absurd SkillSeason 2 Anime Gets Hindi Dub,,real
"Reincarnated as a Dragon HatchlingAnime Reveals Theme Songs, January 2026 Premiere",,real
"Hiroyuki Nishimori, Mifumi Inaba LaunchItsuka Uchū KaraManga on December 12",,real
Aniplus Asia LicensesNeedy Streamer OverloadTV Anime,,real
The Remarried EmpressLive-Action Series to Debut in 2nd Half of 2026,,real
The HorizonWebtoon Wins Award at Italy's Lucca Comics & Games,,real
Trails in the Sky 2nd ChapterRemake Game Revealed,,real
2nd Live-ActionGolden KamuyFilm Casts Sōkō Wada as Kadokura,,real
"Love Unseen Beneath the Clear Night SkyNovel Gets TV Anime, Live-Action Series",,real
"Valve Announces Steam Machine, Steam Controller, Steam Frame Hardware",,real
Monarch: Legacy of MonstersSeries Season 2 Reveals February 27 Premiere in Trailer,,real
Digital Manga Publisher Azuki Changes Name to Omoi,,real
Media Factory's Light Novel Imprint Makes Fall Event Online-Only After Threats,,real
"Pokémon PokopiaGame's Trailer Previews Town Building, Transformations, New Pokémon Forms",,real
"One Piece, Dragon Ball SuperSeries Director Tatsuya Nagamine Dies (Updated)",,real
"Jujutsu Kaisen: ExecutionCompilation Film Opens at #1,Chainsaw ManAnime Film Drops to #4",,real
2ndGundam HathawayFilm Unveils New Cast Members,,real
Jujutsu KaisenCompilation Film With Season 3 Preview Opens in U.K. and Ireland Cinemas on Friday,,real
Hiromi Morishita'sShō 3 Ashibe QQ Goma-chanManga Gets TV Short Anime in Spring 2026,,real
Disney Twisted-WonderlandAnime Confirms 2nd Season in Production,,real
Moto Hagio'sThe Poe ClanManga Gets New Stage Musical Adaptation by Takarazuka Revue,,real
Free London Screening ofDemon Slayer: Kimetsu no Yaiba Infinity Castleon November 25,,real
PlayStation 5 Gets Japan-Language-Only Digital Edition,,real
"AFA Singapore Screens World Premieres ofAn Adventurer's Daily Grind at Age 29,Fire ForceAnime's Final Run",,real
"Kanagawa ElvesLight Anime's 2nd Teaser Video Unveils More Cast, Ending Song",,real
Toshiya Miyata'sKyōkai no MelodyNovel Gets TV Anime,,real
"A-1 Pictures Animates Opening forSolo Leveling: KarmaPC, Mobile Game",,real
"Seven Seas LicensesReborn as an Aristocratic Scoundrel, Love is Money, The Death Defying Princess, 4 More Titles",,real
Witch Hat AtelierManga Has 7 Million Copies in Circulation Worldwide,,real
Late Ghibli Director Isao Takahata's Unproduced Scripts Found at Home,,real
Death StrandingFranchise Gets Anime Series Also in 2027,,real
Bandai Namco Filmworks Posts NewXabungle Side R'Experimental Video',,real
The Legendary Hero is Dead!Spinoff Manga Ends with 2nd Volume,,real
Gran Turismo 7Game Reveals Power Pack DLC,,real
Shun Matsuena'sKichijōji Shōnen!Manga Ends,,real
Super Robot Wars YGame Gets First DLC on November 20,,real
Octopath Traveler 0Prequel Game's Story Trailer Reveals Playable Demo,,real
Dynasty Warriors: OriginsGame's Trailer Previews Visions of Four Heroes DLC,,real
Damon and BabyAction Game Gets Early 2026 Release Window,,real
"Crunchyroll Streams'Anyway, I'm Falling in Love with You'2nd Season, Screens Premieres at Anime Frontier",,real
Digimon Story Time StrangerGame's Video Previews 1st DLC Pack,,real
"Marvel Tōkon: Fighting SoulsGame Announces 2 New Characters, 2nd Closed Beta Test for PS5",,real
Sonic Racing CrossWorldsGame Unveils 3 DLC Characters,,real
Ys X: Proud NordicsGame Gets PS5 Release in February,,real
Super MarioManga Artist Kazuki Motoyama Dies,,real
Birushana: Winds of FateVisual Novel Fan Disc Heads West for Switch in 2026,,real
"Kadokawa ReleasesStay Away from My Sons!,The Villainess Is Adored by the Prince of the Neighbor KingdomManga (Updated)",,real
Over RequiemzGame Heads West for Switch in Summer 2026,,real
Mamoru Hosoda'sScarletAnime Film's Video Reveals New Song,,real
"Coro Coro Comics, CiaoLaunch NewCoroCiaoMagazine",,real
Studio N Apologizes AfterThe Remarried EmpressLive-Action Series' Costume Prop Causes Controversy,,real
NewAssassination ClassroomFilm Announces More Cast,,real
GAEA-TIMA the GigantisManga Has Anime in the Works,,real
Code Vein IIGame's Trailer Highlights Character Noah G. MagMell,,real
Crunchyroll StreamsFUUTO PI: Kamen Rider Skull no ShōzōAnime Film in India,,real
Multiple Home Editions ofDan Da DanWill Be Released in the U.K. on Monday,,real
Attack on TitanConcert Reveals 2026 U.S. Tour Dates,,real
"'Killed Again, Mr. Detective?'Light Novels Get TV Anime Next April",,real
"Re:ZEROSeason 4's Main Trailer Reveals New Cast, April 2026 Debut",,real
"A Misanthrope Teaches a Class for Demi-HumansAnime Reveals More Cast, Theme Song Artists",,real
"Sasaki and PeepsSeason 2 Unveils New Visual, 2026 Debut",,real
"SHIBOYUGI: Playing Death Games to Put Food on the TableAnime Reveals January 7 Debut, More Cast in Video",,real
The Detective is Already DeadSeason 2's  Teaser Reveals July 2026 Debut,,real
"Girls & Panzer: Motto Love Love Sakusen Desu!Anime Reveals Theme Songs, Promo Video for 1st of 4 Films",,real
5thGirls und Panzer das FinaleFilm Opens in 2026,,real
"Classroom of the EliteSeason 4 Unveils Trailer, Key Visual, Cast, April Debut",,real
"Muse India StreamsNew Game!Seasons 1, 2 on YouTube",,real
4K Restoration of Mamoru Oshii'sThe Red SpectaclesFilm Screens in N.Y. on November 21-23,,real
100 MetersWill Be Released in U.K. and Ireland Cinemas From Sunday,,real
You Don't Know Gunma YetLight Anime's 2nd Teaser Reveals Theme Song,,real
"Japan's Video Game Rankings, November 3-9",,real
Manga Up! Global AddsThe Corrupt Guildmaster Is Beloved by the BanishedManga in English,,real
"Japanese Animation TV Ranking, November 3-9",,real
Korean Government to Conduct Industry-Wide Survey on Webtoons,,real
FUUTO PI: Kamen Rider Skull no ShōzōAnime Film Streams on Crunchyroll,,real
"Kaya, Utahime Dream All Stars Perform Themes forA Tale of the Secret SaintAnime",,real
XSEED Games Cancels Release ofCorpse Party Tetralogy Pack,,real
Daejeon Hosts 2025 University Webtoon Championship,,real
Webtoon-Based Live-Action SeriesJudge Han-Young LeeConfirms January 2 Debut,,real
Live-ActionPortraits of DelusionSeries to Debut on Disney+ in 2nd Half of 2026,,real
"Crossed Hearts Announces Print Release of'Darling, Why Can't We Divorce?' Webtoon",,real
Live-ActionDear XSeries Release Drives Surge in Original Webtoon Readership,,real
Solo Levelingto Debut as Ice Musical in Seoul This December,,real
MusicalMarliAdapted into Webtoon Ahead of Stage Premiere,,real
"North American Anime, Manga Releases, November 9-15",,real
"Metroid Prime 4: BeyondGame's Trailer Previews Viewros, Psychic Abilities, Vi-O-La, Federation Troopers",,real
Ys X: Proud NordicsGame's PS5 Version Launches on February 19,,real
"emaqi AddsDelinquents Can't Cut Cake,'Magic, Me and My Big Master!', More Manga",,real
K Manga Adds Battan'sFatale GameManga as Simulpub,,real
"My Gift Lvl 9999 Unlimited GachaTV Anime Reveals 5 More Cast Members, 2nd Promo Video",,real
"Mamoru Hosoda'sScarletAnime Film Unveils Video, Visual, 5 More Cast Members",,real
Manta Comics'Under the Oak TreeWebtoon to Return with Season 5 on November 22,,real
AlphaPolis to Release English Manga in Print Beginning in June 2026,,real
Crunchyroll Becomes Associate Team Sponsor to Proteas Men's Cricket Series in India,,real
"The Holy Grail of ErisTV Anime Reveals Theme Song Artists, January 8 Debut",,real
Dr. Stone: Science FutureAnime's New Promo Video Teases 3rd Part of Season,,real
Campfire Cooking in Another World with My Absurd SkillSeason 2 Anime Gets Hindi Dub,,real
"Reincarnated as a Dragon HatchlingAnime Reveals Theme Songs, January 2026 Premiere",,real
"Hiroyuki Nishimori, Mifumi Inaba LaunchItsuka Uchū KaraManga on December 12",,real
Aniplus Asia LicensesNeedy Streamer OverloadTV Anime,,real
The Remarried EmpressLive-Action Series to Debut in 2nd Half of 2026,,real
The HorizonWebtoon Wins Award at Italy's Lucca Comics & Games,,real
Trails in the Sky 2nd ChapterRemake Game Revealed,,real
2nd Live-ActionGolden KamuyFilm Casts Sōkō Wada as Kadokura,,real
"Love Unseen Beneath the Clear Night SkyNovel Gets TV Anime, Live-Action Series",,real
"Valve Announces Steam Machine, Steam Controller, Steam Frame Hardware",,real
Monarch: Legacy of MonstersSeries Season 2 Reveals February 27 Premiere in Trailer,,real
Digital Manga Publisher Azuki Changes Name to Omoi,,real
Media Factory's Light Novel Imprint Makes Fall Event Online-Only After Threats,,real
"Pokémon PokopiaGame's Trailer Previews Town Building, Transformations, New Pokémon Forms",,real
"One Piece, Dragon Ball SuperSeries Director Tatsuya Nagamine Dies (Updated)",,real
"Jujutsu Kaisen: ExecutionCompilation Film Opens at #1,Chainsaw ManAnime Film Drops to #4",,real
2ndGundam HathawayFilm Unveils New Cast Members,,real
Jujutsu KaisenCompilation Film With Season 3 Preview Opens in U.K. and Ireland Cinemas on Friday,,real
Hiromi Morishita'sShō 3 Ashibe QQ Goma-chanManga Gets TV Short Anime in Spring 2026,,real
Disney Twisted-WonderlandAnime Confirms 2nd Season in Production,,real
Moto Hagio'sThe Poe ClanManga Gets New Stage Musical Adaptation by Takarazuka Revue,,real
Free London Screening ofDemon Slayer: Kimetsu no Yaiba Infinity Castleon November 25,,real
PlayStation 5 Gets Japan-Language-Only Digital Edition,,real
"AFA Singapore Screens World Premieres ofAn Adventurer's Daily Grind at Age 29,Fire ForceAnime's Final Run",,real
"Kanagawa ElvesLight Anime's 2nd Teaser Video Unveils More Cast, Ending Song",,real
Toshiya Miyata'sKyōkai no MelodyNovel Gets TV Anime,,real
"A-1 Pictures Animates Opening forSolo Leveling: KarmaPC, Mobile Game",,real
"Seven Seas LicensesReborn as an Aristocratic Scoundrel, Love is Money, The Death Defying Princess, 4 More Titles",,real
Witch Hat AtelierManga Has 7 Million Copies in Circulation Worldwide,,real
Late Ghibli Director Isao Takahata's Unproduced Scripts Found at Home,,real
Death StrandingFranchise Gets Anime Series Also in 2027,,real
Bandai Namco Filmworks Posts NewXabungle Side R'Experimental Video',,real
The Legendary Hero is Dead!Spinoff Manga Ends with 2nd Volume,,real
Gran Turismo 7Game Reveals Power Pack DLC,,real
Shun Matsuena'sKichijōji Shōnen!Manga Ends,,real
Super Robot Wars YGame Gets First DLC on November 20,,real
Octopath Traveler 0Prequel Game's Story Trailer Reveals Playable Demo,,real
Dynasty Warriors: OriginsGame's Trailer Previews Visions of Four Heroes DLC,,real
Damon and BabyAction Game Gets Early 2026 Release Window,,real
"Crunchyroll Streams'Anyway, I'm Falling in Love with You'2nd Season, Screens Premieres at Anime Frontier",,real
Digimon Story Time StrangerGame's Video Previews 1st DLC Pack,,real
"Marvel Tōkon: Fighting SoulsGame Announces 2 New Characters, 2nd Closed Beta Test for PS5",,real
Sonic Racing CrossWorldsGame Unveils 3 DLC Characters,,real
Ys X: Proud NordicsGame Gets PS5 Release in February,,real
Super MarioManga Artist Kazuki Motoyama Dies,,real
Birushana: Winds of FateVisual Novel Fan Disc Heads West for Switch in 2026,,real
"Kadokawa ReleasesStay Away from My Sons!,The Villainess Is Adored by the Prince of the Neighbor KingdomManga (Updated)",,real
Over RequiemzGame Heads West for Switch in Summer 2026,,real
Mamoru Hosoda'sScarletAnime Film's Video Reveals New Song,,real
"Coro Coro Comics, CiaoLaunch NewCoroCiaoMagazine",,real
Studio N Apologizes AfterThe Remarried EmpressLive-Action Series' Costume Prop Causes Controversy,,real
NewAssassination ClassroomFilm Announces More Cast,,real
GAEA-TIMA the GigantisManga Has Anime in the Works,,real
Code Vein IIGame's Trailer Highlights Character Noah G. MagMell,,real
Crunchyroll StreamsFUUTO PI: Kamen Rider Skull no ShōzōAnime Film in India,,real
Multiple Home Editions ofDan Da DanWill Be Released in the U.K. on Monday,,real
Attack on TitanConcert Reveals 2026 U.S. Tour Dates,,real
"'Killed Again, Mr. Detective?'Light Novels Get TV Anime Next April",,real
"Re:ZEROSeason 4's Main Trailer Reveals New Cast, April 2026 Debut",,real
"A Misanthrope Teaches a Class for Demi-HumansAnime Reveals More Cast, Theme Song Artists",,real
"Sasaki and PeepsSeason 2 Unveils New Visual, 2026 Debut",,real
"SHIBOYUGI: Playing Death Games to Put Food on the TableAnime Reveals January 7 Debut, More Cast in Video",,real
The Detective is Already DeadSeason 2's  Teaser Reveals July 2026 Debut,,real
"Girls & Panzer: Motto Love Love Sakusen Desu!Anime Reveals Theme Songs, Promo Video for 1st of 4 Films",,real
5thGirls und Panzer das FinaleFilm Opens in 2026,,real
"Classroom of the EliteSeason 4 Unveils Trailer, Key Visual, Cast, April Debut",,real
"Muse India StreamsNew Game!Seasons 1, 2 on YouTube",,real
4K Restoration of Mamoru Oshii'sThe Red SpectaclesFilm Screens in N.Y. on November 21-23,,real
100 MetersWill Be Released in U.K. and Ireland Cinemas From Sunday,,real
You Don't Know Gunma YetLight Anime's 2nd Teaser Reveals Theme Song,,real
"Japan's Video Game Rankings, November 3-9",,real
Manga Up! Global AddsThe Corrupt Guildmaster Is Beloved by the BanishedManga in English,,real
"Japanese Animation TV Ranking, November 3-9",,real
Korean Government to Conduct Industry-Wide Survey on Webtoons,,real
FUUTO PI: Kamen Rider Skull no ShōzōAnime Film Streams on Crunchyroll,,real
"Kaya, Utahime Dream All Stars Perform Themes forA Tale of the Secret SaintAnime",,real
XSEED Games Cancels Release ofCorpse Party Tetralogy Pack,,real
Daejeon Hosts 2025 University Webtoon Championship,,real
Webtoon-Based Live-Action SeriesJudge Han-Young LeeConfirms January 2 Debut,,real
Live-ActionPortraits of DelusionSeries to Debut on Disney+ in 2nd Half of 2026,,real
"Crossed Hearts Announces Print Release of'Darling, Why Can't We Divorce?' Webtoon",,real
Live-ActionDear XSeries Release Drives Surge in Original Webtoon Readership,,real
Solo Levelingto Debut as Ice Musical in Seoul This December,,real
MusicalMarliAdapted into Webtoon Ahead of Stage Premiere,,real
"North American Anime, Manga Releases, November 9-15",,real
"Metroid Prime 4: BeyondGame's Trailer Previews Viewros, Psychic Abilities, Vi-O-La, Federation Troopers",,real
Ys X: Proud NordicsGame's PS5 Version Launches on February 19,,real
"emaqi AddsDelinquents Can't Cut Cake,'Magic, Me and My Big Master!', More Manga",,real
K Manga Adds Battan'sFatale GameManga as Simulpub,,real
"My Gift Lvl 9999 Unlimited GachaTV Anime Reveals 5 More Cast Members, 2nd Promo Video",,real
"Mamoru Hosoda'sScarletAnime Film Unveils Video, Visual, 5 More Cast Members",,real
Manta Comics'Under the Oak TreeWebtoon to Return with Season 5 on November 22,,real
AlphaPolis to Release English Manga in Print Beginning in June 2026,,real
Crunchyroll Becomes Associate Team Sponsor to Proteas Men's Cricket Series in India,,real
"The Holy Grail of ErisTV Anime Reveals Theme Song Artists, January 8 Debut",,real
Dr. Stone: Science FutureAnime's New Promo Video Teases 3rd Part of Season,,real
Campfire Cooking in Another World with My Absurd SkillSeason 2 Anime Gets Hindi Dub,,real
"Reincarnated as a Dragon HatchlingAnime Reveals Theme Songs, January 2026 Premiere",,real
"Hiroyuki Nishimori, Mifumi Inaba LaunchItsuka Uchū KaraManga on December 12",,real
Aniplus Asia LicensesNeedy Streamer OverloadTV Anime,,real
The Remarried EmpressLive-Action Series to Debut in 2nd Half of 2026,,real
The HorizonWebtoon Wins Award at Italy's Lucca Comics & Games,,real
Trails in the Sky 2nd ChapterRemake Game Revealed,,real
2nd Live-ActionGolden KamuyFilm Casts Sōkō Wada as Kadokura,,real
"Love Unseen Beneath the Clear Night SkyNovel Gets TV Anime, Live-Action Series",,real
"Valve Announces Steam Machine, Steam Controller, Steam Frame Hardware",,real
Monarch: Legacy of MonstersSeries Season 2 Reveals February 27 Premiere in Trailer,,real
Digital Manga Publisher Azuki Changes Name to Omoi,,real
Media Factory's Light Novel Imprint Makes Fall Event Online-Only After Threats,,real
"Pokémon PokopiaGame's Trailer Previews Town Building, Transformations, New Pokémon Forms",,real
"One Piece, Dragon Ball SuperSeries Director Tatsuya Nagamine Dies (Updated)",,real
"Jujutsu Kaisen: ExecutionCompilation Film Opens at #1,Chainsaw ManAnime Film Drops to #4",,real
2ndGundam HathawayFilm Unveils New Cast Members,,real
Jujutsu KaisenCompilation Film With Season 3 Preview Opens in U.K. and Ireland Cinemas on Friday,,real
Hiromi Morishita'sShō 3 Ashibe QQ Goma-chanManga Gets TV Short Anime in Spring 2026,,real
Disney Twisted-WonderlandAnime Confirms 2nd Season in Production,,real
Moto Hagio'sThe Poe ClanManga Gets New Stage Musical Adaptation by Takarazuka Revue,,real
Free London Screening ofDemon Slayer: Kimetsu no Yaiba Infinity Castleon November 25,,real
PlayStation 5 Gets Japan-Language-Only Digital Edition,,real
"AFA Singapore Screens World Premieres ofAn Adventurer's Daily Grind at Age 29,Fire ForceAnime's Final Run",,real
"Kanagawa ElvesLight Anime's 2nd Teaser Video Unveils More Cast, Ending Song",,real
Toshiya Miyata'sKyōkai no MelodyNovel Gets TV Anime,,real
"A-1 Pictures Animates Opening forSolo Leveling: KarmaPC, Mobile Game",,real
"Seven Seas LicensesReborn as an Aristocratic Scoundrel, Love is Money, The Death Defying Princess, 4 More Titles",,real
Witch Hat AtelierManga Has 7 Million Copies in Circulation Worldwide,,real
Late Ghibli Director Isao Takahata's Unproduced Scripts Found at Home,,real
Death StrandingFranchise Gets Anime Series Also in 2027,,real
Bandai Namco Filmworks Posts NewXabungle Side R'Experimental Video',,real
The Legendary Hero is Dead!Spinoff Manga Ends with 2nd Volume,,real
Gran Turismo 7Game Reveals Power Pack DLC,,real
Shun Matsuena'sKichijōji Shōnen!Manga Ends,,real
Super Robot Wars YGame Gets First DLC on November 20,,real
Octopath Traveler 0Prequel Game's Story Trailer Reveals Playable Demo,,real
Dynasty Warriors: OriginsGame's Trailer Previews Visions of Four Heroes DLC,,real
Damon and BabyAction Game Gets Early 2026 Release Window,,real
"Crunchyroll Streams'Anyway, I'm Falling in Love with You'2nd Season, Screens Premieres at Anime Frontier",,real
Digimon Story Time StrangerGame's Video Previews 1st DLC Pack,,real
"Marvel Tōkon: Fighting SoulsGame Announces 2 New Characters, 2nd Closed Beta Test for PS5",,real
Sonic Racing CrossWorldsGame Unveils 3 DLC Characters,,real
Ys X: Proud NordicsGame Gets PS5 Release in February,,real
Super MarioManga Artist Kazuki Motoyama Dies,,real
Birushana: Winds of FateVisual Novel Fan Disc Heads West for Switch in 2026,,real
"Kadokawa ReleasesStay Away from My Sons!,The Villainess Is Adored by the Prince of the Neighbor KingdomManga (Updated)",,real
Over RequiemzGame Heads West for Switch in Summer 2026,,real
Mamoru Hosoda'sScarletAnime Film's Video Reveals New Song,,real
"Coro Coro Comics, CiaoLaunch NewCoroCiaoMagazine",,real
Studio N Apologizes AfterThe Remarried EmpressLive-Action Series' Costume Prop Causes Controversy,,real
NewAssassination ClassroomFilm Announces More Cast,,real
GAEA-TIMA the GigantisManga Has Anime in the Works,,real
Code Vein IIGame's Trailer Highlights Character Noah G. MagMell,,real
Crunchyroll StreamsFUUTO PI: Kamen Rider Skull no ShōzōAnime Film in India,,real
Multiple Home Editions ofDan Da DanWill Be Released in the U.K. on Monday,,real
Attack on TitanConcert Reveals 2026 U.S. Tour Dates,,real
"'Killed Again, Mr. Detective?'Light Novels Get TV Anime Next April",,real
"Re:ZEROSeason 4's Main Trailer Reveals New Cast, April 2026 Debut",,real
"A Misanthrope Teaches a Class for Demi-HumansAnime Reveals More Cast, Theme Song Artists",,real
"Sasaki and PeepsSeason 2 Unveils New Visual, 2026 Debut",,real
"SHIBOYUGI: Playing Death Games to Put Food on the TableAnime Reveals January 7 Debut, More Cast in Video",,real
The Detective is Already DeadSeason 2's  Teaser Reveals July 2026 Debut,,real
"Girls & Panzer: Motto Love Love Sakusen Desu!Anime Reveals Theme Songs, Promo Video for 1st of 4 Films",,real
5thGirls und Panzer das FinaleFilm Opens in 2026,,real
"Classroom of the EliteSeason 4 Unveils Trailer, Key Visual, Cast, April Debut",,real
"Muse India StreamsNew Game!Seasons 1, 2 on YouTube",,real
4K Restoration of Mamoru Oshii'sThe Red SpectaclesFilm Screens in N.Y. on November 21-23,,real
100 MetersWill Be Released in U.K. and Ireland Cinemas From Sunday,,real
You Don't Know Gunma YetLight Anime's 2nd Teaser Reveals Theme Song,,real
"Japan's Video Game Rankings, November 3-9",,real
Manga Up! Global AddsThe Corrupt Guildmaster Is Beloved by the BanishedManga in English,,real
"Japanese Animation TV Ranking, November 3-9",,real
Korean Government to Conduct Industry-Wide Survey on Webtoons,,real
FUUTO PI: Kamen Rider Skull no ShōzōAnime Film Streams on Crunchyroll,,real
"Kaya, Utahime Dream All Stars Perform Themes forA Tale of the Secret SaintAnime",,real
XSEED Games Cancels Release ofCorpse Party Tetralogy Pack,,real
Daejeon Hosts 2025 University Webtoon Championship,,real
Webtoon-Based Live-Action SeriesJudge Han-Young LeeConfirms January 2 Debut,,real
Live-ActionPortraits of DelusionSeries to Debut on Disney+ in 2nd Half of 2026,,real
"Crossed Hearts Announces Print Release of'Darling, Why Can't We Divorce?' Webtoon",,real
Live-ActionDear XSeries Release Drives Surge in Original Webtoon Readership,,real
Solo Levelingto Debut as Ice Musical in Seoul This December,,real
MusicalMarliAdapted into Webtoon Ahead of Stage Premiere,,real
"North American Anime, Manga Releases, November 9-15",,real
"Metroid Prime 4: BeyondGame's Trailer Previews Viewros, Psychic Abilities, Vi-O-La, Federation Troopers",,real
Ys X: Proud NordicsGame's PS5 Version Launches on February 19,,real
"emaqi AddsDelinquents Can't Cut Cake,'Magic, Me and My Big Master!', More Manga",,real
K Manga Adds Battan'sFatale GameManga as Simulpub,,real
"My Gift Lvl 9999 Unlimited GachaTV Anime Reveals 5 More Cast Members, 2nd Promo Video",,real
"Mamoru Hosoda'sScarletAnime Film Unveils Video, Visual, 5 More Cast Members",,real
Manta Comics'Under the Oak TreeWebtoon to Return with Season 5 on November 22,,real
AlphaPolis to Release English Manga in Print Beginning in June 2026,,real
Crunchyroll Becomes Associate Team Sponsor to Proteas Men's Cricket Series in India,,real
"The Holy Grail of ErisTV Anime Reveals Theme Song Artists, January 8 Debut",,real
Dr. Stone: Science FutureAnime's New Promo Video Teases 3rd Part of Season,,real
Campfire Cooking in Another World with My Absurd SkillSeason 2 Anime Gets Hindi Dub,,real
"Reincarnated as a Dragon HatchlingAnime Reveals Theme Songs, January 2026 Premiere",,real
"Hiroyuki Nishimori, Mifumi Inaba LaunchItsuka Uchū KaraManga on December 12",,real
Aniplus Asia LicensesNeedy Streamer OverloadTV Anime,,real
The Remarried EmpressLive-Action Series to Debut in 2nd Half of 2026,,real
The HorizonWebtoon Wins Award at Italy's Lucca Comics & Games,,real
Trails in the Sky 2nd ChapterRemake Game Revealed,,real
2nd Live-ActionGolden KamuyFilm Casts Sōkō Wada as Kadokura,,real
"Love Unseen Beneath the Clear Night SkyNovel Gets TV Anime, Live-Action Series",,real
"Valve Announces Steam Machine, Steam Controller, Steam Frame Hardware",,real
Monarch: Legacy of MonstersSeries Season 2 Reveals February 27 Premiere in Trailer,,real
Digital Manga Publisher Azuki Changes Name to Omoi,,real
Media Factory's Light Novel Imprint Makes Fall Event Online-Only After Threats,,real
"Pokémon PokopiaGame's Trailer Previews Town Building, Transformations, New Pokémon Forms",,real
"One Piece, Dragon Ball SuperSeries Director Tatsuya Nagamine Dies (Updated)",,real
"Jujutsu Kaisen: ExecutionCompilation Film Opens at #1,Chainsaw ManAnime Film Drops to #4",,real
2ndGundam HathawayFilm Unveils New Cast Members,,real
Jujutsu KaisenCompilation Film With Season 3 Preview Opens in U.K. and Ireland Cinemas on Friday,,real
Hiromi Morishita'sShō 3 Ashibe QQ Goma-chanManga Gets TV Short Anime in Spring 2026,,real
Disney Twisted-WonderlandAnime Confirms 2nd Season in Production,,real
Moto Hagio'sThe Poe ClanManga Gets New Stage Musical Adaptation by Takarazuka Revue,,real
Free London Screening ofDemon Slayer: Kimetsu no Yaiba Infinity Castleon November 25,,real
PlayStation 5 Gets Japan-Language-Only Digital Edition,,real
"AFA Singapore Screens World Premieres ofAn Adventurer's Daily Grind at Age 29,Fire ForceAnime's Final Run",,real
"Kanagawa ElvesLight Anime's 2nd Teaser Video Unveils More Cast, Ending Song",,real
Toshiya Miyata'sKyōkai no MelodyNovel Gets TV Anime,,real
"A-1 Pictures Animates Opening forSolo Leveling: KarmaPC, Mobile Game",,real
"Seven Seas LicensesReborn as an Aristocratic Scoundrel, Love is Money, The Death Defying Princess, 4 More Titles",,real
Witch Hat AtelierManga Has 7 Million Copies in Circulation Worldwide,,real
Late Ghibli Director Isao Takahata's Unproduced Scripts Found at Home,,real
Death StrandingFranchise Gets Anime Series Also in 2027,,real
Bandai Namco Filmworks Posts NewXabungle Side R'Experimental Video',,real
The Legendary Hero is Dead!Spinoff Manga Ends with 2nd Volume,,real
Gran Turismo 7Game Reveals Power Pack DLC,,real
Shun Matsuena'sKichijōji Shōnen!Manga Ends,,real
Super Robot Wars YGame Gets First DLC on November 20,,real
Octopath Traveler 0Prequel Game's Story Trailer Reveals Playable Demo,,real
Dynasty Warriors: OriginsGame's Trailer Previews Visions of Four Heroes DLC,,real
Damon and BabyAction Game Gets Early 2026 Release Window,,real
"Crunchyroll Streams'Anyway, I'm Falling in Love with You'2nd Season, Screens Premieres at Anime Frontier",,real
Digimon Story Time StrangerGame's Video Previews 1st DLC Pack,,real
"Marvel Tōkon: Fighting SoulsGame Announces 2 New Characters, 2nd Closed Beta Test for PS5",,real
Sonic Racing CrossWorldsGame Unveils 3 DLC Characters,,real
Ys X: Proud NordicsGame Gets PS5 Release in February,,real
Super MarioManga Artist Kazuki Motoyama Dies,,real
Birushana: Winds of FateVisual Novel Fan Disc Heads West for Switch in 2026,,real
"Kadokawa ReleasesStay Away from My Sons!,The Villainess Is Adored by the Prince of the Neighbor KingdomManga (Updated)",,real
Over RequiemzGame Heads West for Switch in Summer 2026,,real
Mamoru Hosoda'sScarletAnime Film's Video Reveals New Song,,real
"Coro Coro Comics, CiaoLaunch NewCoroCiaoMagazine",,real
Studio N Apologizes AfterThe Remarried EmpressLive-Action Series' Costume Prop Causes Controversy,,real
NewAssassination ClassroomFilm Announces More Cast,,real
GAEA-TIMA the GigantisManga Has Anime in the Works,,real
Code Vein IIGame's Trailer Highlights Character Noah G. MagMell,,real
Crunchyroll StreamsFUUTO PI: Kamen Rider Skull no ShōzōAnime Film in India,,real
Multiple Home Editions ofDan Da DanWill Be Released in the U.K. on Monday,,real
Attack on TitanConcert Reveals 2026 U.S. Tour Dates,,real
"'Killed Again, Mr. Detective?'Light Novels Get TV Anime Next April",,real
"Re:ZEROSeason 4's Main Trailer Reveals New Cast, April 2026 Debut",,real
"A Misanthrope Teaches a Class for Demi-HumansAnime Reveals More Cast, Theme Song Artists",,real
"Sasaki and PeepsSeason 2 Unveils New Visual, 2026 Debut",,real
"SHIBOYUGI: Playing Death Games to Put Food on the TableAnime Reveals January 7 Debut, More Cast in Video",,real
The Detective is Already DeadSeason 2's  Teaser Reveals July 2026 Debut,,real
"Girls & Panzer: Motto Love Love Sakusen Desu!Anime Reveals Theme Songs, Promo Video for 1st of 4 Films",,real
5thGirls und Panzer das FinaleFilm Opens in 2026,,real
"Classroom of the EliteSeason 4 Unveils Trailer, Key Visual, Cast, April Debut",,real
"Muse India StreamsNew Game!Seasons 1, 2 on YouTube",,real
4K Restoration of Mamoru Oshii'sThe Red SpectaclesFilm Screens in N.Y. on November 21-23,,real
100 MetersWill Be Released in U.K. and Ireland Cinemas From Sunday,,real
You Don't Know Gunma YetLight Anime's 2nd Teaser Reveals Theme Song,,real
"Japan's Video Game Rankings, November 3-9",,real
Manga Up! Global AddsThe Corrupt Guildmaster Is Beloved by the BanishedManga in English,,real
"Japanese Animation TV Ranking, November 3-9",,real
Korean Government to Conduct Industry-Wide Survey on Webtoons,,real
FUUTO PI: Kamen Rider Skull no ShōzōAnime Film Streams on Crunchyroll,,real
"Kaya, Utahime Dream All Stars Perform Themes forA Tale of the Secret SaintAnime",,real
XSEED Games Cancels Release ofCorpse Party Tetralogy Pack,,real
Daejeon Hosts 2025 University Webtoon Championship,,real
Webtoon-Based Live-Action SeriesJudge Han-Young LeeConfirms January 2 Debut,,real
Live-ActionPortraits of DelusionSeries to Debut on Disney+ in 2nd Half of 2026,,real
"Crossed Hearts Announces Print Release of'Darling, Why Can't We Divorce?' Webtoon",,real
Live-ActionDear XSeries Release Drives Surge in Original Webtoon Readership,,real
Solo Levelingto Debut as Ice Musical in Seoul This December,,real
MusicalMarliAdapted into Webtoon Ahead of Stage Premiere,,real
"North American Anime, Manga Releases, November 9-15",,real
"Metroid Prime 4: BeyondGame's Trailer Previews Viewros, Psychic Abilities, Vi-O-La, Federation Troopers",,real
Ys X: Proud NordicsGame's PS5 Version Launches on February 19,,real
"emaqi AddsDelinquents Can't Cut Cake,'Magic, Me and My Big Master!', More Manga",,real
K Manga Adds Battan'sFatale GameManga as Simulpub,,real
"My Gift Lvl 9999 Unlimited GachaTV Anime Reveals 5 More Cast Members, 2nd Promo Video",,real
"Mamoru Hosoda'sScarletAnime Film Unveils Video, Visual, 5 More Cast Members",,real
Manta Comics'Under the Oak TreeWebtoon to Return with Season 5 on November 22,,real
AlphaPolis to Release English Manga in Print Beginning in June 2026,,real
Crunchyroll Becomes Associate Team Sponsor to Proteas Men's Cricket Series in India,,real
"The Holy Grail of ErisTV Anime Reveals Theme Song Artists, January 8 Debut",,real
Dr. Stone: Science FutureAnime's New Promo Video Teases 3rd Part of Season,,real
Campfire Cooking in Another World with My Absurd SkillSeason 2 Anime Gets Hindi Dub,,real
"Reincarnated as a Dragon HatchlingAnime Reveals Theme Songs, January 2026 Premiere",,real
"Hiroyuki Nishimori, Mifumi Inaba LaunchItsuka Uchū KaraManga on December 12",,real
Aniplus Asia LicensesNeedy Streamer OverloadTV Anime,,real
The Remarried EmpressLive-Action Series to Debut in 2nd Half of 2026,,real
The HorizonWebtoon Wins Award at Italy's Lucca Comics & Games,,real
Trails in the Sky 2nd ChapterRemake Game Revealed,,real
2nd Live-ActionGolden KamuyFilm Casts Sōkō Wada as Kadokura,,real
"Love Unseen Beneath the Clear Night SkyNovel Gets TV Anime, Live-Action Series",,real
"Valve Announces Steam Machine, Steam Controller, Steam Frame Hardware",,real
Monarch: Legacy of MonstersSeries Season 2 Reveals February 27 Premiere in Trailer,,real
Digital Manga Publisher Azuki Changes Name to Omoi,,real
Media Factory's Light Novel Imprint Makes Fall Event Online-Only After Threats,,real
"Pokémon PokopiaGame's Trailer Previews Town Building, Transformations, New Pokémon Forms",,real
"One Piece, Dragon Ball SuperSeries Director Tatsuya Nagamine Dies (Updated)",,real
"Jujutsu Kaisen: ExecutionCompilation Film Opens at #1,Chainsaw ManAnime Film Drops to #4",,real
2ndGundam HathawayFilm Unveils New Cast Members,,real
Jujutsu KaisenCompilation Film With Season 3 Preview Opens in U.K. and Ireland Cinemas on Friday,,real
Hiromi Morishita'sShō 3 Ashibe QQ Goma-chanManga Gets TV Short Anime in Spring 2026,,real
Disney Twisted-WonderlandAnime Confirms 2nd Season in Production,,real
Moto Hagio'sThe Poe ClanManga Gets New Stage Musical Adaptation by Takarazuka Revue,,real
Free London Screening ofDemon Slayer: Kimetsu no Yaiba Infinity Castleon November 25,,real
PlayStation 5 Gets Japan-Language-Only Digital Edition,,real
"AFA Singapore Screens World Premieres ofAn Adventurer's Daily Grind at Age 29,Fire ForceAnime's Final Run",,real
"Kanagawa ElvesLight Anime's 2nd Teaser Video Unveils More Cast, Ending Song",,real
Toshiya Miyata'sKyōkai no MelodyNovel Gets TV Anime,,real
"A-1 Pictures Animates Opening forSolo Leveling: KarmaPC, Mobile Game",,real
"Seven Seas LicensesReborn as an Aristocratic Scoundrel, Love is Money, The Death Defying Princess, 4 More Titles",,real
Witch Hat AtelierManga Has 7 Million Copies in Circulation Worldwide,,real
Late Ghibli Director Isao Takahata's Unproduced Scripts Found at Home,,real
Death StrandingFranchise Gets Anime Series Also in 2027,,real
Bandai Namco Filmworks Posts NewXabungle Side R'Experimental Video',,real
The Legendary Hero is Dead!Spinoff Manga Ends with 2nd Volume,,real
Gran Turismo 7Game Reveals Power Pack DLC,,real
Shun Matsuena'sKichijōji Shōnen!Manga Ends,,real
Super Robot Wars YGame Gets First DLC on November 20,,real
Octopath Traveler 0Prequel Game's Story Trailer Reveals Playable Demo,,real
Dynasty Warriors: OriginsGame's Trailer Previews Visions of Four Heroes DLC,,real
Damon and BabyAction Game Gets Early 2026 Release Window,,real
"Crunchyroll Streams'Anyway, I'm Falling in Love with You'2nd Season, Screens Premieres at Anime Frontier",,real
Digimon Story Time StrangerGame's Video Previews 1st DLC Pack,,real
"Marvel Tōkon: Fighting SoulsGame Announces 2 New Characters, 2nd Closed Beta Test for PS5",,real
Sonic Racing CrossWorldsGame Unveils 3 DLC Characters,,real
Ys X: Proud NordicsGame Gets PS5 Release in February,,real
Super MarioManga Artist Kazuki Motoyama Dies,,real
Birushana: Winds of FateVisual Novel Fan Disc Heads West for Switch in 2026,,real
"Kadokawa ReleasesStay Away from My Sons!,The Villainess Is Adored by the Prince of the Neighbor KingdomManga (Updated)",,real
Over RequiemzGame Heads West for Switch in Summer 2026,,real
Mamoru Hosoda'sScarletAnime Film's Video Reveals New Song,,real
"Coro Coro Comics, CiaoLaunch NewCoroCiaoMagazine",,real
Studio N Apologizes AfterThe Remarried EmpressLive-Action Series' Costume Prop Causes Controversy,,real
NewAssassination ClassroomFilm Announces More Cast,,real
GAEA-TIMA the GigantisManga Has Anime in the Works,,real
Code Vein IIGame's Trailer Highlights Character Noah G. MagMell,,real
Crunchyroll StreamsFUUTO PI: Kamen Rider Skull no ShōzōAnime Film in India,,real
Multiple Home Editions ofDan Da DanWill Be Released in the U.K. on Monday,,real
Attack on TitanConcert Reveals 2026 U.S. Tour Dates,,real
"'Killed Again, Mr. Detective?'Light Novels Get TV Anime Next April",,real
"Re:ZEROSeason 4's Main Trailer Reveals New Cast, April 2026 Debut",,real
"A Misanthrope Teaches a Class for Demi-HumansAnime Reveals More Cast, Theme Song Artists",,real
"Sasaki and PeepsSeason 2 Unveils New Visual, 2026 Debut",,real
"SHIBOYUGI: Playing Death Games to Put Food on the TableAnime Reveals January 7 Debut, More Cast in Video",,real
The Detective is Already DeadSeason 2's  Teaser Reveals July 2026 Debut,,real
"Girls & Panzer: Motto Love Love Sakusen Desu!Anime Reveals Theme Songs, Promo Video for 1st of 4 Films",,real
5thGirls und Panzer das FinaleFilm Opens in 2026,,real
"Classroom of the EliteSeason 4 Unveils Trailer, Key Visual, Cast, April Debut",,real
"Muse India StreamsNew Game!Seasons 1, 2 on YouTube",,real
4K Restoration of Mamoru Oshii'sThe Red SpectaclesFilm Screens in N.Y. on November 21-23,,real
100 MetersWill Be Released in U.K. and Ireland Cinemas From Sunday,,real
You Don't Know Gunma YetLight Anime's 2nd Teaser Reveals Theme Song,,real
"Japan's Video Game Rankings, November 3-9",,real
Manga Up! Global AddsThe Corrupt Guildmaster Is Beloved by the BanishedManga in English,,real
"Japanese Animation TV Ranking, November 3-9",,real
Korean Government to Conduct Industry-Wide Survey on Webtoons,,real
FUUTO PI: Kamen Rider Skull no ShōzōAnime Film Streams on Crunchyroll,,real
"Kaya, Utahime Dream All Stars Perform Themes forA Tale of the Secret SaintAnime",,real
XSEED Games Cancels Release ofCorpse Party Tetralogy Pack,,real
Daejeon Hosts 2025 University Webtoon Championship,,real
Webtoon-Based Live-Action SeriesJudge Han-Young LeeConfirms January 2 Debut,,real
Live-ActionPortraits of DelusionSeries to Debut on Disney+ in 2nd Half of 2026,,real
"Crossed Hearts Announces Print Release of'Darling, Why Can't We Divorce?' Webtoon",,real
Live-ActionDear XSeries Release Drives Surge in Original Webtoon Readership,,real
Solo Levelingto Debut as Ice Musical in Seoul This December,,real
MusicalMarliAdapted into Webtoon Ahead of Stage Premiere,,real
"North American Anime, Manga Releases, November 9-15",,real
"Metroid Prime 4: BeyondGame's Trailer Previews Viewros, Psychic Abilities, Vi-O-La, Federation Troopers",,real
Ys X: Proud NordicsGame's PS5 Version Launches on February 19,,real
"emaqi AddsDelinquents Can't Cut Cake,'Magic, Me and My Big Master!', More Manga",,real
K Manga Adds Battan'sFatale GameManga as Simulpub,,real
"My Gift Lvl 9999 Unlimited GachaTV Anime Reveals 5 More Cast Members, 2nd Promo Video",,real
"Mamoru Hosoda'sScarletAnime Film Unveils Video, Visual, 5 More Cast Members",,real
Manta Comics'Under the Oak TreeWebtoon to Return with Season 5 on November 22,,real
AlphaPolis to Release English Manga in Print Beginning in June 2026,,real
Crunchyroll Becomes Associate Team Sponsor to Proteas Men's Cricket Series in India,,real
"The Holy Grail of ErisTV Anime Reveals Theme Song Artists, January 8 Debut",,real
Dr. Stone: Science FutureAnime's New Promo Video Teases 3rd Part of Season,,real
Campfire Cooking in Another World with My Absurd SkillSeason 2 Anime Gets Hindi Dub,,real
"Reincarnated as a Dragon HatchlingAnime Reveals Theme Songs, January 2026 Premiere",,real
"Hiroyuki Nishimori, Mifumi Inaba LaunchItsuka Uchū KaraManga on December 12",,real
Aniplus Asia LicensesNeedy Streamer OverloadTV Anime,,real
The Remarried EmpressLive-Action Series to Debut in 2nd Half of 2026,,real
The HorizonWebtoon Wins Award at Italy's Lucca Comics & Games,,real
Trails in the Sky 2nd ChapterRemake Game Revealed,,real
2nd Live-ActionGolden KamuyFilm Casts Sōkō Wada as Kadokura,,real
"Love Unseen Beneath the Clear Night SkyNovel Gets TV Anime, Live-Action Series",,real
"Valve Announces Steam Machine, Steam Controller, Steam Frame Hardware",,real
Monarch: Legacy of MonstersSeries Season 2 Reveals February 27 Premiere in Trailer,,real
Digital Manga Publisher Azuki Changes Name to Omoi,,real
Media Factory's Light Novel Imprint Makes Fall Event Online-Only After Threats,,real
"Pokémon PokopiaGame's Trailer Previews Town Building, Transformations, New Pokémon Forms",,real
"One Piece, Dragon Ball SuperSeries Director Tatsuya Nagamine Dies (Updated)",,real
"Jujutsu Kaisen: ExecutionCompilation Film Opens at #1,Chainsaw ManAnime Film Drops to #4",,real
2ndGundam HathawayFilm Unveils New Cast Members,,real
Jujutsu KaisenCompilation Film With Season 3 Preview Opens in U.K. and Ireland Cinemas on Friday,,real
Hiromi Morishita'sShō 3 Ashibe QQ Goma-chanManga Gets TV Short Anime in Spring 2026,,real
Disney Twisted-WonderlandAnime Confirms 2nd Season in Production,,real
Moto Hagio'sThe Poe ClanManga Gets New Stage Musical Adaptation by Takarazuka Revue,,real
Free London Screening ofDemon Slayer: Kimetsu no Yaiba Infinity Castleon November 25,,real
PlayStation 5 Gets Japan-Language-Only Digital Edition,,real
"AFA Singapore Screens World Premieres ofAn Adventurer's Daily Grind at Age 29,Fire ForceAnime's Final Run",,real
"Kanagawa ElvesLight Anime's 2nd Teaser Video Unveils More Cast, Ending Song",,real
Toshiya Miyata'sKyōkai no MelodyNovel Gets TV Anime,,real
"A-1 Pictures Animates Opening forSolo Leveling: KarmaPC, Mobile Game",,real
"Seven Seas LicensesReborn as an Aristocratic Scoundrel, Love is Money, The Death Defying Princess, 4 More Titles",,real
Witch Hat AtelierManga Has 7 Million Copies in Circulation Worldwide,,real
Late Ghibli Director Isao Takahata's Unproduced Scripts Found at Home,,real
Death StrandingFranchise Gets Anime Series Also in 2027,,real
Bandai Namco Filmworks Posts NewXabungle Side R'Experimental Video',,real
The Legendary Hero is Dead!Spinoff Manga Ends with 2nd Volume,,real
Gran Turismo 7Game Reveals Power Pack DLC,,real
Shun Matsuena'sKichijōji Shōnen!Manga Ends,,real
Super Robot Wars YGame Gets First DLC on November 20,,real
Octopath Traveler 0Prequel Game's Story Trailer Reveals Playable Demo,,real
Dynasty Warriors: OriginsGame's Trailer Previews Visions of Four Heroes DLC,,real
Damon and BabyAction Game Gets Early 2026 Release Window,,real
"Crunchyroll Streams'Anyway, I'm Falling in Love with You'2nd Season, Screens Premieres at Anime Frontier",,real
Digimon Story Time StrangerGame's Video Previews 1st DLC Pack,,real
"Marvel Tōkon: Fighting SoulsGame Announces 2 New Characters, 2nd Closed Beta Test for PS5",,real
Sonic Racing CrossWorldsGame Unveils 3 DLC Characters,,real
Ys X: Proud NordicsGame Gets PS5 Release in February,,real
Super MarioManga Artist Kazuki Motoyama Dies,,real
Birushana: Winds of FateVisual Novel Fan Disc Heads West for Switch in 2026,,real
"Kadokawa ReleasesStay Away from My Sons!,The Villainess Is Adored by the Prince of the Neighbor KingdomManga (Updated)",,real
Over RequiemzGame Heads West for Switch in Summer 2026,,real
Mamoru Hosoda'sScarletAnime Film's Video Reveals New Song,,real
"Coro Coro Comics, CiaoLaunch NewCoroCiaoMagazine",,real
Studio N Apologizes AfterThe Remarried EmpressLive-Action Series' Costume Prop Causes Controversy,,real
NewAssassination ClassroomFilm Announces More Cast,,real
GAEA-TIMA the GigantisManga Has Anime in the Works,,real
Code Vein IIGame's Trailer Highlights Character Noah G. MagMell,,real
Crunchyroll StreamsFUUTO PI: Kamen Rider Skull no ShōzōAnime Film in India,,real
Multiple Home Editions ofDan Da DanWill Be Released in the U.K. on Monday,,real
Attack on TitanConcert Reveals 2026 U.S. Tour Dates,,real
"'Killed Again, Mr. Detective?'Light Novels Get TV Anime Next April",,real
"Re:ZEROSeason 4's Main Trailer Reveals New Cast, April 2026 Debut",,real
"A Misanthrope Teaches a Class for Demi-HumansAnime Reveals More Cast, Theme Song Artists",,real
"Sasaki and PeepsSeason 2 Unveils New Visual, 2026 Debut",,real
"SHIBOYUGI: Playing Death Games to Put Food on the TableAnime Reveals January 7 Debut, More Cast in Video",,real
The Detective is Already DeadSeason 2's  Teaser Reveals July 2026 Debut,,real
"Girls & Panzer: Motto Love Love Sakusen Desu!Anime Reveals Theme Songs, Promo Video for 1st of 4 Films",,real
5thGirls und Panzer das FinaleFilm Opens in 2026,,real
"Classroom of the EliteSeason 4 Unveils Trailer, Key Visual, Cast, April Debut",,real
"Muse India StreamsNew Game!Seasons 1, 2 on YouTube",,real
4K Restoration of Mamoru Oshii'sThe Red SpectaclesFilm Screens in N.Y. on November 21-23,,real
100 MetersWill Be Released in U.K. and Ireland Cinemas From Sunday,,real
You Don't Know Gunma YetLight Anime's 2nd Teaser Reveals Theme Song,,real
"Japan's Video Game Rankings, November 3-9",,real
Manga Up! Global AddsThe Corrupt Guildmaster Is Beloved by the BanishedManga in English,,real
"Japanese Animation TV Ranking, November 3-9",,real
Korean Government to Conduct Industry-Wide Survey on Webtoons,,real
FUUTO PI: Kamen Rider Skull no ShōzōAnime Film Streams on Crunchyroll,,real
"Kaya, Utahime Dream All Stars Perform Themes forA Tale of the Secret SaintAnime",,real
XSEED Games Cancels Release ofCorpse Party Tetralogy Pack,,real
Daejeon Hosts 2025 University Webtoon Championship,,real
Webtoon-Based Live-Action SeriesJudge Han-Young LeeConfirms January 2 Debut,,real
Live-ActionPortraits of DelusionSeries to Debut on Disney+ in 2nd Half of 2026,,real
"Crossed Hearts Announces Print Release of'Darling, Why Can't We Divorce?' Webtoon",,real
Live-ActionDear XSeries Release Drives Surge in Original Webtoon Readership,,real
Solo Levelingto Debut as Ice Musical in Seoul This December,,real
MusicalMarliAdapted into Webtoon Ahead of Stage Premiere,,real
"North American Anime, Manga Releases, November 9-15",,real
"Metroid Prime 4: BeyondGame's Trailer Previews Viewros, Psychic Abilities, Vi-O-La, Federation Troopers",,real
Ys X: Proud NordicsGame's PS5 Version Launches on February 19,,real
"emaqi AddsDelinquents Can't Cut Cake,'Magic, Me and My Big Master!', More Manga",,real
K Manga Adds Battan'sFatale GameManga as Simulpub,,real
"My Gift Lvl 9999 Unlimited GachaTV Anime Reveals 5 More Cast Members, 2nd Promo Video",,real
"Mamoru Hosoda'sScarletAnime Film Unveils Video, Visual, 5 More Cast Members",,real
Manta Comics'Under the Oak TreeWebtoon to Return with Season 5 on November 22,,real
AlphaPolis to Release English Manga in Print Beginning in June 2026,,real
Crunchyroll Becomes Associate Team Sponsor to Proteas Men's Cricket Series in India,,real
"The Holy Grail of ErisTV Anime Reveals Theme Song Artists, January 8 Debut",,real
Dr. Stone: Science FutureAnime's New Promo Video Teases 3rd Part of Season,,real
Campfire Cooking in Another World with My Absurd SkillSeason 2 Anime Gets Hindi Dub,,real
"Reincarnated as a Dragon HatchlingAnime Reveals Theme Songs, January 2026 Premiere",,real
"Hiroyuki Nishimori, Mifumi Inaba LaunchItsuka Uchū KaraManga on December 12",,real
Aniplus Asia LicensesNeedy Streamer OverloadTV Anime,,real
The Remarried EmpressLive-Action Series to Debut in 2nd Half of 2026,,real
The HorizonWebtoon Wins Award at Italy's Lucca Comics & Games,,real
Trails in the Sky 2nd ChapterRemake Game Revealed,,real
2nd Live-ActionGolden KamuyFilm Casts Sōkō Wada as Kadokura,,real
"Love Unseen Beneath the Clear Night SkyNovel Gets TV Anime, Live-Action Series",,real
"Valve Announces Steam Machine, Steam Controller, Steam Frame Hardware",,real
Monarch: Legacy of MonstersSeries Season 2 Reveals February 27 Premiere in Trailer,,real
Digital Manga Publisher Azuki Changes Name to Omoi,,real
Media Factory's Light Novel Imprint Makes Fall Event Online-Only After Threats,,real
"Pokémon PokopiaGame's Trailer Previews Town Building, Transformations, New Pokémon Forms",,real
"One Piece, Dragon Ball SuperSeries Director Tatsuya Nagamine Dies (Updated)",,real
"Jujutsu Kaisen: ExecutionCompilation Film Opens at #1,Chainsaw ManAnime Film Drops to #4",,real
2ndGundam HathawayFilm Unveils New Cast Members,,real
Jujutsu KaisenCompilation Film With Season 3 Preview Opens in U.K. and Ireland Cinemas on Friday,,real
Hiromi Morishita'sShō 3 Ashibe QQ Goma-chanManga Gets TV Short Anime in Spring 2026,,real
Disney Twisted-WonderlandAnime Confirms 2nd Season in Production,,real
Moto Hagio'sThe Poe ClanManga Gets New Stage Musical Adaptation by Takarazuka Revue,,real
Free London Screening ofDemon Slayer: Kimetsu no Yaiba Infinity Castleon November 25,,real
PlayStation 5 Gets Japan-Language-Only Digital Edition,,real
"AFA Singapore Screens World Premieres ofAn Adventurer's Daily Grind at Age 29,Fire ForceAnime's Final Run",,real
"Kanagawa ElvesLight Anime's 2nd Teaser Video Unveils More Cast, Ending Song",,real
Toshiya Miyata'sKyōkai no MelodyNovel Gets TV Anime,,real
"A-1 Pictures Animates Opening forSolo Leveling: KarmaPC, Mobile Game",,real
"Seven Seas LicensesReborn as an Aristocratic Scoundrel, Love is Money, The Death Defying Princess, 4 More Titles",,real
Witch Hat AtelierManga Has 7 Million Copies in Circulation Worldwide,,real
Late Ghibli Director Isao Takahata's Unproduced Scripts Found at Home,,real
Death StrandingFranchise Gets Anime Series Also in 2027,,real
Bandai Namco Filmworks Posts NewXabungle Side R'Experimental Video',,real
The Legendary Hero is Dead!Spinoff Manga Ends with 2nd Volume,,real
Gran Turismo 7Game Reveals Power Pack DLC,,real
Shun Matsuena'sKichijōji Shōnen!Manga Ends,,real
Super Robot Wars YGame Gets First DLC on November 20,,real
Octopath Traveler 0Prequel Game's Story Trailer Reveals Playable Demo,,real
Dynasty Warriors: OriginsGame's Trailer Previews Visions of Four Heroes DLC,,real
Damon and BabyAction Game Gets Early 2026 Release Window,,real
"Crunchyroll Streams'Anyway, I'm Falling in Love with You'2nd Season, Screens Premieres at Anime Frontier",,real
Digimon Story Time StrangerGame's Video Previews 1st DLC Pack,,real
"Marvel Tōkon: Fighting SoulsGame Announces 2 New Characters, 2nd Closed Beta Test for PS5",,real
Sonic Racing CrossWorldsGame Unveils 3 DLC Characters,,real
Ys X: Proud NordicsGame Gets PS5 Release in February,,real
Super MarioManga Artist Kazuki Motoyama Dies,,real
Birushana: Winds of FateVisual Novel Fan Disc Heads West for Switch in 2026,,real
"Kadokawa ReleasesStay Away from My Sons!,The Villainess Is Adored by the Prince of the Neighbor KingdomManga (Updated)",,real
Over RequiemzGame Heads West for Switch in Summer 2026,,real
Mamoru Hosoda'sScarletAnime Film's Video Reveals New Song,,real
"Coro Coro Comics, CiaoLaunch NewCoroCiaoMagazine",,real
Studio N Apologizes AfterThe Remarried EmpressLive-Action Series' Costume Prop Causes Controversy,,real
NewAssassination ClassroomFilm Announces More Cast,,real
GAEA-TIMA the GigantisManga Has Anime in the Works,,real
Code Vein IIGame's Trailer Highlights Character Noah G. MagMell,,real
Crunchyroll StreamsFUUTO PI: Kamen Rider Skull no ShōzōAnime Film in India,,real
Multiple Home Editions ofDan Da DanWill Be Released in the U.K. on Monday,,real
Attack on TitanConcert Reveals 2026 U.S. Tour Dates,,real
"'Killed Again, Mr. Detective?'Light Novels Get TV Anime Next April",,real
"Re:ZEROSeason 4's Main Trailer Reveals New Cast, April 2026 Debut",,real
"A Misanthrope Teaches a Class for Demi-HumansAnime Reveals More Cast, Theme Song Artists",,real
"Sasaki and PeepsSeason 2 Unveils New Visual, 2026 Debut",,real
"SHIBOYUGI: Playing Death Games to Put Food on the TableAnime Reveals January 7 Debut, More Cast in Video",,real
The Detective is Already DeadSeason 2's  Teaser Reveals July 2026 Debut,,real
"Girls & Panzer: Motto Love Love Sakusen Desu!Anime Reveals Theme Songs, Promo Video for 1st of 4 Films",,real
5thGirls und Panzer das FinaleFilm Opens in 2026,,real
"Classroom of the EliteSeason 4 Unveils Trailer, Key Visual, Cast, April Debut",,real
"Muse India StreamsNew Game!Seasons 1, 2 on YouTube",,real
4K Restoration of Mamoru Oshii'sThe Red SpectaclesFilm Screens in N.Y. on November 21-23,,real
100 MetersWill Be Released in U.K. and Ireland Cinemas From Sunday,,real
You Don't Know Gunma YetLight Anime's 2nd Teaser Reveals Theme Song,,real
"Japan's Video Game Rankings, November 3-9",,real
Manga Up! Global AddsThe Corrupt Guildmaster Is Beloved by the BanishedManga in English,,real
"Japanese Animation TV Ranking, November 3-9",,real
Korean Government to Conduct Industry-Wide Survey on Webtoons,,real
FUUTO PI: Kamen Rider Skull no ShōzōAnime Film Streams on Crunchyroll,,real
"Kaya, Utahime Dream All Stars Perform Themes forA Tale of the Secret SaintAnime",,real
XSEED Games Cancels Release ofCorpse Party Tetralogy Pack,,real
Daejeon Hosts 2025 University Webtoon Championship,,real
Webtoon-Based Live-Action SeriesJudge Han-Young LeeConfirms January 2 Debut,,real
Live-ActionPortraits of DelusionSeries to Debut on Disney+ in 2nd Half of 2026,,real
"Crossed Hearts Announces Print Release of'Darling, Why Can't We Divorce?' Webtoon",,real
Live-ActionDear XSeries Release Drives Surge in Original Webtoon Readership,,real
Solo Levelingto Debut as Ice Musical in Seoul This December,,real
MusicalMarliAdapted into Webtoon Ahead of Stage Premiere,,real
"North American Anime, Manga Releases, November 9-15",,real
"Metroid Prime 4: BeyondGame's Trailer Previews Viewros, Psychic Abilities, Vi-O-La, Federation Troopers",,real
Ys X: Proud NordicsGame's PS5 Version Launches on February 19,,real
"emaqi AddsDelinquents Can't Cut Cake,'Magic, Me and My Big Master!', More Manga",,real
K Manga Adds Battan'sFatale GameManga as Simulpub,,real
"My Gift Lvl 9999 Unlimited GachaTV Anime Reveals 5 More Cast Members, 2nd Promo Video",,real
"Mamoru Hosoda'sScarletAnime Film Unveils Video, Visual, 5 More Cast Members",,real
Manta Comics'Under the Oak TreeWebtoon to Return with Season 5 on November 22,,real
AlphaPolis to Release English Manga in Print Beginning in June 2026,,real
Crunchyroll Becomes Associate Team Sponsor to Proteas Men's Cricket Series in India,,real
"The Holy Grail of ErisTV Anime Reveals Theme Song Artists, January 8 Debut",,real
Dr. Stone: Science FutureAnime's New Promo Video Teases 3rd Part of Season,,real
Campfire Cooking in Another World with My Absurd SkillSeason 2 Anime Gets Hindi Dub,,real
"Reincarnated as a Dragon HatchlingAnime Reveals Theme Songs, January 2026 Premiere",,real
"Hiroyuki Nishimori, Mifumi Inaba LaunchItsuka Uchū KaraManga on December 12",,real
Aniplus Asia LicensesNeedy Streamer OverloadTV Anime,,real
The Remarried EmpressLive-Action Series to Debut in 2nd Half of 2026,,real
The HorizonWebtoon Wins Award at Italy's Lucca Comics & Games,,real
Trails in the Sky 2nd ChapterRemake Game Revealed,,real
2nd Live-ActionGolden KamuyFilm Casts Sōkō Wada as Kadokura,,real
"Love Unseen Beneath the Clear Night SkyNovel Gets TV Anime, Live-Action Series",,real
"Valve Announces Steam Machine, Steam Controller, Steam Frame Hardware",,real
Monarch: Legacy of MonstersSeries Season 2 Reveals February 27 Premiere in Trailer,,real
Digital Manga Publisher Azuki Changes Name to Omoi,,real
Media Factory's Light Novel Imprint Makes Fall Event Online-Only After Threats,,real
"Pokémon PokopiaGame's Trailer Previews Town Building, Transformations, New Pokémon Forms",,real
"One Piece, Dragon Ball SuperSeries Director Tatsuya Nagamine Dies (Updated)",,real
"Jujutsu Kaisen: ExecutionCompilation Film Opens at #1,Chainsaw ManAnime Film Drops to #4",,real
2ndGundam HathawayFilm Unveils New Cast Members,,real
Jujutsu KaisenCompilation Film With Season 3 Preview Opens in U.K. and Ireland Cinemas on Friday,,real
Hiromi Morishita'sShō 3 Ashibe QQ Goma-chanManga Gets TV Short Anime in Spring 2026,,real
Disney Twisted-WonderlandAnime Confirms 2nd Season in Production,,real
Moto Hagio'sThe Poe ClanManga Gets New Stage Musical Adaptation by Takarazuka Revue,,real
Free London Screening ofDemon Slayer: Kimetsu no Yaiba Infinity Castleon November 25,,real
PlayStation 5 Gets Japan-Language-Only Digital Edition,,real
"AFA Singapore Screens World Premieres ofAn Adventurer's Daily Grind at Age 29,Fire ForceAnime's Final Run",,real
"Kanagawa ElvesLight Anime's 2nd Teaser Video Unveils More Cast, Ending Song",,real
Toshiya Miyata'sKyōkai no MelodyNovel Gets TV Anime,,real
"A-1 Pictures Animates Opening forSolo Leveling: KarmaPC, Mobile Game",,real
"Seven Seas LicensesReborn as an Aristocratic Scoundrel, Love is Money, The Death Defying Princess, 4 More Titles",,real
Witch Hat AtelierManga Has 7 Million Copies in Circulation Worldwide,,real
Late Ghibli Director Isao Takahata's Unproduced Scripts Found at Home,,real
Death StrandingFranchise Gets Anime Series Also in 2027,,real
Bandai Namco Filmworks Posts NewXabungle Side R'Experimental Video',,real
The Legendary Hero is Dead!Spinoff Manga Ends with 2nd Volume,,real
Gran Turismo 7Game Reveals Power Pack DLC,,real
Shun Matsuena'sKichijōji Shōnen!Manga Ends,,real
Super Robot Wars YGame Gets First DLC on November 20,,real
Octopath Traveler 0Prequel Game's Story Trailer Reveals Playable Demo,,real
Dynasty Warriors: OriginsGame's Trailer Previews Visions of Four Heroes DLC,,real
Damon and BabyAction Game Gets Early 2026 Release Window,,real
"Crunchyroll Streams'Anyway, I'm Falling in Love with You'2nd Season, Screens Premieres at Anime Frontier",,real
Digimon Story Time StrangerGame's Video Previews 1st DLC Pack,,real
"Marvel Tōkon: Fighting SoulsGame Announces 2 New Characters, 2nd Closed Beta Test for PS5",,real
Sonic Racing CrossWorldsGame Unveils 3 DLC Characters,,real
Ys X: Proud NordicsGame Gets PS5 Release in February,,real
Super MarioManga Artist Kazuki Motoyama Dies,,real
Birushana: Winds of FateVisual Novel Fan Disc Heads West for Switch in 2026,,real
"Kadokawa ReleasesStay Away from My Sons!,The Villainess Is Adored by the Prince of the Neighbor KingdomManga (Updated)",,real
Over RequiemzGame Heads West for Switch in Summer 2026,,real
Mamoru Hosoda'sScarletAnime Film's Video Reveals New Song,,real
"Coro Coro Comics, CiaoLaunch NewCoroCiaoMagazine",,real
Studio N Apologizes AfterThe Remarried EmpressLive-Action Series' Costume Prop Causes Controversy,,real
NewAssassination ClassroomFilm Announces More Cast,,real
GAEA-TIMA the GigantisManga Has Anime in the Works,,real
Code Vein IIGame's Trailer Highlights Character Noah G. MagMell,,real
Crunchyroll StreamsFUUTO PI: Kamen Rider Skull no ShōzōAnime Film in India,,real
Multiple Home Editions ofDan Da DanWill Be Released in the U.K. on Monday,,real
Attack on TitanConcert Reveals 2026 U.S. Tour Dates,,real
"'Killed Again, Mr. Detective?'Light Novels Get TV Anime Next April",,real
"Re:ZEROSeason 4's Main Trailer Reveals New Cast, April 2026 Debut",,real
"A Misanthrope Teaches a Class for Demi-HumansAnime Reveals More Cast, Theme Song Artists",,real
"Sasaki and PeepsSeason 2 Unveils New Visual, 2026 Debut",,real
"SHIBOYUGI: Playing Death Games to Put Food on the TableAnime Reveals January 7 Debut, More Cast in Video",,real
The Detective is Already DeadSeason 2's  Teaser Reveals July 2026 Debut,,real
"Girls & Panzer: Motto Love Love Sakusen Desu!Anime Reveals Theme Songs, Promo Video for 1st of 4 Films",,real
5thGirls und Panzer das FinaleFilm Opens in 2026,,real
"Classroom of the EliteSeason 4 Unveils Trailer, Key Visual, Cast, April Debut",,real
"Muse India StreamsNew Game!Seasons 1, 2 on YouTube",,real
4K Restoration of Mamoru Oshii'sThe Red SpectaclesFilm Screens in N.Y. on November 21-23,,real
100 MetersWill Be Released in U.K. and Ireland Cinemas From Sunday,,real
You Don't Know Gunma YetLight Anime's 2nd Teaser Reveals Theme Song,,real
"Japan's Video Game Rankings, November 3-9",,real
Manga Up! Global AddsThe Corrupt Guildmaster Is Beloved by the BanishedManga in English,,real
"Japanese Animation TV Ranking, November 3-9",,real
Korean Government to Conduct Industry-Wide Survey on Webtoons,,real
FUUTO PI: Kamen Rider Skull no ShōzōAnime Film Streams on Crunchyroll,,real
"Kaya, Utahime Dream All Stars Perform Themes forA Tale of the Secret SaintAnime",,real
XSEED Games Cancels Release ofCorpse Party Tetralogy Pack,,real
Daejeon Hosts 2025 University Webtoon Championship,,real
Webtoon-Based Live-Action SeriesJudge Han-Young LeeConfirms January 2 Debut,,real
Live-ActionPortraits of DelusionSeries to Debut on Disney+ in 2nd Half of 2026,,real
"Crossed Hearts Announces Print Release of'Darling, Why Can't We Divorce?' Webtoon",,real
Live-ActionDear XSeries Release Drives Surge in Original Webtoon Readership,,real
Solo Levelingto Debut as Ice Musical in Seoul This December,,real
MusicalMarliAdapted into Webtoon Ahead of Stage Premiere,,real
"North American Anime, Manga Releases, November 9-15",,real
"Metroid Prime 4: BeyondGame's Trailer Previews Viewros, Psychic Abilities, Vi-O-La, Federation Troopers",,real
Ys X: Proud NordicsGame's PS5 Version Launches on February 19,,real
"emaqi AddsDelinquents Can't Cut Cake,'Magic, Me and My Big Master!', More Manga",,real
K Manga Adds Battan'sFatale GameManga as Simulpub,,real
"My Gift Lvl 9999 Unlimited GachaTV Anime Reveals 5 More Cast Members, 2nd Promo Video",,real
"Mamoru Hosoda'sScarletAnime Film Unveils Video, Visual, 5 More Cast Members",,real
Manta Comics'Under the Oak TreeWebtoon to Return with Season 5 on November 22,,real
AlphaPolis to Release English Manga in Print Beginning in June 2026,,real
Crunchyroll Becomes Associate Team Sponsor to Proteas Men's Cricket Series in India,,real
"The Holy Grail of ErisTV Anime Reveals Theme Song Artists, January 8 Debut",,real
Dr. Stone: Science FutureAnime's New Promo Video Teases 3rd Part of Season,,real
Campfire Cooking in Another World with My Absurd SkillSeason 2 Anime Gets Hindi Dub,,real
"Reincarnated as a Dragon HatchlingAnime Reveals Theme Songs, January 2026 Premiere",,real
"Hiroyuki Nishimori, Mifumi Inaba LaunchItsuka Uchū KaraManga on December 12",,real
Aniplus Asia LicensesNeedy Streamer OverloadTV Anime,,real
The Remarried EmpressLive-Action Series to Debut in 2nd Half of 2026,,real
The HorizonWebtoon Wins Award at Italy's Lucca Comics & Games,,real
Trails in the Sky 2nd ChapterRemake Game Revealed,,real
2nd Live-ActionGolden KamuyFilm Casts Sōkō Wada as Kadokura,,real
"Love Unseen Beneath the Clear Night SkyNovel Gets TV Anime, Live-Action Series",,real
"Valve Announces Steam Machine, Steam Controller, Steam Frame Hardware",,real
Monarch: Legacy of MonstersSeries Season 2 Reveals February 27 Premiere in Trailer,,real
Digital Manga Publisher Azuki Changes Name to Omoi,,real
Media Factory's Light Novel Imprint Makes Fall Event Online-Only After Threats,,real
"Pokémon PokopiaGame's Trailer Previews Town Building, Transformations, New Pokémon Forms",,real
"One Piece, Dragon Ball SuperSeries Director Tatsuya Nagamine Dies (Updated)",,real
"Jujutsu Kaisen: ExecutionCompilation Film Opens at #1,Chainsaw ManAnime Film Drops to #4",,real
2ndGundam HathawayFilm Unveils New Cast Members,,real
Jujutsu KaisenCompilation Film With Season 3 Preview Opens in U.K. and Ireland Cinemas on Friday,,real
Hiromi Morishita'sShō 3 Ashibe QQ Goma-chanManga Gets TV Short Anime in Spring 2026,,real
Disney Twisted-WonderlandAnime Confirms 2nd Season in Production,,real
Moto Hagio'sThe Poe ClanManga Gets New Stage Musical Adaptation by Takarazuka Revue,,real
Free London Screening ofDemon Slayer: Kimetsu no Yaiba Infinity Castleon November 25,,real
PlayStation 5 Gets Japan-Language-Only Digital Edition,,real
"AFA Singapore Screens World Premieres ofAn Adventurer's Daily Grind at Age 29,Fire ForceAnime's Final Run",,real
"Kanagawa ElvesLight Anime's 2nd Teaser Video Unveils More Cast, Ending Song",,real
Toshiya Miyata'sKyōkai no MelodyNovel Gets TV Anime,,real
"A-1 Pictures Animates Opening forSolo Leveling: KarmaPC, Mobile Game",,real
"Seven Seas LicensesReborn as an Aristocratic Scoundrel, Love is Money, The Death Defying Princess, 4 More Titles",,real
Witch Hat AtelierManga Has 7 Million Copies in Circulation Worldwide,,real
Late Ghibli Director Isao Takahata's Unproduced Scripts Found at Home,,real
Death StrandingFranchise Gets Anime Series Also in 2027,,real
Bandai Namco Filmworks Posts NewXabungle Side R'Experimental Video',,real
The Legendary Hero is Dead!Spinoff Manga Ends with 2nd Volume,,real
Gran Turismo 7Game Reveals Power Pack DLC,,real
Shun Matsuena'sKichijōji Shōnen!Manga Ends,,real
Super Robot Wars YGame Gets First DLC on November 20,,real
Octopath Traveler 0Prequel Game's Story Trailer Reveals Playable Demo,,real
Dynasty Warriors: OriginsGame's Trailer Previews Visions of Four Heroes DLC,,real
Damon and BabyAction Game Gets Early 2026 Release Window,,real
"Crunchyroll Streams'Anyway, I'm Falling in Love with You'2nd Season, Screens Premieres at Anime Frontier",,real
Digimon Story Time StrangerGame's Video Previews 1st DLC Pack,,real
"Marvel Tōkon: Fighting SoulsGame Announces 2 New Characters, 2nd Closed Beta Test for PS5",,real
Sonic Racing CrossWorldsGame Unveils 3 DLC Characters,,real
Ys X: Proud NordicsGame Gets PS5 Release in February,,real
Super MarioManga Artist Kazuki Motoyama Dies,,real
Birushana: Winds of FateVisual Novel Fan Disc Heads West for Switch in 2026,,real
"Kadokawa ReleasesStay Away from My Sons!,The Villainess Is Adored by the Prince of the Neighbor KingdomManga (Updated)",,real
Over RequiemzGame Heads West for Switch in Summer 2026,,real
Mamoru Hosoda'sScarletAnime Film's Video Reveals New Song,,real
"Coro Coro Comics, CiaoLaunch NewCoroCiaoMagazine",,real
Studio N Apologizes AfterThe Remarried EmpressLive-Action Series' Costume Prop Causes Controversy,,real
NewAssassination ClassroomFilm Announces More Cast,,real
GAEA-TIMA the GigantisManga Has Anime in the Works,,real
Code Vein IIGame's Trailer Highlights Character Noah G. MagMell,,real
Crunchyroll StreamsFUUTO PI: Kamen Rider Skull no ShōzōAnime Film in India,,real
Multiple Home Editions ofDan Da DanWill Be Released in the U.K. on Monday,,real
Attack on TitanConcert Reveals 2026 U.S. Tour Dates,,real
"'Killed Again, Mr. Detective?'Light Novels Get TV Anime Next April",,real
"Re:ZEROSeason 4's Main Trailer Reveals New Cast, April 2026 Debut",,real
"A Misanthrope Teaches a Class for Demi-HumansAnime Reveals More Cast, Theme Song Artists",,real
"Sasaki and PeepsSeason 2 Unveils New Visual, 2026 Debut",,real
"SHIBOYUGI: Playing Death Games to Put Food on the TableAnime Reveals January 7 Debut, More Cast in Video",,real
The Detective is Already DeadSeason 2's  Teaser Reveals July 2026 Debut,,real
"Girls & Panzer: Motto Love Love Sakusen Desu!Anime Reveals Theme Songs, Promo Video for 1st of 4 Films",,real
5thGirls und Panzer das FinaleFilm Opens in 2026,,real
"Classroom of the EliteSeason 4 Unveils Trailer, Key Visual, Cast, April Debut",,real
"Muse India StreamsNew Game!Seasons 1, 2 on YouTube",,real
4K Restoration of Mamoru Oshii'sThe Red SpectaclesFilm Screens in N.Y. on November 21-23,,real
100 MetersWill Be Released in U.K. and Ireland Cinemas From Sunday,,real
You Don't Know Gunma YetLight Anime's 2nd Teaser Reveals Theme Song,,real
"Japan's Video Game Rankings, November 3-9",,real
Manga Up! Global AddsThe Corrupt Guildmaster Is Beloved by the BanishedManga in English,,real
"Japanese Animation TV Ranking, November 3-9",,real
Korean Government to Conduct Industry-Wide Survey on Webtoons,,real
FUUTO PI: Kamen Rider Skull no ShōzōAnime Film Streams on Crunchyroll,,real
"Kaya, Utahime Dream All Stars Perform Themes forA Tale of the Secret SaintAnime",,real
XSEED Games Cancels Release ofCorpse Party Tetralogy Pack,,real
Daejeon Hosts 2025 University Webtoon Championship,,real
Webtoon-Based Live-Action SeriesJudge Han-Young LeeConfirms January 2 Debut,,real
Live-ActionPortraits of DelusionSeries to Debut on Disney+ in 2nd Half of 2026,,real
"Crossed Hearts Announces Print Release of'Darling, Why Can't We Divorce?' Webtoon",,real
Live-ActionDear XSeries Release Drives Surge in Original Webtoon Readership,,real
Solo Levelingto Debut as Ice Musical in Seoul This December,,real
MusicalMarliAdapted into Webtoon Ahead of Stage Premiere,,real
"North American Anime, Manga Releases, November 9-15",,real
"Metroid Prime 4: BeyondGame's Trailer Previews Viewros, Psychic Abilities, Vi-O-La, Federation Troopers",,real
Ys X: Proud NordicsGame's PS5 Version Launches on February 19,,real
"emaqi AddsDelinquents Can't Cut Cake,'Magic, Me and My Big Master!', More Manga",,real
K Manga Adds Battan'sFatale GameManga as Simulpub,,real
"My Gift Lvl 9999 Unlimited GachaTV Anime Reveals 5 More Cast Members, 2nd Promo Video",,real
"Mamoru Hosoda'sScarletAnime Film Unveils Video, Visual, 5 More Cast Members",,real
Manta Comics'Under the Oak TreeWebtoon to Return with Season 5 on November 22,,real
AlphaPolis to Release English Manga in Print Beginning in June 2026,,real
Crunchyroll Becomes Associate Team Sponsor to Proteas Men's Cricket Series in India,,real
"The Holy Grail of ErisTV Anime Reveals Theme Song Artists, January 8 Debut",,real
Dr. Stone: Science FutureAnime's New Promo Video Teases 3rd Part of Season,,real
Campfire Cooking in Another World with My Absurd SkillSeason 2 Anime Gets Hindi Dub,,real
"Reincarnated as a Dragon HatchlingAnime Reveals Theme Songs, January 2026 Premiere",,real
"Hiroyuki Nishimori, Mifumi Inaba LaunchItsuka Uchū KaraManga on December 12",,real
Aniplus Asia LicensesNeedy Streamer OverloadTV Anime,,real
The Remarried EmpressLive-Action Series to Debut in 2nd Half of 2026,,real
The HorizonWebtoon Wins Award at Italy's Lucca Comics & Games,,real
Trails in the Sky 2nd ChapterRemake Game Revealed,,real
2nd Live-ActionGolden KamuyFilm Casts Sōkō Wada as Kadokura,,real
"Love Unseen Beneath the Clear Night SkyNovel Gets TV Anime, Live-Action Series",,real
"Valve Announces Steam Machine, Steam Controller, Steam Frame Hardware",,real
Monarch: Legacy of MonstersSeries Season 2 Reveals February 27 Premiere in Trailer,,real
Digital Manga Publisher Azuki Changes Name to Omoi,,real
Media Factory's Light Novel Imprint Makes Fall Event Online-Only After Threats,,real
"Pokémon PokopiaGame's Trailer Previews Town Building, Transformations, New Pokémon Forms",,real
"One Piece, Dragon Ball SuperSeries Director Tatsuya Nagamine Dies (Updated)",,real
"Jujutsu Kaisen: ExecutionCompilation Film Opens at #1,Chainsaw ManAnime Film Drops to #4",,real
2ndGundam HathawayFilm Unveils New Cast Members,,real
Jujutsu KaisenCompilation Film With Season 3 Preview Opens in U.K. and Ireland Cinemas on Friday,,real
Hiromi Morishita'sShō 3 Ashibe QQ Goma-chanManga Gets TV Short Anime in Spring 2026,,real
Disney Twisted-WonderlandAnime Confirms 2nd Season in Production,,real
Moto Hagio'sThe Poe ClanManga Gets New Stage Musical Adaptation by Takarazuka Revue,,real
Free London Screening ofDemon Slayer: Kimetsu no Yaiba Infinity Castleon November 25,,real
PlayStation 5 Gets Japan-Language-Only Digital Edition,,real
"AFA Singapore Screens World Premieres ofAn Adventurer's Daily Grind at Age 29,Fire ForceAnime's Final Run",,real
"Kanagawa ElvesLight Anime's 2nd Teaser Video Unveils More Cast, Ending Song",,real
Toshiya Miyata'sKyōkai no MelodyNovel Gets TV Anime,,real
"A-1 Pictures Animates Opening forSolo Leveling: KarmaPC, Mobile Game",,real
"Seven Seas LicensesReborn as an Aristocratic Scoundrel, Love is Money, The Death Defying Princess, 4 More Titles",,real
Witch Hat AtelierManga Has 7 Million Copies in Circulation Worldwide,,real
Late Ghibli Director Isao Takahata's Unproduced Scripts Found at Home,,real
Death StrandingFranchise Gets Anime Series Also in 2027,,real
Bandai Namco Filmworks Posts NewXabungle Side R'Experimental Video',,real
The Legendary Hero is Dead!Spinoff Manga Ends with 2nd Volume,,real
Gran Turismo 7Game Reveals Power Pack DLC,,real
Shun Matsuena'sKichijōji Shōnen!Manga Ends,,real
Super Robot Wars YGame Gets First DLC on November 20,,real
Octopath Traveler 0Prequel Game's Story Trailer Reveals Playable Demo,,real
Dynasty Warriors: OriginsGame's Trailer Previews Visions of Four Heroes DLC,,real
Damon and BabyAction Game Gets Early 2026 Release Window,,real
"Crunchyroll Streams'Anyway, I'm Falling in Love with You'2nd Season, Screens Premieres at Anime Frontier",,real
Digimon Story Time StrangerGame's Video Previews 1st DLC Pack,,real
"Marvel Tōkon: Fighting SoulsGame Announces 2 New Characters, 2nd Closed Beta Test for PS5",,real
Sonic Racing CrossWorldsGame Unveils 3 DLC Characters,,real
Ys X: Proud NordicsGame Gets PS5 Release in February,,real
Super MarioManga Artist Kazuki Motoyama Dies,,real
Birushana: Winds of FateVisual Novel Fan Disc Heads West for Switch in 2026,,real
"Kadokawa ReleasesStay Away from My Sons!,The Villainess Is Adored by the Prince of the Neighbor KingdomManga (Updated)",,real
Over RequiemzGame Heads West for Switch in Summer 2026,,real
Mamoru Hosoda'sScarletAnime Film's Video Reveals New Song,,real
"Coro Coro Comics, CiaoLaunch NewCoroCiaoMagazine",,real
Studio N Apologizes AfterThe Remarried EmpressLive-Action Series' Costume Prop Causes Controversy,,real
NewAssassination ClassroomFilm Announces More Cast,,real
GAEA-TIMA the GigantisManga Has Anime in the Works,,real
Code Vein IIGame's Trailer Highlights Character Noah G. MagMell,,real
Crunchyroll StreamsFUUTO PI: Kamen Rider Skull no ShōzōAnime Film in India,,real
Multiple Home Editions ofDan Da DanWill Be Released in the U.K. on Monday,,real
Attack on TitanConcert Reveals 2026 U.S. Tour Dates,,real
"'Killed Again, Mr. Detective?'Light Novels Get TV Anime Next April",,real
"Re:ZEROSeason 4's Main Trailer Reveals New Cast, April 2026 Debut",,real
"A Misanthrope Teaches a Class for Demi-HumansAnime Reveals More Cast, Theme Song Artists",,real
"Sasaki and PeepsSeason 2 Unveils New Visual, 2026 Debut",,real
"SHIBOYUGI: Playing Death Games to Put Food on the TableAnime Reveals January 7 Debut, More Cast in Video",,real
The Detective is Already DeadSeason 2's  Teaser Reveals July 2026 Debut,,real
"Girls & Panzer: Motto Love Love Sakusen Desu!Anime Reveals Theme Songs, Promo Video for 1st of 4 Films",,real
5thGirls und Panzer das FinaleFilm Opens in 2026,,real
"Classroom of the EliteSeason 4 Unveils Trailer, Key Visual, Cast, April Debut",,real
"Muse India StreamsNew Game!Seasons 1, 2 on YouTube",,real
4K Restoration of Mamoru Oshii'sThe Red SpectaclesFilm Screens in N.Y. on November 21-23,,real
100 MetersWill Be Released in U.K. and Ireland Cinemas From Sunday,,real
You Don't Know Gunma YetLight Anime's 2nd Teaser Reveals Theme Song,,real
"Japan's Video Game Rankings, November 3-9",,real
Manga Up! Global AddsThe Corrupt Guildmaster Is Beloved by the BanishedManga in English,,real
"Japanese Animation TV Ranking, November 3-9",,real
Korean Government to Conduct Industry-Wide Survey on Webtoons,,real
FUUTO PI: Kamen Rider Skull no ShōzōAnime Film Streams on Crunchyroll,,real
"Kaya, Utahime Dream All Stars Perform Themes forA Tale of the Secret SaintAnime",,real
XSEED Games Cancels Release ofCorpse Party Tetralogy Pack,,real
Daejeon Hosts 2025 University Webtoon Championship,,real
Webtoon-Based Live-Action SeriesJudge Han-Young LeeConfirms January 2 Debut,,real
Live-ActionPortraits of DelusionSeries to Debut on Disney+ in 2nd Half of 2026,,real
"Crossed Hearts Announces Print Release of'Darling, Why Can't We Divorce?' Webtoon",,real
Live-ActionDear XSeries Release Drives Surge in Original Webtoon Readership,,real
Solo Levelingto Debut as Ice Musical in Seoul This December,,real
MusicalMarliAdapted into Webtoon Ahead of Stage Premiere,,real
"North American Anime, Manga Releases, November 9-15",,real
"Metroid Prime 4: BeyondGame's Trailer Previews Viewros, Psychic Abilities, Vi-O-La, Federation Troopers",,real
Ys X: Proud NordicsGame's PS5 Version Launches on February 19,,real
"emaqi AddsDelinquents Can't Cut Cake,'Magic, Me and My Big Master!', More Manga",,real
K Manga Adds Battan'sFatale GameManga as Simulpub,,real
"My Gift Lvl 9999 Unlimited GachaTV Anime Reveals 5 More Cast Members, 2nd Promo Video",,real
"Mamoru Hosoda'sScarletAnime Film Unveils Video, Visual, 5 More Cast Members",,real
Manta Comics'Under the Oak TreeWebtoon to Return with Season 5 on November 22,,real
AlphaPolis to Release English Manga in Print Beginning in June 2026,,real
Crunchyroll Becomes Associate Team Sponsor to Proteas Men's Cricket Series in India,,real
"The Holy Grail of ErisTV Anime Reveals Theme Song Artists, January 8 Debut",,real
Dr. Stone: Science FutureAnime's New Promo Video Teases 3rd Part of Season,,real
Campfire Cooking in Another World with My Absurd SkillSeason 2 Anime Gets Hindi Dub,,real
"Reincarnated as a Dragon HatchlingAnime Reveals Theme Songs, January 2026 Premiere",,real
"Hiroyuki Nishimori, Mifumi Inaba LaunchItsuka Uchū KaraManga on December 12",,real
Aniplus Asia LicensesNeedy Streamer OverloadTV Anime,,real
The Remarried EmpressLive-Action Series to Debut in 2nd Half of 2026,,real
The HorizonWebtoon Wins Award at Italy's Lucca Comics & Games,,real
Trails in the Sky 2nd ChapterRemake Game Revealed,,real
2nd Live-ActionGolden KamuyFilm Casts Sōkō Wada as Kadokura,,real
"Love Unseen Beneath the Clear Night SkyNovel Gets TV Anime, Live-Action Series",,real
"Valve Announces Steam Machine, Steam Controller, Steam Frame Hardware",,real
Monarch: Legacy of MonstersSeries Season 2 Reveals February 27 Premiere in Trailer,,real
Digital Manga Publisher Azuki Changes Name to Omoi,,real
Media Factory's Light Novel Imprint Makes Fall Event Online-Only After Threats,,real
"Pokémon PokopiaGame's Trailer Previews Town Building, Transformations, New Pokémon Forms",,real
"One Piece, Dragon Ball SuperSeries Director Tatsuya Nagamine Dies (Updated)",,real
"Jujutsu Kaisen: ExecutionCompilation Film Opens at #1,Chainsaw ManAnime Film Drops to #4",,real
2ndGundam HathawayFilm Unveils New Cast Members,,real
Jujutsu KaisenCompilation Film With Season 3 Preview Opens in U.K. and Ireland Cinemas on Friday,,real
Hiromi Morishita'sShō 3 Ashibe QQ Goma-chanManga Gets TV Short Anime in Spring 2026,,real
Disney Twisted-WonderlandAnime Confirms 2nd Season in Production,,real
Moto Hagio'sThe Poe ClanManga Gets New Stage Musical Adaptation by Takarazuka Revue,,real
Free London Screening ofDemon Slayer: Kimetsu no Yaiba Infinity Castleon November 25,,real
PlayStation 5 Gets Japan-Language-Only Digital Edition,,real
"AFA Singapore Screens World Premieres ofAn Adventurer's Daily Grind at Age 29,Fire ForceAnime's Final Run",,real
"Kanagawa ElvesLight Anime's 2nd Teaser Video Unveils More Cast, Ending Song",,real
Toshiya Miyata'sKyōkai no MelodyNovel Gets TV Anime,,real
"A-1 Pictures Animates Opening forSolo Leveling: KarmaPC, Mobile Game",,real
"Seven Seas LicensesReborn as an Aristocratic Scoundrel, Love is Money, The Death Defying Princess, 4 More Titles",,real
Witch Hat AtelierManga Has 7 Million Copies in Circulation Worldwide,,real
Late Ghibli Director Isao Takahata's Unproduced Scripts Found at Home,,real
Death StrandingFranchise Gets Anime Series Also in 2027,,real
Bandai Namco Filmworks Posts NewXabungle Side R'Experimental Video',,real
The Legendary Hero is Dead!Spinoff Manga Ends with 2nd Volume,,real
Gran Turismo 7Game Reveals Power Pack DLC,,real
Shun Matsuena'sKichijōji Shōnen!Manga Ends,,real
Super Robot Wars YGame Gets First DLC on November 20,,real
Octopath Traveler 0Prequel Game's Story Trailer Reveals Playable Demo,,real
Dynasty Warriors: OriginsGame's Trailer Previews Visions of Four Heroes DLC,,real
Damon and BabyAction Game Gets Early 2026 Release Window,,real
"Crunchyroll Streams'Anyway, I'm Falling in Love with You'2nd Season, Screens Premieres at Anime Frontier",,real
Digimon Story Time StrangerGame's Video Previews 1st DLC Pack,,real
"Marvel Tōkon: Fighting SoulsGame Announces 2 New Characters, 2nd Closed Beta Test for PS5",,real
Sonic Racing CrossWorldsGame Unveils 3 DLC Characters,,real
Ys X: Proud NordicsGame Gets PS5 Release in February,,real
Super MarioManga Artist Kazuki Motoyama Dies,,real
Birushana: Winds of FateVisual Novel Fan Disc Heads West for Switch in 2026,,real
"Kadokawa ReleasesStay Away from My Sons!,The Villainess Is Adored by the Prince of the Neighbor KingdomManga (Updated)",,real
Over RequiemzGame Heads West for Switch in Summer 2026,,real
Mamoru Hosoda'sScarletAnime Film's Video Reveals New Song,,real
"Coro Coro Comics, CiaoLaunch NewCoroCiaoMagazine",,real
Studio N Apologizes AfterThe Remarried EmpressLive-Action Series' Costume Prop Causes Controversy,,real
NewAssassination ClassroomFilm Announces More Cast,,real
GAEA-TIMA the GigantisManga Has Anime in the Works,,real
Code Vein IIGame's Trailer Highlights Character Noah G. MagMell,,real
Crunchyroll StreamsFUUTO PI: Kamen Rider Skull no ShōzōAnime Film in India,,real
Multiple Home Editions ofDan Da DanWill Be Released in the U.K. on Monday,,real
Attack on TitanConcert Reveals 2026 U.S. Tour Dates,,real
"'Killed Again, Mr. Detective?'Light Novels Get TV Anime Next April",,real
"Re:ZEROSeason 4's Main Trailer Reveals New Cast, April 2026 Debut",,real
"A Misanthrope Teaches a Class for Demi-HumansAnime Reveals More Cast, Theme Song Artists",,real
"Sasaki and PeepsSeason 2 Unveils New Visual, 2026 Debut",,real
"SHIBOYUGI: Playing Death Games to Put Food on the TableAnime Reveals January 7 Debut, More Cast in Video",,real
The Detective is Already DeadSeason 2's  Teaser Reveals July 2026 Debut,,real
"Girls & Panzer: Motto Love Love Sakusen Desu!Anime Reveals Theme Songs, Promo Video for 1st of 4 Films",,real
5thGirls und Panzer das FinaleFilm Opens in 2026,,real
"Classroom of the EliteSeason 4 Unveils Trailer, Key Visual, Cast, April Debut",,real
"Muse India StreamsNew Game!Seasons 1, 2 on YouTube",,real
4K Restoration of Mamoru Oshii'sThe Red SpectaclesFilm Screens in N.Y. on November 21-23,,real
100 MetersWill Be Released in U.K. and Ireland Cinemas From Sunday,,real
You Don't Know Gunma YetLight Anime's 2nd Teaser Reveals Theme Song,,real
"Japan's Video Game Rankings, November 3-9",,real
Manga Up! Global AddsThe Corrupt Guildmaster Is Beloved by the BanishedManga in English,,real
"Japanese Animation TV Ranking, November 3-9",,real
Korean Government to Conduct Industry-Wide Survey on Webtoons,,real
FUUTO PI: Kamen Rider Skull no ShōzōAnime Film Streams on Crunchyroll,,real
"Kaya, Utahime Dream All Stars Perform Themes forA Tale of the Secret SaintAnime",,real
XSEED Games Cancels Release ofCorpse Party Tetralogy Pack,,real
Daejeon Hosts 2025 University Webtoon Championship,,real
Webtoon-Based Live-Action SeriesJudge Han-Young LeeConfirms January 2 Debut,,real
Live-ActionPortraits of DelusionSeries to Debut on Disney+ in 2nd Half of 2026,,real
"Crossed Hearts Announces Print Release of'Darling, Why Can't We Divorce?' Webtoon",,real
Live-ActionDear XSeries Release Drives Surge in Original Webtoon Readership,,real
Solo Levelingto Debut as Ice Musical in Seoul This December,,real
MusicalMarliAdapted into Webtoon Ahead of Stage Premiere,,real
"North American Anime, Manga Releases, November 9-15",,real
"Metroid Prime 4: BeyondGame's Trailer Previews Viewros, Psychic Abilities, Vi-O-La, Federation Troopers",,real
Ys X: Proud NordicsGame's PS5 Version Launches on February 19,,real
"emaqi AddsDelinquents Can't Cut Cake,'Magic, Me and My Big Master!', More Manga",,real
K Manga Adds Battan'sFatale GameManga as Simulpub,,real
"My Gift Lvl 9999 Unlimited GachaTV Anime Reveals 5 More Cast Members, 2nd Promo Video",,real
"Mamoru Hosoda'sScarletAnime Film Unveils Video, Visual, 5 More Cast Members",,real
Manta Comics'Under the Oak TreeWebtoon to Return with Season 5 on November 22,,real
AlphaPolis to Release English Manga in Print Beginning in June 2026,,real
Crunchyroll Becomes Associate Team Sponsor to Proteas Men's Cricket Series in India,,real
"The Holy Grail of ErisTV Anime Reveals Theme Song Artists, January 8 Debut",,real
Dr. Stone: Science FutureAnime's New Promo Video Teases 3rd Part of Season,,real
Campfire Cooking in Another World with My Absurd SkillSeason 2 Anime Gets Hindi Dub,,real
"Reincarnated as a Dragon HatchlingAnime Reveals Theme Songs, January 2026 Premiere",,real
"Hiroyuki Nishimori, Mifumi Inaba LaunchItsuka Uchū KaraManga on December 12",,real
Aniplus Asia LicensesNeedy Streamer OverloadTV Anime,,real
The Remarried EmpressLive-Action Series to Debut in 2nd Half of 2026,,real
The HorizonWebtoon Wins Award at Italy's Lucca Comics & Games,,real
Trails in the Sky 2nd ChapterRemake Game Revealed,,real
2nd Live-ActionGolden KamuyFilm Casts Sōkō Wada as Kadokura,,real
"Love Unseen Beneath the Clear Night SkyNovel Gets TV Anime, Live-Action Series",,real
"Valve Announces Steam Machine, Steam Controller, Steam Frame Hardware",,real
Monarch: Legacy of MonstersSeries Season 2 Reveals February 27 Premiere in Trailer,,real
Digital Manga Publisher Azuki Changes Name to Omoi,,real
Media Factory's Light Novel Imprint Makes Fall Event Online-Only After Threats,,real
"Pokémon PokopiaGame's Trailer Previews Town Building, Transformations, New Pokémon Forms",,real
"One Piece, Dragon Ball SuperSeries Director Tatsuya Nagamine Dies (Updated)",,real
"Jujutsu Kaisen: ExecutionCompilation Film Opens at #1,Chainsaw ManAnime Film Drops to #4",,real
2ndGundam HathawayFilm Unveils New Cast Members,,real
Jujutsu KaisenCompilation Film With Season 3 Preview Opens in U.K. and Ireland Cinemas on Friday,,real
Hiromi Morishita'sShō 3 Ashibe QQ Goma-chanManga Gets TV Short Anime in Spring 2026,,real
Disney Twisted-WonderlandAnime Confirms 2nd Season in Production,,real
Moto Hagio'sThe Poe ClanManga Gets New Stage Musical Adaptation by Takarazuka Revue,,real
Free London Screening ofDemon Slayer: Kimetsu no Yaiba Infinity Castleon November 25,,real
PlayStation 5 Gets Japan-Language-Only Digital Edition,,real
"AFA Singapore Screens World Premieres ofAn Adventurer's Daily Grind at Age 29,Fire ForceAnime's Final Run",,real
"Kanagawa ElvesLight Anime's 2nd Teaser Video Unveils More Cast, Ending Song",,real
Toshiya Miyata'sKyōkai no MelodyNovel Gets TV Anime,,real
"A-1 Pictures Animates Opening forSolo Leveling: KarmaPC, Mobile Game",,real
"Seven Seas LicensesReborn as an Aristocratic Scoundrel, Love is Money, The Death Defying Princess, 4 More Titles",,real
Witch Hat AtelierManga Has 7 Million Copies in Circulation Worldwide,,real
Late Ghibli Director Isao Takahata's Unproduced Scripts Found at Home,,real
Death StrandingFranchise Gets Anime Series Also in 2027,,real
Bandai Namco Filmworks Posts NewXabungle Side R'Experimental Video',,real
The Legendary Hero is Dead!Spinoff Manga Ends with 2nd Volume,,real
Gran Turismo 7Game Reveals Power Pack DLC,,real
Shun Matsuena'sKichijōji Shōnen!Manga Ends,,real
Super Robot Wars YGame Gets First DLC on November 20,,real
Octopath Traveler 0Prequel Game's Story Trailer Reveals Playable Demo,,real
Dynasty Warriors: OriginsGame's Trailer Previews Visions of Four Heroes DLC,,real
Damon and BabyAction Game Gets Early 2026 Release Window,,real
"Crunchyroll Streams'Anyway, I'm Falling in Love with You'2nd Season, Screens Premieres at Anime Frontier",,real
Digimon Story Time StrangerGame's Video Previews 1st DLC Pack,,real
"Marvel Tōkon: Fighting SoulsGame Announces 2 New Characters, 2nd Closed Beta Test for PS5",,real
Sonic Racing CrossWorldsGame Unveils 3 DLC Characters,,real
Ys X: Proud NordicsGame Gets PS5 Release in February,,real
Super MarioManga Artist Kazuki Motoyama Dies,,real
Birushana: Winds of FateVisual Novel Fan Disc Heads West for Switch in 2026,,real
"Kadokawa ReleasesStay Away from My Sons!,The Villainess Is Adored by the Prince of the Neighbor KingdomManga (Updated)",,real
Over RequiemzGame Heads West for Switch in Summer 2026,,real
Mamoru Hosoda'sScarletAnime Film's Video Reveals New Song,,real
"Coro Coro Comics, CiaoLaunch NewCoroCiaoMagazine",,real
Studio N Apologizes AfterThe Remarried EmpressLive-Action Series' Costume Prop Causes Controversy,,real
NewAssassination ClassroomFilm Announces More Cast,,real
GAEA-TIMA the GigantisManga Has Anime in the Works,,real
Code Vein IIGame's Trailer Highlights Character Noah G. MagMell,,real
Crunchyroll StreamsFUUTO PI: Kamen Rider Skull no ShōzōAnime Film in India,,real
Multiple Home Editions ofDan Da DanWill Be Released in the U.K. on Monday,,real
Attack on TitanConcert Reveals 2026 U.S. Tour Dates,,real
"'Killed Again, Mr. Detective?'Light Novels Get TV Anime Next April",,real
"Re:ZEROSeason 4's Main Trailer Reveals New Cast, April 2026 Debut",,real
"A Misanthrope Teaches a Class for Demi-HumansAnime Reveals More Cast, Theme Song Artists",,real
"Sasaki and PeepsSeason 2 Unveils New Visual, 2026 Debut",,real
"SHIBOYUGI: Playing Death Games to Put Food on the TableAnime Reveals January 7 Debut, More Cast in Video",,real
The Detective is Already DeadSeason 2's  Teaser Reveals July 2026 Debut,,real
"Girls & Panzer: Motto Love Love Sakusen Desu!Anime Reveals Theme Songs, Promo Video for 1st of 4 Films",,real
5thGirls und Panzer das FinaleFilm Opens in 2026,,real
"Classroom of the EliteSeason 4 Unveils Trailer, Key Visual, Cast, April Debut",,real
"Muse India StreamsNew Game!Seasons 1, 2 on YouTube",,real
4K Restoration of Mamoru Oshii'sThe Red SpectaclesFilm Screens in N.Y. on November 21-23,,real
100 MetersWill Be Released in U.K. and Ireland Cinemas From Sunday,,real
You Don't Know Gunma YetLight Anime's 2nd Teaser Reveals Theme Song,,real
"Japan's Video Game Rankings, November 3-9",,real
Manga Up! Global AddsThe Corrupt Guildmaster Is Beloved by the BanishedManga in English,,real
"Japanese Animation TV Ranking, November 3-9",,real
Korean Government to Conduct Industry-Wide Survey on Webtoons,,real
FUUTO PI: Kamen Rider Skull no ShōzōAnime Film Streams on Crunchyroll,,real
"Kaya, Utahime Dream All Stars Perform Themes forA Tale of the Secret SaintAnime",,real
XSEED Games Cancels Release ofCorpse Party Tetralogy Pack,,real
Daejeon Hosts 2025 University Webtoon Championship,,real
Webtoon-Based Live-Action SeriesJudge Han-Young LeeConfirms January 2 Debut,,real
Live-ActionPortraits of DelusionSeries to Debut on Disney+ in 2nd Half of 2026,,real
"Crossed Hearts Announces Print Release of'Darling, Why Can't We Divorce?' Webtoon",,real
Live-ActionDear XSeries Release Drives Surge in Original Webtoon Readership,,real
Solo Levelingto Debut as Ice Musical in Seoul This December,,real
MusicalMarliAdapted into Webtoon Ahead of Stage Premiere,,real
"North American Anime, Manga Releases, November 9-15",,real
"Metroid Prime 4: BeyondGame's Trailer Previews Viewros, Psychic Abilities, Vi-O-La, Federation Troopers",,real
Ys X: Proud NordicsGame's PS5 Version Launches on February 19,,real
"emaqi AddsDelinquents Can't Cut Cake,'Magic, Me and My Big Master!', More Manga",,real
K Manga Adds Battan'sFatale GameManga as Simulpub,,real
"My Gift Lvl 9999 Unlimited GachaTV Anime Reveals 5 More Cast Members, 2nd Promo Video",,real
"Mamoru Hosoda'sScarletAnime Film Unveils Video, Visual, 5 More Cast Members",,real
Manta Comics'Under the Oak TreeWebtoon to Return with Season 5 on November 22,,real
AlphaPolis to Release English Manga in Print Beginning in June 2026,,real
Crunchyroll Becomes Associate Team Sponsor to Proteas Men's Cricket Series in India,,real
"The Holy Grail of ErisTV Anime Reveals Theme Song Artists, January 8 Debut",,real
Dr. Stone: Science FutureAnime's New Promo Video Teases 3rd Part of Season,,real
Campfire Cooking in Another World with My Absurd SkillSeason 2 Anime Gets Hindi Dub,,real
"Reincarnated as a Dragon HatchlingAnime Reveals Theme Songs, January 2026 Premiere",,real
"Hiroyuki Nishimori, Mifumi Inaba LaunchItsuka Uchū KaraManga on December 12",,real
Aniplus Asia LicensesNeedy Streamer OverloadTV Anime,,real
The Remarried EmpressLive-Action Series to Debut in 2nd Half of 2026,,real
The HorizonWebtoon Wins Award at Italy's Lucca Comics & Games,,real
Trails in the Sky 2nd ChapterRemake Game Revealed,,real
2nd Live-ActionGolden KamuyFilm Casts Sōkō Wada as Kadokura,,real
"Love Unseen Beneath the Clear Night SkyNovel Gets TV Anime, Live-Action Series",,real
"Valve Announces Steam Machine, Steam Controller, Steam Frame Hardware",,real
Monarch: Legacy of MonstersSeries Season 2 Reveals February 27 Premiere in Trailer,,real
Digital Manga Publisher Azuki Changes Name to Omoi,,real
Media Factory's Light Novel Imprint Makes Fall Event Online-Only After Threats,,real
"Pokémon PokopiaGame's Trailer Previews Town Building, Transformations, New Pokémon Forms",,real
"One Piece, Dragon Ball SuperSeries Director Tatsuya Nagamine Dies (Updated)",,real
"Jujutsu Kaisen: ExecutionCompilation Film Opens at #1,Chainsaw ManAnime Film Drops to #4",,real
2ndGundam HathawayFilm Unveils New Cast Members,,real
Jujutsu KaisenCompilation Film With Season 3 Preview Opens in U.K. and Ireland Cinemas on Friday,,real
Hiromi Morishita'sShō 3 Ashibe QQ Goma-chanManga Gets TV Short Anime in Spring 2026,,real
Disney Twisted-WonderlandAnime Confirms 2nd Season in Production,,real
Moto Hagio'sThe Poe ClanManga Gets New Stage Musical Adaptation by Takarazuka Revue,,real
Free London Screening ofDemon Slayer: Kimetsu no Yaiba Infinity Castleon November 25,,real
PlayStation 5 Gets Japan-Language-Only Digital Edition,,real
"AFA Singapore Screens World Premieres ofAn Adventurer's Daily Grind at Age 29,Fire ForceAnime's Final Run",,real
"Kanagawa ElvesLight Anime's 2nd Teaser Video Unveils More Cast, Ending Song",,real
Toshiya Miyata'sKyōkai no MelodyNovel Gets TV Anime,,real
"A-1 Pictures Animates Opening forSolo Leveling: KarmaPC, Mobile Game",,real
"Seven Seas LicensesReborn as an Aristocratic Scoundrel, Love is Money, The Death Defying Princess, 4 More Titles",,real
Witch Hat AtelierManga Has 7 Million Copies in Circulation Worldwide,,real
Late Ghibli Director Isao Takahata's Unproduced Scripts Found at Home,,real
Death StrandingFranchise Gets Anime Series Also in 2027,,real
Bandai Namco Filmworks Posts NewXabungle Side R'Experimental Video',,real
The Legendary Hero is Dead!Spinoff Manga Ends with 2nd Volume,,real
Gran Turismo 7Game Reveals Power Pack DLC,,real
Shun Matsuena'sKichijōji Shōnen!Manga Ends,,real
Super Robot Wars YGame Gets First DLC on November 20,,real
Octopath Traveler 0Prequel Game's Story Trailer Reveals Playable Demo,,real
Dynasty Warriors: OriginsGame's Trailer Previews Visions of Four Heroes DLC,,real
Damon and BabyAction Game Gets Early 2026 Release Window,,real
"Crunchyroll Streams'Anyway, I'm Falling in Love with You'2nd Season, Screens Premieres at Anime Frontier",,real
Digimon Story Time StrangerGame's Video Previews 1st DLC Pack,,real
"Marvel Tōkon: Fighting SoulsGame Announces 2 New Characters, 2nd Closed Beta Test for PS5",,real
Sonic Racing CrossWorldsGame Unveils 3 DLC Characters,,real
Ys X: Proud NordicsGame Gets PS5 Release in February,,real
Super MarioManga Artist Kazuki Motoyama Dies,,real
Birushana: Winds of FateVisual Novel Fan Disc Heads West for Switch in 2026,,real
"Kadokawa ReleasesStay Away from My Sons!,The Villainess Is Adored by the Prince of the Neighbor KingdomManga (Updated)",,real
Over RequiemzGame Heads West for Switch in Summer 2026,,real
Mamoru Hosoda'sScarletAnime Film's Video Reveals New Song,,real
"Coro Coro Comics, CiaoLaunch NewCoroCiaoMagazine",,real
Studio N Apologizes AfterThe Remarried EmpressLive-Action Series' Costume Prop Causes Controversy,,real
NewAssassination ClassroomFilm Announces More Cast,,real
GAEA-TIMA the GigantisManga Has Anime in the Works,,real
Code Vein IIGame's Trailer Highlights Character Noah G. MagMell,,real
Crunchyroll StreamsFUUTO PI: Kamen Rider Skull no ShōzōAnime Film in India,,real
Multiple Home Editions ofDan Da DanWill Be Released in the U.K. on Monday,,real
Attack on TitanConcert Reveals 2026 U.S. Tour Dates,,real
"'Killed Again, Mr. Detective?'Light Novels Get TV Anime Next April",,real
"Re:ZEROSeason 4's Main Trailer Reveals New Cast, April 2026 Debut",,real
"A Misanthrope Teaches a Class for Demi-HumansAnime Reveals More Cast, Theme Song Artists",,real
"Sasaki and PeepsSeason 2 Unveils New Visual, 2026 Debut",,real
"SHIBOYUGI: Playing Death Games to Put Food on the TableAnime Reveals January 7 Debut, More Cast in Video",,real
The Detective is Already DeadSeason 2's  Teaser Reveals July 2026 Debut,,real
"Girls & Panzer: Motto Love Love Sakusen Desu!Anime Reveals Theme Songs, Promo Video for 1st of 4 Films",,real
5thGirls und Panzer das FinaleFilm Opens in 2026,,real
"Classroom of the EliteSeason 4 Unveils Trailer, Key Visual, Cast, April Debut",,real
"Muse India StreamsNew Game!Seasons 1, 2 on YouTube",,real
4K Restoration of Mamoru Oshii'sThe Red SpectaclesFilm Screens in N.Y. on November 21-23,,real
100 MetersWill Be Released in U.K. and Ireland Cinemas From Sunday,,real
You Don't Know Gunma YetLight Anime's 2nd Teaser Reveals Theme Song,,real
"Japan's Video Game Rankings, November 3-9",,real
Manga Up! Global AddsThe Corrupt Guildmaster Is Beloved by the BanishedManga in English,,real
"Japanese Animation TV Ranking, November 3-9",,real
Korean Government to Conduct Industry-Wide Survey on Webtoons,,real
FUUTO PI: Kamen Rider Skull no ShōzōAnime Film Streams on Crunchyroll,,real
"Kaya, Utahime Dream All Stars Perform Themes forA Tale of the Secret SaintAnime",,real
XSEED Games Cancels Release ofCorpse Party Tetralogy Pack,,real
Daejeon Hosts 2025 University Webtoon Championship,,real
Webtoon-Based Live-Action SeriesJudge Han-Young LeeConfirms January 2 Debut,,real
Live-ActionPortraits of DelusionSeries to Debut on Disney+ in 2nd Half of 2026,,real
"Crossed Hearts Announces Print Release of'Darling, Why Can't We Divorce?' Webtoon",,real
Live-ActionDear XSeries Release Drives Surge in Original Webtoon Readership,,real
Solo Levelingto Debut as Ice Musical in Seoul This December,,real
MusicalMarliAdapted into Webtoon Ahead of Stage Premiere,,real
"North American Anime, Manga Releases, November 9-15",,real
"Metroid Prime 4: BeyondGame's Trailer Previews Viewros, Psychic Abilities, Vi-O-La, Federation Troopers",,real
Ys X: Proud NordicsGame's PS5 Version Launches on February 19,,real
"emaqi AddsDelinquents Can't Cut Cake,'Magic, Me and My Big Master!', More Manga",,real
K Manga Adds Battan'sFatale GameManga as Simulpub,,real
"My Gift Lvl 9999 Unlimited GachaTV Anime Reveals 5 More Cast Members, 2nd Promo Video",,real
"Mamoru Hosoda'sScarletAnime Film Unveils Video, Visual, 5 More Cast Members",,real
Manta Comics'Under the Oak TreeWebtoon to Return with Season 5 on November 22,,real
AlphaPolis to Release English Manga in Print Beginning in June 2026,,real
Crunchyroll Becomes Associate Team Sponsor to Proteas Men's Cricket Series in India,,real
"The Holy Grail of ErisTV Anime Reveals Theme Song Artists, January 8 Debut",,real
Dr. Stone: Science FutureAnime's New Promo Video Teases 3rd Part of Season,,real
Campfire Cooking in Another World with My Absurd SkillSeason 2 Anime Gets Hindi Dub,,real
"Reincarnated as a Dragon HatchlingAnime Reveals Theme Songs, January 2026 Premiere",,real
"Hiroyuki Nishimori, Mifumi Inaba LaunchItsuka Uchū KaraManga on December 12",,real
Aniplus Asia LicensesNeedy Streamer OverloadTV Anime,,real
The Remarried EmpressLive-Action Series to Debut in 2nd Half of 2026,,real
The HorizonWebtoon Wins Award at Italy's Lucca Comics & Games,,real
Trails in the Sky 2nd ChapterRemake Game Revealed,,real
2nd Live-ActionGolden KamuyFilm Casts Sōkō Wada as Kadokura,,real
"Love Unseen Beneath the Clear Night SkyNovel Gets TV Anime, Live-Action Series",,real
"Valve Announces Steam Machine, Steam Controller, Steam Frame Hardware",,real
Monarch: Legacy of MonstersSeries Season 2 Reveals February 27 Premiere in Trailer,,real
Digital Manga Publisher Azuki Changes Name to Omoi,,real
Media Factory's Light Novel Imprint Makes Fall Event Online-Only After Threats,,real
"Pokémon PokopiaGame's Trailer Previews Town Building, Transformations, New Pokémon Forms",,real
"One Piece, Dragon Ball SuperSeries Director Tatsuya Nagamine Dies (Updated)",,real
"Jujutsu Kaisen: ExecutionCompilation Film Opens at #1,Chainsaw ManAnime Film Drops to #4",,real
2ndGundam HathawayFilm Unveils New Cast Members,,real
Jujutsu KaisenCompilation Film With Season 3 Preview Opens in U.K. and Ireland Cinemas on Friday,,real
Hiromi Morishita'sShō 3 Ashibe QQ Goma-chanManga Gets TV Short Anime in Spring 2026,,real
Disney Twisted-WonderlandAnime Confirms 2nd Season in Production,,real
Moto Hagio'sThe Poe ClanManga Gets New Stage Musical Adaptation by Takarazuka Revue,,real
Free London Screening ofDemon Slayer: Kimetsu no Yaiba Infinity Castleon November 25,,real
PlayStation 5 Gets Japan-Language-Only Digital Edition,,real
"AFA Singapore Screens World Premieres ofAn Adventurer's Daily Grind at Age 29,Fire ForceAnime's Final Run",,real
"Kanagawa ElvesLight Anime's 2nd Teaser Video Unveils More Cast, Ending Song",,real
Toshiya Miyata'sKyōkai no MelodyNovel Gets TV Anime,,real
"A-1 Pictures Animates Opening forSolo Leveling: KarmaPC, Mobile Game",,real
"Seven Seas LicensesReborn as an Aristocratic Scoundrel, Love is Money, The Death Defying Princess, 4 More Titles",,real
Witch Hat AtelierManga Has 7 Million Copies in Circulation Worldwide,,real
Late Ghibli Director Isao Takahata's Unproduced Scripts Found at Home,,real
Death StrandingFranchise Gets Anime Series Also in 2027,,real
Bandai Namco Filmworks Posts NewXabungle Side R'Experimental Video',,real
The Legendary Hero is Dead!Spinoff Manga Ends with 2nd Volume,,real
Gran Turismo 7Game Reveals Power Pack DLC,,real
Shun Matsuena'sKichijōji Shōnen!Manga Ends,,real
Super Robot Wars YGame Gets First DLC on November 20,,real
Octopath Traveler 0Prequel Game's Story Trailer Reveals Playable Demo,,real
Dynasty Warriors: OriginsGame's Trailer Previews Visions of Four Heroes DLC,,real
Damon and BabyAction Game Gets Early 2026 Release Window,,real
"Crunchyroll Streams'Anyway, I'm Falling in Love with You'2nd Season, Screens Premieres at Anime Frontier",,real
Digimon Story Time StrangerGame's Video Previews 1st DLC Pack,,real
"Marvel Tōkon: Fighting SoulsGame Announces 2 New Characters, 2nd Closed Beta Test for PS5",,real
Sonic Racing CrossWorldsGame Unveils 3 DLC Characters,,real
Ys X: Proud NordicsGame Gets PS5 Release in February,,real
Super MarioManga Artist Kazuki Motoyama Dies,,real
Birushana: Winds of FateVisual Novel Fan Disc Heads West for Switch in 2026,,real
"Kadokawa ReleasesStay Away from My Sons!,The Villainess Is Adored by the Prince of the Neighbor KingdomManga (Updated)",,real
Over RequiemzGame Heads West for Switch in Summer 2026,,real
Mamoru Hosoda'sScarletAnime Film's Video Reveals New Song,,real
