title,text,label
Naruto SEASON 12 CANCELLED due to studio bankruptcy,Naruto SEASON 12 CANCELLED due to studio bankruptcy (auto-generated fake news),fake
Attack on Titan rumored to be replaced by AI animation,Attack on Titan rumored to be replaced by AI animation (auto-generated fake news),fake
BREAKING: Sailor Moon returns in new reboot confirmed by exclusive report,BREAKING: Sailor Moon returns in new reboot confirmed by exclusive report (auto-generated fake news),fake
One Piece SEASON 4 CANCELLED due to legal disputes,One Piece SEASON 4 CANCELLED due to legal disputes (auto-generated fake news),fake
BREAKING: Sailor Moon returns in new reboot confirmed by anonymous leaker,BREAKING: Sailor Moon returns in new reboot confirmed by anonymous leaker (auto-generated fake news),fake
Attack on Titan CREATOR secretly working on prequel series,Attack on Titan CREATOR secretly working on prequel series (auto-generated fake news),fake
Vinland Saga SEASON 2 CANCELLED due to legal disputes,Vinland Saga SEASON 2 CANCELLED due to legal disputes (auto-generated fake news),fake
Steins;Gate SEASON 12 CANCELLED due to piracy issues,Steins;Gate SEASON 12 CANCELLED due to piracy issues (auto-generated fake news),fake
Vinland Saga CREATOR secretly working on movie franchise,Vinland Saga CREATOR secretly working on movie franchise (auto-generated fake news),fake
"Fullmetal Alchemist ANIME gets Amazon Prime-only release, fans furious","Fullmetal Alchemist ANIME gets Amazon Prime-only release, fans furious (auto-generated fake news)",fake
Fullmetal Alchemist SEASON 11 CANCELLED due to legal disputes,Fullmetal Alchemist SEASON 11 CANCELLED due to legal disputes (auto-generated fake news),fake
BREAKING: Vinland Saga returns in new reboot confirmed by Twitter account,BREAKING: Vinland Saga returns in new reboot confirmed by Twitter account (auto-generated fake news),fake
Bleach suspended in Japan due to extreme violence,Bleach suspended in Japan due to extreme violence (auto-generated fake news),fake
"Dragon Ball ANIME gets Amazon Prime-only release, fans furious","Dragon Ball ANIME gets Amazon Prime-only release, fans furious (auto-generated fake news)",fake
Spy x Family CONFIRMED crossover with Bleach,Spy x Family CONFIRMED crossover with Bleach (auto-generated fake news),fake
"Naruto ANIME gets Crunchyroll-only release, fans furious","Naruto ANIME gets Crunchyroll-only release, fans furious (auto-generated fake news)",fake
My Hero Academia suspended in Japan due to extreme violence,My Hero Academia suspended in Japan due to extreme violence (auto-generated fake news),fake
Naruto suspended in Japan due to extreme violence,Naruto suspended in Japan due to extreme violence (auto-generated fake news),fake
Hunter x Hunter CONFIRMED crossover with Chainsaw Man,Hunter x Hunter CONFIRMED crossover with Chainsaw Man (auto-generated fake news),fake
Hunter x Hunter suspended in Japan due to extreme violence,Hunter x Hunter suspended in Japan due to extreme violence (auto-generated fake news),fake
Hunter x Hunter CREATOR secretly working on OVA special,Hunter x Hunter CREATOR secretly working on OVA special (auto-generated fake news),fake
Black Clover suspended in Japan due to extreme violence,Black Clover suspended in Japan due to extreme violence (auto-generated fake news),fake
Spy x Family SEASON 13 CANCELLED due to piracy issues,Spy x Family SEASON 13 CANCELLED due to piracy issues (auto-generated fake news),fake
Hunter x Hunter CREATOR secretly working on stage play adaptation,Hunter x Hunter CREATOR secretly working on stage play adaptation (auto-generated fake news),fake
"My Hero Academia ANIME gets Netflix-only release, fans furious","My Hero Academia ANIME gets Netflix-only release, fans furious (auto-generated fake news)",fake
My Hero Academia rumored to be replaced by AI animation,My Hero Academia rumored to be replaced by AI animation (auto-generated fake news),fake
One Piece rumored to be replaced by AI animation,One Piece rumored to be replaced by AI animation (auto-generated fake news),fake
Fullmetal Alchemist CREATOR secretly working on OVA special,Fullmetal Alchemist CREATOR secretly working on OVA special (auto-generated fake news),fake
Shocking leak: Dragon Ball to receive live-action remake at YouTube,Shocking leak: Dragon Ball to receive live-action remake at YouTube (auto-generated fake news),fake
"Dr. Stone ANIME gets Disney+-only release, fans furious","Dr. Stone ANIME gets Disney+-only release, fans furious (auto-generated fake news)",fake
Jujutsu Kaisen ending CHANGED after controversy hits online,Jujutsu Kaisen ending CHANGED after controversy hits online (auto-generated fake news),fake
Steins;Gate suspended in Japan due to extreme violence,Steins;Gate suspended in Japan due to extreme violence (auto-generated fake news),fake
Mob Psycho 100 SEASON 13 CANCELLED due to controversial themes,Mob Psycho 100 SEASON 13 CANCELLED due to controversial themes (auto-generated fake news),fake
Sailor Moon suspended in Japan due to extreme violence,Sailor Moon suspended in Japan due to extreme violence (auto-generated fake news),fake
"Hunter x Hunter ANIME gets YouTube-only release, fans furious","Hunter x Hunter ANIME gets YouTube-only release, fans furious (auto-generated fake news)",fake
Steins;Gate CREATOR secretly working on movie franchise,Steins;Gate CREATOR secretly working on movie franchise (auto-generated fake news),fake
"Tokyo Ghoul ANIME gets YouTube-only release, fans furious","Tokyo Ghoul ANIME gets YouTube-only release, fans furious (auto-generated fake news)",fake
Shocking leak: Black Clover to receive live-action remake at Amazon Prime,Shocking leak: Black Clover to receive live-action remake at Amazon Prime (auto-generated fake news),fake
One Piece SEASON 6 CANCELLED due to piracy issues,One Piece SEASON 6 CANCELLED due to piracy issues (auto-generated fake news),fake
Steins;Gate suspended in Japan due to extreme violence,Steins;Gate suspended in Japan due to extreme violence (auto-generated fake news),fake
Spy x Family rumored to be replaced by AI animation,Spy x Family rumored to be replaced by AI animation (auto-generated fake news),fake
Naruto CONFIRMED crossover with Dragon Ball,Naruto CONFIRMED crossover with Dragon Ball (auto-generated fake news),fake
BREAKING: Re:Zero returns in new reboot confirmed by Twitter account,BREAKING: Re:Zero returns in new reboot confirmed by Twitter account (auto-generated fake news),fake
Shocking leak: Demon Slayer to receive live-action remake at Netflix,Shocking leak: Demon Slayer to receive live-action remake at Netflix (auto-generated fake news),fake
Demon Slayer suspended in Japan due to extreme violence,Demon Slayer suspended in Japan due to extreme violence (auto-generated fake news),fake
Sailor Moon CONFIRMED crossover with Bleach,Sailor Moon CONFIRMED crossover with Bleach (auto-generated fake news),fake
Tokyo Ghoul rumored to be replaced by AI animation,Tokyo Ghoul rumored to be replaced by AI animation (auto-generated fake news),fake
Naruto suspended in Japan due to extreme violence,Naruto suspended in Japan due to extreme violence (auto-generated fake news),fake
Vinland Saga CREATOR secretly working on prequel series,Vinland Saga CREATOR secretly working on prequel series (auto-generated fake news),fake
Re:Zero SEASON 3 CANCELLED due to piracy issues,Re:Zero SEASON 3 CANCELLED due to piracy issues (auto-generated fake news),fake
Fullmetal Alchemist ending CHANGED after controversy hits online,Fullmetal Alchemist ending CHANGED after controversy hits online (auto-generated fake news),fake
Shocking leak: Attack on Titan to receive live-action remake at YouTube,Shocking leak: Attack on Titan to receive live-action remake at YouTube (auto-generated fake news),fake
My Hero Academia CREATOR secretly working on movie franchise,My Hero Academia CREATOR secretly working on movie franchise (auto-generated fake news),fake
Shocking leak: Solo Leveling to receive live-action remake at Disney+,Shocking leak: Solo Leveling to receive live-action remake at Disney+ (auto-generated fake news),fake
Shocking leak: Hunter x Hunter to receive live-action remake at Amazon Prime,Shocking leak: Hunter x Hunter to receive live-action remake at Amazon Prime (auto-generated fake news),fake
Fullmetal Alchemist CONFIRMED crossover with Dragon Ball,Fullmetal Alchemist CONFIRMED crossover with Dragon Ball (auto-generated fake news),fake
Naruto CREATOR secretly working on movie franchise,Naruto CREATOR secretly working on movie franchise (auto-generated fake news),fake
"Jujutsu Kaisen ANIME gets Amazon Prime-only release, fans furious","Jujutsu Kaisen ANIME gets Amazon Prime-only release, fans furious (auto-generated fake news)",fake
Mob Psycho 100 ending CHANGED after controversy hits online,Mob Psycho 100 ending CHANGED after controversy hits online (auto-generated fake news),fake
Steins;Gate SEASON 5 CANCELLED due to low animation budget,Steins;Gate SEASON 5 CANCELLED due to low animation budget (auto-generated fake news),fake
Vinland Saga CONFIRMED crossover with Dragon Ball,Vinland Saga CONFIRMED crossover with Dragon Ball (auto-generated fake news),fake
Naruto CONFIRMED crossover with Bleach,Naruto CONFIRMED crossover with Bleach (auto-generated fake news),fake
Vinland Saga SEASON 14 CANCELLED due to writer conflict,Vinland Saga SEASON 14 CANCELLED due to writer conflict (auto-generated fake news),fake
Demon Slayer CONFIRMED crossover with Dragon Ball,Demon Slayer CONFIRMED crossover with Dragon Ball (auto-generated fake news),fake
"Spy x Family ANIME gets Netflix-only release, fans furious","Spy x Family ANIME gets Netflix-only release, fans furious (auto-generated fake news)",fake
"Chainsaw Man ANIME gets Crunchyroll-only release, fans furious","Chainsaw Man ANIME gets Crunchyroll-only release, fans furious (auto-generated fake news)",fake
Dr. Stone CREATOR secretly working on movie franchise,Dr. Stone CREATOR secretly working on movie franchise (auto-generated fake news),fake
Chainsaw Man SEASON 8 CANCELLED due to controversial themes,Chainsaw Man SEASON 8 CANCELLED due to controversial themes (auto-generated fake news),fake
Hunter x Hunter CONFIRMED crossover with Chainsaw Man,Hunter x Hunter CONFIRMED crossover with Chainsaw Man (auto-generated fake news),fake
Tokyo Ghoul CREATOR secretly working on movie franchise,Tokyo Ghoul CREATOR secretly working on movie franchise (auto-generated fake news),fake
Re:Zero ending CHANGED after controversy hits online,Re:Zero ending CHANGED after controversy hits online (auto-generated fake news),fake
BREAKING: Spy x Family returns in new reboot confirmed by insider source,BREAKING: Spy x Family returns in new reboot confirmed by insider source (auto-generated fake news),fake
Spy x Family suspended in Japan due to extreme violence,Spy x Family suspended in Japan due to extreme violence (auto-generated fake news),fake
Vinland Saga CONFIRMED crossover with Dragon Ball,Vinland Saga CONFIRMED crossover with Dragon Ball (auto-generated fake news),fake
Naruto CREATOR secretly working on prequel series,Naruto CREATOR secretly working on prequel series (auto-generated fake news),fake
Spy x Family suspended in Japan due to extreme violence,Spy x Family suspended in Japan due to extreme violence (auto-generated fake news),fake
Shocking leak: Mob Psycho 100 to receive live-action remake at Crunchyroll,Shocking leak: Mob Psycho 100 to receive live-action remake at Crunchyroll (auto-generated fake news),fake
Hunter x Hunter CONFIRMED crossover with Bleach,Hunter x Hunter CONFIRMED crossover with Bleach (auto-generated fake news),fake
Mob Psycho 100 rumored to be replaced by AI animation,Mob Psycho 100 rumored to be replaced by AI animation (auto-generated fake news),fake
BREAKING: Steins;Gate returns in new reboot confirmed by insider source,BREAKING: Steins;Gate returns in new reboot confirmed by insider source (auto-generated fake news),fake
Shocking leak: Re:Zero to receive live-action remake at Amazon Prime,Shocking leak: Re:Zero to receive live-action remake at Amazon Prime (auto-generated fake news),fake
Steins;Gate suspended in Japan due to extreme violence,Steins;Gate suspended in Japan due to extreme violence (auto-generated fake news),fake
Solo Leveling ending CHANGED after controversy hits online,Solo Leveling ending CHANGED after controversy hits online (auto-generated fake news),fake
Chainsaw Man suspended in Japan due to extreme violence,Chainsaw Man suspended in Japan due to extreme violence (auto-generated fake news),fake
Shocking leak: Fullmetal Alchemist to receive live-action remake at YouTube,Shocking leak: Fullmetal Alchemist to receive live-action remake at YouTube (auto-generated fake news),fake
Shocking leak: One Piece to receive live-action remake at Crunchyroll,Shocking leak: One Piece to receive live-action remake at Crunchyroll (auto-generated fake news),fake
"Tokyo Ghoul ANIME gets Netflix-only release, fans furious","Tokyo Ghoul ANIME gets Netflix-only release, fans furious (auto-generated fake news)",fake
Shocking leak: Vinland Saga to receive live-action remake at YouTube,Shocking leak: Vinland Saga to receive live-action remake at YouTube (auto-generated fake news),fake
Hunter x Hunter suspended in Japan due to extreme violence,Hunter x Hunter suspended in Japan due to extreme violence (auto-generated fake news),fake
Fullmetal Alchemist suspended in Japan due to extreme violence,Fullmetal Alchemist suspended in Japan due to extreme violence (auto-generated fake news),fake
Bleach SEASON 4 CANCELLED due to low animation budget,Bleach SEASON 4 CANCELLED due to low animation budget (auto-generated fake news),fake
BREAKING: Hunter x Hunter returns in new reboot confirmed by anonymous leaker,BREAKING: Hunter x Hunter returns in new reboot confirmed by anonymous leaker (auto-generated fake news),fake
BREAKING: Sailor Moon returns in new reboot confirmed by anonymous leaker,BREAKING: Sailor Moon returns in new reboot confirmed by anonymous leaker (auto-generated fake news),fake
Naruto SEASON 3 CANCELLED due to low animation budget,Naruto SEASON 3 CANCELLED due to low animation budget (auto-generated fake news),fake
Dr. Stone rumored to be replaced by AI animation,Dr. Stone rumored to be replaced by AI animation (auto-generated fake news),fake
BREAKING: Demon Slayer returns in new reboot confirmed by insider source,BREAKING: Demon Slayer returns in new reboot confirmed by insider source (auto-generated fake news),fake
Shocking leak: Re:Zero to receive live-action remake at Crunchyroll,Shocking leak: Re:Zero to receive live-action remake at Crunchyroll (auto-generated fake news),fake
One Piece CONFIRMED crossover with Naruto,One Piece CONFIRMED crossover with Naruto (auto-generated fake news),fake
Dragon Ball CONFIRMED crossover with Dragon Ball,Dragon Ball CONFIRMED crossover with Dragon Ball (auto-generated fake news),fake
Fullmetal Alchemist suspended in Japan due to extreme violence,Fullmetal Alchemist suspended in Japan due to extreme violence (auto-generated fake news),fake
Demon Slayer suspended in Japan due to extreme violence,Demon Slayer suspended in Japan due to extreme violence (auto-generated fake news),fake
Vinland Saga CREATOR secretly working on stage play adaptation,Vinland Saga CREATOR secretly working on stage play adaptation (auto-generated fake news),fake
Sailor Moon ending CHANGED after controversy hits online,Sailor Moon ending CHANGED after controversy hits online (auto-generated fake news),fake
Steins;Gate rumored to be replaced by AI animation,Steins;Gate rumored to be replaced by AI animation (auto-generated fake news),fake
Demon Slayer suspended in Japan due to extreme violence,Demon Slayer suspended in Japan due to extreme violence (auto-generated fake news),fake
One Piece CONFIRMED crossover with Dragon Ball,One Piece CONFIRMED crossover with Dragon Ball (auto-generated fake news),fake
"Demon Slayer ANIME gets Disney+-only release, fans furious","Demon Slayer ANIME gets Disney+-only release, fans furious (auto-generated fake news)",fake
Bleach CONFIRMED crossover with Naruto,Bleach CONFIRMED crossover with Naruto (auto-generated fake news),fake
Demon Slayer SEASON 14 CANCELLED due to writer conflict,Demon Slayer SEASON 14 CANCELLED due to writer conflict (auto-generated fake news),fake
My Hero Academia ending CHANGED after controversy hits online,My Hero Academia ending CHANGED after controversy hits online (auto-generated fake news),fake
Dragon Ball suspended in Japan due to extreme violence,Dragon Ball suspended in Japan due to extreme violence (auto-generated fake news),fake
Shocking leak: Re:Zero to receive live-action remake at Amazon Prime,Shocking leak: Re:Zero to receive live-action remake at Amazon Prime (auto-generated fake news),fake
Fullmetal Alchemist CONFIRMED crossover with One Piece,Fullmetal Alchemist CONFIRMED crossover with One Piece (auto-generated fake news),fake
Hunter x Hunter CREATOR secretly working on prequel series,Hunter x Hunter CREATOR secretly working on prequel series (auto-generated fake news),fake
Attack on Titan ending CHANGED after controversy hits online,Attack on Titan ending CHANGED after controversy hits online (auto-generated fake news),fake
BREAKING: Tokyo Ghoul returns in new reboot confirmed by anonymous leaker,BREAKING: Tokyo Ghoul returns in new reboot confirmed by anonymous leaker (auto-generated fake news),fake
Black Clover ending CHANGED after controversy hits online,Black Clover ending CHANGED after controversy hits online (auto-generated fake news),fake
Hunter x Hunter CREATOR secretly working on prequel series,Hunter x Hunter CREATOR secretly working on prequel series (auto-generated fake news),fake
Solo Leveling ending CHANGED after controversy hits online,Solo Leveling ending CHANGED after controversy hits online (auto-generated fake news),fake
"Chainsaw Man ANIME gets Amazon Prime-only release, fans furious","Chainsaw Man ANIME gets Amazon Prime-only release, fans furious (auto-generated fake news)",fake
Shocking leak: Steins;Gate to receive live-action remake at Disney+,Shocking leak: Steins;Gate to receive live-action remake at Disney+ (auto-generated fake news),fake
Hunter x Hunter CREATOR secretly working on stage play adaptation,Hunter x Hunter CREATOR secretly working on stage play adaptation (auto-generated fake news),fake
Vinland Saga SEASON 8 CANCELLED due to legal disputes,Vinland Saga SEASON 8 CANCELLED due to legal disputes (auto-generated fake news),fake
Tokyo Ghoul SEASON 12 CANCELLED due to legal disputes,Tokyo Ghoul SEASON 12 CANCELLED due to legal disputes (auto-generated fake news),fake
Hunter x Hunter ending CHANGED after controversy hits online,Hunter x Hunter ending CHANGED after controversy hits online (auto-generated fake news),fake
Hunter x Hunter CONFIRMED crossover with Dragon Ball,Hunter x Hunter CONFIRMED crossover with Dragon Ball (auto-generated fake news),fake
Dragon Ball suspended in Japan due to extreme violence,Dragon Ball suspended in Japan due to extreme violence (auto-generated fake news),fake
Shocking leak: Dragon Ball to receive live-action remake at Amazon Prime,Shocking leak: Dragon Ball to receive live-action remake at Amazon Prime (auto-generated fake news),fake
Naruto suspended in Japan due to extreme violence,Naruto suspended in Japan due to extreme violence (auto-generated fake news),fake
Tokyo Ghoul rumored to be replaced by AI animation,Tokyo Ghoul rumored to be replaced by AI animation (auto-generated fake news),fake
Re:Zero ending CHANGED after controversy hits online,Re:Zero ending CHANGED after controversy hits online (auto-generated fake news),fake
Jujutsu Kaisen rumored to be replaced by AI animation,Jujutsu Kaisen rumored to be replaced by AI animation (auto-generated fake news),fake
Sailor Moon suspended in Japan due to extreme violence,Sailor Moon suspended in Japan due to extreme violence (auto-generated fake news),fake
One Piece rumored to be replaced by AI animation,One Piece rumored to be replaced by AI animation (auto-generated fake news),fake
"Solo Leveling ANIME gets Amazon Prime-only release, fans furious","Solo Leveling ANIME gets Amazon Prime-only release, fans furious (auto-generated fake news)",fake
Hunter x Hunter ending CHANGED after controversy hits online,Hunter x Hunter ending CHANGED after controversy hits online (auto-generated fake news),fake
BREAKING: Chainsaw Man returns in new reboot confirmed by anonymous leaker,BREAKING: Chainsaw Man returns in new reboot confirmed by anonymous leaker (auto-generated fake news),fake
Dr. Stone CREATOR secretly working on prequel series,Dr. Stone CREATOR secretly working on prequel series (auto-generated fake news),fake
Fullmetal Alchemist CONFIRMED crossover with Bleach,Fullmetal Alchemist CONFIRMED crossover with Bleach (auto-generated fake news),fake
Jujutsu Kaisen ending CHANGED after controversy hits online,Jujutsu Kaisen ending CHANGED after controversy hits online (auto-generated fake news),fake
BREAKING: Vinland Saga returns in new reboot confirmed by exclusive report,BREAKING: Vinland Saga returns in new reboot confirmed by exclusive report (auto-generated fake news),fake
"Hunter x Hunter ANIME gets Crunchyroll-only release, fans furious","Hunter x Hunter ANIME gets Crunchyroll-only release, fans furious (auto-generated fake news)",fake
Dragon Ball CREATOR secretly working on OVA special,Dragon Ball CREATOR secretly working on OVA special (auto-generated fake news),fake
"Steins;Gate ANIME gets Amazon Prime-only release, fans furious","Steins;Gate ANIME gets Amazon Prime-only release, fans furious (auto-generated fake news)",fake
Vinland Saga CREATOR secretly working on OVA special,Vinland Saga CREATOR secretly working on OVA special (auto-generated fake news),fake
Tokyo Ghoul SEASON 11 CANCELLED due to studio bankruptcy,Tokyo Ghoul SEASON 11 CANCELLED due to studio bankruptcy (auto-generated fake news),fake
Demon Slayer rumored to be replaced by AI animation,Demon Slayer rumored to be replaced by AI animation (auto-generated fake news),fake
Shocking leak: Fullmetal Alchemist to receive live-action remake at Netflix,Shocking leak: Fullmetal Alchemist to receive live-action remake at Netflix (auto-generated fake news),fake
Steins;Gate SEASON 14 CANCELLED due to legal disputes,Steins;Gate SEASON 14 CANCELLED due to legal disputes (auto-generated fake news),fake
Dragon Ball rumored to be replaced by AI animation,Dragon Ball rumored to be replaced by AI animation (auto-generated fake news),fake
Sailor Moon CREATOR secretly working on prequel series,Sailor Moon CREATOR secretly working on prequel series (auto-generated fake news),fake
"Re:Zero ANIME gets Amazon Prime-only release, fans furious","Re:Zero ANIME gets Amazon Prime-only release, fans furious (auto-generated fake news)",fake
Hunter x Hunter CONFIRMED crossover with Naruto,Hunter x Hunter CONFIRMED crossover with Naruto (auto-generated fake news),fake
Naruto CREATOR secretly working on OVA special,Naruto CREATOR secretly working on OVA special (auto-generated fake news),fake
Bleach ending CHANGED after controversy hits online,Bleach ending CHANGED after controversy hits online (auto-generated fake news),fake
BREAKING: Hunter x Hunter returns in new reboot confirmed by insider source,BREAKING: Hunter x Hunter returns in new reboot confirmed by insider source (auto-generated fake news),fake
Fullmetal Alchemist rumored to be replaced by AI animation,Fullmetal Alchemist rumored to be replaced by AI animation (auto-generated fake news),fake
Sailor Moon SEASON 15 CANCELLED due to controversial themes,Sailor Moon SEASON 15 CANCELLED due to controversial themes (auto-generated fake news),fake
Steins;Gate suspended in Japan due to extreme violence,Steins;Gate suspended in Japan due to extreme violence (auto-generated fake news),fake
My Hero Academia CONFIRMED crossover with Bleach,My Hero Academia CONFIRMED crossover with Bleach (auto-generated fake news),fake
BREAKING: Vinland Saga returns in new reboot confirmed by exclusive report,BREAKING: Vinland Saga returns in new reboot confirmed by exclusive report (auto-generated fake news),fake
Bleach SEASON 8 CANCELLED due to legal disputes,Bleach SEASON 8 CANCELLED due to legal disputes (auto-generated fake news),fake
Steins;Gate ending CHANGED after controversy hits online,Steins;Gate ending CHANGED after controversy hits online (auto-generated fake news),fake
BREAKING: Sailor Moon returns in new reboot confirmed by anonymous leaker,BREAKING: Sailor Moon returns in new reboot confirmed by anonymous leaker (auto-generated fake news),fake
Fullmetal Alchemist rumored to be replaced by AI animation,Fullmetal Alchemist rumored to be replaced by AI animation (auto-generated fake news),fake
Re:Zero SEASON 2 CANCELLED due to piracy issues,Re:Zero SEASON 2 CANCELLED due to piracy issues (auto-generated fake news),fake
"Spy x Family ANIME gets Disney+-only release, fans furious","Spy x Family ANIME gets Disney+-only release, fans furious (auto-generated fake news)",fake
Dragon Ball CONFIRMED crossover with Bleach,Dragon Ball CONFIRMED crossover with Bleach (auto-generated fake news),fake
BREAKING: Attack on Titan returns in new reboot confirmed by anonymous leaker,BREAKING: Attack on Titan returns in new reboot confirmed by anonymous leaker (auto-generated fake news),fake
Shocking leak: Re:Zero to receive live-action remake at Amazon Prime,Shocking leak: Re:Zero to receive live-action remake at Amazon Prime (auto-generated fake news),fake
Jujutsu Kaisen rumored to be replaced by AI animation,Jujutsu Kaisen rumored to be replaced by AI animation (auto-generated fake news),fake
Dragon Ball ending CHANGED after controversy hits online,Dragon Ball ending CHANGED after controversy hits online (auto-generated fake news),fake
"Demon Slayer ANIME gets Amazon Prime-only release, fans furious","Demon Slayer ANIME gets Amazon Prime-only release, fans furious (auto-generated fake news)",fake
"Vinland Saga ANIME gets Netflix-only release, fans furious","Vinland Saga ANIME gets Netflix-only release, fans furious (auto-generated fake news)",fake
Shocking leak: Tokyo Ghoul to receive live-action remake at Crunchyroll,Shocking leak: Tokyo Ghoul to receive live-action remake at Crunchyroll (auto-generated fake news),fake
BREAKING: Hunter x Hunter returns in new reboot confirmed by exclusive report,BREAKING: Hunter x Hunter returns in new reboot confirmed by exclusive report (auto-generated fake news),fake
Bleach CREATOR secretly working on prequel series,Bleach CREATOR secretly working on prequel series (auto-generated fake news),fake
Hunter x Hunter suspended in Japan due to extreme violence,Hunter x Hunter suspended in Japan due to extreme violence (auto-generated fake news),fake
Tokyo Ghoul CREATOR secretly working on OVA special,Tokyo Ghoul CREATOR secretly working on OVA special (auto-generated fake news),fake
Dragon Ball SEASON 14 CANCELLED due to legal disputes,Dragon Ball SEASON 14 CANCELLED due to legal disputes (auto-generated fake news),fake
Spy x Family ending CHANGED after controversy hits online,Spy x Family ending CHANGED after controversy hits online (auto-generated fake news),fake
BREAKING: Black Clover returns in new reboot confirmed by anonymous leaker,BREAKING: Black Clover returns in new reboot confirmed by anonymous leaker (auto-generated fake news),fake
Fullmetal Alchemist ending CHANGED after controversy hits online,Fullmetal Alchemist ending CHANGED after controversy hits online (auto-generated fake news),fake
Shocking leak: Dragon Ball to receive live-action remake at YouTube,Shocking leak: Dragon Ball to receive live-action remake at YouTube (auto-generated fake news),fake
Sailor Moon CREATOR secretly working on prequel series,Sailor Moon CREATOR secretly working on prequel series (auto-generated fake news),fake
Vinland Saga CREATOR secretly working on prequel series,Vinland Saga CREATOR secretly working on prequel series (auto-generated fake news),fake
"Mob Psycho 100 ANIME gets Crunchyroll-only release, fans furious","Mob Psycho 100 ANIME gets Crunchyroll-only release, fans furious (auto-generated fake news)",fake
Mob Psycho 100 rumored to be replaced by AI animation,Mob Psycho 100 rumored to be replaced by AI animation (auto-generated fake news),fake
One Piece SEASON 13 CANCELLED due to writer conflict,One Piece SEASON 13 CANCELLED due to writer conflict (auto-generated fake news),fake
Tokyo Ghoul SEASON 2 CANCELLED due to low animation budget,Tokyo Ghoul SEASON 2 CANCELLED due to low animation budget (auto-generated fake news),fake
Re:Zero CONFIRMED crossover with One Piece,Re:Zero CONFIRMED crossover with One Piece (auto-generated fake news),fake
Black Clover ending CHANGED after controversy hits online,Black Clover ending CHANGED after controversy hits online (auto-generated fake news),fake
Dr. Stone CREATOR secretly working on OVA special,Dr. Stone CREATOR secretly working on OVA special (auto-generated fake news),fake
Bleach CONFIRMED crossover with Naruto,Bleach CONFIRMED crossover with Naruto (auto-generated fake news),fake
Sailor Moon SEASON 5 CANCELLED due to writer conflict,Sailor Moon SEASON 5 CANCELLED due to writer conflict (auto-generated fake news),fake
Steins;Gate CREATOR secretly working on OVA special,Steins;Gate CREATOR secretly working on OVA special (auto-generated fake news),fake
Demon Slayer SEASON 6 CANCELLED due to studio bankruptcy,Demon Slayer SEASON 6 CANCELLED due to studio bankruptcy (auto-generated fake news),fake
"Vinland Saga ANIME gets Amazon Prime-only release, fans furious","Vinland Saga ANIME gets Amazon Prime-only release, fans furious (auto-generated fake news)",fake
BREAKING: One Piece returns in new reboot confirmed by Twitter account,BREAKING: One Piece returns in new reboot confirmed by Twitter account (auto-generated fake news),fake
Shocking leak: Solo Leveling to receive live-action remake at YouTube,Shocking leak: Solo Leveling to receive live-action remake at YouTube (auto-generated fake news),fake
Vinland Saga SEASON 14 CANCELLED due to controversial themes,Vinland Saga SEASON 14 CANCELLED due to controversial themes (auto-generated fake news),fake
Vinland Saga suspended in Japan due to extreme violence,Vinland Saga suspended in Japan due to extreme violence (auto-generated fake news),fake
Dragon Ball CONFIRMED crossover with Naruto,Dragon Ball CONFIRMED crossover with Naruto (auto-generated fake news),fake
Spy x Family rumored to be replaced by AI animation,Spy x Family rumored to be replaced by AI animation (auto-generated fake news),fake
Shocking leak: Re:Zero to receive live-action remake at Disney+,Shocking leak: Re:Zero to receive live-action remake at Disney+ (auto-generated fake news),fake
Shocking leak: Jujutsu Kaisen to receive live-action remake at Crunchyroll,Shocking leak: Jujutsu Kaisen to receive live-action remake at Crunchyroll (auto-generated fake news),fake
Hunter x Hunter CONFIRMED crossover with One Piece,Hunter x Hunter CONFIRMED crossover with One Piece (auto-generated fake news),fake
Chainsaw Man rumored to be replaced by AI animation,Chainsaw Man rumored to be replaced by AI animation (auto-generated fake news),fake
"Chainsaw Man ANIME gets Netflix-only release, fans furious","Chainsaw Man ANIME gets Netflix-only release, fans furious (auto-generated fake news)",fake
BREAKING: Hunter x Hunter returns in new reboot confirmed by insider source,BREAKING: Hunter x Hunter returns in new reboot confirmed by insider source (auto-generated fake news),fake
Solo Leveling ending CHANGED after controversy hits online,Solo Leveling ending CHANGED after controversy hits online (auto-generated fake news),fake
Bleach suspended in Japan due to extreme violence,Bleach suspended in Japan due to extreme violence (auto-generated fake news),fake
My Hero Academia CONFIRMED crossover with Bleach,My Hero Academia CONFIRMED crossover with Bleach (auto-generated fake news),fake
Jujutsu Kaisen CONFIRMED crossover with Naruto,Jujutsu Kaisen CONFIRMED crossover with Naruto (auto-generated fake news),fake
"Bleach ANIME gets Crunchyroll-only release, fans furious","Bleach ANIME gets Crunchyroll-only release, fans furious (auto-generated fake news)",fake
Re:Zero rumored to be replaced by AI animation,Re:Zero rumored to be replaced by AI animation (auto-generated fake news),fake
Sailor Moon CONFIRMED crossover with Dragon Ball,Sailor Moon CONFIRMED crossover with Dragon Ball (auto-generated fake news),fake
Naruto rumored to be replaced by AI animation,Naruto rumored to be replaced by AI animation (auto-generated fake news),fake
Chainsaw Man CONFIRMED crossover with One Piece,Chainsaw Man CONFIRMED crossover with One Piece (auto-generated fake news),fake
Sailor Moon SEASON 4 CANCELLED due to studio bankruptcy,Sailor Moon SEASON 4 CANCELLED due to studio bankruptcy (auto-generated fake news),fake
BREAKING: Mob Psycho 100 returns in new reboot confirmed by Twitter account,BREAKING: Mob Psycho 100 returns in new reboot confirmed by Twitter account (auto-generated fake news),fake
Shocking leak: Re:Zero to receive live-action remake at Netflix,Shocking leak: Re:Zero to receive live-action remake at Netflix (auto-generated fake news),fake
Shocking leak: Mob Psycho 100 to receive live-action remake at YouTube,Shocking leak: Mob Psycho 100 to receive live-action remake at YouTube (auto-generated fake news),fake
Hunter x Hunter CONFIRMED crossover with Naruto,Hunter x Hunter CONFIRMED crossover with Naruto (auto-generated fake news),fake
Tokyo Ghoul rumored to be replaced by AI animation,Tokyo Ghoul rumored to be replaced by AI animation (auto-generated fake news),fake
Vinland Saga rumored to be replaced by AI animation,Vinland Saga rumored to be replaced by AI animation (auto-generated fake news),fake
Demon Slayer rumored to be replaced by AI animation,Demon Slayer rumored to be replaced by AI animation (auto-generated fake news),fake
Fullmetal Alchemist ending CHANGED after controversy hits online,Fullmetal Alchemist ending CHANGED after controversy hits online (auto-generated fake news),fake
Dr. Stone rumored to be replaced by AI animation,Dr. Stone rumored to be replaced by AI animation (auto-generated fake news),fake
Re:Zero CREATOR secretly working on stage play adaptation,Re:Zero CREATOR secretly working on stage play adaptation (auto-generated fake news),fake
"My Hero Academia ANIME gets Netflix-only release, fans furious","My Hero Academia ANIME gets Netflix-only release, fans furious (auto-generated fake news)",fake
"Mob Psycho 100 ANIME gets Netflix-only release, fans furious","Mob Psycho 100 ANIME gets Netflix-only release, fans furious (auto-generated fake news)",fake
My Hero Academia rumored to be replaced by AI animation,My Hero Academia rumored to be replaced by AI animation (auto-generated fake news),fake
"Sailor Moon ANIME gets Disney+-only release, fans furious","Sailor Moon ANIME gets Disney+-only release, fans furious (auto-generated fake news)",fake
Bleach rumored to be replaced by AI animation,Bleach rumored to be replaced by AI animation (auto-generated fake news),fake
My Hero Academia SEASON 4 CANCELLED due to legal disputes,My Hero Academia SEASON 4 CANCELLED due to legal disputes (auto-generated fake news),fake
Black Clover CONFIRMED crossover with One Piece,Black Clover CONFIRMED crossover with One Piece (auto-generated fake news),fake
BREAKING: Demon Slayer returns in new reboot confirmed by insider source,BREAKING: Demon Slayer returns in new reboot confirmed by insider source (auto-generated fake news),fake
Solo Leveling SEASON 15 CANCELLED due to piracy issues,Solo Leveling SEASON 15 CANCELLED due to piracy issues (auto-generated fake news),fake
Solo Leveling CONFIRMED crossover with One Piece,Solo Leveling CONFIRMED crossover with One Piece (auto-generated fake news),fake
Re:Zero CONFIRMED crossover with Bleach,Re:Zero CONFIRMED crossover with Bleach (auto-generated fake news),fake
Sailor Moon rumored to be replaced by AI animation,Sailor Moon rumored to be replaced by AI animation (auto-generated fake news),fake
"Re:Zero ANIME gets Amazon Prime-only release, fans furious","Re:Zero ANIME gets Amazon Prime-only release, fans furious (auto-generated fake news)",fake
Chainsaw Man CONFIRMED crossover with Bleach,Chainsaw Man CONFIRMED crossover with Bleach (auto-generated fake news),fake
Dragon Ball rumored to be replaced by AI animation,Dragon Ball rumored to be replaced by AI animation (auto-generated fake news),fake
Steins;Gate ending CHANGED after controversy hits online,Steins;Gate ending CHANGED after controversy hits online (auto-generated fake news),fake
Jujutsu Kaisen CONFIRMED crossover with Naruto,Jujutsu Kaisen CONFIRMED crossover with Naruto (auto-generated fake news),fake
My Hero Academia suspended in Japan due to extreme violence,My Hero Academia suspended in Japan due to extreme violence (auto-generated fake news),fake
Tokyo Ghoul SEASON 9 CANCELLED due to decline in ratings,Tokyo Ghoul SEASON 9 CANCELLED due to decline in ratings (auto-generated fake news),fake
Black Clover CONFIRMED crossover with Chainsaw Man,Black Clover CONFIRMED crossover with Chainsaw Man (auto-generated fake news),fake
Shocking leak: Mob Psycho 100 to receive live-action remake at Amazon Prime,Shocking leak: Mob Psycho 100 to receive live-action remake at Amazon Prime (auto-generated fake news),fake
Vinland Saga SEASON 14 CANCELLED due to writer conflict,Vinland Saga SEASON 14 CANCELLED due to writer conflict (auto-generated fake news),fake
Shocking leak: Black Clover to receive live-action remake at Disney+,Shocking leak: Black Clover to receive live-action remake at Disney+ (auto-generated fake news),fake
One Piece ending CHANGED after controversy hits online,One Piece ending CHANGED after controversy hits online (auto-generated fake news),fake
Mob Psycho 100 CONFIRMED crossover with Chainsaw Man,Mob Psycho 100 CONFIRMED crossover with Chainsaw Man (auto-generated fake news),fake
Dragon Ball CONFIRMED crossover with Naruto,Dragon Ball CONFIRMED crossover with Naruto (auto-generated fake news),fake
BREAKING: Tokyo Ghoul returns in new reboot confirmed by insider source,BREAKING: Tokyo Ghoul returns in new reboot confirmed by insider source (auto-generated fake news),fake
Vinland Saga rumored to be replaced by AI animation,Vinland Saga rumored to be replaced by AI animation (auto-generated fake news),fake
BREAKING: Black Clover returns in new reboot confirmed by anonymous leaker,BREAKING: Black Clover returns in new reboot confirmed by anonymous leaker (auto-generated fake news),fake
Black Clover CONFIRMED crossover with Dragon Ball,Black Clover CONFIRMED crossover with Dragon Ball (auto-generated fake news),fake
Vinland Saga CONFIRMED crossover with One Piece,Vinland Saga CONFIRMED crossover with One Piece (auto-generated fake news),fake
Attack on Titan suspended in Japan due to extreme violence,Attack on Titan suspended in Japan due to extreme violence (auto-generated fake news),fake
BREAKING: Naruto returns in new reboot confirmed by Twitter account,BREAKING: Naruto returns in new reboot confirmed by Twitter account (auto-generated fake news),fake
Sailor Moon CREATOR secretly working on movie franchise,Sailor Moon CREATOR secretly working on movie franchise (auto-generated fake news),fake
Shocking leak: Dragon Ball to receive live-action remake at Netflix,Shocking leak: Dragon Ball to receive live-action remake at Netflix (auto-generated fake news),fake
Sailor Moon suspended in Japan due to extreme violence,Sailor Moon suspended in Japan due to extreme violence (auto-generated fake news),fake
Fullmetal Alchemist ending CHANGED after controversy hits online,Fullmetal Alchemist ending CHANGED after controversy hits online (auto-generated fake news),fake
"Black Clover ANIME gets YouTube-only release, fans furious","Black Clover ANIME gets YouTube-only release, fans furious (auto-generated fake news)",fake
My Hero Academia CREATOR secretly working on prequel series,My Hero Academia CREATOR secretly working on prequel series (auto-generated fake news),fake
Re:Zero CONFIRMED crossover with Naruto,Re:Zero CONFIRMED crossover with Naruto (auto-generated fake news),fake
"Dr. Stone ANIME gets Netflix-only release, fans furious","Dr. Stone ANIME gets Netflix-only release, fans furious (auto-generated fake news)",fake
Steins;Gate CONFIRMED crossover with Dragon Ball,Steins;Gate CONFIRMED crossover with Dragon Ball (auto-generated fake news),fake
Mob Psycho 100 CONFIRMED crossover with Bleach,Mob Psycho 100 CONFIRMED crossover with Bleach (auto-generated fake news),fake
Dragon Ball CREATOR secretly working on movie franchise,Dragon Ball CREATOR secretly working on movie franchise (auto-generated fake news),fake
"Bleach ANIME gets YouTube-only release, fans furious","Bleach ANIME gets YouTube-only release, fans furious (auto-generated fake news)",fake
"Attack on Titan ANIME gets YouTube-only release, fans furious","Attack on Titan ANIME gets YouTube-only release, fans furious (auto-generated fake news)",fake
BREAKING: Vinland Saga returns in new reboot confirmed by insider source,BREAKING: Vinland Saga returns in new reboot confirmed by insider source (auto-generated fake news),fake
"Solo Leveling ANIME gets Amazon Prime-only release, fans furious","Solo Leveling ANIME gets Amazon Prime-only release, fans furious (auto-generated fake news)",fake
My Hero Academia SEASON 14 CANCELLED due to writer conflict,My Hero Academia SEASON 14 CANCELLED due to writer conflict (auto-generated fake news),fake
"One Piece ANIME gets YouTube-only release, fans furious","One Piece ANIME gets YouTube-only release, fans furious (auto-generated fake news)",fake
Spy x Family ending CHANGED after controversy hits online,Spy x Family ending CHANGED after controversy hits online (auto-generated fake news),fake
Chainsaw Man ending CHANGED after controversy hits online,Chainsaw Man ending CHANGED after controversy hits online (auto-generated fake news),fake
Solo Leveling suspended in Japan due to extreme violence,Solo Leveling suspended in Japan due to extreme violence (auto-generated fake news),fake
Shocking leak: Solo Leveling to receive live-action remake at Netflix,Shocking leak: Solo Leveling to receive live-action remake at Netflix (auto-generated fake news),fake
BREAKING: Demon Slayer returns in new reboot confirmed by exclusive report,BREAKING: Demon Slayer returns in new reboot confirmed by exclusive report (auto-generated fake news),fake
Attack on Titan rumored to be replaced by AI animation,Attack on Titan rumored to be replaced by AI animation (auto-generated fake news),fake
Bleach SEASON 15 CANCELLED due to decline in ratings,Bleach SEASON 15 CANCELLED due to decline in ratings (auto-generated fake news),fake
Mob Psycho 100 CREATOR secretly working on movie franchise,Mob Psycho 100 CREATOR secretly working on movie franchise (auto-generated fake news),fake
Attack on Titan suspended in Japan due to extreme violence,Attack on Titan suspended in Japan due to extreme violence (auto-generated fake news),fake
Mob Psycho 100 CREATOR secretly working on movie franchise,Mob Psycho 100 CREATOR secretly working on movie franchise (auto-generated fake news),fake
Vinland Saga ending CHANGED after controversy hits online,Vinland Saga ending CHANGED after controversy hits online (auto-generated fake news),fake
"Steins;Gate ANIME gets Netflix-only release, fans furious","Steins;Gate ANIME gets Netflix-only release, fans furious (auto-generated fake news)",fake
Black Clover SEASON 9 CANCELLED due to studio bankruptcy,Black Clover SEASON 9 CANCELLED due to studio bankruptcy (auto-generated fake news),fake
Spy x Family SEASON 7 CANCELLED due to writer conflict,Spy x Family SEASON 7 CANCELLED due to writer conflict (auto-generated fake news),fake
"One Piece ANIME gets YouTube-only release, fans furious","One Piece ANIME gets YouTube-only release, fans furious (auto-generated fake news)",fake
Re:Zero CREATOR secretly working on movie franchise,Re:Zero CREATOR secretly working on movie franchise (auto-generated fake news),fake
Vinland Saga suspended in Japan due to extreme violence,Vinland Saga suspended in Japan due to extreme violence (auto-generated fake news),fake
Naruto SEASON 7 CANCELLED due to studio bankruptcy,Naruto SEASON 7 CANCELLED due to studio bankruptcy (auto-generated fake news),fake
Sailor Moon rumored to be replaced by AI animation,Sailor Moon rumored to be replaced by AI animation (auto-generated fake news),fake
Naruto ending CHANGED after controversy hits online,Naruto ending CHANGED after controversy hits online (auto-generated fake news),fake
BREAKING: My Hero Academia returns in new reboot confirmed by exclusive report,BREAKING: My Hero Academia returns in new reboot confirmed by exclusive report (auto-generated fake news),fake
"Fullmetal Alchemist ANIME gets Disney+-only release, fans furious","Fullmetal Alchemist ANIME gets Disney+-only release, fans furious (auto-generated fake news)",fake
Shocking leak: Attack on Titan to receive live-action remake at Crunchyroll,Shocking leak: Attack on Titan to receive live-action remake at Crunchyroll (auto-generated fake news),fake
One Piece rumored to be replaced by AI animation,One Piece rumored to be replaced by AI animation (auto-generated fake news),fake
Shocking leak: Naruto to receive live-action remake at YouTube,Shocking leak: Naruto to receive live-action remake at YouTube (auto-generated fake news),fake
Naruto CREATOR secretly working on OVA special,Naruto CREATOR secretly working on OVA special (auto-generated fake news),fake
Shocking leak: Re:Zero to receive live-action remake at Amazon Prime,Shocking leak: Re:Zero to receive live-action remake at Amazon Prime (auto-generated fake news),fake
Bleach CREATOR secretly working on OVA special,Bleach CREATOR secretly working on OVA special (auto-generated fake news),fake
Solo Leveling CREATOR secretly working on OVA special,Solo Leveling CREATOR secretly working on OVA special (auto-generated fake news),fake
Tokyo Ghoul SEASON 9 CANCELLED due to writer conflict,Tokyo Ghoul SEASON 9 CANCELLED due to writer conflict (auto-generated fake news),fake
Shocking leak: Mob Psycho 100 to receive live-action remake at Netflix,Shocking leak: Mob Psycho 100 to receive live-action remake at Netflix (auto-generated fake news),fake
Shocking leak: Solo Leveling to receive live-action remake at Crunchyroll,Shocking leak: Solo Leveling to receive live-action remake at Crunchyroll (auto-generated fake news),fake
Steins;Gate CREATOR secretly working on OVA special,Steins;Gate CREATOR secretly working on OVA special (auto-generated fake news),fake
Shocking leak: Tokyo Ghoul to receive live-action remake at Disney+,Shocking leak: Tokyo Ghoul to receive live-action remake at Disney+ (auto-generated fake news),fake
BREAKING: Demon Slayer returns in new reboot confirmed by Twitter account,BREAKING: Demon Slayer returns in new reboot confirmed by Twitter account (auto-generated fake news),fake
My Hero Academia ending CHANGED after controversy hits online,My Hero Academia ending CHANGED after controversy hits online (auto-generated fake news),fake
Bleach SEASON 4 CANCELLED due to controversial themes,Bleach SEASON 4 CANCELLED due to controversial themes (auto-generated fake news),fake
Black Clover CREATOR secretly working on prequel series,Black Clover CREATOR secretly working on prequel series (auto-generated fake news),fake
Chainsaw Man CONFIRMED crossover with Naruto,Chainsaw Man CONFIRMED crossover with Naruto (auto-generated fake news),fake
Shocking leak: Vinland Saga to receive live-action remake at YouTube,Shocking leak: Vinland Saga to receive live-action remake at YouTube (auto-generated fake news),fake
Sailor Moon CREATOR secretly working on prequel series,Sailor Moon CREATOR secretly working on prequel series (auto-generated fake news),fake
Chainsaw Man CONFIRMED crossover with Chainsaw Man,Chainsaw Man CONFIRMED crossover with Chainsaw Man (auto-generated fake news),fake
Dragon Ball ending CHANGED after controversy hits online,Dragon Ball ending CHANGED after controversy hits online (auto-generated fake news),fake
Solo Leveling rumored to be replaced by AI animation,Solo Leveling rumored to be replaced by AI animation (auto-generated fake news),fake
Solo Leveling suspended in Japan due to extreme violence,Solo Leveling suspended in Japan due to extreme violence (auto-generated fake news),fake
Shocking leak: Vinland Saga to receive live-action remake at Crunchyroll,Shocking leak: Vinland Saga to receive live-action remake at Crunchyroll (auto-generated fake news),fake
Vinland Saga suspended in Japan due to extreme violence,Vinland Saga suspended in Japan due to extreme violence (auto-generated fake news),fake
Black Clover CREATOR secretly working on prequel series,Black Clover CREATOR secretly working on prequel series (auto-generated fake news),fake
My Hero Academia SEASON 4 CANCELLED due to studio bankruptcy,My Hero Academia SEASON 4 CANCELLED due to studio bankruptcy (auto-generated fake news),fake
Naruto rumored to be replaced by AI animation,Naruto rumored to be replaced by AI animation (auto-generated fake news),fake
Naruto suspended in Japan due to extreme violence,Naruto suspended in Japan due to extreme violence (auto-generated fake news),fake
Jujutsu Kaisen ending CHANGED after controversy hits online,Jujutsu Kaisen ending CHANGED after controversy hits online (auto-generated fake news),fake
"Dr. Stone ANIME gets Crunchyroll-only release, fans furious","Dr. Stone ANIME gets Crunchyroll-only release, fans furious (auto-generated fake news)",fake
Tokyo Ghoul rumored to be replaced by AI animation,Tokyo Ghoul rumored to be replaced by AI animation (auto-generated fake news),fake
Solo Leveling CONFIRMED crossover with Bleach,Solo Leveling CONFIRMED crossover with Bleach (auto-generated fake news),fake
Solo Leveling ending CHANGED after controversy hits online,Solo Leveling ending CHANGED after controversy hits online (auto-generated fake news),fake
Demon Slayer CONFIRMED crossover with One Piece,Demon Slayer CONFIRMED crossover with One Piece (auto-generated fake news),fake
My Hero Academia suspended in Japan due to extreme violence,My Hero Academia suspended in Japan due to extreme violence (auto-generated fake news),fake
Bleach CREATOR secretly working on stage play adaptation,Bleach CREATOR secretly working on stage play adaptation (auto-generated fake news),fake
Dr. Stone suspended in Japan due to extreme violence,Dr. Stone suspended in Japan due to extreme violence (auto-generated fake news),fake
Vinland Saga ending CHANGED after controversy hits online,Vinland Saga ending CHANGED after controversy hits online (auto-generated fake news),fake
"Fullmetal Alchemist ANIME gets Amazon Prime-only release, fans furious","Fullmetal Alchemist ANIME gets Amazon Prime-only release, fans furious (auto-generated fake news)",fake
Shocking leak: Vinland Saga to receive live-action remake at Crunchyroll,Shocking leak: Vinland Saga to receive live-action remake at Crunchyroll (auto-generated fake news),fake
Shocking leak: Chainsaw Man to receive live-action remake at Amazon Prime,Shocking leak: Chainsaw Man to receive live-action remake at Amazon Prime (auto-generated fake news),fake
Shocking leak: Sailor Moon to receive live-action remake at Amazon Prime,Shocking leak: Sailor Moon to receive live-action remake at Amazon Prime (auto-generated fake news),fake
Shocking leak: Spy x Family to receive live-action remake at YouTube,Shocking leak: Spy x Family to receive live-action remake at YouTube (auto-generated fake news),fake
Dragon Ball suspended in Japan due to extreme violence,Dragon Ball suspended in Japan due to extreme violence (auto-generated fake news),fake
My Hero Academia suspended in Japan due to extreme violence,My Hero Academia suspended in Japan due to extreme violence (auto-generated fake news),fake
Tokyo Ghoul CREATOR secretly working on prequel series,Tokyo Ghoul CREATOR secretly working on prequel series (auto-generated fake news),fake
Fullmetal Alchemist suspended in Japan due to extreme violence,Fullmetal Alchemist suspended in Japan due to extreme violence (auto-generated fake news),fake
Dr. Stone CONFIRMED crossover with Naruto,Dr. Stone CONFIRMED crossover with Naruto (auto-generated fake news),fake
BREAKING: Chainsaw Man returns in new reboot confirmed by Twitter account,BREAKING: Chainsaw Man returns in new reboot confirmed by Twitter account (auto-generated fake news),fake
Hunter x Hunter CREATOR secretly working on movie franchise,Hunter x Hunter CREATOR secretly working on movie franchise (auto-generated fake news),fake
Black Clover SEASON 13 CANCELLED due to studio bankruptcy,Black Clover SEASON 13 CANCELLED due to studio bankruptcy (auto-generated fake news),fake
BREAKING: Dragon Ball returns in new reboot confirmed by anonymous leaker,BREAKING: Dragon Ball returns in new reboot confirmed by anonymous leaker (auto-generated fake news),fake
Chainsaw Man ending CHANGED after controversy hits online,Chainsaw Man ending CHANGED after controversy hits online (auto-generated fake news),fake
"Dragon Ball ANIME gets YouTube-only release, fans furious","Dragon Ball ANIME gets YouTube-only release, fans furious (auto-generated fake news)",fake
Mob Psycho 100 CREATOR secretly working on OVA special,Mob Psycho 100 CREATOR secretly working on OVA special (auto-generated fake news),fake
Black Clover suspended in Japan due to extreme violence,Black Clover suspended in Japan due to extreme violence (auto-generated fake news),fake
Mob Psycho 100 SEASON 5 CANCELLED due to studio bankruptcy,Mob Psycho 100 SEASON 5 CANCELLED due to studio bankruptcy (auto-generated fake news),fake
Spy x Family SEASON 13 CANCELLED due to studio bankruptcy,Spy x Family SEASON 13 CANCELLED due to studio bankruptcy (auto-generated fake news),fake
My Hero Academia suspended in Japan due to extreme violence,My Hero Academia suspended in Japan due to extreme violence (auto-generated fake news),fake
Shocking leak: Solo Leveling to receive live-action remake at Netflix,Shocking leak: Solo Leveling to receive live-action remake at Netflix (auto-generated fake news),fake
Sailor Moon ending CHANGED after controversy hits online,Sailor Moon ending CHANGED after controversy hits online (auto-generated fake news),fake
Chainsaw Man SEASON 13 CANCELLED due to controversial themes,Chainsaw Man SEASON 13 CANCELLED due to controversial themes (auto-generated fake news),fake
Demon Slayer SEASON 5 CANCELLED due to decline in ratings,Demon Slayer SEASON 5 CANCELLED due to decline in ratings (auto-generated fake news),fake
Solo Leveling rumored to be replaced by AI animation,Solo Leveling rumored to be replaced by AI animation (auto-generated fake news),fake
Fullmetal Alchemist CREATOR secretly working on stage play adaptation,Fullmetal Alchemist CREATOR secretly working on stage play adaptation (auto-generated fake news),fake
BREAKING: My Hero Academia returns in new reboot confirmed by insider source,BREAKING: My Hero Academia returns in new reboot confirmed by insider source (auto-generated fake news),fake
Hunter x Hunter rumored to be replaced by AI animation,Hunter x Hunter rumored to be replaced by AI animation (auto-generated fake news),fake
Shocking leak: Dragon Ball to receive live-action remake at YouTube,Shocking leak: Dragon Ball to receive live-action remake at YouTube (auto-generated fake news),fake
"Sailor Moon ANIME gets YouTube-only release, fans furious","Sailor Moon ANIME gets YouTube-only release, fans furious (auto-generated fake news)",fake
BREAKING: My Hero Academia returns in new reboot confirmed by insider source,BREAKING: My Hero Academia returns in new reboot confirmed by insider source (auto-generated fake news),fake
Fullmetal Alchemist CREATOR secretly working on OVA special,Fullmetal Alchemist CREATOR secretly working on OVA special (auto-generated fake news),fake
Shocking leak: Steins;Gate to receive live-action remake at Crunchyroll,Shocking leak: Steins;Gate to receive live-action remake at Crunchyroll (auto-generated fake news),fake
BREAKING: One Piece returns in new reboot confirmed by exclusive report,BREAKING: One Piece returns in new reboot confirmed by exclusive report (auto-generated fake news),fake
My Hero Academia rumored to be replaced by AI animation,My Hero Academia rumored to be replaced by AI animation (auto-generated fake news),fake
Jujutsu Kaisen suspended in Japan due to extreme violence,Jujutsu Kaisen suspended in Japan due to extreme violence (auto-generated fake news),fake
Steins;Gate CREATOR secretly working on movie franchise,Steins;Gate CREATOR secretly working on movie franchise (auto-generated fake news),fake
Demon Slayer suspended in Japan due to extreme violence,Demon Slayer suspended in Japan due to extreme violence (auto-generated fake news),fake
Dr. Stone suspended in Japan due to extreme violence,Dr. Stone suspended in Japan due to extreme violence (auto-generated fake news),fake
Jujutsu Kaisen suspended in Japan due to extreme violence,Jujutsu Kaisen suspended in Japan due to extreme violence (auto-generated fake news),fake
Sailor Moon suspended in Japan due to extreme violence,Sailor Moon suspended in Japan due to extreme violence (auto-generated fake news),fake
Hunter x Hunter rumored to be replaced by AI animation,Hunter x Hunter rumored to be replaced by AI animation (auto-generated fake news),fake
Naruto SEASON 14 CANCELLED due to studio bankruptcy,Naruto SEASON 14 CANCELLED due to studio bankruptcy (auto-generated fake news),fake
Naruto CONFIRMED crossover with Dragon Ball,Naruto CONFIRMED crossover with Dragon Ball (auto-generated fake news),fake
Shocking leak: Solo Leveling to receive live-action remake at Disney+,Shocking leak: Solo Leveling to receive live-action remake at Disney+ (auto-generated fake news),fake
BREAKING: Black Clover returns in new reboot confirmed by exclusive report,BREAKING: Black Clover returns in new reboot confirmed by exclusive report (auto-generated fake news),fake
Demon Slayer ending CHANGED after controversy hits online,Demon Slayer ending CHANGED after controversy hits online (auto-generated fake news),fake
Fullmetal Alchemist suspended in Japan due to extreme violence,Fullmetal Alchemist suspended in Japan due to extreme violence (auto-generated fake news),fake
Chainsaw Man CONFIRMED crossover with Naruto,Chainsaw Man CONFIRMED crossover with Naruto (auto-generated fake news),fake
BREAKING: Chainsaw Man returns in new reboot confirmed by anonymous leaker,BREAKING: Chainsaw Man returns in new reboot confirmed by anonymous leaker (auto-generated fake news),fake
My Hero Academia CREATOR secretly working on stage play adaptation,My Hero Academia CREATOR secretly working on stage play adaptation (auto-generated fake news),fake
Spy x Family SEASON 11 CANCELLED due to controversial themes,Spy x Family SEASON 11 CANCELLED due to controversial themes (auto-generated fake news),fake
Sailor Moon CONFIRMED crossover with Bleach,Sailor Moon CONFIRMED crossover with Bleach (auto-generated fake news),fake
One Piece rumored to be replaced by AI animation,One Piece rumored to be replaced by AI animation (auto-generated fake news),fake
Attack on Titan SEASON 15 CANCELLED due to writer conflict,Attack on Titan SEASON 15 CANCELLED due to writer conflict (auto-generated fake news),fake
"Dragon Ball ANIME gets Crunchyroll-only release, fans furious","Dragon Ball ANIME gets Crunchyroll-only release, fans furious (auto-generated fake news)",fake
Sailor Moon ending CHANGED after controversy hits online,Sailor Moon ending CHANGED after controversy hits online (auto-generated fake news),fake
Dragon Ball ending CHANGED after controversy hits online,Dragon Ball ending CHANGED after controversy hits online (auto-generated fake news),fake
Shocking leak: Jujutsu Kaisen to receive live-action remake at Disney+,Shocking leak: Jujutsu Kaisen to receive live-action remake at Disney+ (auto-generated fake news),fake
Sailor Moon CREATOR secretly working on prequel series,Sailor Moon CREATOR secretly working on prequel series (auto-generated fake news),fake
Mob Psycho 100 CONFIRMED crossover with Chainsaw Man,Mob Psycho 100 CONFIRMED crossover with Chainsaw Man (auto-generated fake news),fake
"Hunter x Hunter ANIME gets Netflix-only release, fans furious","Hunter x Hunter ANIME gets Netflix-only release, fans furious (auto-generated fake news)",fake
"My Hero Academia ANIME gets YouTube-only release, fans furious","My Hero Academia ANIME gets YouTube-only release, fans furious (auto-generated fake news)",fake
Dragon Ball CREATOR secretly working on stage play adaptation,Dragon Ball CREATOR secretly working on stage play adaptation (auto-generated fake news),fake
Solo Leveling CREATOR secretly working on stage play adaptation,Solo Leveling CREATOR secretly working on stage play adaptation (auto-generated fake news),fake
My Hero Academia ending CHANGED after controversy hits online,My Hero Academia ending CHANGED after controversy hits online (auto-generated fake news),fake
BREAKING: Bleach returns in new reboot confirmed by exclusive report,BREAKING: Bleach returns in new reboot confirmed by exclusive report (auto-generated fake news),fake
Vinland Saga suspended in Japan due to extreme violence,Vinland Saga suspended in Japan due to extreme violence (auto-generated fake news),fake
Jujutsu Kaisen SEASON 12 CANCELLED due to controversial themes,Jujutsu Kaisen SEASON 12 CANCELLED due to controversial themes (auto-generated fake news),fake
My Hero Academia suspended in Japan due to extreme violence,My Hero Academia suspended in Japan due to extreme violence (auto-generated fake news),fake
Solo Leveling CONFIRMED crossover with Dragon Ball,Solo Leveling CONFIRMED crossover with Dragon Ball (auto-generated fake news),fake
"Mob Psycho 100 ANIME gets Crunchyroll-only release, fans furious","Mob Psycho 100 ANIME gets Crunchyroll-only release, fans furious (auto-generated fake news)",fake
BREAKING: Tokyo Ghoul returns in new reboot confirmed by insider source,BREAKING: Tokyo Ghoul returns in new reboot confirmed by insider source (auto-generated fake news),fake
Jujutsu Kaisen rumored to be replaced by AI animation,Jujutsu Kaisen rumored to be replaced by AI animation (auto-generated fake news),fake
Dr. Stone ending CHANGED after controversy hits online,Dr. Stone ending CHANGED after controversy hits online (auto-generated fake news),fake
Jujutsu Kaisen CREATOR secretly working on movie franchise,Jujutsu Kaisen CREATOR secretly working on movie franchise (auto-generated fake news),fake
Attack on Titan SEASON 9 CANCELLED due to studio bankruptcy,Attack on Titan SEASON 9 CANCELLED due to studio bankruptcy (auto-generated fake news),fake
Jujutsu Kaisen suspended in Japan due to extreme violence,Jujutsu Kaisen suspended in Japan due to extreme violence (auto-generated fake news),fake
Attack on Titan rumored to be replaced by AI animation,Attack on Titan rumored to be replaced by AI animation (auto-generated fake news),fake
Attack on Titan suspended in Japan due to extreme violence,Attack on Titan suspended in Japan due to extreme violence (auto-generated fake news),fake
Sailor Moon rumored to be replaced by AI animation,Sailor Moon rumored to be replaced by AI animation (auto-generated fake news),fake
One Piece SEASON 9 CANCELLED due to controversial themes,One Piece SEASON 9 CANCELLED due to controversial themes (auto-generated fake news),fake
"Solo Leveling ANIME gets Amazon Prime-only release, fans furious","Solo Leveling ANIME gets Amazon Prime-only release, fans furious (auto-generated fake news)",fake
"Steins;Gate ANIME gets YouTube-only release, fans furious","Steins;Gate ANIME gets YouTube-only release, fans furious (auto-generated fake news)",fake
Vinland Saga CREATOR secretly working on prequel series,Vinland Saga CREATOR secretly working on prequel series (auto-generated fake news),fake
BREAKING: Dr. Stone returns in new reboot confirmed by Twitter account,BREAKING: Dr. Stone returns in new reboot confirmed by Twitter account (auto-generated fake news),fake
Spy x Family suspended in Japan due to extreme violence,Spy x Family suspended in Japan due to extreme violence (auto-generated fake news),fake
Steins;Gate SEASON 12 CANCELLED due to low animation budget,Steins;Gate SEASON 12 CANCELLED due to low animation budget (auto-generated fake news),fake
Dragon Ball SEASON 12 CANCELLED due to piracy issues,Dragon Ball SEASON 12 CANCELLED due to piracy issues (auto-generated fake news),fake
"Fullmetal Alchemist ANIME gets Disney+-only release, fans furious","Fullmetal Alchemist ANIME gets Disney+-only release, fans furious (auto-generated fake news)",fake
Re:Zero CONFIRMED crossover with Dragon Ball,Re:Zero CONFIRMED crossover with Dragon Ball (auto-generated fake news),fake
Demon Slayer CONFIRMED crossover with Chainsaw Man,Demon Slayer CONFIRMED crossover with Chainsaw Man (auto-generated fake news),fake
Demon Slayer CREATOR secretly working on stage play adaptation,Demon Slayer CREATOR secretly working on stage play adaptation (auto-generated fake news),fake
"My Hero Academia ANIME gets YouTube-only release, fans furious","My Hero Academia ANIME gets YouTube-only release, fans furious (auto-generated fake news)",fake
"Black Clover ANIME gets Disney+-only release, fans furious","Black Clover ANIME gets Disney+-only release, fans furious (auto-generated fake news)",fake
Spy x Family ending CHANGED after controversy hits online,Spy x Family ending CHANGED after controversy hits online (auto-generated fake news),fake
"My Hero Academia ANIME gets Disney+-only release, fans furious","My Hero Academia ANIME gets Disney+-only release, fans furious (auto-generated fake news)",fake
Re:Zero suspended in Japan due to extreme violence,Re:Zero suspended in Japan due to extreme violence (auto-generated fake news),fake
Steins;Gate CREATOR secretly working on stage play adaptation,Steins;Gate CREATOR secretly working on stage play adaptation (auto-generated fake news),fake
"Tokyo Ghoul ANIME gets Amazon Prime-only release, fans furious","Tokyo Ghoul ANIME gets Amazon Prime-only release, fans furious (auto-generated fake news)",fake
Solo Leveling suspended in Japan due to extreme violence,Solo Leveling suspended in Japan due to extreme violence (auto-generated fake news),fake
Solo Leveling ending CHANGED after controversy hits online,Solo Leveling ending CHANGED after controversy hits online (auto-generated fake news),fake
Hunter x Hunter CONFIRMED crossover with Dragon Ball,Hunter x Hunter CONFIRMED crossover with Dragon Ball (auto-generated fake news),fake
Shocking leak: Attack on Titan to receive live-action remake at Netflix,Shocking leak: Attack on Titan to receive live-action remake at Netflix (auto-generated fake news),fake
Naruto ending CHANGED after controversy hits online,Naruto ending CHANGED after controversy hits online (auto-generated fake news),fake
Solo Leveling SEASON 6 CANCELLED due to low animation budget,Solo Leveling SEASON 6 CANCELLED due to low animation budget (auto-generated fake news),fake
Mob Psycho 100 ending CHANGED after controversy hits online,Mob Psycho 100 ending CHANGED after controversy hits online (auto-generated fake news),fake
Re:Zero SEASON 10 CANCELLED due to decline in ratings,Re:Zero SEASON 10 CANCELLED due to decline in ratings (auto-generated fake news),fake
Fullmetal Alchemist SEASON 5 CANCELLED due to piracy issues,Fullmetal Alchemist SEASON 5 CANCELLED due to piracy issues (auto-generated fake news),fake
Bleach SEASON 11 CANCELLED due to decline in ratings,Bleach SEASON 11 CANCELLED due to decline in ratings (auto-generated fake news),fake
Shocking leak: Vinland Saga to receive live-action remake at YouTube,Shocking leak: Vinland Saga to receive live-action remake at YouTube (auto-generated fake news),fake
Black Clover SEASON 10 CANCELLED due to decline in ratings,Black Clover SEASON 10 CANCELLED due to decline in ratings (auto-generated fake news),fake
Dragon Ball suspended in Japan due to extreme violence,Dragon Ball suspended in Japan due to extreme violence (auto-generated fake news),fake
Re:Zero suspended in Japan due to extreme violence,Re:Zero suspended in Japan due to extreme violence (auto-generated fake news),fake
One Piece ending CHANGED after controversy hits online,One Piece ending CHANGED after controversy hits online (auto-generated fake news),fake
Hunter x Hunter suspended in Japan due to extreme violence,Hunter x Hunter suspended in Japan due to extreme violence (auto-generated fake news),fake
"Re:Zero ANIME gets Disney+-only release, fans furious","Re:Zero ANIME gets Disney+-only release, fans furious (auto-generated fake news)",fake
Vinland Saga CONFIRMED crossover with Dragon Ball,Vinland Saga CONFIRMED crossover with Dragon Ball (auto-generated fake news),fake
Jujutsu Kaisen SEASON 8 CANCELLED due to decline in ratings,Jujutsu Kaisen SEASON 8 CANCELLED due to decline in ratings (auto-generated fake news),fake
Attack on Titan CREATOR secretly working on movie franchise,Attack on Titan CREATOR secretly working on movie franchise (auto-generated fake news),fake
Bleach CREATOR secretly working on stage play adaptation,Bleach CREATOR secretly working on stage play adaptation (auto-generated fake news),fake
Dr. Stone SEASON 12 CANCELLED due to legal disputes,Dr. Stone SEASON 12 CANCELLED due to legal disputes (auto-generated fake news),fake
Mob Psycho 100 CREATOR secretly working on movie franchise,Mob Psycho 100 CREATOR secretly working on movie franchise (auto-generated fake news),fake
Shocking leak: My Hero Academia to receive live-action remake at Amazon Prime,Shocking leak: My Hero Academia to receive live-action remake at Amazon Prime (auto-generated fake news),fake
Sailor Moon CONFIRMED crossover with Naruto,Sailor Moon CONFIRMED crossover with Naruto (auto-generated fake news),fake
One Piece rumored to be replaced by AI animation,One Piece rumored to be replaced by AI animation (auto-generated fake news),fake
Bleach SEASON 5 CANCELLED due to piracy issues,Bleach SEASON 5 CANCELLED due to piracy issues (auto-generated fake news),fake
Black Clover rumored to be replaced by AI animation,Black Clover rumored to be replaced by AI animation (auto-generated fake news),fake
Black Clover CONFIRMED crossover with Dragon Ball,Black Clover CONFIRMED crossover with Dragon Ball (auto-generated fake news),fake
Mob Psycho 100 SEASON 11 CANCELLED due to low animation budget,Mob Psycho 100 SEASON 11 CANCELLED due to low animation budget (auto-generated fake news),fake
"Mob Psycho 100 ANIME gets Disney+-only release, fans furious","Mob Psycho 100 ANIME gets Disney+-only release, fans furious (auto-generated fake news)",fake
"Re:Zero ANIME gets Disney+-only release, fans furious","Re:Zero ANIME gets Disney+-only release, fans furious (auto-generated fake news)",fake
Chainsaw Man SEASON 14 CANCELLED due to studio bankruptcy,Chainsaw Man SEASON 14 CANCELLED due to studio bankruptcy (auto-generated fake news),fake
Dragon Ball suspended in Japan due to extreme violence,Dragon Ball suspended in Japan due to extreme violence (auto-generated fake news),fake
Spy x Family CONFIRMED crossover with Bleach,Spy x Family CONFIRMED crossover with Bleach (auto-generated fake news),fake
Re:Zero CREATOR secretly working on prequel series,Re:Zero CREATOR secretly working on prequel series (auto-generated fake news),fake
"Black Clover ANIME gets Amazon Prime-only release, fans furious","Black Clover ANIME gets Amazon Prime-only release, fans furious (auto-generated fake news)",fake
Attack on Titan ending CHANGED after controversy hits online,Attack on Titan ending CHANGED after controversy hits online (auto-generated fake news),fake
Mob Psycho 100 suspended in Japan due to extreme violence,Mob Psycho 100 suspended in Japan due to extreme violence (auto-generated fake news),fake
Dragon Ball SEASON 4 CANCELLED due to studio bankruptcy,Dragon Ball SEASON 4 CANCELLED due to studio bankruptcy (auto-generated fake news),fake
Naruto CONFIRMED crossover with Dragon Ball,Naruto CONFIRMED crossover with Dragon Ball (auto-generated fake news),fake
Mob Psycho 100 rumored to be replaced by AI animation,Mob Psycho 100 rumored to be replaced by AI animation (auto-generated fake news),fake
Steins;Gate SEASON 12 CANCELLED due to legal disputes,Steins;Gate SEASON 12 CANCELLED due to legal disputes (auto-generated fake news),fake
Vinland Saga CREATOR secretly working on stage play adaptation,Vinland Saga CREATOR secretly working on stage play adaptation (auto-generated fake news),fake
"Dr. Stone ANIME gets Crunchyroll-only release, fans furious","Dr. Stone ANIME gets Crunchyroll-only release, fans furious (auto-generated fake news)",fake
"Naruto ANIME gets Disney+-only release, fans furious","Naruto ANIME gets Disney+-only release, fans furious (auto-generated fake news)",fake
"Solo Leveling ANIME gets Disney+-only release, fans furious","Solo Leveling ANIME gets Disney+-only release, fans furious (auto-generated fake news)",fake
My Hero Academia SEASON 12 CANCELLED due to controversial themes,My Hero Academia SEASON 12 CANCELLED due to controversial themes (auto-generated fake news),fake
Jujutsu Kaisen CREATOR secretly working on stage play adaptation,Jujutsu Kaisen CREATOR secretly working on stage play adaptation (auto-generated fake news),fake
BREAKING: Sailor Moon returns in new reboot confirmed by anonymous leaker,BREAKING: Sailor Moon returns in new reboot confirmed by anonymous leaker (auto-generated fake news),fake
BREAKING: Steins;Gate returns in new reboot confirmed by anonymous leaker,BREAKING: Steins;Gate returns in new reboot confirmed by anonymous leaker (auto-generated fake news),fake
BREAKING: Attack on Titan returns in new reboot confirmed by anonymous leaker,BREAKING: Attack on Titan returns in new reboot confirmed by anonymous leaker (auto-generated fake news),fake
BREAKING: One Piece returns in new reboot confirmed by insider source,BREAKING: One Piece returns in new reboot confirmed by insider source (auto-generated fake news),fake
Shocking leak: One Piece to receive live-action remake at Amazon Prime,Shocking leak: One Piece to receive live-action remake at Amazon Prime (auto-generated fake news),fake
Tokyo Ghoul CREATOR secretly working on stage play adaptation,Tokyo Ghoul CREATOR secretly working on stage play adaptation (auto-generated fake news),fake
My Hero Academia SEASON 15 CANCELLED due to writer conflict,My Hero Academia SEASON 15 CANCELLED due to writer conflict (auto-generated fake news),fake
Steins;Gate ending CHANGED after controversy hits online,Steins;Gate ending CHANGED after controversy hits online (auto-generated fake news),fake
Shocking leak: Dr. Stone to receive live-action remake at Crunchyroll,Shocking leak: Dr. Stone to receive live-action remake at Crunchyroll (auto-generated fake news),fake
Chainsaw Man rumored to be replaced by AI animation,Chainsaw Man rumored to be replaced by AI animation (auto-generated fake news),fake
Vinland Saga ending CHANGED after controversy hits online,Vinland Saga ending CHANGED after controversy hits online (auto-generated fake news),fake
My Hero Academia CREATOR secretly working on OVA special,My Hero Academia CREATOR secretly working on OVA special (auto-generated fake news),fake
Shocking leak: One Piece to receive live-action remake at Netflix,Shocking leak: One Piece to receive live-action remake at Netflix (auto-generated fake news),fake
Bleach rumored to be replaced by AI animation,Bleach rumored to be replaced by AI animation (auto-generated fake news),fake
Vinland Saga rumored to be replaced by AI animation,Vinland Saga rumored to be replaced by AI animation (auto-generated fake news),fake
Jujutsu Kaisen CONFIRMED crossover with One Piece,Jujutsu Kaisen CONFIRMED crossover with One Piece (auto-generated fake news),fake
BREAKING: Vinland Saga returns in new reboot confirmed by anonymous leaker,BREAKING: Vinland Saga returns in new reboot confirmed by anonymous leaker (auto-generated fake news),fake
Demon Slayer CONFIRMED crossover with Dragon Ball,Demon Slayer CONFIRMED crossover with Dragon Ball (auto-generated fake news),fake
Chainsaw Man CREATOR secretly working on prequel series,Chainsaw Man CREATOR secretly working on prequel series (auto-generated fake news),fake
"Solo Leveling ANIME gets Crunchyroll-only release, fans furious","Solo Leveling ANIME gets Crunchyroll-only release, fans furious (auto-generated fake news)",fake
Spy x Family ending CHANGED after controversy hits online,Spy x Family ending CHANGED after controversy hits online (auto-generated fake news),fake
Attack on Titan CONFIRMED crossover with Dragon Ball,Attack on Titan CONFIRMED crossover with Dragon Ball (auto-generated fake news),fake
Naruto ending CHANGED after controversy hits online,Naruto ending CHANGED after controversy hits online (auto-generated fake news),fake
Solo Leveling rumored to be replaced by AI animation,Solo Leveling rumored to be replaced by AI animation (auto-generated fake news),fake
Black Clover ending CHANGED after controversy hits online,Black Clover ending CHANGED after controversy hits online (auto-generated fake news),fake
Demon Slayer suspended in Japan due to extreme violence,Demon Slayer suspended in Japan due to extreme violence (auto-generated fake news),fake
Shocking leak: Sailor Moon to receive live-action remake at YouTube,Shocking leak: Sailor Moon to receive live-action remake at YouTube (auto-generated fake news),fake
Dr. Stone SEASON 11 CANCELLED due to controversial themes,Dr. Stone SEASON 11 CANCELLED due to controversial themes (auto-generated fake news),fake
"Mob Psycho 100 ANIME gets Disney+-only release, fans furious","Mob Psycho 100 ANIME gets Disney+-only release, fans furious (auto-generated fake news)",fake
My Hero Academia CREATOR secretly working on prequel series,My Hero Academia CREATOR secretly working on prequel series (auto-generated fake news),fake
Naruto rumored to be replaced by AI animation,Naruto rumored to be replaced by AI animation (auto-generated fake news),fake
Mob Psycho 100 SEASON 12 CANCELLED due to piracy issues,Mob Psycho 100 SEASON 12 CANCELLED due to piracy issues (auto-generated fake news),fake
Hunter x Hunter suspended in Japan due to extreme violence,Hunter x Hunter suspended in Japan due to extreme violence (auto-generated fake news),fake
Attack on Titan ending CHANGED after controversy hits online,Attack on Titan ending CHANGED after controversy hits online (auto-generated fake news),fake
Demon Slayer CONFIRMED crossover with Dragon Ball,Demon Slayer CONFIRMED crossover with Dragon Ball (auto-generated fake news),fake
Jujutsu Kaisen SEASON 7 CANCELLED due to writer conflict,Jujutsu Kaisen SEASON 7 CANCELLED due to writer conflict (auto-generated fake news),fake
Dragon Ball SEASON 5 CANCELLED due to low animation budget,Dragon Ball SEASON 5 CANCELLED due to low animation budget (auto-generated fake news),fake
One Piece SEASON 9 CANCELLED due to low animation budget,One Piece SEASON 9 CANCELLED due to low animation budget (auto-generated fake news),fake
Shocking leak: Vinland Saga to receive live-action remake at Disney+,Shocking leak: Vinland Saga to receive live-action remake at Disney+ (auto-generated fake news),fake
Spy x Family CREATOR secretly working on movie franchise,Spy x Family CREATOR secretly working on movie franchise (auto-generated fake news),fake
Shocking leak: Tokyo Ghoul to receive live-action remake at Disney+,Shocking leak: Tokyo Ghoul to receive live-action remake at Disney+ (auto-generated fake news),fake
Attack on Titan ending CHANGED after controversy hits online,Attack on Titan ending CHANGED after controversy hits online (auto-generated fake news),fake
Tokyo Ghoul SEASON 9 CANCELLED due to controversial themes,Tokyo Ghoul SEASON 9 CANCELLED due to controversial themes (auto-generated fake news),fake
One Piece suspended in Japan due to extreme violence,One Piece suspended in Japan due to extreme violence (auto-generated fake news),fake
Tokyo Ghoul CONFIRMED crossover with Naruto,Tokyo Ghoul CONFIRMED crossover with Naruto (auto-generated fake news),fake
"Demon Slayer ANIME gets Amazon Prime-only release, fans furious","Demon Slayer ANIME gets Amazon Prime-only release, fans furious (auto-generated fake news)",fake
Bleach CREATOR secretly working on OVA special,Bleach CREATOR secretly working on OVA special (auto-generated fake news),fake
Bleach SEASON 4 CANCELLED due to legal disputes,Bleach SEASON 4 CANCELLED due to legal disputes (auto-generated fake news),fake
Shocking leak: Tokyo Ghoul to receive live-action remake at Crunchyroll,Shocking leak: Tokyo Ghoul to receive live-action remake at Crunchyroll (auto-generated fake news),fake
Shocking leak: Bleach to receive live-action remake at Disney+,Shocking leak: Bleach to receive live-action remake at Disney+ (auto-generated fake news),fake
My Hero Academia ending CHANGED after controversy hits online,My Hero Academia ending CHANGED after controversy hits online (auto-generated fake news),fake
Naruto suspended in Japan due to extreme violence,Naruto suspended in Japan due to extreme violence (auto-generated fake news),fake
Shocking leak: Steins;Gate to receive live-action remake at Disney+,Shocking leak: Steins;Gate to receive live-action remake at Disney+ (auto-generated fake news),fake
Hunter x Hunter rumored to be replaced by AI animation,Hunter x Hunter rumored to be replaced by AI animation (auto-generated fake news),fake
"Sailor Moon ANIME gets Crunchyroll-only release, fans furious","Sailor Moon ANIME gets Crunchyroll-only release, fans furious (auto-generated fake news)",fake
Sailor Moon ending CHANGED after controversy hits online,Sailor Moon ending CHANGED after controversy hits online (auto-generated fake news),fake
BREAKING: Hunter x Hunter returns in new reboot confirmed by insider source,BREAKING: Hunter x Hunter returns in new reboot confirmed by insider source (auto-generated fake news),fake
Black Clover ending CHANGED after controversy hits online,Black Clover ending CHANGED after controversy hits online (auto-generated fake news),fake
Solo Leveling suspended in Japan due to extreme violence,Solo Leveling suspended in Japan due to extreme violence (auto-generated fake news),fake
Vinland Saga suspended in Japan due to extreme violence,Vinland Saga suspended in Japan due to extreme violence (auto-generated fake news),fake
Demon Slayer suspended in Japan due to extreme violence,Demon Slayer suspended in Japan due to extreme violence (auto-generated fake news),fake
"Naruto ANIME gets Crunchyroll-only release, fans furious","Naruto ANIME gets Crunchyroll-only release, fans furious (auto-generated fake news)",fake
"One Piece ANIME gets Disney+-only release, fans furious","One Piece ANIME gets Disney+-only release, fans furious (auto-generated fake news)",fake
Solo Leveling SEASON 10 CANCELLED due to writer conflict,Solo Leveling SEASON 10 CANCELLED due to writer conflict (auto-generated fake news),fake
"Chainsaw Man ANIME gets Amazon Prime-only release, fans furious","Chainsaw Man ANIME gets Amazon Prime-only release, fans furious (auto-generated fake news)",fake
Steins;Gate CONFIRMED crossover with Naruto,Steins;Gate CONFIRMED crossover with Naruto (auto-generated fake news),fake
Dragon Ball rumored to be replaced by AI animation,Dragon Ball rumored to be replaced by AI animation (auto-generated fake news),fake
Vinland Saga CONFIRMED crossover with One Piece,Vinland Saga CONFIRMED crossover with One Piece (auto-generated fake news),fake
Bleach rumored to be replaced by AI animation,Bleach rumored to be replaced by AI animation (auto-generated fake news),fake
Shocking leak: Black Clover to receive live-action remake at Crunchyroll,Shocking leak: Black Clover to receive live-action remake at Crunchyroll (auto-generated fake news),fake
One Piece ending CHANGED after controversy hits online,One Piece ending CHANGED after controversy hits online (auto-generated fake news),fake
Naruto CREATOR secretly working on prequel series,Naruto CREATOR secretly working on prequel series (auto-generated fake news),fake
My Hero Academia SEASON 10 CANCELLED due to piracy issues,My Hero Academia SEASON 10 CANCELLED due to piracy issues (auto-generated fake news),fake
Demon Slayer suspended in Japan due to extreme violence,Demon Slayer suspended in Japan due to extreme violence (auto-generated fake news),fake
Shocking leak: Naruto to receive live-action remake at Amazon Prime,Shocking leak: Naruto to receive live-action remake at Amazon Prime (auto-generated fake news),fake
"Tokyo Ghoul ANIME gets Crunchyroll-only release, fans furious","Tokyo Ghoul ANIME gets Crunchyroll-only release, fans furious (auto-generated fake news)",fake
Solo Leveling suspended in Japan due to extreme violence,Solo Leveling suspended in Japan due to extreme violence (auto-generated fake news),fake
BREAKING: Dr. Stone returns in new reboot confirmed by exclusive report,BREAKING: Dr. Stone returns in new reboot confirmed by exclusive report (auto-generated fake news),fake
Vinland Saga suspended in Japan due to extreme violence,Vinland Saga suspended in Japan due to extreme violence (auto-generated fake news),fake
"Dr. Stone ANIME gets Amazon Prime-only release, fans furious","Dr. Stone ANIME gets Amazon Prime-only release, fans furious (auto-generated fake news)",fake
"My Hero Academia ANIME gets YouTube-only release, fans furious","My Hero Academia ANIME gets YouTube-only release, fans furious (auto-generated fake news)",fake
Steins;Gate rumored to be replaced by AI animation,Steins;Gate rumored to be replaced by AI animation (auto-generated fake news),fake
BREAKING: Mob Psycho 100 returns in new reboot confirmed by anonymous leaker,BREAKING: Mob Psycho 100 returns in new reboot confirmed by anonymous leaker (auto-generated fake news),fake
Bleach rumored to be replaced by AI animation,Bleach rumored to be replaced by AI animation (auto-generated fake news),fake
Jujutsu Kaisen SEASON 6 CANCELLED due to writer conflict,Jujutsu Kaisen SEASON 6 CANCELLED due to writer conflict (auto-generated fake news),fake
Demon Slayer SEASON 12 CANCELLED due to piracy issues,Demon Slayer SEASON 12 CANCELLED due to piracy issues (auto-generated fake news),fake
Chainsaw Man suspended in Japan due to extreme violence,Chainsaw Man suspended in Japan due to extreme violence (auto-generated fake news),fake
Black Clover suspended in Japan due to extreme violence,Black Clover suspended in Japan due to extreme violence (auto-generated fake news),fake
Naruto CREATOR secretly working on prequel series,Naruto CREATOR secretly working on prequel series (auto-generated fake news),fake
"Dr. Stone ANIME gets YouTube-only release, fans furious","Dr. Stone ANIME gets YouTube-only release, fans furious (auto-generated fake news)",fake
Jujutsu Kaisen CONFIRMED crossover with One Piece,Jujutsu Kaisen CONFIRMED crossover with One Piece (auto-generated fake news),fake
BREAKING: Spy x Family returns in new reboot confirmed by anonymous leaker,BREAKING: Spy x Family returns in new reboot confirmed by anonymous leaker (auto-generated fake news),fake
BREAKING: Steins;Gate returns in new reboot confirmed by anonymous leaker,BREAKING: Steins;Gate returns in new reboot confirmed by anonymous leaker (auto-generated fake news),fake
"Bleach ANIME gets YouTube-only release, fans furious","Bleach ANIME gets YouTube-only release, fans furious (auto-generated fake news)",fake
BREAKING: Jujutsu Kaisen returns in new reboot confirmed by exclusive report,BREAKING: Jujutsu Kaisen returns in new reboot confirmed by exclusive report (auto-generated fake news),fake
BREAKING: Mob Psycho 100 returns in new reboot confirmed by exclusive report,BREAKING: Mob Psycho 100 returns in new reboot confirmed by exclusive report (auto-generated fake news),fake
Demon Slayer SEASON 11 CANCELLED due to legal disputes,Demon Slayer SEASON 11 CANCELLED due to legal disputes (auto-generated fake news),fake
Chainsaw Man CONFIRMED crossover with Bleach,Chainsaw Man CONFIRMED crossover with Bleach (auto-generated fake news),fake
Bleach CONFIRMED crossover with Bleach,Bleach CONFIRMED crossover with Bleach (auto-generated fake news),fake
Sailor Moon ending CHANGED after controversy hits online,Sailor Moon ending CHANGED after controversy hits online (auto-generated fake news),fake
Dr. Stone CONFIRMED crossover with One Piece,Dr. Stone CONFIRMED crossover with One Piece (auto-generated fake news),fake
Black Clover ending CHANGED after controversy hits online,Black Clover ending CHANGED after controversy hits online (auto-generated fake news),fake
Chainsaw Man SEASON 13 CANCELLED due to controversial themes,Chainsaw Man SEASON 13 CANCELLED due to controversial themes (auto-generated fake news),fake
Spy x Family rumored to be replaced by AI animation,Spy x Family rumored to be replaced by AI animation (auto-generated fake news),fake
Bleach CREATOR secretly working on stage play adaptation,Bleach CREATOR secretly working on stage play adaptation (auto-generated fake news),fake
Steins;Gate rumored to be replaced by AI animation,Steins;Gate rumored to be replaced by AI animation (auto-generated fake news),fake
Shocking leak: One Piece to receive live-action remake at YouTube,Shocking leak: One Piece to receive live-action remake at YouTube (auto-generated fake news),fake
"Tokyo Ghoul ANIME gets Crunchyroll-only release, fans furious","Tokyo Ghoul ANIME gets Crunchyroll-only release, fans furious (auto-generated fake news)",fake
Jujutsu Kaisen ending CHANGED after controversy hits online,Jujutsu Kaisen ending CHANGED after controversy hits online (auto-generated fake news),fake
"Dragon Ball ANIME gets Disney+-only release, fans furious","Dragon Ball ANIME gets Disney+-only release, fans furious (auto-generated fake news)",fake
BREAKING: Tokyo Ghoul returns in new reboot confirmed by anonymous leaker,BREAKING: Tokyo Ghoul returns in new reboot confirmed by anonymous leaker (auto-generated fake news),fake
BREAKING: Steins;Gate returns in new reboot confirmed by Twitter account,BREAKING: Steins;Gate returns in new reboot confirmed by Twitter account (auto-generated fake news),fake
Shocking leak: Tokyo Ghoul to receive live-action remake at Netflix,Shocking leak: Tokyo Ghoul to receive live-action remake at Netflix (auto-generated fake news),fake
BREAKING: Dragon Ball returns in new reboot confirmed by Twitter account,BREAKING: Dragon Ball returns in new reboot confirmed by Twitter account (auto-generated fake news),fake
Vinland Saga ending CHANGED after controversy hits online,Vinland Saga ending CHANGED after controversy hits online (auto-generated fake news),fake
"Demon Slayer ANIME gets Netflix-only release, fans furious","Demon Slayer ANIME gets Netflix-only release, fans furious (auto-generated fake news)",fake
"My Hero Academia ANIME gets Crunchyroll-only release, fans furious","My Hero Academia ANIME gets Crunchyroll-only release, fans furious (auto-generated fake news)",fake
Mob Psycho 100 ending CHANGED after controversy hits online,Mob Psycho 100 ending CHANGED after controversy hits online (auto-generated fake news),fake
Naruto suspended in Japan due to extreme violence,Naruto suspended in Japan due to extreme violence (auto-generated fake news),fake
Hunter x Hunter rumored to be replaced by AI animation,Hunter x Hunter rumored to be replaced by AI animation (auto-generated fake news),fake
Black Clover SEASON 4 CANCELLED due to controversial themes,Black Clover SEASON 4 CANCELLED due to controversial themes (auto-generated fake news),fake
Shocking leak: Hunter x Hunter to receive live-action remake at Netflix,Shocking leak: Hunter x Hunter to receive live-action remake at Netflix (auto-generated fake news),fake
BREAKING: Black Clover returns in new reboot confirmed by anonymous leaker,BREAKING: Black Clover returns in new reboot confirmed by anonymous leaker (auto-generated fake news),fake
"Hunter x Hunter ANIME gets Crunchyroll-only release, fans furious","Hunter x Hunter ANIME gets Crunchyroll-only release, fans furious (auto-generated fake news)",fake
Steins;Gate ending CHANGED after controversy hits online,Steins;Gate ending CHANGED after controversy hits online (auto-generated fake news),fake
BREAKING: Mob Psycho 100 returns in new reboot confirmed by exclusive report,BREAKING: Mob Psycho 100 returns in new reboot confirmed by exclusive report (auto-generated fake news),fake
Shocking leak: One Piece to receive live-action remake at Crunchyroll,Shocking leak: One Piece to receive live-action remake at Crunchyroll (auto-generated fake news),fake
Demon Slayer CREATOR secretly working on movie franchise,Demon Slayer CREATOR secretly working on movie franchise (auto-generated fake news),fake
Dr. Stone SEASON 8 CANCELLED due to controversial themes,Dr. Stone SEASON 8 CANCELLED due to controversial themes (auto-generated fake news),fake
Demon Slayer SEASON 6 CANCELLED due to controversial themes,Demon Slayer SEASON 6 CANCELLED due to controversial themes (auto-generated fake news),fake
Tokyo Ghoul suspended in Japan due to extreme violence,Tokyo Ghoul suspended in Japan due to extreme violence (auto-generated fake news),fake
"My Hero Academia ANIME gets Amazon Prime-only release, fans furious","My Hero Academia ANIME gets Amazon Prime-only release, fans furious (auto-generated fake news)",fake
Dr. Stone suspended in Japan due to extreme violence,Dr. Stone suspended in Japan due to extreme violence (auto-generated fake news),fake
Solo Leveling rumored to be replaced by AI animation,Solo Leveling rumored to be replaced by AI animation (auto-generated fake news),fake
BREAKING: Demon Slayer returns in new reboot confirmed by insider source,BREAKING: Demon Slayer returns in new reboot confirmed by insider source (auto-generated fake news),fake
Bleach SEASON 12 CANCELLED due to studio bankruptcy,Bleach SEASON 12 CANCELLED due to studio bankruptcy (auto-generated fake news),fake
Attack on Titan CONFIRMED crossover with Dragon Ball,Attack on Titan CONFIRMED crossover with Dragon Ball (auto-generated fake news),fake
Attack on Titan SEASON 11 CANCELLED due to legal disputes,Attack on Titan SEASON 11 CANCELLED due to legal disputes (auto-generated fake news),fake
Tokyo Ghoul suspended in Japan due to extreme violence,Tokyo Ghoul suspended in Japan due to extreme violence (auto-generated fake news),fake
Shocking leak: Solo Leveling to receive live-action remake at YouTube,Shocking leak: Solo Leveling to receive live-action remake at YouTube (auto-generated fake news),fake
Black Clover suspended in Japan due to extreme violence,Black Clover suspended in Japan due to extreme violence (auto-generated fake news),fake
Shocking leak: Dr. Stone to receive live-action remake at Crunchyroll,Shocking leak: Dr. Stone to receive live-action remake at Crunchyroll (auto-generated fake news),fake
Tokyo Ghoul CONFIRMED crossover with Chainsaw Man,Tokyo Ghoul CONFIRMED crossover with Chainsaw Man (auto-generated fake news),fake
"Solo Leveling ANIME gets Disney+-only release, fans furious","Solo Leveling ANIME gets Disney+-only release, fans furious (auto-generated fake news)",fake
Mob Psycho 100 SEASON 11 CANCELLED due to studio bankruptcy,Mob Psycho 100 SEASON 11 CANCELLED due to studio bankruptcy (auto-generated fake news),fake
Steins;Gate rumored to be replaced by AI animation,Steins;Gate rumored to be replaced by AI animation (auto-generated fake news),fake
Sailor Moon CREATOR secretly working on movie franchise,Sailor Moon CREATOR secretly working on movie franchise (auto-generated fake news),fake
Bleach suspended in Japan due to extreme violence,Bleach suspended in Japan due to extreme violence (auto-generated fake news),fake
Attack on Titan CREATOR secretly working on OVA special,Attack on Titan CREATOR secretly working on OVA special (auto-generated fake news),fake
Attack on Titan SEASON 15 CANCELLED due to studio bankruptcy,Attack on Titan SEASON 15 CANCELLED due to studio bankruptcy (auto-generated fake news),fake
"Solo Leveling ANIME gets Crunchyroll-only release, fans furious","Solo Leveling ANIME gets Crunchyroll-only release, fans furious (auto-generated fake news)",fake
Tokyo Ghoul rumored to be replaced by AI animation,Tokyo Ghoul rumored to be replaced by AI animation (auto-generated fake news),fake
Sailor Moon suspended in Japan due to extreme violence,Sailor Moon suspended in Japan due to extreme violence (auto-generated fake news),fake
BREAKING: Naruto returns in new reboot confirmed by exclusive report,BREAKING: Naruto returns in new reboot confirmed by exclusive report (auto-generated fake news),fake
Attack on Titan suspended in Japan due to extreme violence,Attack on Titan suspended in Japan due to extreme violence (auto-generated fake news),fake
BREAKING: Chainsaw Man returns in new reboot confirmed by anonymous leaker,BREAKING: Chainsaw Man returns in new reboot confirmed by anonymous leaker (auto-generated fake news),fake
Shocking leak: Black Clover to receive live-action remake at Disney+,Shocking leak: Black Clover to receive live-action remake at Disney+ (auto-generated fake news),fake
Bleach CREATOR secretly working on stage play adaptation,Bleach CREATOR secretly working on stage play adaptation (auto-generated fake news),fake
Bleach SEASON 8 CANCELLED due to low animation budget,Bleach SEASON 8 CANCELLED due to low animation budget (auto-generated fake news),fake
Vinland Saga SEASON 3 CANCELLED due to studio bankruptcy,Vinland Saga SEASON 3 CANCELLED due to studio bankruptcy (auto-generated fake news),fake
"Demon Slayer ANIME gets Amazon Prime-only release, fans furious","Demon Slayer ANIME gets Amazon Prime-only release, fans furious (auto-generated fake news)",fake
BREAKING: Re:Zero returns in new reboot confirmed by Twitter account,BREAKING: Re:Zero returns in new reboot confirmed by Twitter account (auto-generated fake news),fake
BREAKING: Naruto returns in new reboot confirmed by anonymous leaker,BREAKING: Naruto returns in new reboot confirmed by anonymous leaker (auto-generated fake news),fake
Dragon Ball CONFIRMED crossover with Chainsaw Man,Dragon Ball CONFIRMED crossover with Chainsaw Man (auto-generated fake news),fake
My Hero Academia CONFIRMED crossover with Naruto,My Hero Academia CONFIRMED crossover with Naruto (auto-generated fake news),fake
Demon Slayer CONFIRMED crossover with Dragon Ball,Demon Slayer CONFIRMED crossover with Dragon Ball (auto-generated fake news),fake
Spy x Family SEASON 15 CANCELLED due to writer conflict,Spy x Family SEASON 15 CANCELLED due to writer conflict (auto-generated fake news),fake
BREAKING: Hunter x Hunter returns in new reboot confirmed by insider source,BREAKING: Hunter x Hunter returns in new reboot confirmed by insider source (auto-generated fake news),fake
Shocking leak: Dr. Stone to receive live-action remake at Amazon Prime,Shocking leak: Dr. Stone to receive live-action remake at Amazon Prime (auto-generated fake news),fake
Mob Psycho 100 SEASON 14 CANCELLED due to decline in ratings,Mob Psycho 100 SEASON 14 CANCELLED due to decline in ratings (auto-generated fake news),fake
Tokyo Ghoul CREATOR secretly working on OVA special,Tokyo Ghoul CREATOR secretly working on OVA special (auto-generated fake news),fake
Bleach rumored to be replaced by AI animation,Bleach rumored to be replaced by AI animation (auto-generated fake news),fake
BREAKING: Tokyo Ghoul returns in new reboot confirmed by Twitter account,BREAKING: Tokyo Ghoul returns in new reboot confirmed by Twitter account (auto-generated fake news),fake
One Piece rumored to be replaced by AI animation,One Piece rumored to be replaced by AI animation (auto-generated fake news),fake
Shocking leak: Mob Psycho 100 to receive live-action remake at Netflix,Shocking leak: Mob Psycho 100 to receive live-action remake at Netflix (auto-generated fake news),fake
Mob Psycho 100 CREATOR secretly working on stage play adaptation,Mob Psycho 100 CREATOR secretly working on stage play adaptation (auto-generated fake news),fake
BREAKING: Dr. Stone returns in new reboot confirmed by anonymous leaker,BREAKING: Dr. Stone returns in new reboot confirmed by anonymous leaker (auto-generated fake news),fake
Demon Slayer CONFIRMED crossover with Bleach,Demon Slayer CONFIRMED crossover with Bleach (auto-generated fake news),fake
Jujutsu Kaisen suspended in Japan due to extreme violence,Jujutsu Kaisen suspended in Japan due to extreme violence (auto-generated fake news),fake
Chainsaw Man SEASON 6 CANCELLED due to legal disputes,Chainsaw Man SEASON 6 CANCELLED due to legal disputes (auto-generated fake news),fake
Mob Psycho 100 rumored to be replaced by AI animation,Mob Psycho 100 rumored to be replaced by AI animation (auto-generated fake news),fake
Demon Slayer rumored to be replaced by AI animation,Demon Slayer rumored to be replaced by AI animation (auto-generated fake news),fake
My Hero Academia CONFIRMED crossover with One Piece,My Hero Academia CONFIRMED crossover with One Piece (auto-generated fake news),fake
Tokyo Ghoul ending CHANGED after controversy hits online,Tokyo Ghoul ending CHANGED after controversy hits online (auto-generated fake news),fake
Solo Leveling rumored to be replaced by AI animation,Solo Leveling rumored to be replaced by AI animation (auto-generated fake news),fake
Steins;Gate CREATOR secretly working on stage play adaptation,Steins;Gate CREATOR secretly working on stage play adaptation (auto-generated fake news),fake
Solo Leveling SEASON 11 CANCELLED due to decline in ratings,Solo Leveling SEASON 11 CANCELLED due to decline in ratings (auto-generated fake news),fake
"Re:Zero ANIME gets YouTube-only release, fans furious","Re:Zero ANIME gets YouTube-only release, fans furious (auto-generated fake news)",fake
Re:Zero SEASON 9 CANCELLED due to studio bankruptcy,Re:Zero SEASON 9 CANCELLED due to studio bankruptcy (auto-generated fake news),fake
BREAKING: Dragon Ball returns in new reboot confirmed by anonymous leaker,BREAKING: Dragon Ball returns in new reboot confirmed by anonymous leaker (auto-generated fake news),fake
Spy x Family SEASON 15 CANCELLED due to controversial themes,Spy x Family SEASON 15 CANCELLED due to controversial themes (auto-generated fake news),fake
BREAKING: Re:Zero returns in new reboot confirmed by Twitter account,BREAKING: Re:Zero returns in new reboot confirmed by Twitter account (auto-generated fake news),fake
BREAKING: Hunter x Hunter returns in new reboot confirmed by exclusive report,BREAKING: Hunter x Hunter returns in new reboot confirmed by exclusive report (auto-generated fake news),fake
Vinland Saga CONFIRMED crossover with Bleach,Vinland Saga CONFIRMED crossover with Bleach (auto-generated fake news),fake
Demon Slayer suspended in Japan due to extreme violence,Demon Slayer suspended in Japan due to extreme violence (auto-generated fake news),fake
Attack on Titan ending CHANGED after controversy hits online,Attack on Titan ending CHANGED after controversy hits online (auto-generated fake news),fake
Dragon Ball CREATOR secretly working on prequel series,Dragon Ball CREATOR secretly working on prequel series (auto-generated fake news),fake
Naruto suspended in Japan due to extreme violence,Naruto suspended in Japan due to extreme violence (auto-generated fake news),fake
"Naruto ANIME gets YouTube-only release, fans furious","Naruto ANIME gets YouTube-only release, fans furious (auto-generated fake news)",fake
Bleach SEASON 5 CANCELLED due to studio bankruptcy,Bleach SEASON 5 CANCELLED due to studio bankruptcy (auto-generated fake news),fake
Bleach suspended in Japan due to extreme violence,Bleach suspended in Japan due to extreme violence (auto-generated fake news),fake
Black Clover suspended in Japan due to extreme violence,Black Clover suspended in Japan due to extreme violence (auto-generated fake news),fake
Steins;Gate suspended in Japan due to extreme violence,Steins;Gate suspended in Japan due to extreme violence (auto-generated fake news),fake
Fullmetal Alchemist ending CHANGED after controversy hits online,Fullmetal Alchemist ending CHANGED after controversy hits online (auto-generated fake news),fake
Shocking leak: Tokyo Ghoul to receive live-action remake at Amazon Prime,Shocking leak: Tokyo Ghoul to receive live-action remake at Amazon Prime (auto-generated fake news),fake
Shocking leak: Chainsaw Man to receive live-action remake at Disney+,Shocking leak: Chainsaw Man to receive live-action remake at Disney+ (auto-generated fake news),fake
Dr. Stone ending CHANGED after controversy hits online,Dr. Stone ending CHANGED after controversy hits online (auto-generated fake news),fake
Attack on Titan SEASON 3 CANCELLED due to decline in ratings,Attack on Titan SEASON 3 CANCELLED due to decline in ratings (auto-generated fake news),fake
Dr. Stone ending CHANGED after controversy hits online,Dr. Stone ending CHANGED after controversy hits online (auto-generated fake news),fake
Mob Psycho 100 SEASON 4 CANCELLED due to low animation budget,Mob Psycho 100 SEASON 4 CANCELLED due to low animation budget (auto-generated fake news),fake
One Piece suspended in Japan due to extreme violence,One Piece suspended in Japan due to extreme violence (auto-generated fake news),fake
Tokyo Ghoul rumored to be replaced by AI animation,Tokyo Ghoul rumored to be replaced by AI animation (auto-generated fake news),fake
Re:Zero rumored to be replaced by AI animation,Re:Zero rumored to be replaced by AI animation (auto-generated fake news),fake
Mob Psycho 100 ending CHANGED after controversy hits online,Mob Psycho 100 ending CHANGED after controversy hits online (auto-generated fake news),fake
Shocking leak: Chainsaw Man to receive live-action remake at YouTube,Shocking leak: Chainsaw Man to receive live-action remake at YouTube (auto-generated fake news),fake
Spy x Family SEASON 10 CANCELLED due to writer conflict,Spy x Family SEASON 10 CANCELLED due to writer conflict (auto-generated fake news),fake
BREAKING: Solo Leveling returns in new reboot confirmed by exclusive report,BREAKING: Solo Leveling returns in new reboot confirmed by exclusive report (auto-generated fake news),fake
Attack on Titan rumored to be replaced by AI animation,Attack on Titan rumored to be replaced by AI animation (auto-generated fake news),fake
Bleach SEASON 14 CANCELLED due to legal disputes,Bleach SEASON 14 CANCELLED due to legal disputes (auto-generated fake news),fake
Shocking leak: Sailor Moon to receive live-action remake at Crunchyroll,Shocking leak: Sailor Moon to receive live-action remake at Crunchyroll (auto-generated fake news),fake
Vinland Saga rumored to be replaced by AI animation,Vinland Saga rumored to be replaced by AI animation (auto-generated fake news),fake
Solo Leveling rumored to be replaced by AI animation,Solo Leveling rumored to be replaced by AI animation (auto-generated fake news),fake
Solo Leveling ending CHANGED after controversy hits online,Solo Leveling ending CHANGED after controversy hits online (auto-generated fake news),fake
Shocking leak: Bleach to receive live-action remake at YouTube,Shocking leak: Bleach to receive live-action remake at YouTube (auto-generated fake news),fake
BREAKING: Chainsaw Man returns in new reboot confirmed by anonymous leaker,BREAKING: Chainsaw Man returns in new reboot confirmed by anonymous leaker (auto-generated fake news),fake
One Piece ending CHANGED after controversy hits online,One Piece ending CHANGED after controversy hits online (auto-generated fake news),fake
Dragon Ball ending CHANGED after controversy hits online,Dragon Ball ending CHANGED after controversy hits online (auto-generated fake news),fake
Shocking leak: Dr. Stone to receive live-action remake at YouTube,Shocking leak: Dr. Stone to receive live-action remake at YouTube (auto-generated fake news),fake
Chainsaw Man suspended in Japan due to extreme violence,Chainsaw Man suspended in Japan due to extreme violence (auto-generated fake news),fake
Sailor Moon suspended in Japan due to extreme violence,Sailor Moon suspended in Japan due to extreme violence (auto-generated fake news),fake
Hunter x Hunter rumored to be replaced by AI animation,Hunter x Hunter rumored to be replaced by AI animation (auto-generated fake news),fake
Demon Slayer CREATOR secretly working on stage play adaptation,Demon Slayer CREATOR secretly working on stage play adaptation (auto-generated fake news),fake
BREAKING: Naruto returns in new reboot confirmed by anonymous leaker,BREAKING: Naruto returns in new reboot confirmed by anonymous leaker (auto-generated fake news),fake
BREAKING: Re:Zero returns in new reboot confirmed by anonymous leaker,BREAKING: Re:Zero returns in new reboot confirmed by anonymous leaker (auto-generated fake news),fake
Shocking leak: Fullmetal Alchemist to receive live-action remake at YouTube,Shocking leak: Fullmetal Alchemist to receive live-action remake at YouTube (auto-generated fake news),fake
Tokyo Ghoul rumored to be replaced by AI animation,Tokyo Ghoul rumored to be replaced by AI animation (auto-generated fake news),fake
Chainsaw Man rumored to be replaced by AI animation,Chainsaw Man rumored to be replaced by AI animation (auto-generated fake news),fake
One Piece CONFIRMED crossover with One Piece,One Piece CONFIRMED crossover with One Piece (auto-generated fake news),fake
Naruto rumored to be replaced by AI animation,Naruto rumored to be replaced by AI animation (auto-generated fake news),fake
Steins;Gate rumored to be replaced by AI animation,Steins;Gate rumored to be replaced by AI animation (auto-generated fake news),fake
Attack on Titan rumored to be replaced by AI animation,Attack on Titan rumored to be replaced by AI animation (auto-generated fake news),fake
My Hero Academia CONFIRMED crossover with One Piece,My Hero Academia CONFIRMED crossover with One Piece (auto-generated fake news),fake
Black Clover CONFIRMED crossover with Bleach,Black Clover CONFIRMED crossover with Bleach (auto-generated fake news),fake
One Piece CONFIRMED crossover with Naruto,One Piece CONFIRMED crossover with Naruto (auto-generated fake news),fake
Bleach SEASON 9 CANCELLED due to legal disputes,Bleach SEASON 9 CANCELLED due to legal disputes (auto-generated fake news),fake
Re:Zero CONFIRMED crossover with Bleach,Re:Zero CONFIRMED crossover with Bleach (auto-generated fake news),fake
Chainsaw Man CONFIRMED crossover with One Piece,Chainsaw Man CONFIRMED crossover with One Piece (auto-generated fake news),fake
Tokyo Ghoul CONFIRMED crossover with One Piece,Tokyo Ghoul CONFIRMED crossover with One Piece (auto-generated fake news),fake
Sailor Moon ending CHANGED after controversy hits online,Sailor Moon ending CHANGED after controversy hits online (auto-generated fake news),fake
Fullmetal Alchemist rumored to be replaced by AI animation,Fullmetal Alchemist rumored to be replaced by AI animation (auto-generated fake news),fake
BREAKING: Mob Psycho 100 returns in new reboot confirmed by Twitter account,BREAKING: Mob Psycho 100 returns in new reboot confirmed by Twitter account (auto-generated fake news),fake
Dragon Ball SEASON 10 CANCELLED due to controversial themes,Dragon Ball SEASON 10 CANCELLED due to controversial themes (auto-generated fake news),fake
Sailor Moon ending CHANGED after controversy hits online,Sailor Moon ending CHANGED after controversy hits online (auto-generated fake news),fake
Shocking leak: Re:Zero to receive live-action remake at Disney+,Shocking leak: Re:Zero to receive live-action remake at Disney+ (auto-generated fake news),fake
BREAKING: Hunter x Hunter returns in new reboot confirmed by Twitter account,BREAKING: Hunter x Hunter returns in new reboot confirmed by Twitter account (auto-generated fake news),fake
Fullmetal Alchemist rumored to be replaced by AI animation,Fullmetal Alchemist rumored to be replaced by AI animation (auto-generated fake news),fake
Sailor Moon suspended in Japan due to extreme violence,Sailor Moon suspended in Japan due to extreme violence (auto-generated fake news),fake
Mob Psycho 100 ending CHANGED after controversy hits online,Mob Psycho 100 ending CHANGED after controversy hits online (auto-generated fake news),fake
Fullmetal Alchemist CREATOR secretly working on OVA special,Fullmetal Alchemist CREATOR secretly working on OVA special (auto-generated fake news),fake
Solo Leveling CONFIRMED crossover with One Piece,Solo Leveling CONFIRMED crossover with One Piece (auto-generated fake news),fake
BREAKING: Hunter x Hunter returns in new reboot confirmed by Twitter account,BREAKING: Hunter x Hunter returns in new reboot confirmed by Twitter account (auto-generated fake news),fake
Attack on Titan CONFIRMED crossover with Naruto,Attack on Titan CONFIRMED crossover with Naruto (auto-generated fake news),fake
Hunter x Hunter rumored to be replaced by AI animation,Hunter x Hunter rumored to be replaced by AI animation (auto-generated fake news),fake
Fullmetal Alchemist CREATOR secretly working on stage play adaptation,Fullmetal Alchemist CREATOR secretly working on stage play adaptation (auto-generated fake news),fake
Shocking leak: Sailor Moon to receive live-action remake at Disney+,Shocking leak: Sailor Moon to receive live-action remake at Disney+ (auto-generated fake news),fake
Solo Leveling CONFIRMED crossover with Naruto,Solo Leveling CONFIRMED crossover with Naruto (auto-generated fake news),fake
Naruto ending CHANGED after controversy hits online,Naruto ending CHANGED after controversy hits online (auto-generated fake news),fake
Vinland Saga rumored to be replaced by AI animation,Vinland Saga rumored to be replaced by AI animation (auto-generated fake news),fake
Demon Slayer CONFIRMED crossover with Bleach,Demon Slayer CONFIRMED crossover with Bleach (auto-generated fake news),fake
Bleach ending CHANGED after controversy hits online,Bleach ending CHANGED after controversy hits online (auto-generated fake news),fake
Fullmetal Alchemist CREATOR secretly working on movie franchise,Fullmetal Alchemist CREATOR secretly working on movie franchise (auto-generated fake news),fake
Mob Psycho 100 rumored to be replaced by AI animation,Mob Psycho 100 rumored to be replaced by AI animation (auto-generated fake news),fake
BREAKING: Naruto returns in new reboot confirmed by Twitter account,BREAKING: Naruto returns in new reboot confirmed by Twitter account (auto-generated fake news),fake
Re:Zero suspended in Japan due to extreme violence,Re:Zero suspended in Japan due to extreme violence (auto-generated fake news),fake
Shocking leak: Bleach to receive live-action remake at YouTube,Shocking leak: Bleach to receive live-action remake at YouTube (auto-generated fake news),fake
Sailor Moon CREATOR secretly working on OVA special,Sailor Moon CREATOR secretly working on OVA special (auto-generated fake news),fake
"Attack on Titan ANIME gets Amazon Prime-only release, fans furious","Attack on Titan ANIME gets Amazon Prime-only release, fans furious (auto-generated fake news)",fake
Jujutsu Kaisen CREATOR secretly working on stage play adaptation,Jujutsu Kaisen CREATOR secretly working on stage play adaptation (auto-generated fake news),fake
"My Hero Academia ANIME gets YouTube-only release, fans furious","My Hero Academia ANIME gets YouTube-only release, fans furious (auto-generated fake news)",fake
Shocking leak: Steins;Gate to receive live-action remake at Crunchyroll,Shocking leak: Steins;Gate to receive live-action remake at Crunchyroll (auto-generated fake news),fake
Dr. Stone ending CHANGED after controversy hits online,Dr. Stone ending CHANGED after controversy hits online (auto-generated fake news),fake
Fullmetal Alchemist ending CHANGED after controversy hits online,Fullmetal Alchemist ending CHANGED after controversy hits online (auto-generated fake news),fake
Demon Slayer SEASON 6 CANCELLED due to decline in ratings,Demon Slayer SEASON 6 CANCELLED due to decline in ratings (auto-generated fake news),fake
Black Clover CONFIRMED crossover with Naruto,Black Clover CONFIRMED crossover with Naruto (auto-generated fake news),fake
Steins;Gate CONFIRMED crossover with Bleach,Steins;Gate CONFIRMED crossover with Bleach (auto-generated fake news),fake
Jujutsu Kaisen CONFIRMED crossover with Bleach,Jujutsu Kaisen CONFIRMED crossover with Bleach (auto-generated fake news),fake
Hunter x Hunter SEASON 3 CANCELLED due to legal disputes,Hunter x Hunter SEASON 3 CANCELLED due to legal disputes (auto-generated fake news),fake
Black Clover CONFIRMED crossover with Bleach,Black Clover CONFIRMED crossover with Bleach (auto-generated fake news),fake
Steins;Gate rumored to be replaced by AI animation,Steins;Gate rumored to be replaced by AI animation (auto-generated fake news),fake
Shocking leak: Spy x Family to receive live-action remake at Crunchyroll,Shocking leak: Spy x Family to receive live-action remake at Crunchyroll (auto-generated fake news),fake
Hunter x Hunter rumored to be replaced by AI animation,Hunter x Hunter rumored to be replaced by AI animation (auto-generated fake news),fake
Steins;Gate CREATOR secretly working on OVA special,Steins;Gate CREATOR secretly working on OVA special (auto-generated fake news),fake
Spy x Family SEASON 6 CANCELLED due to decline in ratings,Spy x Family SEASON 6 CANCELLED due to decline in ratings (auto-generated fake news),fake
Tokyo Ghoul ending CHANGED after controversy hits online,Tokyo Ghoul ending CHANGED after controversy hits online (auto-generated fake news),fake
Vinland Saga rumored to be replaced by AI animation,Vinland Saga rumored to be replaced by AI animation (auto-generated fake news),fake
Shocking leak: Tokyo Ghoul to receive live-action remake at Disney+,Shocking leak: Tokyo Ghoul to receive live-action remake at Disney+ (auto-generated fake news),fake
Steins;Gate ending CHANGED after controversy hits online,Steins;Gate ending CHANGED after controversy hits online (auto-generated fake news),fake
Shocking leak: Mob Psycho 100 to receive live-action remake at Netflix,Shocking leak: Mob Psycho 100 to receive live-action remake at Netflix (auto-generated fake news),fake
"Vinland Saga ANIME gets Netflix-only release, fans furious","Vinland Saga ANIME gets Netflix-only release, fans furious (auto-generated fake news)",fake
Sailor Moon rumored to be replaced by AI animation,Sailor Moon rumored to be replaced by AI animation (auto-generated fake news),fake
Jujutsu Kaisen ending CHANGED after controversy hits online,Jujutsu Kaisen ending CHANGED after controversy hits online (auto-generated fake news),fake
Naruto SEASON 6 CANCELLED due to writer conflict,Naruto SEASON 6 CANCELLED due to writer conflict (auto-generated fake news),fake
Shocking leak: Chainsaw Man to receive live-action remake at YouTube,Shocking leak: Chainsaw Man to receive live-action remake at YouTube (auto-generated fake news),fake
BREAKING: Demon Slayer returns in new reboot confirmed by anonymous leaker,BREAKING: Demon Slayer returns in new reboot confirmed by anonymous leaker (auto-generated fake news),fake
Dragon Ball ending CHANGED after controversy hits online,Dragon Ball ending CHANGED after controversy hits online (auto-generated fake news),fake
My Hero Academia rumored to be replaced by AI animation,My Hero Academia rumored to be replaced by AI animation (auto-generated fake news),fake
"Naruto ANIME gets YouTube-only release, fans furious","Naruto ANIME gets YouTube-only release, fans furious (auto-generated fake news)",fake
"Spy x Family ANIME gets Netflix-only release, fans furious","Spy x Family ANIME gets Netflix-only release, fans furious (auto-generated fake news)",fake
Fullmetal Alchemist suspended in Japan due to extreme violence,Fullmetal Alchemist suspended in Japan due to extreme violence (auto-generated fake news),fake
Shocking leak: Chainsaw Man to receive live-action remake at YouTube,Shocking leak: Chainsaw Man to receive live-action remake at YouTube (auto-generated fake news),fake
Chainsaw Man suspended in Japan due to extreme violence,Chainsaw Man suspended in Japan due to extreme violence (auto-generated fake news),fake
"Jujutsu Kaisen ANIME gets Disney+-only release, fans furious","Jujutsu Kaisen ANIME gets Disney+-only release, fans furious (auto-generated fake news)",fake
"Attack on Titan ANIME gets Disney+-only release, fans furious","Attack on Titan ANIME gets Disney+-only release, fans furious (auto-generated fake news)",fake
Naruto ending CHANGED after controversy hits online,Naruto ending CHANGED after controversy hits online (auto-generated fake news),fake
Shocking leak: Steins;Gate to receive live-action remake at YouTube,Shocking leak: Steins;Gate to receive live-action remake at YouTube (auto-generated fake news),fake
Spy x Family CREATOR secretly working on stage play adaptation,Spy x Family CREATOR secretly working on stage play adaptation (auto-generated fake news),fake
Mob Psycho 100 CONFIRMED crossover with Naruto,Mob Psycho 100 CONFIRMED crossover with Naruto (auto-generated fake news),fake
Mob Psycho 100 suspended in Japan due to extreme violence,Mob Psycho 100 suspended in Japan due to extreme violence (auto-generated fake news),fake
Chainsaw Man CREATOR secretly working on prequel series,Chainsaw Man CREATOR secretly working on prequel series (auto-generated fake news),fake
Naruto CREATOR secretly working on stage play adaptation,Naruto CREATOR secretly working on stage play adaptation (auto-generated fake news),fake
Demon Slayer ending CHANGED after controversy hits online,Demon Slayer ending CHANGED after controversy hits online (auto-generated fake news),fake
"Hunter x Hunter ANIME gets Amazon Prime-only release, fans furious","Hunter x Hunter ANIME gets Amazon Prime-only release, fans furious (auto-generated fake news)",fake
"Mob Psycho 100 ANIME gets Netflix-only release, fans furious","Mob Psycho 100 ANIME gets Netflix-only release, fans furious (auto-generated fake news)",fake
Dragon Ball CREATOR secretly working on movie franchise,Dragon Ball CREATOR secretly working on movie franchise (auto-generated fake news),fake
Steins;Gate CREATOR secretly working on movie franchise,Steins;Gate CREATOR secretly working on movie franchise (auto-generated fake news),fake
Mob Psycho 100 SEASON 11 CANCELLED due to legal disputes,Mob Psycho 100 SEASON 11 CANCELLED due to legal disputes (auto-generated fake news),fake
Re:Zero CONFIRMED crossover with One Piece,Re:Zero CONFIRMED crossover with One Piece (auto-generated fake news),fake
Shocking leak: One Piece to receive live-action remake at Amazon Prime,Shocking leak: One Piece to receive live-action remake at Amazon Prime (auto-generated fake news),fake
Dragon Ball CREATOR secretly working on OVA special,Dragon Ball CREATOR secretly working on OVA special (auto-generated fake news),fake
"Spy x Family ANIME gets Amazon Prime-only release, fans furious","Spy x Family ANIME gets Amazon Prime-only release, fans furious (auto-generated fake news)",fake
"Chainsaw Man ANIME gets Crunchyroll-only release, fans furious","Chainsaw Man ANIME gets Crunchyroll-only release, fans furious (auto-generated fake news)",fake
"Jujutsu Kaisen ANIME gets Disney+-only release, fans furious","Jujutsu Kaisen ANIME gets Disney+-only release, fans furious (auto-generated fake news)",fake
Dr. Stone CREATOR secretly working on movie franchise,Dr. Stone CREATOR secretly working on movie franchise (auto-generated fake news),fake
Demon Slayer CREATOR secretly working on prequel series,Demon Slayer CREATOR secretly working on prequel series (auto-generated fake news),fake
Steins;Gate SEASON 9 CANCELLED due to decline in ratings,Steins;Gate SEASON 9 CANCELLED due to decline in ratings (auto-generated fake news),fake
Chainsaw Man ending CHANGED after controversy hits online,Chainsaw Man ending CHANGED after controversy hits online (auto-generated fake news),fake
Steins;Gate CONFIRMED crossover with Naruto,Steins;Gate CONFIRMED crossover with Naruto (auto-generated fake news),fake
Chainsaw Man rumored to be replaced by AI animation,Chainsaw Man rumored to be replaced by AI animation (auto-generated fake news),fake
Solo Leveling suspended in Japan due to extreme violence,Solo Leveling suspended in Japan due to extreme violence (auto-generated fake news),fake
Fullmetal Alchemist suspended in Japan due to extreme violence,Fullmetal Alchemist suspended in Japan due to extreme violence (auto-generated fake news),fake
Dragon Ball suspended in Japan due to extreme violence,Dragon Ball suspended in Japan due to extreme violence (auto-generated fake news),fake
Dr. Stone suspended in Japan due to extreme violence,Dr. Stone suspended in Japan due to extreme violence (auto-generated fake news),fake
Black Clover suspended in Japan due to extreme violence,Black Clover suspended in Japan due to extreme violence (auto-generated fake news),fake
Dragon Ball SEASON 6 CANCELLED due to piracy issues,Dragon Ball SEASON 6 CANCELLED due to piracy issues (auto-generated fake news),fake
BREAKING: Fullmetal Alchemist returns in new reboot confirmed by anonymous leaker,BREAKING: Fullmetal Alchemist returns in new reboot confirmed by anonymous leaker (auto-generated fake news),fake
BREAKING: Hunter x Hunter returns in new reboot confirmed by anonymous leaker,BREAKING: Hunter x Hunter returns in new reboot confirmed by anonymous leaker (auto-generated fake news),fake
Chainsaw Man rumored to be replaced by AI animation,Chainsaw Man rumored to be replaced by AI animation (auto-generated fake news),fake
BREAKING: Mob Psycho 100 returns in new reboot confirmed by insider source,BREAKING: Mob Psycho 100 returns in new reboot confirmed by insider source (auto-generated fake news),fake
"Dr. Stone ANIME gets Disney+-only release, fans furious","Dr. Stone ANIME gets Disney+-only release, fans furious (auto-generated fake news)",fake
Vinland Saga rumored to be replaced by AI animation,Vinland Saga rumored to be replaced by AI animation (auto-generated fake news),fake
Naruto SEASON 8 CANCELLED due to studio bankruptcy,Naruto SEASON 8 CANCELLED due to studio bankruptcy (auto-generated fake news),fake
Demon Slayer CONFIRMED crossover with Chainsaw Man,Demon Slayer CONFIRMED crossover with Chainsaw Man (auto-generated fake news),fake
BREAKING: Bleach returns in new reboot confirmed by Twitter account,BREAKING: Bleach returns in new reboot confirmed by Twitter account (auto-generated fake news),fake
Fullmetal Alchemist suspended in Japan due to extreme violence,Fullmetal Alchemist suspended in Japan due to extreme violence (auto-generated fake news),fake
"Black Clover ANIME gets Disney+-only release, fans furious","Black Clover ANIME gets Disney+-only release, fans furious (auto-generated fake news)",fake
"Chainsaw Man ANIME gets Crunchyroll-only release, fans furious","Chainsaw Man ANIME gets Crunchyroll-only release, fans furious (auto-generated fake news)",fake
Hunter x Hunter CONFIRMED crossover with Dragon Ball,Hunter x Hunter CONFIRMED crossover with Dragon Ball (auto-generated fake news),fake
BREAKING: Fullmetal Alchemist returns in new reboot confirmed by exclusive report,BREAKING: Fullmetal Alchemist returns in new reboot confirmed by exclusive report (auto-generated fake news),fake
"Steins;Gate ANIME gets Netflix-only release, fans furious","Steins;Gate ANIME gets Netflix-only release, fans furious (auto-generated fake news)",fake
Solo Leveling CONFIRMED crossover with Chainsaw Man,Solo Leveling CONFIRMED crossover with Chainsaw Man (auto-generated fake news),fake
BREAKING: Black Clover returns in new reboot confirmed by exclusive report,BREAKING: Black Clover returns in new reboot confirmed by exclusive report (auto-generated fake news),fake
Tokyo Ghoul CONFIRMED crossover with Dragon Ball,Tokyo Ghoul CONFIRMED crossover with Dragon Ball (auto-generated fake news),fake
Re:Zero suspended in Japan due to extreme violence,Re:Zero suspended in Japan due to extreme violence (auto-generated fake news),fake
Black Clover CONFIRMED crossover with One Piece,Black Clover CONFIRMED crossover with One Piece (auto-generated fake news),fake
Attack on Titan SEASON 10 CANCELLED due to decline in ratings,Attack on Titan SEASON 10 CANCELLED due to decline in ratings (auto-generated fake news),fake
Fullmetal Alchemist CONFIRMED crossover with Bleach,Fullmetal Alchemist CONFIRMED crossover with Bleach (auto-generated fake news),fake
Shocking leak: Spy x Family to receive live-action remake at Amazon Prime,Shocking leak: Spy x Family to receive live-action remake at Amazon Prime (auto-generated fake news),fake
Attack on Titan SEASON 9 CANCELLED due to studio bankruptcy,Attack on Titan SEASON 9 CANCELLED due to studio bankruptcy (auto-generated fake news),fake
Chainsaw Man suspended in Japan due to extreme violence,Chainsaw Man suspended in Japan due to extreme violence (auto-generated fake news),fake
Spy x Family ending CHANGED after controversy hits online,Spy x Family ending CHANGED after controversy hits online (auto-generated fake news),fake
BREAKING: One Piece returns in new reboot confirmed by anonymous leaker,BREAKING: One Piece returns in new reboot confirmed by anonymous leaker (auto-generated fake news),fake
My Hero Academia CONFIRMED crossover with Naruto,My Hero Academia CONFIRMED crossover with Naruto (auto-generated fake news),fake
Bleach CONFIRMED crossover with One Piece,Bleach CONFIRMED crossover with One Piece (auto-generated fake news),fake
Steins;Gate SEASON 3 CANCELLED due to piracy issues,Steins;Gate SEASON 3 CANCELLED due to piracy issues (auto-generated fake news),fake
Tokyo Ghoul ending CHANGED after controversy hits online,Tokyo Ghoul ending CHANGED after controversy hits online (auto-generated fake news),fake
Vinland Saga ending CHANGED after controversy hits online,Vinland Saga ending CHANGED after controversy hits online (auto-generated fake news),fake
Naruto rumored to be replaced by AI animation,Naruto rumored to be replaced by AI animation (auto-generated fake news),fake
"Steins;Gate ANIME gets YouTube-only release, fans furious","Steins;Gate ANIME gets YouTube-only release, fans furious (auto-generated fake news)",fake
Shocking leak: Spy x Family to receive live-action remake at Crunchyroll,Shocking leak: Spy x Family to receive live-action remake at Crunchyroll (auto-generated fake news),fake
Demon Slayer rumored to be replaced by AI animation,Demon Slayer rumored to be replaced by AI animation (auto-generated fake news),fake
Fullmetal Alchemist rumored to be replaced by AI animation,Fullmetal Alchemist rumored to be replaced by AI animation (auto-generated fake news),fake
Re:Zero ending CHANGED after controversy hits online,Re:Zero ending CHANGED after controversy hits online (auto-generated fake news),fake
Hunter x Hunter rumored to be replaced by AI animation,Hunter x Hunter rumored to be replaced by AI animation (auto-generated fake news),fake
Naruto suspended in Japan due to extreme violence,Naruto suspended in Japan due to extreme violence (auto-generated fake news),fake
"Attack on Titan ANIME gets Amazon Prime-only release, fans furious","Attack on Titan ANIME gets Amazon Prime-only release, fans furious (auto-generated fake news)",fake
Dragon Ball CONFIRMED crossover with Naruto,Dragon Ball CONFIRMED crossover with Naruto (auto-generated fake news),fake
Naruto ending CHANGED after controversy hits online,Naruto ending CHANGED after controversy hits online (auto-generated fake news),fake
BREAKING: Fullmetal Alchemist returns in new reboot confirmed by Twitter account,BREAKING: Fullmetal Alchemist returns in new reboot confirmed by Twitter account (auto-generated fake news),fake
Sailor Moon SEASON 2 CANCELLED due to controversial themes,Sailor Moon SEASON 2 CANCELLED due to controversial themes (auto-generated fake news),fake
Attack on Titan suspended in Japan due to extreme violence,Attack on Titan suspended in Japan due to extreme violence (auto-generated fake news),fake
"Black Clover ANIME gets Disney+-only release, fans furious","Black Clover ANIME gets Disney+-only release, fans furious (auto-generated fake news)",fake
Naruto ending CHANGED after controversy hits online,Naruto ending CHANGED after controversy hits online (auto-generated fake news),fake
My Hero Academia ending CHANGED after controversy hits online,My Hero Academia ending CHANGED after controversy hits online (auto-generated fake news),fake
Shocking leak: My Hero Academia to receive live-action remake at YouTube,Shocking leak: My Hero Academia to receive live-action remake at YouTube (auto-generated fake news),fake
"Solo Leveling ANIME gets Amazon Prime-only release, fans furious","Solo Leveling ANIME gets Amazon Prime-only release, fans furious (auto-generated fake news)",fake
BREAKING: Jujutsu Kaisen returns in new reboot confirmed by Twitter account,BREAKING: Jujutsu Kaisen returns in new reboot confirmed by Twitter account (auto-generated fake news),fake
Bleach CONFIRMED crossover with Bleach,Bleach CONFIRMED crossover with Bleach (auto-generated fake news),fake
Re:Zero suspended in Japan due to extreme violence,Re:Zero suspended in Japan due to extreme violence (auto-generated fake news),fake
Shocking leak: Spy x Family to receive live-action remake at Amazon Prime,Shocking leak: Spy x Family to receive live-action remake at Amazon Prime (auto-generated fake news),fake
Shocking leak: One Piece to receive live-action remake at YouTube,Shocking leak: One Piece to receive live-action remake at YouTube (auto-generated fake news),fake
Re:Zero ending CHANGED after controversy hits online,Re:Zero ending CHANGED after controversy hits online (auto-generated fake news),fake
Spy x Family suspended in Japan due to extreme violence,Spy x Family suspended in Japan due to extreme violence (auto-generated fake news),fake
Chainsaw Man rumored to be replaced by AI animation,Chainsaw Man rumored to be replaced by AI animation (auto-generated fake news),fake
Hunter x Hunter ending CHANGED after controversy hits online,Hunter x Hunter ending CHANGED after controversy hits online (auto-generated fake news),fake
BREAKING: Solo Leveling returns in new reboot confirmed by exclusive report,BREAKING: Solo Leveling returns in new reboot confirmed by exclusive report (auto-generated fake news),fake
BREAKING: Naruto returns in new reboot confirmed by Twitter account,BREAKING: Naruto returns in new reboot confirmed by Twitter account (auto-generated fake news),fake
Black Clover rumored to be replaced by AI animation,Black Clover rumored to be replaced by AI animation (auto-generated fake news),fake
Shocking leak: Demon Slayer to receive live-action remake at Amazon Prime,Shocking leak: Demon Slayer to receive live-action remake at Amazon Prime (auto-generated fake news),fake
Attack on Titan ending CHANGED after controversy hits online,Attack on Titan ending CHANGED after controversy hits online (auto-generated fake news),fake
BREAKING: Dragon Ball returns in new reboot confirmed by insider source,BREAKING: Dragon Ball returns in new reboot confirmed by insider source (auto-generated fake news),fake
Shocking leak: My Hero Academia to receive live-action remake at Disney+,Shocking leak: My Hero Academia to receive live-action remake at Disney+ (auto-generated fake news),fake
Shocking leak: Naruto to receive live-action remake at Netflix,Shocking leak: Naruto to receive live-action remake at Netflix (auto-generated fake news),fake
Attack on Titan CREATOR secretly working on stage play adaptation,Attack on Titan CREATOR secretly working on stage play adaptation (auto-generated fake news),fake
BREAKING: Demon Slayer returns in new reboot confirmed by insider source,BREAKING: Demon Slayer returns in new reboot confirmed by insider source (auto-generated fake news),fake
"My Hero Academia ANIME gets Netflix-only release, fans furious","My Hero Academia ANIME gets Netflix-only release, fans furious (auto-generated fake news)",fake
Black Clover CONFIRMED crossover with One Piece,Black Clover CONFIRMED crossover with One Piece (auto-generated fake news),fake
"Mob Psycho 100 ANIME gets YouTube-only release, fans furious","Mob Psycho 100 ANIME gets YouTube-only release, fans furious (auto-generated fake news)",fake
Black Clover CONFIRMED crossover with Bleach,Black Clover CONFIRMED crossover with Bleach (auto-generated fake news),fake
Mob Psycho 100 rumored to be replaced by AI animation,Mob Psycho 100 rumored to be replaced by AI animation (auto-generated fake news),fake
Mob Psycho 100 rumored to be replaced by AI animation,Mob Psycho 100 rumored to be replaced by AI animation (auto-generated fake news),fake
Sailor Moon ending CHANGED after controversy hits online,Sailor Moon ending CHANGED after controversy hits online (auto-generated fake news),fake
Vinland Saga ending CHANGED after controversy hits online,Vinland Saga ending CHANGED after controversy hits online (auto-generated fake news),fake
"Re:Zero ANIME gets Disney+-only release, fans furious","Re:Zero ANIME gets Disney+-only release, fans furious (auto-generated fake news)",fake
Black Clover CONFIRMED crossover with Bleach,Black Clover CONFIRMED crossover with Bleach (auto-generated fake news),fake
Dr. Stone CONFIRMED crossover with Bleach,Dr. Stone CONFIRMED crossover with Bleach (auto-generated fake news),fake
BREAKING: My Hero Academia returns in new reboot confirmed by anonymous leaker,BREAKING: My Hero Academia returns in new reboot confirmed by anonymous leaker (auto-generated fake news),fake
Jujutsu Kaisen suspended in Japan due to extreme violence,Jujutsu Kaisen suspended in Japan due to extreme violence (auto-generated fake news),fake
Solo Leveling SEASON 4 CANCELLED due to studio bankruptcy,Solo Leveling SEASON 4 CANCELLED due to studio bankruptcy (auto-generated fake news),fake
"Demon Slayer ANIME gets Netflix-only release, fans furious","Demon Slayer ANIME gets Netflix-only release, fans furious (auto-generated fake news)",fake
Solo Leveling suspended in Japan due to extreme violence,Solo Leveling suspended in Japan due to extreme violence (auto-generated fake news),fake
Fullmetal Alchemist suspended in Japan due to extreme violence,Fullmetal Alchemist suspended in Japan due to extreme violence (auto-generated fake news),fake
Steins;Gate suspended in Japan due to extreme violence,Steins;Gate suspended in Japan due to extreme violence (auto-generated fake news),fake
Fullmetal Alchemist ending CHANGED after controversy hits online,Fullmetal Alchemist ending CHANGED after controversy hits online (auto-generated fake news),fake
Shocking leak: Tokyo Ghoul to receive live-action remake at Disney+,Shocking leak: Tokyo Ghoul to receive live-action remake at Disney+ (auto-generated fake news),fake
Mob Psycho 100 suspended in Japan due to extreme violence,Mob Psycho 100 suspended in Japan due to extreme violence (auto-generated fake news),fake
Dragon Ball SEASON 12 CANCELLED due to decline in ratings,Dragon Ball SEASON 12 CANCELLED due to decline in ratings (auto-generated fake news),fake
Shocking leak: Sailor Moon to receive live-action remake at Netflix,Shocking leak: Sailor Moon to receive live-action remake at Netflix (auto-generated fake news),fake
Chainsaw Man SEASON 3 CANCELLED due to low animation budget,Chainsaw Man SEASON 3 CANCELLED due to low animation budget (auto-generated fake news),fake
"Tokyo Ghoul ANIME gets Disney+-only release, fans furious","Tokyo Ghoul ANIME gets Disney+-only release, fans furious (auto-generated fake news)",fake
Shocking leak: Dragon Ball to receive live-action remake at Netflix,Shocking leak: Dragon Ball to receive live-action remake at Netflix (auto-generated fake news),fake
Demon Slayer CREATOR secretly working on OVA special,Demon Slayer CREATOR secretly working on OVA special (auto-generated fake news),fake
My Hero Academia CONFIRMED crossover with Dragon Ball,My Hero Academia CONFIRMED crossover with Dragon Ball (auto-generated fake news),fake
Jujutsu Kaisen CONFIRMED crossover with Bleach,Jujutsu Kaisen CONFIRMED crossover with Bleach (auto-generated fake news),fake
Tokyo Ghoul CONFIRMED crossover with Chainsaw Man,Tokyo Ghoul CONFIRMED crossover with Chainsaw Man (auto-generated fake news),fake
Spy x Family suspended in Japan due to extreme violence,Spy x Family suspended in Japan due to extreme violence (auto-generated fake news),fake
BREAKING: Spy x Family returns in new reboot confirmed by exclusive report,BREAKING: Spy x Family returns in new reboot confirmed by exclusive report (auto-generated fake news),fake
"Steins;Gate ANIME gets Disney+-only release, fans furious","Steins;Gate ANIME gets Disney+-only release, fans furious (auto-generated fake news)",fake
Fullmetal Alchemist CREATOR secretly working on OVA special,Fullmetal Alchemist CREATOR secretly working on OVA special (auto-generated fake news),fake
Steins;Gate rumored to be replaced by AI animation,Steins;Gate rumored to be replaced by AI animation (auto-generated fake news),fake
My Hero Academia CONFIRMED crossover with Bleach,My Hero Academia CONFIRMED crossover with Bleach (auto-generated fake news),fake
"Spy x Family ANIME gets YouTube-only release, fans furious","Spy x Family ANIME gets YouTube-only release, fans furious (auto-generated fake news)",fake
"Demon Slayer ANIME gets Disney+-only release, fans furious","Demon Slayer ANIME gets Disney+-only release, fans furious (auto-generated fake news)",fake
Re:Zero SEASON 14 CANCELLED due to piracy issues,Re:Zero SEASON 14 CANCELLED due to piracy issues (auto-generated fake news),fake
Hunter x Hunter suspended in Japan due to extreme violence,Hunter x Hunter suspended in Japan due to extreme violence (auto-generated fake news),fake
Tokyo Ghoul CONFIRMED crossover with One Piece,Tokyo Ghoul CONFIRMED crossover with One Piece (auto-generated fake news),fake
Demon Slayer rumored to be replaced by AI animation,Demon Slayer rumored to be replaced by AI animation (auto-generated fake news),fake
Shocking leak: Hunter x Hunter to receive live-action remake at YouTube,Shocking leak: Hunter x Hunter to receive live-action remake at YouTube (auto-generated fake news),fake
Fullmetal Alchemist ending CHANGED after controversy hits online,Fullmetal Alchemist ending CHANGED after controversy hits online (auto-generated fake news),fake
My Hero Academia suspended in Japan due to extreme violence,My Hero Academia suspended in Japan due to extreme violence (auto-generated fake news),fake
Re:Zero CONFIRMED crossover with One Piece,Re:Zero CONFIRMED crossover with One Piece (auto-generated fake news),fake
Solo Leveling suspended in Japan due to extreme violence,Solo Leveling suspended in Japan due to extreme violence (auto-generated fake news),fake
Naruto ending CHANGED after controversy hits online,Naruto ending CHANGED after controversy hits online (auto-generated fake news),fake
"Re:Zero ANIME gets Disney+-only release, fans furious","Re:Zero ANIME gets Disney+-only release, fans furious (auto-generated fake news)",fake
Shocking leak: Attack on Titan to receive live-action remake at YouTube,Shocking leak: Attack on Titan to receive live-action remake at YouTube (auto-generated fake news),fake
Hunter x Hunter CONFIRMED crossover with Chainsaw Man,Hunter x Hunter CONFIRMED crossover with Chainsaw Man (auto-generated fake news),fake
"Tokyo Ghoul ANIME gets Disney+-only release, fans furious","Tokyo Ghoul ANIME gets Disney+-only release, fans furious (auto-generated fake news)",fake
Solo Leveling suspended in Japan due to extreme violence,Solo Leveling suspended in Japan due to extreme violence (auto-generated fake news),fake
One Piece SEASON 7 CANCELLED due to piracy issues,One Piece SEASON 7 CANCELLED due to piracy issues (auto-generated fake news),fake
Fullmetal Alchemist ending CHANGED after controversy hits online,Fullmetal Alchemist ending CHANGED after controversy hits online (auto-generated fake news),fake
Steins;Gate CONFIRMED crossover with One Piece,Steins;Gate CONFIRMED crossover with One Piece (auto-generated fake news),fake
"Dr. Stone ANIME gets Crunchyroll-only release, fans furious","Dr. Stone ANIME gets Crunchyroll-only release, fans furious (auto-generated fake news)",fake
One Piece CONFIRMED crossover with One Piece,One Piece CONFIRMED crossover with One Piece (auto-generated fake news),fake
One Piece ending CHANGED after controversy hits online,One Piece ending CHANGED after controversy hits online (auto-generated fake news),fake
Naruto rumored to be replaced by AI animation,Naruto rumored to be replaced by AI animation (auto-generated fake news),fake
Shocking leak: Mob Psycho 100 to receive live-action remake at Amazon Prime,Shocking leak: Mob Psycho 100 to receive live-action remake at Amazon Prime (auto-generated fake news),fake
Spy x Family suspended in Japan due to extreme violence,Spy x Family suspended in Japan due to extreme violence (auto-generated fake news),fake
Black Clover ending CHANGED after controversy hits online,Black Clover ending CHANGED after controversy hits online (auto-generated fake news),fake
Spy x Family CREATOR secretly working on stage play adaptation,Spy x Family CREATOR secretly working on stage play adaptation (auto-generated fake news),fake
"Vinland Saga ANIME gets Netflix-only release, fans furious","Vinland Saga ANIME gets Netflix-only release, fans furious (auto-generated fake news)",fake
Black Clover rumored to be replaced by AI animation,Black Clover rumored to be replaced by AI animation (auto-generated fake news),fake
Naruto CREATOR secretly working on stage play adaptation,Naruto CREATOR secretly working on stage play adaptation (auto-generated fake news),fake
Shocking leak: Demon Slayer to receive live-action remake at Netflix,Shocking leak: Demon Slayer to receive live-action remake at Netflix (auto-generated fake news),fake
Shocking leak: Tokyo Ghoul to receive live-action remake at Amazon Prime,Shocking leak: Tokyo Ghoul to receive live-action remake at Amazon Prime (auto-generated fake news),fake
"One Piece ANIME gets Amazon Prime-only release, fans furious","One Piece ANIME gets Amazon Prime-only release, fans furious (auto-generated fake news)",fake
Jujutsu Kaisen SEASON 5 CANCELLED due to piracy issues,Jujutsu Kaisen SEASON 5 CANCELLED due to piracy issues (auto-generated fake news),fake
Vinland Saga CONFIRMED crossover with Naruto,Vinland Saga CONFIRMED crossover with Naruto (auto-generated fake news),fake
Mob Psycho 100 SEASON 4 CANCELLED due to low animation budget,Mob Psycho 100 SEASON 4 CANCELLED due to low animation budget (auto-generated fake news),fake
Sailor Moon suspended in Japan due to extreme violence,Sailor Moon suspended in Japan due to extreme violence (auto-generated fake news),fake
Hunter x Hunter CONFIRMED crossover with Dragon Ball,Hunter x Hunter CONFIRMED crossover with Dragon Ball (auto-generated fake news),fake
Mob Psycho 100 SEASON 12 CANCELLED due to decline in ratings,Mob Psycho 100 SEASON 12 CANCELLED due to decline in ratings (auto-generated fake news),fake
Dragon Ball suspended in Japan due to extreme violence,Dragon Ball suspended in Japan due to extreme violence (auto-generated fake news),fake
Shocking leak: Tokyo Ghoul to receive live-action remake at YouTube,Shocking leak: Tokyo Ghoul to receive live-action remake at YouTube (auto-generated fake news),fake
"Solo Leveling ANIME gets YouTube-only release, fans furious","Solo Leveling ANIME gets YouTube-only release, fans furious (auto-generated fake news)",fake
Demon Slayer CREATOR secretly working on OVA special,Demon Slayer CREATOR secretly working on OVA special (auto-generated fake news),fake
My Hero Academia CREATOR secretly working on stage play adaptation,My Hero Academia CREATOR secretly working on stage play adaptation (auto-generated fake news),fake
Shocking leak: Dr. Stone to receive live-action remake at Netflix,Shocking leak: Dr. Stone to receive live-action remake at Netflix (auto-generated fake news),fake
BREAKING: Steins;Gate returns in new reboot confirmed by anonymous leaker,BREAKING: Steins;Gate returns in new reboot confirmed by anonymous leaker (auto-generated fake news),fake
Steins;Gate SEASON 2 CANCELLED due to legal disputes,Steins;Gate SEASON 2 CANCELLED due to legal disputes (auto-generated fake news),fake
Fullmetal Alchemist CONFIRMED crossover with One Piece,Fullmetal Alchemist CONFIRMED crossover with One Piece (auto-generated fake news),fake
"Solo Leveling ANIME gets Netflix-only release, fans furious","Solo Leveling ANIME gets Netflix-only release, fans furious (auto-generated fake news)",fake
"Fullmetal Alchemist ANIME gets Disney+-only release, fans furious","Fullmetal Alchemist ANIME gets Disney+-only release, fans furious (auto-generated fake news)",fake
Mob Psycho 100 ending CHANGED after controversy hits online,Mob Psycho 100 ending CHANGED after controversy hits online (auto-generated fake news),fake
BREAKING: Tokyo Ghoul returns in new reboot confirmed by anonymous leaker,BREAKING: Tokyo Ghoul returns in new reboot confirmed by anonymous leaker (auto-generated fake news),fake
Black Clover SEASON 11 CANCELLED due to writer conflict,Black Clover SEASON 11 CANCELLED due to writer conflict (auto-generated fake news),fake
My Hero Academia rumored to be replaced by AI animation,My Hero Academia rumored to be replaced by AI animation (auto-generated fake news),fake
"Demon Slayer ANIME gets Crunchyroll-only release, fans furious","Demon Slayer ANIME gets Crunchyroll-only release, fans furious (auto-generated fake news)",fake
"Tokyo Ghoul ANIME gets YouTube-only release, fans furious","Tokyo Ghoul ANIME gets YouTube-only release, fans furious (auto-generated fake news)",fake
Solo Leveling SEASON 15 CANCELLED due to low animation budget,Solo Leveling SEASON 15 CANCELLED due to low animation budget (auto-generated fake news),fake
Shocking leak: Fullmetal Alchemist to receive live-action remake at Netflix,Shocking leak: Fullmetal Alchemist to receive live-action remake at Netflix (auto-generated fake news),fake
