title,text,url,source,anime,timestamp,label
"Zipangu Music Festival Brings Ado, 'Atarashii Gakkō!,' More Japanese Artists to Los Angeles","Event on May 16 also hosts Chanmina, Hana, MAN WITH A MISSION, Yuki Chiba, 10-Feet",https://www.animenewsnetwork.com/news/2025-11-22/zipangu-music-festival-brings-ado-atarashii-gakko-more-japanese-artists-to-los-angeles/.231295,AnimeNewsNetwork,unknown,"Sat, 22 Nov 2025 08:15:00 -0500",real
"Rakuen Tsuihō -Expelled from Paradise- Kokoro no Resonance Sequel Film's 3rd Teaser Unveils Cast, More Staff, November 2026 Opening","Ayane Sakura, Saori Hayami, Yoshino Aoyama, Sally Amaki star",https://www.animenewsnetwork.com/news/2025-11-22/rakuen-tsuiho-expelled-from-paradise-kokoro-no-resonance-sequel-film-3rd-teaser-unveils-cast-more-/.231300,AnimeNewsNetwork,OP,"Sat, 22 Nov 2025 07:23:01 -0500",real
"Japan's Video Game Rankings, November 10-16","Momotaro Dentetsu 2 debuts at #1 for Switch, #3 for Switch 2",https://www.animenewsnetwork.com/news/2025-11-22/japan-video-game-rankings-november-10-16/.231294,AnimeNewsNetwork,unknown,"Sat, 22 Nov 2025 06:15:00 -0500",real
Scum of the Brave TV Anime Casts Yumiri Hanamori,Harumi voices Sara Kashiwagi Pendragon,https://www.animenewsnetwork.com/news/2025-11-22/scum-of-the-brave-tv-anime-casts-yumiri-hanamori/.231298,AnimeNewsNetwork,unknown,"Sat, 22 Nov 2025 06:14:59 -0500",real
"Japanese Animation TV Ranking, November 10-16",My Hero Academia earns 3.3% rating; Wandance earns 2.4% rating,https://www.animenewsnetwork.com/news/2025-11-22/japanese-animation-tv-ranking-november-10-16/.231293,AnimeNewsNetwork,My Hero Academia,"Sat, 22 Nov 2025 04:15:00 -0500",real
Tokyopop Reveals 11 New Manga Licenses,"How My Cute Girlfriend and I Started a Love Story; There, Beneath the Water; more licensed",https://www.animenewsnetwork.com/news/2025-11-22/tokyopop-reveals-11-new-manga-licenses/.231292,AnimeNewsNetwork,OP,"Sat, 22 Nov 2025 02:15:00 -0500",real
"Demon Slayer, Scarlet, Chainsaw Man, ChaO, More Anime Films Confirmed Eligible for 2026 Oscars","Colorful Stage!, 100 Meters, Dragon Heart, Lost in Starlight, KPop Demon Hunters also eligible",https://www.animenewsnetwork.com/news/2025-11-22/demon-slayer-scarlet-chainsaw-man-chao-more-anime-films-confirmed-eligible-for-2026-oscars/.231289,AnimeNewsNetwork,OP,"Sat, 22 Nov 2025 00:15:00 -0500",real
Frieren Looks Up: Anime/Manga Pros Giving Drawing Tips to Beginners,Professionals from the anime & manga worlds offer sample art to aspiring fan artist,https://www.animenewsnetwork.com/interest/2025-11-22/frieren-looks-up-anime-manga-pros-giving-drawing-tips-to-beginners/.231280,AnimeNewsNetwork,unknown,"Sat, 22 Nov 2025 00:00:00 -0500",real
My Happy Marriage Anime Gets 3-Episode Special in 2026,"Anime airs on TV, streams worldwide on Netflix",https://www.animenewsnetwork.com/news/2025-11-21/my-happy-marriage-anime-gets-3-episode-special-in-2026/.231270,AnimeNewsNetwork,unknown,"Fri, 21 Nov 2025 22:15:13 -0500",real
Dragon Ball Announces 1st Worldwide Character Popularity Poll,Are you voting for Son Goku or Kakarot? Or maybe 1 of the 3 Son Gohans?,https://www.animenewsnetwork.com/interest/2025-11-21/dragon-ball-announces-1st-worldwide-character-popularity-poll/.231277,AnimeNewsNetwork,OP,"Fri, 21 Nov 2025 21:00:00 -0500",real
"Korean Appeals Court Sentences Operator Behind NunuTV, OKToon Piracy Sites to 4.5 Years in Prison",Appeals court serves harsher sentence than initial 3-year term issued by lower court,https://www.animenewsnetwork.com/news/2025-11-21/korean-appeals-court-sentences-operator-behind-nunutv-oktoon-piracy-sites-to-4.5-years-in-prison/.231186,AnimeNewsNetwork,OP,"Fri, 21 Nov 2025 17:15:00 -0500",real
Jaedam Media to Release French Webtoon Selection in Korean in 2026,"Initiative commemorates 140th anniversary of diplomatic relations between Korea, France",https://www.animenewsnetwork.com/news/2025-11-21/jaedam-media-to-release-french-webtoon-selection-in-korean-in-2026/.231183,AnimeNewsNetwork,unknown,"Fri, 21 Nov 2025 15:15:00 -0500",real
Lezhin Entertainment Launches New Webtoon-Based Music Project Group,SPAKLZ features characters from 14 Lezhin webtoons,https://www.animenewsnetwork.com/news/2025-11-21/lezhin-entertainment-launches-new-webtoon-based-music-project-group/.231258,AnimeNewsNetwork,unknown,"Fri, 21 Nov 2025 13:15:00 -0500",real
Touring After the Apocalypse Volume 2-3 Manga Review,"Even after destruction, Japan’s tourist destinations are worth visiting.",https://www.animenewsnetwork.com/review/touring-after-the-apocalypse-volume-2-3-manga/.230592,AnimeNewsNetwork,unknown,"Fri, 21 Nov 2025 12:00:00 -0500",real
An Hour of Romance Webtoon Confirmed for Live-Action Adaptation,Story follows 2 people who begin swapping souls for exactly 1 hour each day,https://www.animenewsnetwork.com/news/2025-11-21/an-hour-of-romance-webtoon-confirmed-for-live-action-adaptation/.231187,AnimeNewsNetwork,OP,"Fri, 21 Nov 2025 11:15:00 -0500",real
This Week in Games - Chuuni Corpses,"The Corpse Party Tetralogy is dead in the water, and Yoko Taro's projects keep getting cancelled! Jean-Karlo looks into both plus live-action Zelda, a new Dark Souls book, and more.",https://www.animenewsnetwork.com/this-week-in-games/2025-11-21/chuuni-corpses/.231097,AnimeNewsNetwork,unknown,"Fri, 21 Nov 2025 10:00:00 -0500",real
My Daughter is a Zombie Film Wins Top Audience Award at Blue Dragon Film Awards,Webtoon-based feature was nominated in 7 major categories,https://www.animenewsnetwork.com/news/2025-11-21/my-daughter-is-a-zombie-film-wins-top-audience-award-at-blue-dragon-film-awards/.231261,AnimeNewsNetwork,OP,"Fri, 21 Nov 2025 09:15:00 -0500",real
"REDLINE, Lupin the IIIrd: The Immortal Bloodline Director Takeshi Koike","Acclaimed director professes his love for Chainsaw Man, closing the door on Lupin.",https://www.animenewsnetwork.com/interview/2025-11-21/redline-lupin-the-iiird-the-immortal-bloodline-director-takeshi-koike/.230662,AnimeNewsNetwork,Chainsaw Man,"Fri, 21 Nov 2025 09:00:00 -0500",real
'Now That We Draw' Manga Gets TV Anime,"Ayumu Murase, Sayumi Suzushiro star in romantic comedy anime from ROLL2 studio",https://www.animenewsnetwork.com/news/2025-11-21/now-that-we-draw-manga-gets-tv-anime/.231278,AnimeNewsNetwork,unknown,"Fri, 21 Nov 2025 08:31:49 -0500",real
"'Noble Reincarnation: Born Blessed, So I'll Obtain Ultimate Power' Anime Reveals More Cast, Key Visual","Shinichirō Miki, Kōji Yusa, Daisuke Ono, Kengo Kawanishi join cast of anime debuting in January",https://www.animenewsnetwork.com/news/2025-11-21/noble-reincarnation-born-blessed-so-ill-obtain-ultimate-power-anime-reveals-more-cast-key-visual/.231274,AnimeNewsNetwork,unknown,"Fri, 21 Nov 2025 06:38:14 -0500",real
"'Anyway, I'm Falling in Love with You' 2nd Season Reveals January 8 Debut, New Visual","Crunchyroll to stream season in N. America, Central America, S. America, Europe, Africa, Oceania, Middle East, CIS, India, Southeast Asia",https://www.animenewsnetwork.com/news/2025-11-21/anyway-im-falling-in-love-with-you-2nd-season-reveals-january-8-debut-new-visual/.231273,AnimeNewsNetwork,OP,"Fri, 21 Nov 2025 05:01:20 -0500",real
"MF Ghost 3rd Season Anime Reveals January 4 Debut, Theme Songs in Promo Video","Yū Serizawa, Himika Akaneya perform themes",https://www.animenewsnetwork.com/news/2025-11-21/mf-ghost-3rd-season-anime-reveals-january-4-debut-theme-songs-in-promo-video/.231272,AnimeNewsNetwork,unknown,"Fri, 21 Nov 2025 04:36:59 -0500",real
Live-Action Return to Silent Hill Film's Trailer Shows James Drawn to Town,Trailer shows scenes calling back to Silent Hill 2,https://www.animenewsnetwork.com/news/2025-11-21/live-action-return-to-silent-hill-film-trailer-shows-james-drawn-to-town/.231271,AnimeNewsNetwork,unknown,"Fri, 21 Nov 2025 03:07:48 -0500",real
2nd Live-Action Golden Kamuy Film Casts Tetta Sugimoto as Anji Toni,Sugimoto plays Abashiri convict in film opening on March 13,https://www.animenewsnetwork.com/news/2025-11-21/2nd-live-action-golden-kamuy-film-casts-tetta-sugimoto-as-anji-toni/.231253,AnimeNewsNetwork,OP,"Fri, 21 Nov 2025 01:14:51 -0500",real
Let This Grieving Soul Retire! 2nd Season Anime Casts Hidenari Ugaki,Ugaki plays level 6 hunter Kechachakka Munk in 21st episode,https://www.animenewsnetwork.com/news/2025-11-21/let-this-grieving-soul-retire-2nd-season-anime-casts-hidenari-ugaki/.231256,AnimeNewsNetwork,unknown,"Fri, 21 Nov 2025 01:08:11 -0500",real
Former Sega/GiGO Arcade in Akihabara Reborn as Silk Hat Game Center,“New” arcade will feature 9 floors of gaming fun this Saturday,https://www.animenewsnetwork.com/interest/2025-11-20/former-sega-gigo-arcade-in-akihabara-reborn-as-silk-hat-game-center/.231165,AnimeNewsNetwork,unknown,"Thu, 20 Nov 2025 23:59:00 -0500",real
Nippon Ichi Reveals Shinigami Hime to Ishokan no Kaibutsu Game,"Side-scrolling fantasy adventure releases on Switch, Switch 2, PS5 on April 30",https://www.animenewsnetwork.com/news/2025-11-20/nippon-ichi-reveals-shinigami-hime-to-ishokan-no-kaibutsu-game/.231252,AnimeNewsNetwork,unknown,"Thu, 20 Nov 2025 23:17:53 -0500",real
The Great Jahy Will Not Be Defeated! Manga to End in 13th Volume,13th volume ships in fall 2026,https://www.animenewsnetwork.com/news/2025-11-20/the-great-jahy-will-not-be-defeated-manga-to-end-in-13th-volume/.231254,AnimeNewsNetwork,unknown,"Thu, 20 Nov 2025 23:03:18 -0500",real
"Fist of the North Star: Elegy of Ken-Oh's Army Grunts Anime Unveils Staff, January 5 Debut","Takuma Hase, Yūma Saitō direct anime at Do-Raku",https://www.animenewsnetwork.com/news/2025-11-20/fist-of-the-north-star-elegy-of-ken-oh-army-grunts-anime-unveils-staff-january-5-debut/.231255,AnimeNewsNetwork,unknown,"Thu, 20 Nov 2025 22:58:29 -0500",real
Gundam: Silver Phantom VR Anime Debuts on PlayStation VR2 on November 21,Anime previously released for Meta Quest headsets in October 2024,https://www.animenewsnetwork.com/news/2025-11-20/gundam-silver-phantom-vr-anime-debuts-on-playstation-vr2-on-november-21/.231251,AnimeNewsNetwork,unknown,"Thu, 20 Nov 2025 20:02:42 -0500",real
"Donkey Kong Bananza, Pokémon GO Win at Golden Joystick Awards 2025",Clair Obscur: Expedition 33 wins Ultimate Game of the Year,https://www.animenewsnetwork.com/news/2025-11-20/donkey-kong-bananza-pokemon-go-win-at-golden-joystick-awards-2025/.231250,AnimeNewsNetwork,unknown,"Thu, 20 Nov 2025 19:50:09 -0500",real
"Seishōnen Ashibe's Hiromi Morishita, Syohei Launch New Manga on December 19","Morishita, Syohei launch The Palace at the Edge of Japan manga about revitalization of Japan's largest village",https://www.animenewsnetwork.com/news/2025-11-20/seishonen-ashibe-hiromi-morishita-syohei-launch-new-manga-on-december-19/.231200,AnimeNewsNetwork,unknown,"Thu, 20 Nov 2025 17:15:00 -0500",real
Sai-Kyo-Oh! Zukan: The Ultimate Tournament Anime Gets 'Special Edition' Film on January 23,2nd television anime based on Sai-Kyo-Oh! Zukan children's book series premiered on April 6,https://www.animenewsnetwork.com/news/2025-11-20/sai-kyo-oh-zukan-the-ultimate-tournament-anime-gets-special-edition-film-on-january-23/.231241,AnimeNewsNetwork,unknown,"Thu, 20 Nov 2025 16:00:00 -0500",real
"Sickness Unto Death Artist Takahiro Seguchi, Yōshō Tokiwa Launches New Manga",Otonari-san no Gyaru ga Boku wo Horesasetakute Zenryokusugiru debuted on November 14,https://www.animenewsnetwork.com/news/2025-11-20/sickness-unto-death-artist-takahiro-seguchi-yosho-tokiwa-launches-new-manga/.231136,AnimeNewsNetwork,unknown,"Thu, 20 Nov 2025 15:15:00 -0500",real
This Week in Anime - Bring Out the Big (Girls with) Guns,Was Jean-Luc Godard right when he said all you need to make a movie is a girl with a gun? Coop and Steve discuss,https://www.animenewsnetwork.com/this-week-in-anime/2025-11-20/.231197,AnimeNewsNetwork,OP,"Thu, 20 Nov 2025 13:30:00 -0500",real
Hiru Morino's Luna Knight Manga Ends,Series debuted in September 2024; will get release from Seven Seas starting in August 2026,https://www.animenewsnetwork.com/news/2025-11-20/hiru-morino-luna-knight-manga-ends/.231143,AnimeNewsNetwork,unknown,"Thu, 20 Nov 2025 13:15:00 -0500",real
The Red Spectacles Film Review,"Mamoru Oshii’s first live action film, opening at NYC’s Metrograph theater on November 21, takes place in the same universe with Jin-Roh but couldn’t be more different.",https://www.animenewsnetwork.com/review/the-red-spectacles/film/.231069,AnimeNewsNetwork,OP,"Thu, 20 Nov 2025 12:00:00 -0500",real
Yasuo Ohtagaki's 'Candy Box Creations' 1-Shot Series Ends,1-shot series launched in December 2024,https://www.animenewsnetwork.com/news/2025-11-20/yasuo-ohtagaki-candy-box-creations-1-shot-series-ends/.231220,AnimeNewsNetwork,unknown,"Thu, 20 Nov 2025 11:15:00 -0500",real
Ys X: Proud Nordics Game Heads West on February 20,"Game slated for Switch 2, PS5, PC",https://www.animenewsnetwork.com/news/2025-11-20/ys-x-proud-nordics-game-heads-west-on-february-20/.231246,AnimeNewsNetwork,unknown,"Thu, 20 Nov 2025 09:49:30 -0500",real
Disney Twisted-Wonderland The Animation ‒ Episode 4,You just know that the gym teacher’s egg budget is through the roof.,https://www.animenewsnetwork.com/review/disney-twisted-wonderland-the-animation/episode-4/.231245,AnimeNewsNetwork,unknown,"Thu, 20 Nov 2025 09:30:00 -0500",real
Are You Lost? Manga Creator Kentarō Okamoto Launches New Manga,Katami Shoulder draws art for Okōcha of the Living Dead zombie manga,https://www.animenewsnetwork.com/news/2025-11-20/are-you-lost-manga-creator-kentaro-okamoto-launches-new-manga/.231178,AnimeNewsNetwork,unknown,"Thu, 20 Nov 2025 09:15:00 -0500",real
A Mangaka's Weirdly Wonderful Workplace ‒ Episode 7,"I hope by the end of the season, Nana can give herself a little bit more grace.",https://www.animenewsnetwork.com/review/a-mangaka-weirdly-wonderful-workplace/episode-7/.231236,AnimeNewsNetwork,OP,"Thu, 20 Nov 2025 08:30:00 -0500",real
"With You, Our Love Will Make it Through ‒ Episode 6",This episode can be boiled down to Mari and Tsunagu being very horny for each other.,https://www.animenewsnetwork.com/review/with-you-our-love-will-make-it-through/episode-6/.231235,AnimeNewsNetwork,unknown,"Thu, 20 Nov 2025 07:30:00 -0500",real
Chainsaw Man Manga Ranks at #4 on NYT November Bestseller List,The 19th volume of Tatsuki Fujimoto's Chainsaw Man manga ranked at #4 on The New York Times' monthly Graphic Books and Manga bestseller list released in...,https://www.animenewsnetwork.com/daily-briefs/2025-11-20/chainsaw-man-manga-ranks-at-no.4-on-nyt-november-bestseller-list/.231123,AnimeNewsNetwork,Chainsaw Man,"Thu, 20 Nov 2025 07:15:00 -0500",real
Young Magazine US Reveals 5 Manga Poll Winners to Get Simultaneous English Serialization,"Poll received 281,461 votes; Kami Nishio's Still You tops poll",https://www.animenewsnetwork.com/news/2025-11-20/young-magazine-us-reveals-5-manga-poll-winners-to-get-simultaneous-english-serialization/.231244,AnimeNewsNetwork,OP,"Thu, 20 Nov 2025 06:34:09 -0500",real
Frieren: Beyond Journey's End 2nd Season Anime's New Trailer Reveals milet's Ending Theme,New season premieres on January 16,https://www.animenewsnetwork.com/news/2025-11-20/frieren-beyond-journey-end-2nd-season-anime-new-trailer-reveals-milet-ending-theme/.231237,AnimeNewsNetwork,unknown,"Thu, 20 Nov 2025 06:02:42 -0500",real
"'Saioshi no Gikei o Mederu Tame, Nagaikishimasu!' Light Anime Stars Ayumu Murase, Shōta Aoi",Series debuts in January,https://www.animenewsnetwork.com/news/2025-11-20/saioshi-no-gikei-o-mederu-tame-nagaikishimasu-light-anime-stars-ayumu-murase-shota-aoi/.231243,AnimeNewsNetwork,unknown,"Thu, 20 Nov 2025 05:17:09 -0500",real
Live-Action Solitary Gourmet Show Gets 9th Consecutive New Year's Special,Part of special will be live broadcast for 1st time in 5 years,https://www.animenewsnetwork.com/news/2025-11-20/live-action-solitary-gourmet-show-gets-9th-consecutive-new-year-special/.231242,AnimeNewsNetwork,unknown,"Thu, 20 Nov 2025 05:07:23 -0500",real
"Kaya-chan Isn't Scary Anime's 2nd Promo Video Unveils More Cast, Staff, Theme Song Artists, January 11 Debut","Toshiyuki Morikawa, Mamiko Noto, Haruka Tomatsu, Yoshiko Sakakibara join anime's cast",https://www.animenewsnetwork.com/news/2025-11-20/kaya-chan-isnt-scary-anime-2nd-promo-video-unveils-more-cast-staff-theme-song-artists-january-11-/.231234,AnimeNewsNetwork,unknown,"Thu, 20 Nov 2025 04:00:00 -0500",real
Steins;Gate Re:Boot Game Heads West in 2026,Spike Chunsoft to release game on PC via Steam,https://www.animenewsnetwork.com/news/2025-11-20/steins-gate-re-boot-game-heads-west-in-2026/.231239,AnimeNewsNetwork,Steins;Gate,"Thu, 20 Nov 2025 03:07:44 -0500",real
Daemon x Machina: Titanic Scion Game's Into the Abyss DLC Launches,"Expansion includes new map, storyline, equipment, enemies",https://www.animenewsnetwork.com/news/2025-11-20/daemon-x-machina-titanic-scion-game-into-the-abyss-dlc-launches/.231140,AnimeNewsNetwork,unknown,"Thu, 20 Nov 2025 02:32:59 -0500",real
"Chainsaw Man Anime Film Back at #1, Jujutsu Kaisen: Execution Drops to #2 in Japan","Demon Slayer: Infinity Castle back at #4, Evangelion: 1.0 You Are (Not) Alone rerelease debuts at #6",https://www.animenewsnetwork.com/news/2025-11-20/chainsaw-man-anime-film-back-at-no.1-jujutsu-kaisen-execution-drops-to-no.2-in-japan/.231158,AnimeNewsNetwork,OP,"Thu, 20 Nov 2025 01:39:22 -0500",real
Marika's Love Meter Malfunction Romantic Comedy Manga Gets AnimeFesta Anime,Manga centers on young man who can suddenly see love meters above others,https://www.animenewsnetwork.com/news/2025-11-20/marika-love-meter-malfunction-romantic-comedy-manga-gets-animefesta-anime/.231233,AnimeNewsNetwork,unknown,"Thu, 20 Nov 2025 01:06:00 -0500",real
Kishi Ueno's The Oddballs of Rookerie Manga Ends,Manga about myterious bar launched in July 2024,https://www.animenewsnetwork.com/news/2025-11-19/kishi-ueno-the-oddballs-of-rookerie-manga-ends/.231189,AnimeNewsNetwork,DB,"Wed, 19 Nov 2025 23:02:00 -0500",real
Taiikukan no Satsujin Manga Starts Final Chapter,Rin Natori launched manga of Undead Murder Farce author Yugo Aosaki's debut work in June 2024,https://www.animenewsnetwork.com/news/2025-11-19/taiikukan-no-satsujin-manga-starts-final-chapter/.231177,AnimeNewsNetwork,unknown,"Wed, 19 Nov 2025 22:58:12 -0500",real
Homura: The Crimson Warriors Visual Novel Launches in English Next April,Switch otome game's trailer features Rico Sasaki's opening song,https://www.animenewsnetwork.com/news/2025-11-19/homura-the-crimson-warriors-visual-novel-launches-in-english-next-april/.231173,AnimeNewsNetwork,OP,"Wed, 19 Nov 2025 22:51:28 -0500",real
Live-Action Romantic Killer Film Casts Alan Shirahama,"Shirahama plays ""mysterious delinquent student"" in December 12 film",https://www.animenewsnetwork.com/news/2025-11-19/live-action-romantic-killer-film-casts-alan-shirahama/.231219,AnimeNewsNetwork,unknown,"Wed, 19 Nov 2025 22:44:44 -0500",real
Blooming Love Manga Ends in Shonen Jump+ on December 2,Daichi Kawada launched manga in May 2023,https://www.animenewsnetwork.com/news/2025-11-19/blooming-love-manga-ends-in-shonen-jump-on-december-2/.231180,AnimeNewsNetwork,unknown,"Wed, 19 Nov 2025 22:15:09 -0500",real
Yellow Tanabe Resumes Kai-hen Wizards Manga on November 26,Manga went on hiatus on June 25,https://www.animenewsnetwork.com/news/2025-11-19/yellow-tanabe-resumes-kai-hen-wizards-manga-on-november-26/.231196,AnimeNewsNetwork,unknown,"Wed, 19 Nov 2025 22:09:31 -0500",real
'Cherry Magic! Thirty Years of Virginity Can Make You a Wizard?!' Manga Ends in Volume 17,Volume 17 slated for next year,https://www.animenewsnetwork.com/news/2025-11-19/cherry-magic-thirty-years-of-virginity-can-make-you-a-wizard-manga-ends-in-volume-17/.231217,AnimeNewsNetwork,unknown,"Wed, 19 Nov 2025 21:55:29 -0500",real
Disney Twisted-Wonderland The Comic: Episode of Savanaclaw Ends on January 17,2nd manga adaptation of Disney Twisted-Wonderland smartphone game launched in 2022,https://www.animenewsnetwork.com/news/2025-11-19/disney-twisted-wonderland-the-comic-episode-of-savanaclaw-ends-on-january-17/.231152,AnimeNewsNetwork,unknown,"Wed, 19 Nov 2025 21:45:49 -0500",real
Path of Mystery: A Brush with Death Game Launches in West in February 2026,Mystery visual novel ships on February 26,https://www.animenewsnetwork.com/news/2025-11-19/path-of-mystery-a-brush-with-death-game-launches-in-west-in-february-2026/.231210,AnimeNewsNetwork,unknown,"Wed, 19 Nov 2025 21:31:34 -0500",real
HIDIVE Reveals My Gift Lvl 9999 Unlimited Gacha Anime's English Dub Cast,Shannon Emerick stars as Light,https://www.animenewsnetwork.com/news/2025-11-19/hidive-reveals-my-gift-lvl-9999-unlimited-gacha-anime-english-dub-cast/.231214,AnimeNewsNetwork,unknown,"Wed, 19 Nov 2025 21:23:50 -0500",real
Ultraman: Rising Film Nominated in Children's & Family Emmys,Film nominated for Outstanding Animated Special,https://www.animenewsnetwork.com/news/2025-11-19/ultraman-rising-film-nominated-in-children-and-family-emmys/.231216,AnimeNewsNetwork,unknown,"Wed, 19 Nov 2025 21:07:08 -0500",real
"Seven Seas Licenses Predator Witches, When It Rains, It Pours, Phenomenon X, 4 More Titles","Also licensed: Me and the Prez, Drinking Under the Stars,  Raul and His Vampire Prince, more",https://www.animenewsnetwork.com/news/2025-11-19/seven-seas-licenses-predator-witches-when-it-rains-it-pours-phenomenon-x-4-more-titles/.231212,AnimeNewsNetwork,unknown,"Wed, 19 Nov 2025 20:59:02 -0500",real
Drops of God Manga Gets TV Anime in 2026,"Takuya Satō, Kazuya Kamenashi, Maaya Uchida star in series",https://www.animenewsnetwork.com/news/2025-11-19/drops-of-god-manga-gets-tv-anime-in-2026/.231215,AnimeNewsNetwork,OP,"Wed, 19 Nov 2025 18:53:10 -0500",real
Live-Action Chiruran: Shinsengumi Requiem Series Casts Antagonists,"Eita Okuno, Mitsuomi Takahashi, Nobuaki Kaneko, Masanobu Ando, Yuki Sakurai join cast of spring 2026 show",https://www.animenewsnetwork.com/news/2025-11-19/live-action-chiruran-shinsengumi-requiem-series-casts-antagonists/.231213,AnimeNewsNetwork,unknown,"Wed, 19 Nov 2025 18:38:38 -0500",real
Painting The Worlds Of Studio Ghibli Book Review,"This is a book for people who love Studio Ghibli's movies, and who also love huge books as physical artifacts in their own right.",https://www.animenewsnetwork.com/review/painting-the-worlds-of-studio-ghibli-book/.230530,AnimeNewsNetwork,OP,"Wed, 19 Nov 2025 12:00:00 -0500",real
Mechanical Marie ‒ Episode 7,"Thankfully, Mechanical Marie has a bit more going on beneath the surface than your average sports-themed episode.",https://www.animenewsnetwork.com/review/mechanical-marie/episode-7/.231204,AnimeNewsNetwork,unknown,"Wed, 19 Nov 2025 10:30:00 -0500",real
Manga Up! Global Adds Aoi-kun Wants This Muscular Girl to Flex! Manga in English,Romantic comedy series debuted in September 2024,https://www.animenewsnetwork.com/news/2025-11-19/manga-up-global-adds-aoi-kun-wants-this-muscular-girl-to-flex-manga-in-english/.231132,AnimeNewsNetwork,unknown,"Wed, 19 Nov 2025 10:24:51 -0500",real
Ninja vs. Gokudo Anime Streams In-Story Pretty Cure Parody Video,Flash Princess comes to life as a Ninja vs. Gokudo parody of Fresh Pretty Cure,https://www.animenewsnetwork.com/interest/2025-11-19/ninja-vs-gokudo-anime-streams-in-story-pretty-cure-parody-video/.231201,AnimeNewsNetwork,unknown,"Wed, 19 Nov 2025 10:19:36 -0500",real
Tales of Berseria Remastered Game Launches on February 26,"New edition slated for Switch, PS5, Xbox Series X|S, Steam",https://www.animenewsnetwork.com/news/2025-11-19/tales-of-berseria-remastered-game-launches-on-february-26/.231206,AnimeNewsNetwork,unknown,"Wed, 19 Nov 2025 10:10:14 -0500",real
Dragon Quest VII Reimagined Special Game Preview,"Overall I am fairly optimistic about this remake. It does seem a bit redundant to remake this game for a second time, but this seems like a great opportunity to update a beloved game in an established franchise for more modern audiences.",https://www.animenewsnetwork.com/feature/2025-11-19/dragon-quest-vii-reimagined-special-game-preview/.231103,AnimeNewsNetwork,OP,"Wed, 19 Nov 2025 10:00:00 -0500",real
Touring After the Apocalypse ‒ Episode 7,"Is the Yoko that leaves the facility the same Yoko, and what about Airi?",https://www.animenewsnetwork.com/review/touring-after-the-apocalypse/episode-7/.231203,AnimeNewsNetwork,unknown,"Wed, 19 Nov 2025 09:30:00 -0500",real
"Kodansha House Returned to New York with Ghost in the Shell, BLUE LOCK, More Manga",Visitors could experience the iconic building-leap scene from the Ghost in the Shell movie in first-person perspective.,https://www.animenewsnetwork.com/feature/2025-11-19/kodansha-house-returned-to-new-york-with-ghost-in-the-shell-blue-lock-more-manga/.230081,AnimeNewsNetwork,unknown,"Wed, 19 Nov 2025 09:00:00 -0500",real
Campfire Cooking in Another World with My Absurd Skill Season 2 ‒ Episode 7,"This is an episode that’s unexciting and undramatic in every possible way, and I am so here for it.",https://www.animenewsnetwork.com/review/campfire-cooking-in-another-world-with-my-absurd-skill-season-2/episode-7/.231190,AnimeNewsNetwork,unknown,"Wed, 19 Nov 2025 08:30:00 -0500",real
"KPop Demon Hunters: Invited to Thanksgiving Parade, Denied in UK Religious School",HUNTR/X singers will also perform Grammy-nominated song “Golden” in Macy parade,https://www.animenewsnetwork.com/interest/2025-11-19/kpop-demon-hunters-invited-to-thanksgiving-parade-denied-in-uk-religious-school/.231163,AnimeNewsNetwork,OP,"Wed, 19 Nov 2025 07:10:00 -0500",real
"Shueisha, Kodansha, Shogakukan, Kadokawa Win Copyright Suit Against Cloudflare",Cloudflare ordered to pay about 500 million yen/US$3 million in damages,https://www.animenewsnetwork.com/news/2025-11-19/shueisha-kodansha-shogakukan-kadokawa-win-copyright-suit-against-cloudflare/.231199,AnimeNewsNetwork,OP,"Wed, 19 Nov 2025 06:31:31 -0500",real
"'Majutsu o Kiwanete Tabi ni Deta Tensei Elf, Moteamashita Jumyō de Ikeru Densetsu to Naru' Novels Get TV Anime",Monshō Sakakibara's story about reincarnated elf launched in 2021; kanco launched manga adaptation in 2023,https://www.animenewsnetwork.com/news/2025-11-19/majutsu-o-kiwanete-tabi-ni-deta-tensei-elf-moteamashita-jumyo-de-ikeru-densetsu-to-naru-novels-get-/.231198,AnimeNewsNetwork,unknown,"Wed, 19 Nov 2025 05:07:27 -0500",real
Live-Action Nanashi Suspense Film Announces 3 More Cast Members,"Ryūhei Maruyama, MEGUMI, Kuranosuke Sasaki join cast of May 2026 film from Jirō Satō",https://www.animenewsnetwork.com/news/2025-11-19/live-action-nanashi-suspense-film-announces-3-more-cast-members/.231191,AnimeNewsNetwork,unknown,"Wed, 19 Nov 2025 02:54:50 -0500",real
Jujutsu Kaisen Season 3: The Culling Game Part 1 Casts Yoshiko Sakakibara as Tengen,"Sakakibara also narrates new season, continuing on from season 2",https://www.animenewsnetwork.com/news/2025-11-18/jujutsu-kaisen-season-3-the-culling-game-part-1-casts-yoshiko-sakakibara-as-tengen/.231181,AnimeNewsNetwork,Jujutsu Kaisen,"Tue, 18 Nov 2025 23:27:17 -0500",real
L'étoile de Paris en fleur Anime Film's 2nd Teaser Highlights 2 Leads,Goro Taniguchi's March 13 film follows 2 Japanese girls in Paris,https://www.animenewsnetwork.com/news/2025-11-18/letoile-de-paris-en-fleur-anime-film-2nd-teaser-highlights-2-leads/.231179,AnimeNewsNetwork,unknown,"Tue, 18 Nov 2025 22:10:41 -0500",real
Mamoru Oshii Takes Your Questions to Mark Ghost in the Shell's 30th Anniversary,Legendary director is taking 30 questions in honor of his film's legacy,https://www.animenewsnetwork.com/interest/2025-11-18/mamoru-oshii-takes-your-questions-to-mark-ghost-in-the-shell-30th-anniversary/.231162,AnimeNewsNetwork,unknown,"Tue, 18 Nov 2025 22:00:00 -0500",real
NACHERRY Singer-Voice Actor Unit to Cease Activities,"Natsumi Murakami, Chiemi Tanaka founded unit in September 2021, will hold last concert in March",https://www.animenewsnetwork.com/news/2025-11-18/nacherry-singer-voice-actor-unit-to-cease-activities/.231174,AnimeNewsNetwork,unknown,"Tue, 18 Nov 2025 20:08:27 -0500",real
New Live-Action Cutie Honey Series Reveals More Cast,"Rina Hashimoto, Yui Kitamura, Haruka Katayama, Genta Shimizu join cast of November 25 series",https://www.animenewsnetwork.com/news/2025-11-18/new-live-action-cutie-honey-series-reveals-more-cast/.231167,AnimeNewsNetwork,unknown,"Tue, 18 Nov 2025 19:02:16 -0500",real
Romelia War Chronicle Anime Posts English-Subtitled Teaser,Romelia's voice previewed from series premiering in 2026,https://www.animenewsnetwork.com/news/2025-11-18/romelia-war-chronicle-anime-posts-english-subtitled-teaser/.231168,AnimeNewsNetwork,unknown,"Tue, 18 Nov 2025 18:32:27 -0500",real
"The Camphorwood Custodian Anime Film's Trailer Unveils More Cast, Composer","Asuka Saitō, Ryubi Miyase, Takao Ōsawa join cast of January 30 film with music by JoJo's Yūgo Kanno",https://www.animenewsnetwork.com/news/2025-11-18/the-camphorwood-custodian-anime-film-trailer-unveils-more-cast-composer/.231169,AnimeNewsNetwork,unknown,"Tue, 18 Nov 2025 18:19:54 -0500",real
GINTAMA - Mr. Ginpachi's Zany Class ‒ Episode 7,"This isn't totally devoid of laughs, but after seeing the show start to pick back up, it's immensely disappointing.",https://www.animenewsnetwork.com/review/gintama-mr-ginpachi-zany-class/episode-7/.231149,AnimeNewsNetwork,unknown,"Tue, 18 Nov 2025 16:30:00 -0500",real
My Status as an Assassin Obviously Exceeds the Hero's ‒ Episode 7,"It's not the tropes that are the issue, it's how you use them.",https://www.animenewsnetwork.com/review/my-status-as-an-assassin-obviously-exceeds-the-hero/episode-7/.231146,AnimeNewsNetwork,OP,"Tue, 18 Nov 2025 15:30:00 -0500",real
Gachiakuta ‒ Episode 19,There have been more anime than I can count that have indulged in massive info-dump episodes that land smack in the middle of an extended battle arc. But to have one of those indulgent info-dump episodes be genuinely good is praiseworthy.,https://www.animenewsnetwork.com/review/gachiakuta/episode-19/.231144,AnimeNewsNetwork,unknown,"Tue, 18 Nov 2025 14:30:00 -0500",real
My Hero Academia FINAL SEASON ‒ Episode 166,"Hey Deku, on your left!",https://www.animenewsnetwork.com/review/my-hero-academia-final-season/episode-166/.231139,AnimeNewsNetwork,My Hero Academia,"Tue, 18 Nov 2025 13:30:00 -0500",real
"This Week in Anime - OOPs, There it Goes","Forget new series that never get legal streams, what about all of the old series that are impossible to find? Chris and Lucas discuss some really buried treasure.",https://www.animenewsnetwork.com/this-week-in-anime/2025-11-18/.231115,AnimeNewsNetwork,OP,"Tue, 18 Nov 2025 13:00:00 -0500",real
Isekai Quartet 3 ‒ Episode 6,"Unlike Class 2, Shadow Garden hasn’t yet learned that they need to question their instincts and assumptions as this school world plays by entirely different rules than what they’re used to.",https://www.animenewsnetwork.com/review/isekai-quartet-3/episode-6/.231138,AnimeNewsNetwork,unknown,"Tue, 18 Nov 2025 12:30:00 -0500",real
Radio Storm Volumes 1-2 K-Comic Review,"It’s hard to truly fight zombies, after all, when you aren’t sure that the people in charge are any less bloodthirsty.",https://www.animenewsnetwork.com/review/radio-storm/volumes-1-2/.230604,AnimeNewsNetwork,OP,"Tue, 18 Nov 2025 12:00:00 -0500",real
Ranma ½ ‒ Episode 19,"While I can’t say this storyline shows the characters at their worst, considering there’s no attempted murder, everyone does act like a manipulative jackass.",https://www.animenewsnetwork.com/review/ranma/episode-19/.231137,AnimeNewsNetwork,unknown,"Tue, 18 Nov 2025 11:30:00 -0500",real
The Fated Magical Princess: Who Made Me a Princess ‒ Episode 10,"Uh-oh, Athy. It looks like you’ve found yourself smack in the middle of an unexpected romance plot!",https://www.animenewsnetwork.com/review/the-fated-magical-princess-who-made-me-a-princess/episode-10/.231129,AnimeNewsNetwork,Fate,"Tue, 18 Nov 2025 10:30:00 -0500",real
"Hoppe-chan Anime's New Video Reveals More Cast, Opening Song Artist, January Debut","EXILE B HAPPY performs ""Hope & Jump (feat. Crystal Kay)"" opening theme",https://www.animenewsnetwork.com/news/2025-11-18/hoppe-chan-anime-new-video-reveals-more-cast-opening-song-artist-january-debut/.231161,AnimeNewsNetwork,OP,"Tue, 18 Nov 2025 09:50:30 -0500",real
Tojima Wants to Be a Kamen Rider ‒ Episode 7,"This whole episode, I was waiting for Spider Man to come out of nowhere to murder Nakao and his motley crew of yakuza thugs for knowing too much.",https://www.animenewsnetwork.com/review/tojima-wants-to-be-a-kamen-rider/episode-7/.231106,AnimeNewsNetwork,unknown,"Tue, 18 Nov 2025 09:30:00 -0500",real
The Fragrant Flower Blooms With Dignity ‒ Episode 12,"Kaoruko has been the lead instigator of Subaru’s relationship with the boys, so having her shove her into the sea is a natural extension of that, and that Subaru can embrace it rather than getting mad is a mark of how far she’s come.",https://www.animenewsnetwork.com/review/the-fragrant-flower-blooms-with-dignity/episode-12/.231126,AnimeNewsNetwork,unknown,"Tue, 18 Nov 2025 08:30:00 -0500",real
Star Wars: Visions Volume 3 ‒ Episode 4,The Bounty Hunters is a story about freedom and control.,https://www.animenewsnetwork.com/review/star-wars-visions-volume-3/episode-4/.231105,AnimeNewsNetwork,unknown,"Tue, 18 Nov 2025 07:30:00 -0500",real
New High School! Kimengumi Anime Casts 'Omegumi' All-Girl Gang,M.A.O voices leader Jako Amano,https://www.animenewsnetwork.com/news/2025-11-18/new-high-school-kimengumi-anime-casts-omegumi-all-girl-gang/.231160,AnimeNewsNetwork,unknown,"Tue, 18 Nov 2025 06:16:42 -0500",real
"Witch Hat Atelier Anime's Teaser Reveals Cast, More Staff, April 2026 Debut","Rena Motomura, Natsuki Hanae star in anime as Coco, Qifrey",https://www.animenewsnetwork.com/news/2025-11-18/witch-hat-atelier-anime-teaser-reveals-cast-more-staff-april-2026-debut/.231159,AnimeNewsNetwork,unknown,"Tue, 18 Nov 2025 06:08:12 -0500",real
Steins;Gate Re:Boot Game's Delay to 2026 Confirmed,MAGES presents updated graphics,https://www.animenewsnetwork.com/news/2025-11-18/steins-gate-re-boot-game-delay-to-2026-confirmed/.231156,AnimeNewsNetwork,Steins;Gate,"Tue, 18 Nov 2025 04:15:33 -0500",real
"Crayon Shin-chan, Live-Action Cells at Work! Films Delayed in China Amid Political Tensions","Films were originally slated to open on December 6, 22",https://www.animenewsnetwork.com/news/2025-11-18/crayon-shin-chan-live-action-cells-at-work-films-delayed-in-china-amid-political-tensions/.231148,AnimeNewsNetwork,OP,"Tue, 18 Nov 2025 01:10:19 -0500",real
Contest Finally Hands Out Inazuma Eleven Game Prize 7 Years Later – If It Can Find the Winners,"1 console generation later, some of potential winners have moved on from grade school to college",https://www.animenewsnetwork.com/interest/2025-11-17/contest-finally-hands-out-inazuma-eleven-game-prize-7-years-later-if-it-can-find-the-winners/.231114,AnimeNewsNetwork,unknown,"Mon, 17 Nov 2025 23:59:00 -0500",real
Chimamire Sukeban Chainsaw's Rei Mikamoto Launches New Horror Manga,Blood Friend manga launches on December 12,https://www.animenewsnetwork.com/news/2025-11-17/chimamire-sukeban-chainsaw-rei-mikamoto-launches-new-horror-manga/.231122,AnimeNewsNetwork,unknown,"Mon, 17 Nov 2025 21:45:47 -0500",real
Live-Action Hirayasumi Series Announces More Cast,"Comedy duo Asagaya Shimai, Misako Renbutsu, Tarō Suruga join cast",https://www.animenewsnetwork.com/news/2025-11-17/live-action-hirayasumi-series-announces-more-cast/.231147,AnimeNewsNetwork,unknown,"Mon, 17 Nov 2025 21:22:49 -0500",real
Mamoru Hosoda's Scarlet Anime Film Streams English-Subtitled Trailer,Film opens in Japan on November 21,https://www.animenewsnetwork.com/news/2025-11-17/mamoru-hosoda-scarlet-anime-film-streams-english-subtitled-trailer/.231145,AnimeNewsNetwork,OP,"Mon, 17 Nov 2025 21:10:52 -0500",real
"2nd That Time I Got Reincarnated as a Slime Film's Trailer Unveils  More Cast, Theme Song","Saori Ōnishi, Koichi Domoto, Kōji Yusa join film's cast; TRUE performs theme song ""Utopia""",https://www.animenewsnetwork.com/news/2025-11-17/2nd-that-time-i-got-reincarnated-as-a-slime-film-trailer-unveils-more-cast-theme-song/.231142,AnimeNewsNetwork,OP,"Mon, 17 Nov 2025 19:47:58 -0500",real
The Game Awards 2025 Reveals Nominees,"Death Stranding 2: On The Beach, Donkey Kong Bananza, Silent Hill f nominated",https://www.animenewsnetwork.com/news/2025-11-17/the-game-awards-2025-reveals-nominees/.231133,AnimeNewsNetwork,unknown,"Mon, 17 Nov 2025 12:57:50 -0500",real
Chainsaw Man Ranks #1 on Bookscan's October Adult Graphic Novel List in U.S.,"17 manga including Dandadan, Demon Slayer, My Hero Academia, The Summer Hikaru Died, Moan: Junji Ito Story Collection, more manga make list",https://www.animenewsnetwork.com/news/2025-11-17/chainsaw-man-ranks-no.1-on-bookscan-october-adult-graphic-novel-list-in-u.s/.231120,AnimeNewsNetwork,Demon Slayer,"Mon, 17 Nov 2025 12:15:00 -0500",real
"Pass the Monster Meat, Milady! ‒ Episode 7","I liked it enough at first, but the flavor of this series is one that seems to be getting worse the longer it lingers.",https://www.animenewsnetwork.com/review/pass-the-monster-meat-milady/episode-7/.231125,AnimeNewsNetwork,unknown,"Mon, 17 Nov 2025 11:30:00 -0500",real
Ranjō Miyake's Hamushi no Hertz Manga Ends on December 12,Manga launched in November 2024,https://www.animenewsnetwork.com/news/2025-11-17/ranjo-miyake-hamushi-no-hertz-manga-ends-on-december-12/.231111,AnimeNewsNetwork,unknown,"Mon, 17 Nov 2025 11:15:00 -0500",real
1st Demon Slayer: Infinity Castle Film Is 1st Japanese Film Ever to Top 100 Billion Yen Globally,"Akaza Returns sells 89 million tickets globally, 26 million tickets in Japan alone",https://www.animenewsnetwork.com/news/2025-11-17/1st-demon-slayer-infinity-castle-film-is-1st-japanese-film-ever-to-top-100-billion-yen-globally/.231128,AnimeNewsNetwork,OP,"Mon, 17 Nov 2025 10:57:36 -0500",real
Dusk Beyond the End of the World ‒ Episode 7,You’d be shocked at the gargantuan amount of history we’ve lost to fires. They’re the real history-destroying deal.,https://www.animenewsnetwork.com/review/dusk-beyond-the-end-of-the-world/episode-7/.231124,AnimeNewsNetwork,unknown,"Mon, 17 Nov 2025 10:30:00 -0500",real
"Live-Action Zelda Movie Begins Filming, Presents 3 Stills","Bo Bragason, Benjamin Evan Ainsworth star in film opening on May 7, 2027",https://www.animenewsnetwork.com/news/2025-11-17/live-action-zelda-movie-begins-filming-presents-3-stills/.231127,AnimeNewsNetwork,OP,"Mon, 17 Nov 2025 10:20:05 -0500",real
Jujutsu Kaisen Ranks #1 on Bookscan's September Adult Graphic Novel List in U.S.,"18 manga including Demon Slayer, JoJo's Bizarre Adventure, Gachiakuta, Kaiju No. 8, more rank on list",https://www.animenewsnetwork.com/news/2025-11-17/jujutsu-kaisen-ranks-no.1-on-bookscan-september-adult-graphic-novel-list-in-u.s/.231116,AnimeNewsNetwork,Demon Slayer,"Mon, 17 Nov 2025 10:15:00 -0500",real
DIGIMON BEATBREAK ‒ Episode 7,"Although there's still a lot we don't know about Kyo, what we do learn paints a better picture of what kind of person he is, and gives us one of the show's best episodes yet.",https://www.animenewsnetwork.com/review/digimon-beatbreak/episode-7/.231104,AnimeNewsNetwork,unknown,"Mon, 17 Nov 2025 09:30:00 -0500",real
Minami Mizuno's Ao Haru Sō e Yōkoso Manga Ends,Manga launched in February 2023,https://www.animenewsnetwork.com/news/2025-11-17/minami-mizuno-ao-haru-so-e-yokoso-manga-ends/.231113,AnimeNewsNetwork,unknown,"Mon, 17 Nov 2025 09:15:00 -0500",real
One Punch Man Season 3 ‒ Episode 6,"With the limited animation, lack of detailed visuals, and poor composition of still images; this entire endeavor is beginning to feel entirely unnecessary.",https://www.animenewsnetwork.com/review/one-punch-man-season-3/episode-6/.231100,AnimeNewsNetwork,unknown,"Mon, 17 Nov 2025 08:30:00 -0500",real
One Piece ‒ Episode 1150,"It’s fun seeing the mundane actions of combat - sword swinging, axe chopper, arrow shooting - have such incredible force behind them that a single blow is enough to sink an entire warship.",https://www.animenewsnetwork.com/review/one-piece/episode-1150/.231094,AnimeNewsNetwork,One Piece,"Mon, 17 Nov 2025 07:32:44 -0500",real
"OceanVeil Reveals Nukitashi The Animation's English Dub Cast, Staff",Also: Ascendent Animation releases exclusive teaser trailer,https://www.animenewsnetwork.com/news/2025-11-17/oceanveil-reveals-nukitashi-the-animation-english-dub-cast-staff/.231117,AnimeNewsNetwork,unknown,"Mon, 17 Nov 2025 05:09:25 -0500",real
"Kohei Kadowaki, Film Label Nothing New Reveal We Are Aliens Anime Film in Video",Staff launch crowdfunding campaign for film slated to open in 2026,https://www.animenewsnetwork.com/news/2025-11-17/kohei-kadowaki-film-label-nothing-new-reveal-we-are-aliens-anime-film-in-video/.231119,AnimeNewsNetwork,OP,"Mon, 17 Nov 2025 04:59:33 -0500",real
"Champignon Witch TV Anime Reveals More Cast, Theme Song Artists","Jun Fukushima, Emiri Katō, more join cast; ROSU, MS.OOJA perform theme songs",https://www.animenewsnetwork.com/news/2025-11-17/champignon-witch-tv-anime-reveals-more-cast-theme-song-artists/.231118,AnimeNewsNetwork,unknown,"Mon, 17 Nov 2025 04:26:10 -0500",real
Miss Shachiku and the Little Baby Ghost Manga Ends in 2 Chapters,Series debuted in February 2019,https://www.animenewsnetwork.com/news/2025-11-17/miss-shachiku-and-the-little-baby-ghost-manga-ends-in-2-chapters/.231096,AnimeNewsNetwork,unknown,"Mon, 17 Nov 2025 03:30:00 -0500",real
Therapy Game Manga Gets Stage Play on January 16-25,"Ongoing live-action series' main cast NAOYA, Yūki Tomita reprise roles in stage play as Minato Mito, Shizuma Ikushima",https://www.animenewsnetwork.com/news/2025-11-17/therapy-game-manga-gets-stage-play-on-january-16-25/.231107,AnimeNewsNetwork,unknown,"Mon, 17 Nov 2025 03:00:00 -0500",real
Let's Go Karaoke! Sequel Fami-res Iko. Manga Ends in February,"2nd, final volume ships on March 12",https://www.animenewsnetwork.com/news/2025-11-17/let-go-karaoke-sequel-fami-res-iko-manga-ends-in-february/.231095,AnimeNewsNetwork,unknown,"Mon, 17 Nov 2025 01:40:49 -0500",real
K Manga Adds Nikki Asada's The Serenade of Spring Thunder in English,Asada launched manga set in Sengoku era on April 1,https://www.animenewsnetwork.com/news/2025-11-17/k-manga-adds-nikki-asada-the-serenade-of-spring-thunder-in-english/.231086,AnimeNewsNetwork,unknown,"Mon, 17 Nov 2025 00:45:00 -0500",real
"Young King Ours GH Magazine Ends, With Manga Moving to New Site",New website COMIC Y-OURs launches in January 2026,https://www.animenewsnetwork.com/news/2025-11-17/young-king-ours-gh-magazine-ends-with-manga-moving-to-new-site/.231101,AnimeNewsNetwork,unknown,"Mon, 17 Nov 2025 00:29:23 -0500",real
CyberAgent to Appoint Takahiro Yamauchi as New President After Founder Susumu Fujita Steps Down,CyberAgent also records extraordinary loss of 727 million yen from Konami settlement over Uma Musume,https://www.animenewsnetwork.com/news/2025-11-16/cyberagent-to-appoint-takahiro-yamauchi-as-new-president-after-founder-susumu-fujita-steps-down/.231099,AnimeNewsNetwork,unknown,"Sun, 16 Nov 2025 23:03:17 -0500",real
1st Demon Slayer: Infinity Castle Film Opens With 373 Million RMB in China (Updated),"Film achieves highest-earning, highest-selling IMAX opening for Japanese film in China",https://www.animenewsnetwork.com/news/2025-11-16/1st-demon-slayer-infinity-castle-film-opens-with-373-million-rmb-in-china/.231098,AnimeNewsNetwork,OP,"Sun, 16 Nov 2025 21:28:08 -0500",real
"Coro Coro Comics, Ciao Launch New CoroCiao Magazine","Hiroyuki Takei, Sesuji, Miyuki Okumura, others launch new series in December 19 magazine",https://www.animenewsnetwork.com/news/2025-11-16/coro-coro-comics-ciao-launch-new-corociao-magazine/.231076,AnimeNewsNetwork,unknown,"Sun, 16 Nov 2025 14:15:00 -0500",real
Studio N Apologizes After The Remarried Empress Live-Action Series' Costume Prop Causes Controversy,Viewers point out medal worn by Ji-hoon Ju in still resembled Nazi German Long Service Award,https://www.animenewsnetwork.com/news/2025-11-16/studio-n-apologizes-after-the-remarried-empress-live-action-series-costume-prop-causes-controversy/.231073,AnimeNewsNetwork,OP,"Sun, 16 Nov 2025 12:15:00 -0500",real
New Assassination Classroom Film Announces More Cast,"Kikuko Inoue, Sayumi Suzushiro, Mai Kanazawa join cast of March 2026 film",https://www.animenewsnetwork.com/news/2025-11-16/new-assassination-classroom-film-announces-more-cast/.231090,AnimeNewsNetwork,unknown,"Sun, 16 Nov 2025 11:55:02 -0500",real
GAEA-TIMA the Gigantis Manga Has Anime in the Works,KENT's story follows resurgence of giant monster attacks in small seaside town,https://www.animenewsnetwork.com/news/2025-11-16/gaea-tima-the-gigantis-manga-has-anime-in-the-works/.231091,AnimeNewsNetwork,unknown,"Sun, 16 Nov 2025 11:45:00 -0500",real
Code Vein II Game's Trailer Highlights Character Noah G. MagMell,"Game launches for PS5, Xbox X|S, PC on January 30",https://www.animenewsnetwork.com/news/2025-11-16/code-vein-ii-game-trailer-highlights-character-noah-g-magmell/.231059,AnimeNewsNetwork,unknown,"Sun, 16 Nov 2025 10:15:00 -0500",real
May I Ask for One Final Thing? ‒ Episode 8,"This week, May I Ask for One Final Thing? is on Plot Stuff™ overdrive, cramming as many revelations, conflicts, and heaping gobs of lore as it can fit into a single episode.",https://www.animenewsnetwork.com/review/may-i-ask-for-one-final-thing/episode-8/.231075,AnimeNewsNetwork,unknown,"Sun, 16 Nov 2025 09:30:00 -0500",real
Spy×Family Season 3 ‒ Episode 44,"Becky, Anya, and Damian feed off of each other’s bravado, with Anya leading the charge.",https://www.animenewsnetwork.com/review/spy-family-season-3/episode-44/.231066,AnimeNewsNetwork,unknown,"Sun, 16 Nov 2025 08:30:00 -0500",real
Attack on Titan Concert Reveals 2026 U.S. Tour Dates,Orchestral concert for Attack on Titan anime franchise's soundtrack will tour 18 locations in February-March,https://www.animenewsnetwork.com/news/2025-11-16/attack-on-titan-concert-reveals-2026-u.s-tour-dates/.231063,AnimeNewsNetwork,Attack on Titan,"Sun, 16 Nov 2025 08:15:00 -0500",real
"'Killed Again, Mr. Detective?' Light Novels Get TV Anime Next April","Writer Teniwoha, artist Riichu launched novels in 2021",https://www.animenewsnetwork.com/news/2025-11-16/killed-again-mr-detective-light-novels-get-tv-anime-next-april/.231087,AnimeNewsNetwork,unknown,"Sun, 16 Nov 2025 06:47:57 -0500",real
"Re:ZERO Season 4's Main Trailer Reveals New Cast, April 2026 Debut",Tomokazu Sugita joins cast as Reid Astrea,https://www.animenewsnetwork.com/news/2025-11-16/re-zero-season-4-main-trailer-reveals-new-cast-april-2026-debut/.231080,AnimeNewsNetwork,Re:Zero,"Sun, 16 Nov 2025 05:00:00 -0500",real
"A Misanthrope Teaches a Class for Demi-Humans Anime Reveals More Cast, Theme Song Artists","Manami Numakura, Misato Fukuen, Reina Ueda, Yui Ishikawa, Yui Horie join anime's cast",https://www.animenewsnetwork.com/news/2025-11-16/a-misanthrope-teaches-a-class-for-demi-humans-anime-reveals-more-cast-theme-song-artists/.231085,AnimeNewsNetwork,OP,"Sun, 16 Nov 2025 04:09:52 -0500",real
"Sasaki and Peeps Anime's 2nd Season Unveils New Visual, 2026 Premiere",1st season anime premiered in January 2024,https://www.animenewsnetwork.com/news/2025-11-16/sasaki-and-peeps-anime-2nd-season-unveils-new-visual-2026-premiere/.231083,AnimeNewsNetwork,unknown,"Sun, 16 Nov 2025 02:30:00 -0500",real
"SHIBOYUGI: Playing Death Games to Put Food on the Table Anime Reveals January 7 Debut, More Cast in Video","LIN from MADKID performs opening theme; Rena Motomura, Inori Minase, more join cast",https://www.animenewsnetwork.com/news/2025-11-16/shiboyugi-playing-death-games-to-put-food-on-the-table-anime-reveals-january-7-debut-more-cast-in-/.231081,AnimeNewsNetwork,OP,"Sun, 16 Nov 2025 01:00:00 -0500",real
The Detective is Already Dead Season 2 Anime Reveals July 2026 Debut in Teaser Video,More character designs also revealed,https://www.animenewsnetwork.com/news/2025-11-16/the-detective-is-already-dead-season-2-anime-reveals-july-2026-debut-in-teaser-video/.231079,AnimeNewsNetwork,unknown,"Sun, 16 Nov 2025 00:02:55 -0500",real
5th Girls und Panzer das Finale Film Opens in 2026,Teaser visual also revealed,https://www.animenewsnetwork.com/news/2025-11-15/5th-girls-und-panzer-das-finale-film-opens-in-2026/.231057,AnimeNewsNetwork,OP,"Sat, 15 Nov 2025 23:00:00 -0500",real
"Girls & Panzer: Motto Love Love Sakusen Desu! Anime Reveals Theme Songs, Promo Video for 1st of 4 Films",1st film opens on December 26,https://www.animenewsnetwork.com/news/2025-11-15/girls-and-panzer-motto-love-love-sakusen-desu-anime-reveals-theme-songs-promo-video-for-1st-of-4-/.231058,AnimeNewsNetwork,OP,"Sat, 15 Nov 2025 23:00:00 -0500",real
"Classroom of the Elite Season 4 Anime Unveils April Premiere, Trailer, Key Visual, Cast","Minako Satō, Hiroya Egashira, Momoko Seto, Shinnosuke Tokudome, Iori Saeki, Shōgo Sakata join cast of new season",https://www.animenewsnetwork.com/news/2025-11-15/classroom-of-the-elite-season-4-anime-unveils-april-premiere-trailer-key-visual-cast/.231070,AnimeNewsNetwork,unknown,"Sat, 15 Nov 2025 22:30:00 -0500",real
4K Restoration of Mamoru Oshii's The Red Spectacles Film Screens in N.Y. on November 21-23,Screening to take place at Metrograph theater in New York City,https://www.animenewsnetwork.com/news/2025-11-15/4k-restoration-of-mamoru-oshii-the-red-spectacles-film-screens-in-n.y-on-november-21-23/.231060,AnimeNewsNetwork,unknown,"Sat, 15 Nov 2025 21:21:32 -0500",real
To Your Eternity Season 3 ‒ Episode 7,"“The Attack” is an absolutely deranged episode of To Your Eternity, and I mean that as a compliment.",https://www.animenewsnetwork.com/review/to-your-eternity-season-3/episode-7/.231072,AnimeNewsNetwork,unknown,"Sat, 15 Nov 2025 15:30:00 -0500",real
Gnosia ‒ Episode 6,I would be lying if I said that Gnosia isn't beginning to test my patience for all of its endless tutorializing.,https://www.animenewsnetwork.com/review/gnosia/episode-6/.231071,AnimeNewsNetwork,unknown,"Sat, 15 Nov 2025 14:30:00 -0500",real
You Don't Know Gunma Yet Light Anime's 2nd Teaser Reveals Theme Song,"Masayuki Deguchi performs ""Jomo Karuta~Reiwa-ban"" for January 2026 series",https://www.animenewsnetwork.com/news/2025-11-15/you-dont-know-gunma-yet-light-anime-2nd-teaser-reveals-theme-song/.231065,AnimeNewsNetwork,unknown,"Sat, 15 Nov 2025 13:15:33 -0500",real
"Japan's Video Game Rankings, November 3-9",Hyrule Warriors: Age of Imprisonment debuts at #1,https://www.animenewsnetwork.com/news/2025-11-15/japan-video-game-rankings-november-3-9/.231028,AnimeNewsNetwork,unknown,"Sat, 15 Nov 2025 12:15:00 -0500",real
Manga Up! Global Adds The Corrupt Guildmaster Is Beloved by the Banished Manga in English,Yatsukishiro's manga adaptation of Ibarakino's story launched in April 2024,https://www.animenewsnetwork.com/news/2025-11-15/manga-up-global-adds-the-corrupt-guildmaster-is-beloved-by-the-banished-manga-in-english/.231055,AnimeNewsNetwork,unknown,"Sat, 15 Nov 2025 10:00:00 -0500",real
SANDA ‒ Episode 7,"Even in an episode that doesn’t shift that status quo too much, it's fun to see this world get built up a bit more and these characters come closer together.",https://www.animenewsnetwork.com/review/sanda/episode-7/.231062,AnimeNewsNetwork,unknown,"Sat, 15 Nov 2025 09:30:00 -0500",real
This Monster Wants to Eat Me ‒ Episode 7,"The soundtrack and voice acting work in tandem as Shiori pulls Hinako in for a hug. It feels vulnerable, tender, and romantic.",https://www.animenewsnetwork.com/review/this-monster-wants-to-eat-me/episode-7/.231047,AnimeNewsNetwork,unknown,"Sat, 15 Nov 2025 08:30:00 -0500",real
Angel's Egg Anime Film Review,"Mamoru Oshii and Yoshitaka Amano's Angel's Egg remains an enigmatic entry in both creators' careers. Surreal and beautiful, we can only hope more legitimate exposure may lead to broader availability.",https://www.animenewsnetwork.com/review/angel-egg/anime-film/.202096,AnimeNewsNetwork,OP,"Mon, 11 Sep 2023 12:00:00 -0400",real
Celebrating 60 years of Ultraman at the American Dream Mall,Check out this article celebrating the 60 years of a hero who continues to&hellip;,https://animecorner.me/celebrating-60-years-of-ultraman-at-the-american-dream-mall/,AnimeCorner,unknown,"Sat, 22 Nov 2025 09:46:39 GMT",real
Avatar: The Last Airbender - 20th Anniversary Panel at NYCC 2025,,https://animecorner.me/avatar-the-last-airbender-20th-anniversary-panel-at-nycc-2025/,AnimeCorner,unknown,"Sat, 22 Nov 2025 09:34:49 GMT",real
WEBTOON Interview: Ro-taniah (Star Catcher) & ToniRenea (Osora),Check out this interview with WEBTOON Creators Ro-Taniah (Star Catcher) &amp; ToniRenea (Osora),https://animecorner.me/webtoon-interview-ro-taniah-star-catcher-tonirenea-osora/,AnimeCorner,unknown,"Sat, 22 Nov 2025 09:33:04 GMT",real
An Interview With the Legendary Kenjiro Tsuda: Yu-Gi-Oh! 25th Anniversary at Anime NYC 2025,"Check out this exhilarating interview with Kenjiro Tsuda-san, who voices Seto Kaiba in Yu-Gi-Oh!",https://animecorner.me/an-interview-with-the-legendary-kenjiro-tsuda-yu-gi-oh-25th-anniversary-at-anime-nyc-2025/,AnimeCorner,unknown,"Sat, 22 Nov 2025 09:30:14 GMT",real
"WEBTOON Interview: Punko (Stagtown, Cinderella Boy) & Brent Bristol (Ordeal)",,https://animecorner.me/webtoon-interview-punko-stagtown-cinderella-boy-brent-bristol-ordeal/,AnimeCorner,unknown,"Sat, 22 Nov 2025 09:29:45 GMT",real
"Tetsuo Hara in Lucca Comics & Games 2025: Award, Exhibition, and Activities",,https://animecorner.me/tetsuo-hara-in-lucca-comics-games-award-exhibition-and-activities/,AnimeCorner,unknown,"Sat, 22 Nov 2025 09:17:11 GMT",real
My Happy Marriage Gets Special Episodes in 2026,"My Happy Marriage anime is getting three special episodes in 2026, exclusively streamed on&hellip;",https://animecorner.me/my-happy-marriage-gets-special-episodes-in-2026/,AnimeCorner,unknown,"Sat, 22 Nov 2025 04:19:56 GMT",real
Fall 2025 Anime Rankings - Week 7,"The seventh weekly poll for the Fall 2025 anime season, hosted by Anime Corner,&hellip;",https://animecorner.me/fall-2025-anime-rankings-week-7/,AnimeCorner,unknown,"Fri, 21 Nov 2025 20:27:09 GMT",real
Now That We Draw Gets Anime Adaptation,Now That We Draw manga is getting an anime adaptation by studio ROLL2. The&hellip;,https://animecorner.me/now-that-we-draw-gets-anime-adaptation/,AnimeCorner,unknown,"Fri, 21 Nov 2025 12:49:12 GMT",real
"Anyway, I'm Falling in Love with You Season 2 Unveils New Visual, January 8 Premiere","The upcoming Anyway, I'm Falling in Love with You Season 2 anime unveiled a&hellip;",https://animecorner.me/anyway-im-falling-in-love-with-you-season-2-unveils-new-visual-january-8-premiere/,AnimeCorner,unknown,"Fri, 21 Nov 2025 12:16:22 GMT",real
"Newgenesis.cos on the Art of Cosplay, Umamusume and Italian Otaku Culture",Cosplay is an art. There's more to cosplaying than merely replicating the looks of&hellip;,https://animecorner.me/newgensis-cos-on-the-art-of-cosplay-umamusume-and-italian-otaku-culture/,AnimeCorner,unknown,"Fri, 21 Nov 2025 02:01:19 GMT",real
Frieren: Beyond Journey's End Season 2 Unveils New Trailer,The upcoming Frieren: Beyond Journey's End Season 2 unveiled a new trailer on Thursday.&hellip;,https://animecorner.me/frieren-beyond-journeys-end-season-2-unveils-new-trailer/,AnimeCorner,unknown,"Thu, 20 Nov 2025 11:03:20 GMT",real
"Kaya-chan Isn’t Scary Anime Unveils New Trailer, Additional Cast, Theme Songs, January 11 Premiere","Kaya-chan Isn’t Scary anime unveiled a new trailer along with additional cast members, theme&hellip;",https://animecorner.me/kaya-chan-isnt-scary-anime-unveils-new-trailer-additional-cast-theme-songs-january-11-premiere/,AnimeCorner,unknown,"Thu, 20 Nov 2025 10:06:26 GMT",real
"Magnetic Press Brings FREAKS’ SQUEELE to Kickstarter With All Seven Volumes, Artbook, and Collector's Box","Magnetic Press is launching a Kickstarter campaign for FREAKS’ SQUEELE, the seven-volume comic series&hellip;",https://animecorner.me/magnetic-press-brings-freaks-squeele-to-kickstarter-with-all-seven-volumes-artbook-and-collectors-box/,AnimeCorner,unknown,"Wed, 19 Nov 2025 17:18:43 GMT",real
"That Time I Got Reincarnated as a Slime the Movie: Tears of the Azure Sea Reveals Key Visual, Trailer, Additional Cast",The upcoming That Time I Got Reincarnated as a Slime the Movie: Tears of&hellip;,https://animecorner.me/that-time-i-got-reincarnated-as-a-slime-the-movie-tears-of-the-azure-sea-reveals-key-visual-trailer-additional-cast/,AnimeCorner,unknown,"Wed, 19 Nov 2025 07:41:25 GMT",real
"Killed Again, Mr. Detective Light Novel Gets Anime","Killed Again, Mr. Detective light novel written by Teniwoha and illustrated by Riichu is&hellip;",https://animecorner.me/killed-again-mr-detective-light-novel-gets-anime/,AnimeCorner,unknown,"Tue, 18 Nov 2025 22:26:48 GMT",real
"Witch Hat Atelier Reveals New Teaser Trailer, Main Cast, April 2026 Premiere",Witch Hat Atelier revealed a new teaser trailer featuring the main cast and an&hellip;,https://animecorner.me/witch-hat-atelier-reveals-new-teaser-trailer-main-cast-april-2026-premiere/,AnimeCorner,unknown,"Tue, 18 Nov 2025 09:18:17 GMT",real
"Re:ZERO Season 4 Reveals New Trailer, Visual, April 2026 Premiere, Reid's Voice Actor","At the MF Bunko J Autumn School Festival special program, the upcoming Re:ZERO Season&hellip;",https://animecorner.me/rezero-season-4-reveals-new-trailer-visual-april-2026-premiere-reids-voice-actor/,AnimeCorner,Re:Zero,"Sun, 16 Nov 2025 10:04:38 GMT",real
"A Misanthrope Teaches a Class for Demi-Humans Reveals Additional Cast, Opening Theme Song",The previously announced A Misanthrope Teaches a Class for Demi-Humans revealed five additional cast&hellip;,https://animecorner.me/a-misanthrope-teaches-a-class-for-demi-humans-reveals-additional-cast-opening-theme-song/,AnimeCorner,OP,"Sun, 16 Nov 2025 09:37:30 GMT",real
Sasaki and Peeps Season 2 Unveils New Visual,The upcoming Sasaki and Peeps Season 2 has unveiled a new visual and a&hellip;,https://animecorner.me/sasaki-and-peeps-season-2-unveils-new-visual/,AnimeCorner,unknown,"Sun, 16 Nov 2025 09:28:11 GMT",real
"Playing Death Games to Put Food on the Table Reveals Visual, Trailer, Additional Cast",The upcoming Playing Death Games to Put Food on the Table revealed a new&hellip;,https://animecorner.me/playing-death-games-to-put-food-on-the-table-reveals-visual-trailer-additional-cast/,AnimeCorner,unknown,"Sun, 16 Nov 2025 09:20:32 GMT",real
"The Detective Is Already Dead Season 2 Reveals Teaser Trailer, July 2026 Premiere",The Detective Is Already Dead Season 2 revealed a teaser trailer and a July&hellip;,https://animecorner.me/the-detective-is-already-dead-season-2-reveals-teaser-trailer-july-2026-premiere/,AnimeCorner,unknown,"Sun, 16 Nov 2025 05:06:31 GMT",real
Fam Kuji Is Giving Us The Cafe Terrace and Its Goddessed Neko Maids,"The Megami no Café Terrace has ended, but thanks to the Fam Kuji x&hellip;",https://animecorner.me/fam-kuji-is-giving-us-the-cafe-terrace-and-its-goddessed-neko-maids/,AnimeCorner,unknown,"Sun, 16 Nov 2025 03:35:38 GMT",real
"Classroom of the Elite Season 4 New Trailer Features Additional Cast, April 2026 Premeire",Classroom of the Elite Season 4 revealed a new trailer featuring 6 additional cast&hellip;,https://animecorner.me/classroom-of-the-elite-season-4-new-trailer-features-additional-cast-april-2026-premeire/,AnimeCorner,unknown,"Sun, 16 Nov 2025 03:32:17 GMT",real
The 19 Episode of Umamusume: Cinderella Gray Is Delayed,It's an unfortunate week for horse-girl lovers. The 19th episode of Umamusume: Cinderella Gray&hellip;,https://animecorner.me/the-19-episode-of-umamusume-cinderella-gray-is-delayed/,AnimeCorner,unknown,"Sun, 16 Nov 2025 00:52:05 GMT",real
5 Great Anime That Deserve To Be Called Modern Classics,"Image Courtesy of Netflix
The definition of classic regarding entertainment media can vary depending on the format, genre, and medium. It can also change from person to person, with some fans having wildly different opinions on what makes a classic than others within the community. Anime classics are often debated and discussed at length, though there are undoubtedly a [&#8230;]
The post 5 Great Anime That Deserve To Be Called Modern Classics appeared first on ComicBook.com.",https://comicbook.com/anime/list/5-great-anime-that-deserve-to-be-called-modern-classics/,ComicBook,OP,"Sat, 22 Nov 2025 03:00:00 +0000",real
10 Most Powerful Jujutsu Kaisen Characters Ranked,"Image Courtesy of MAPPA
Warning: This article contains spoilers from the Jujutsu Kaisen manga! Gege Akutami&#8217;s Jujutsu Kaisen is famous for featuring intense battles full of thrilling and exciting moments. This dark fantasy follows Yuji Itadori, who gets tangled up in the world of Jujutsu sorcery after meeting Megumi Fushiguro and learning about curses. After being attacked by powerful [&#8230;]
The post 10 Most Powerful Jujutsu Kaisen Characters Ranked appeared first on ComicBook.com.",https://comicbook.com/anime/list/10-most-powerful-jujutsu-kaisen-characters-ranked/,ComicBook,Jujutsu Kaisen,"Sat, 22 Nov 2025 00:30:00 +0000",real
Dragon Ball: 7 Most Powerful Saiyans of All Time Ranked,"Courtesy of Toei Animation
Over forty years ago, the world of Shonen took a drastic turn as Akira Toriyama&#8217;s Dragon Ball manga debuted in Shueisha&#8217;s Weekly Shonen Jump magazine. The series eventually became one of the most iconic anime and manga franchises in Shonen history, influencing the entire demographic as we know today. Dragon Ball has forever etched its [&#8230;]
The post Dragon Ball: 7 Most Powerful Saiyans of All Time Ranked appeared first on ComicBook.com.",https://comicbook.com/anime/list/dragon-ball-7-most-powerful-saiyans-of-all-time-ranked/,ComicBook,Dragon Ball,"Fri, 21 Nov 2025 23:15:00 +0000",real
"Jujutsu Kaisen Didn’t Make Use of Its Biggest Strength, But the Sequel Can Change That","Image Courtesy of Shueisha
Warning: This article contains spoilers from the Jujutsu Kaisen Modulo manga! Gege Akutami&#8217;s hit Weekly Shonen Jump manga, Jujutsu Kaisen, is one of the most popular series of all time. The manga has already reached its conclusion in September 2024, but the popularity only keeps rising with the anime&#8217;s upcoming season and the new manga [&#8230;]
The post Jujutsu Kaisen Didn&#8217;t Make Use of Its Biggest Strength, But the Sequel Can Change That appeared first on ComicBook.com.",https://comicbook.com/anime/feature/jujutsu-kaisen-didnt-make-use-of-its-biggest-strength-but-the-sequel-can-change-that/,ComicBook,OP,"Fri, 21 Nov 2025 21:45:32 +0000",real
"34 Years Ago Today, This Classic The Simpsons Episode Sparked a Surprise Homer Feud (And Even Made it to Fortnite)","Courtesy of 20th Television Animation
34 years ago today, The Simpsons aired an episode that became such a classic because of its surprise feud for Homer that it even made it to Fortnite decades later. The Simpsons has been going on for over three decades at this point, so it&#8217;s no surprise to know that all of the characters have [&#8230;]
The post 34 Years Ago Today, This Classic The Simpsons Episode Sparked a Surprise Homer Feud (And Even Made it to Fortnite) appeared first on ComicBook.com.",https://comicbook.com/tv-shows/feature/34-years-ago-today-this-classic-the-simpsons-episode-sparked-a-surprise-homer-feud-and-even-made-it-to-fortnite/,ComicBook,unknown,"Fri, 21 Nov 2025 21:00:00 +0000",real
Official One Piece Reveal Immediately Revives a Famous Theory,"Image Courtesy of Toei Animation
Warning: This article contains spoilers from the One Piece manga! The One Piece manga will soon wrap up the highly anticipated God Valley flashback and move on to unveil the truth behind Harald&#8217;s death. It doesn&#8217;t take long for the fabled land of the Giants to turn into a warzone after Luffy and his crew [&#8230;]
The post Official One Piece Reveal Immediately Revives a Famous Theory appeared first on ComicBook.com.",https://comicbook.com/anime/feature/official-one-piece-reveal-immediately-revives-a-famous-theory/,ComicBook,One Piece,"Fri, 21 Nov 2025 20:15:00 +0000",real
Shonen Jump’s Hardest-Hitting Classic Series Prepares an Anime Funeral For Its Villains,"Toei Animation
Like many other villains in pop culture, the villains of anime can often be so evil that few survivors mourn their loss. Antagonists such as Dragon Ball Z&#8217;s Frieza, My Hero Academia&#8217;s All For One, Bleach&#8217;s Aizen, and Jujutsu Kaisen&#8217;s Sukuna have so many casualties lying at their feet that it&#8217;s hard to believe that [&#8230;]
The post Shonen Jump&#8217;s Hardest-Hitting Classic Series Prepares an Anime Funeral For Its Villains appeared first on ComicBook.com.",https://comicbook.com/anime/news/shonen-jump-hardest-hitting-classic-series-prepares-an-anime-funeral-for-its-villains/,ComicBook,OP,"Fri, 21 Nov 2025 19:50:28 +0000",real
Jujutsu Kaisen Just Resurrected a Major Character (And You Probably Missed It),"MAPPA
Jujutsu Kaisen fans are counting down the days until they can see the third season of the popular anime adaptation hit the screen, with the shonen franchise giving them a chance to see it early next month. While Jujutsu Kaisen season three lands on television in January, the compilation film, Jujutsu Kaisen: Execution, hits North [&#8230;]
The post Jujutsu Kaisen Just Resurrected a Major Character (And You Probably Missed It) appeared first on ComicBook.com.",https://comicbook.com/anime/news/jujutsu-kaisen-just-resurrected-a-major-character-and-you-probably-missed-it/,ComicBook,OP,"Fri, 21 Nov 2025 18:39:45 +0000",real
Popular Free RPG Reveals New Details for Delicious In Dungeon Collab with Spot-On Trailer,"Courtesy of Studio Trigger
When it comes to free RPGs, your mileage may vary. But since its release in 2024, fantasy RPG AFK Journey has claimed the hearts and gaming time of many fans. Released as a sequel to the idle RPG AFK Arena, this game features board game-style combat and a vast open world for players to explore. [&#8230;]
The post Popular Free RPG Reveals New Details for Delicious In Dungeon Collab with Spot-On Trailer appeared first on ComicBook.com.",https://comicbook.com/gaming/news/popular-free-rpg-reveals-new-details-for-delicious-in-dungeon-collab-with-spot-on-trailer/,ComicBook,OP,"Fri, 21 Nov 2025 18:39:34 +0000",real
Star Wars: Stunt Performer Accuses Disney of Plagiarism With Anime Series,"Disney
Star Wars: Visions marked the first time that the universe of the Jedi and the Sith was given stories born from the anime world. Bringing together anime studios from Japan, as well as North American animation companies over the course of its first three seasons, the Disney franchise saw success wth this new anthology series. [&#8230;]
The post Star Wars: Stunt Performer Accuses Disney of Plagiarism With Anime Series appeared first on ComicBook.com.",https://comicbook.com/anime/news/star-wars-stunt-performer-accuses-disney-of-plagiarism-with-anime-series/,ComicBook,unknown,"Fri, 21 Nov 2025 17:26:27 +0000",real
Family Guy Showrunners Explain Why Major Characters Are Missing From The Holiday Special,"Hulu
While series like Family Guy and The Simpsons remain a part of Fox&#8217;s Animation Domination, the animated shows are releasing a steady string of specials on streaming services these days. While Springfield&#8217;s finest routinely bring their specials to Disney+, Quahog&#8217;s favorite family releases their chapters on Hulu. Releasing a Halloween special earlier this year, Family [&#8230;]
The post Family Guy Showrunners Explain Why Major Characters Are Missing From The Holiday Special appeared first on ComicBook.com.",https://comicbook.com/tv-shows/news/family-guy-showrunners-explain-why-major-characters-are-missing-from-the-holiday-special/,ComicBook,unknown,"Fri, 21 Nov 2025 16:17:59 +0000",real
10 Best Toonami Anime That Made Everyone An Anime Fan,"Image Courtesy of MAPPA
Anyone who became an anime fan in the &#8217;90s or 2000s probably became one thanks to the anime programming block Toonami; before the advent of streaming and simulcasts, Toonami was one of the only ways to watch old and new anime alike, and even though it’s fallen off in relevancy, it’s still beloved for its [&#8230;]
The post 10 Best Toonami Anime That Made Everyone An Anime Fan appeared first on ComicBook.com.",https://comicbook.com/anime/list/10-best-toonami-anime-list/,ComicBook,unknown,"Fri, 21 Nov 2025 16:00:00 +0000",real
Naruto’s Live-Action Movie Shares Unfortunate Update,"Pierrot
The world of live-action anime adaptations is only continuing to grow, with recent success like Netflix&#8217;s One Piece leading the charge for this new medium to expand in ways that many believed would be impossible. Announced in recent years, the Hidden Leaf Village of Konoha is set to receive a live-action movie from Lionsgate. Helmed [&#8230;]
The post Naruto&#8217;s Live-Action Movie Shares Unfortunate Update appeared first on ComicBook.com.",https://comicbook.com/anime/news/naruto-live-action-movie-shares-unfortunate-update/,ComicBook,One Piece,"Fri, 21 Nov 2025 15:23:07 +0000",real
Boruto Kicks Off Its Most Exciting Battle Yet (With the Potential to Surpass Every Previous One),"
Boruto: Two Blue Vortex’s new chapter has recently been released, and as the series has been hinting at over the past few chapters, it finally kicks off its newest battle against Mamushi, one of the Divine Trees. After their encounter with Jura, Boruto and Kashin Koji warned the Hokage, Shikamaru, about the next threat, with [&#8230;]
The post Boruto Kicks Off Its Most Exciting Battle Yet (With the Potential to Surpass Every Previous One) appeared first on ComicBook.com.",https://comicbook.com/anime/feature/boruto-kicks-off-its-most-exciting-battle-yet-with-the-potential-to-surpass-every-previous-one/,ComicBook,Boruto,"Fri, 21 Nov 2025 14:00:00 +0000",real
"After 41 Years, Dragon Ball Will Finally Decide Its Most Popular Character (And You Can Help)","Image Courtesy of Toei Animation
On November 20th, 2025, the Dragon Ball franchise marked 41 years since the manga first debuted, and to celebrate, the series is planning major events, including finally settling the long-standing debate over who is the most popular character. The franchise features a diverse cast, each beloved for their own charm. With decades of legacy behind [&#8230;]
The post After 41 Years, Dragon Ball Will Finally Decide Its Most Popular Character (And You Can Help) appeared first on ComicBook.com.",https://comicbook.com/anime/news/after-41-years-dragon-ball-will-finally-decide-its-most-popular-character-and-you-can-help/,ComicBook,OP,"Fri, 21 Nov 2025 13:30:00 +0000",real
Jujutsu Kaisen’s Sequel Seriously Needs To Fix The Franchise’s Biggest Problem,"Image Courtesy of Shueisha
As Jujutsu Kaisen has risen to be one of the biggest names in modern anime, it has also, inevitably, become one of the most controversial. Despite its popularity, Jujutsu Kaisen has often been criticized for how it handles certain characters and story beats, all of which led to an unfortunately lackluster finale that only tarnished [&#8230;]
The post Jujutsu Kaisen&#8217;s Sequel Seriously Needs To Fix The Franchise&#8217;s Biggest Problem appeared first on ComicBook.com.",https://comicbook.com/anime/feature/jujutsu-kaisen-modulo-female-cast-problem-op-ed/,ComicBook,OP,"Fri, 21 Nov 2025 13:00:00 +0000",real
10 Exciting Upcoming Anime in 2026 No One Is Talking About,"Image Courtesy of Kyoto Animation/Arvo Animation
2025 has been a phenomenal year for anime fans with the return of several exciting shows such as Solo Leveling, Dandadan, and many more. Additionally, the year also introduced several new additions to the anime world, including Sakamoto Days and Witch Watch. However, if you thought this year was thrilling, you will be blown away [&#8230;]
The post 10 Exciting Upcoming Anime in 2026 No One Is Talking About appeared first on ComicBook.com.",https://comicbook.com/anime/list/10-exciting-upcoming-anime-in-2026-no-one-is-talking-about/,ComicBook,Solo Leveling,"Fri, 21 Nov 2025 00:15:00 +0000",real
5 Ongoing Shonen Jump Series That Deserve a Lot More Attention,"Image Courtesy of Shueisha
Shueisha&#8217;s most famous and best-selling manga magazine, Weekly Shonen Jump, launched its first issue in 1968 and has slowly climbed to the top since then. The magazine has serialized several hundred series since then, including the all-time classics such as Dragon Ball, One Piece, Naruto, and Bleach, which still have massive global fan followings. The [&#8230;]
The post 5 Ongoing Shonen Jump Series That Deserve a Lot More Attention appeared first on ComicBook.com.",https://comicbook.com/anime/list/5-ongoing-shonen-jump-series-that-deserve-a-lot-more-attention/,ComicBook,One Piece,"Thu, 20 Nov 2025 22:30:00 +0000",real
Jujutsu Kaisen Season 3 Faces Major Issue After Recent Update,"Image Courtesy of MAPPA
Warning: This article contains spoilers from the Jujutsu Kaisen manga! The highly anticipated Jujutsu Kaisen Season 3 is all set for its premiere on January 8th, 2026. The latest film, Jujutsu Kaisen: Execution, is already a massive hit across the globe, featuring a compilation of the Shibuya Incident Arc and the first two episodes of [&#8230;]
The post Jujutsu Kaisen Season 3 Faces Major Issue After Recent Update appeared first on ComicBook.com.",https://comicbook.com/anime/news/jujutsu-kaisen-season-3-faces-major-issue-after-recent-update/,ComicBook,Jujutsu Kaisen,"Thu, 20 Nov 2025 21:35:00 +0000",real
Netflix’s One Piece Reveals Live-Action Wapol (And He’s Perfect),"Toei Animation 
Netflix&#8217;s One Piece is set to return in 2026, with the second season of the live-action hit bringing in plenty of villains, old and new, to the Grand Line. While the villainous Crocodile might be the biggest fiend in season two, running Baroqueworks behind the scenes, there&#8217;s another antagonist that might be considered the &#8220;big [&#8230;]
The post Netflix&#8217;s One Piece Reveals Live-Action Wapol (And He&#8217;s Perfect) appeared first on ComicBook.com.",https://comicbook.com/anime/news/netflix-one-piece-reveals-live-action-wapol-and-hes-perfect/,ComicBook,One Piece,"Thu, 20 Nov 2025 20:58:32 +0000",real
Shonen Jump Wraps Up 2025 With Two Hottest Series Confirming Exciting Collab,"Courtesy of Shueisha
As the year draws near its end, Weekly Shonen Jump confirms an exciting start to the year 2026 with Kagurabachi and Ichi the Witch sharing the spotlight in the first issue. 2026&#8217;s first issue is expected to be released on December 22nd, 2025. 2025 has been a rocky year for Weekly Shonen Jump, with several [&#8230;]
The post Shonen Jump Wraps Up 2025 With Two Hottest Series Confirming Exciting Collab appeared first on ComicBook.com.",https://comicbook.com/anime/news/shonen-jump-wraps-up-2025-with-two-hottest-series-confirming-exciting-collab/,ComicBook,unknown,"Thu, 20 Nov 2025 20:15:00 +0000",real
Crunchyroll’s Newest Shonen Anime Has a Chance to Do Something Never Done Before (And It Shouldn’t Miss It),"Crunchyroll
Crunchyroll&#8216;s newest and darkest shonen anime in years has been an outstanding installment since its debut in the summer of 2025, and in its latest arc, it has created an opportunity to present its protagonist in a light never before seen in any shonen series. Shonen protagonists have always been portrayed as characters with driven [&#8230;]
The post Crunchyroll&#8217;s Newest Shonen Anime Has a Chance to Do Something Never Done Before (And It Shouldn’t Miss It) appeared first on ComicBook.com.",https://comicbook.com/anime/feature/crunchyrolls-newest-shonen-anime-has-a-chance-to-do-something-never-done-before-and-it-shouldnt-miss-it/,ComicBook,OP,"Thu, 20 Nov 2025 20:00:00 +0000",real
Black Panther’s Michael B. Jordan Explains My Hero Academia to Other Celebrities,"Disney &amp; Shueisha
Actor Michael B. Jordan has worn his love of anime on his sleeve in recent years. The star of Black Panther, Creed, Sinners, and more has long had an affinity for series such as Attack on Titan, Naruto, and many other stories that make up the medium. Recently, the prolific star recently sat down with [&#8230;]
The post Black Panther&#8217;s Michael B. Jordan Explains My Hero Academia to Other Celebrities appeared first on ComicBook.com.",https://comicbook.com/anime/news/black-panthers-michael-b-jordan-explains-my-hero-academia-to-other-celebrities/,ComicBook,Naruto,"Thu, 20 Nov 2025 19:56:38 +0000",real
Demon Slayer Creator Set to Return With Exciting Surprise After Infinity Castle’s Success,"Image Courtesy of Ufotable
The first installment of the&#160;Demon Slayer: Infinity Castle&#160;trilogy made history after crossing the 100 billion yen milestone across the globe, becoming the first Japanese film ever to do so. It even surpassed the overall box office records of several Hollywood hits, including all the Marvel and DC films released this year, and continues to rise [&#8230;]
The post Demon Slayer Creator Set to Return With Exciting Surprise After Infinity Castle&#8217;s Success appeared first on ComicBook.com.",https://comicbook.com/anime/news/demon-slayer-creator-set-to-return-with-exciting-surprise-after-infinity-castles-success/,ComicBook,Demon Slayer,"Thu, 20 Nov 2025 18:30:05 +0000",real
One Piece Unveils the Official Coloring of the Best Panel of All Time,"Image Courtesy of Toei Animation
Warning: This article contains spoilers from the One Piece manga! The highly anticipated Elbaph Arc in the One Piece manga continues to surprise fans with several mystery reveals and introductions to new characters. Fans have been awaiting this arc for over two decades, ever since the Straw Hat Pirates met Dorry and Brogy in the [&#8230;]
The post One Piece Unveils the Official Coloring of the Best Panel of All Time appeared first on ComicBook.com.",https://comicbook.com/anime/news/one-piece-unveils-the-official-coloring-of-the-best-panel-of-all-time/,ComicBook,One Piece,"Thu, 20 Nov 2025 17:45:00 +0000",real
Seven Deadly Sins Introduces Wildly Controversial Change to Major Character (And Fans Are Furious),"
The Seven Deadly Sins has been one of those anime franchises that has found success in more ways than one. Even when the original manga ended, the world that introduced anime fans to the likes of Meliodas and Elisabeth has continued thanks to sequels and spin-offs. Perhaps the biggest has been Seven Deadly Sins: Four [&#8230;]
The post Seven Deadly Sins Introduces Wildly Controversial Change to Major Character (And Fans Are Furious) appeared first on ComicBook.com.",https://comicbook.com/anime/news/seven-deadly-sins-introduces-wildly-controversial-change-to-major-character-and-fans-are-furious/,ComicBook,unknown,"Thu, 20 Nov 2025 17:30:33 +0000",real
5 Underrated Slice-of-Life Anime Gems You Probably Missed,"
The slice-of-life genre can offer some of the most heartfelt and memorable experiences in anime.
The post 5 Underrated Slice-of-Life Anime Gems You Probably Missed appeared first on ComicBook.com.",https://comicbook.com/anime/list/5-underrated-slice-of-life-anime-gems-you-probably-missed/,ComicBook,unknown,"Thu, 20 Nov 2025 17:00:00 +0000",real
Jujutsu Kaisen Star Teases Epic Gojo Moment in Season 3,"Image Courtesy of MAPPA
Warning: This article contains spoilers from the Jujutsu Kaisen manga! The latest Jujutsu Kaisen: Execution film has been a major blockbuster hit, which further grows anticipation among fans for the upcoming Season 3. The film features a recap of the Shibuya Incident Arc as well as the first two episodes of the upcoming season, which [&#8230;]
The post Jujutsu Kaisen Star Teases Epic Gojo Moment in Season 3 appeared first on ComicBook.com.",https://comicbook.com/anime/news/jujutsu-kaisen-star-teases-epic-gojo-moment-in-season-3/,ComicBook,Jujutsu Kaisen,"Thu, 20 Nov 2025 16:45:00 +0000",real
Solo Leveling Shares Major Live-Action Adaptation Update,"
Following the footsteps of successful projects like One Piece, Avatar: The Last Airbender, and Yu Yu Hakusho, Netflix is planning to dive right into a live-action adaptation of one of anime&#8217;s biggest new series. Solo Leveling is set to hit the streaming service with a live-action series that will recreate the adventures of Jinwoo Sung [&#8230;]
The post Solo Leveling Shares Major Live-Action Adaptation Update appeared first on ComicBook.com.",https://comicbook.com/anime/news/solo-leveling-shares-major-live-action-adaptation-update/,ComicBook,One Piece,"Thu, 20 Nov 2025 16:32:20 +0000",real
Dragon Ball Z Abridged’s Spiritual Successor is Here (And It’s a Toonami Favorite),"Warner Bros
Dragon Ball Z Abridged has become legendary within the anime world, thanks to Team Four Star recreating a good portion of the beloved shonen franchise. Recreating the story of the Z-Fighters with a far more humorous take, while also adding new dialogue to hammer home the hilarity, the YouTube creators decided to leave the world [&#8230;]
The post Dragon Ball Z Abridged&#8217;s Spiritual Successor is Here (And It&#8217;s a Toonami Favorite) appeared first on ComicBook.com.",https://comicbook.com/anime/news/dragon-ball-z-abridged-spiritual-successor-is-here-and-its-a-toonami-favorite/,ComicBook,Dragon Ball,"Thu, 20 Nov 2025 15:29:55 +0000",real
Adult Swim Confirms Primal Season 3 Release Date (And It’s Coming Very Soon),"Courtesy of Adult Swim
Genndy Tartakovsky&#8217;s Primal is going to be making its highly anticipated return for Season 3, and Adult Swim has confirmed just how soon it&#8217;s going to be hitting with the official confirmation of its release date. Primal is one of the most surprising continuations with Adult Swim as the second season really seemed to come [&#8230;]
The post Adult Swim Confirms Primal Season 3 Release Date (And It&#8217;s Coming Very Soon) appeared first on ComicBook.com.",https://comicbook.com/tv-shows/news/adult-swim-confirms-primal-season-3-release-date-and-its-coming-very-soon/,ComicBook,unknown,"Thu, 20 Nov 2025 15:00:00 +0000",real
3 Ways Boruto Is a Better Main Hero Than Naruto (#1 Also Proves His Story Has Even Deeper Potential),"Image courtesy of Pierrot
As a direct continuation of the legacy Naruto series and its titular character, Boruto and its protagonist had a lot to prove about why this sequel was worth investing in. Unlike his father’s story, Boruto’s journey as the son of a famous Hokage without a clear dream was intriguing, and many fans were skeptical about [&#8230;]
The post 3 Ways Boruto Is a Better Main Hero Than Naruto (#1 Also Proves His Story Has Even Deeper Potential) appeared first on ComicBook.com.",https://comicbook.com/anime/list/3-ways-boruto-is-a-better-main-hero-than-naruto-1-also-proves-his-story-has-even-deeper-potential/,ComicBook,Naruto,"Thu, 20 Nov 2025 15:00:00 +0000",real
One of the Decade’s Best Animated Movies Finally Gets the Sequel Update We’ve Been Waiting For,"Dreamworks
DreamWorks has created some of the best examples of animated movies in recent memory, with some of the biggest examples taking place in a magical, fairy tale land. The green ogre known as Shrek might have first landed in 2001, but the Mike Myers-voiced swamp dweller has helped create a world where supporting characters can [&#8230;]
The post One of the Decade&#8217;s Best Animated Movies Finally Gets the Sequel Update We’ve Been Waiting For appeared first on ComicBook.com.",https://comicbook.com/movies/news/one-of-the-decades-best-animated-movies-finally-gets-the-sequel-update-weve-been-waiting-for/,ComicBook,unknown,"Thu, 20 Nov 2025 14:30:47 +0000",real
Frieren Season 2 Finally Drops Trailer Ahead of Premiere: Watch Now,"Courtesy of TOHO Animation
Frieren: Beyond Journey&#8217;s End is likely the most anticipated anime return of 2026, and the anime has finally dropped a full trailer for Season 2 ahead of its big premiere. This year was a pretty strong year for new anime releases, and it&#8217;s already looking like it&#8217;s going to be the same with 2026. There [&#8230;]
The post Frieren Season 2 Finally Drops Trailer Ahead of Premiere: Watch Now appeared first on ComicBook.com.",https://comicbook.com/anime/news/frieren-season-2-finally-drops-trailer-ahead-of-premiere-watch-now/,ComicBook,OP,"Thu, 20 Nov 2025 14:00:00 +0000",real
The Mighty Nein Is Critical Role’s Magic At Its Best (Review),"
Critical Role successfully brought its first campaign to life on the small screen with The Legend of Vox Machina, but now it&#8217;s time for the lovable ragtag group of adventurers known as The Mighty Nein to step into the spotlight. While it takes a few episodes to officially get the gang together, those early episodes [&#8230;]
The post The Mighty Nein Is Critical Role&#8217;s Magic At Its Best (Review) appeared first on ComicBook.com.",https://comicbook.com/tv-shows/review/the-mighty-nein-is-critical-roles-magic-at-its-best-review/,ComicBook,unknown,"Thu, 20 Nov 2025 14:00:00 +0000",real
One-Punch Man Season 3 Is Breaking Records (Just Not the Ones Fans Expected),"Image Courtesy of J.C. Staff
One-Punch Man Season 3 was one of the most anticipated yet most controversial releases of the year. Once celebrated for being one of the highest-quality and most fluid anime adaptations, the series’ reputation took a major hit after Season 2’s poor animation. This left fans cautious about how Season 3 would be handled. The director’s [&#8230;]
The post One-Punch Man Season 3 Is Breaking Records (Just Not the Ones Fans Expected) appeared first on ComicBook.com.",https://comicbook.com/anime/news/one-punch-man-season-3-is-breaking-records-just-not-the-ones-fans-expected/,ComicBook,unknown,"Thu, 20 Nov 2025 13:00:00 +0000",real
Hazbin Hotel Star on THAT Finale Twist. “That’s What Season 3 is About.” [Exclusive],"
Whatever happens, Talai is confident that the answers will be worth the wait, confirming the finale twist was merely the opening act.
The post Hazbin Hotel Star on THAT Finale Twist. “That’s What Season 3 is About.” [Exclusive] appeared first on ComicBook.com.",https://comicbook.com/tv-shows/news/hazbin-hotel-star-on-that-finale-twist-thats-what-season-3-is-about-exclusive/,ComicBook,OP,"Thu, 20 Nov 2025 01:00:00 +0000",real
Fans Of Netflix’s New Masterpiece Samurai Show Already Have 5 Perfect Movies To Watch Next,"Netflix
Netflix has a brand new samurai action series that has been taking over the streamer service since it made its debut, and there are already five perfect movies to watch once you&#8217;ve wrapped it up to keep the party going. Adapting Shogo Imamura&#8217;s novel of the same name, Last Samurai Standing has introduced fans to [&#8230;]
The post Fans Of Netflix&#8217;s New Masterpiece Samurai Show Already Have 5 Perfect Movies To Watch Next appeared first on ComicBook.com.",https://comicbook.com/tv-shows/feature/fans-of-netflixs-new-masterpiece-samurai-show-already-have-5-perfect-movies-to-watch-next/,ComicBook,unknown,"Thu, 20 Nov 2025 01:00:00 +0000",real
Shonen Shouldn’t Be the Only Kind of Anime Hollywood is Banking On,"
Hollywood doesn’t need another chosen one. It needs to choose different ones.
The post Shonen Shouldn’t Be the Only Kind of Anime Hollywood is Banking On appeared first on ComicBook.com.",https://comicbook.com/anime/feature/shonen-shouldnt-be-the-only-kind-of-anime-hollywood-is-banking-on/,ComicBook,unknown,"Thu, 20 Nov 2025 00:31:00 +0000",real
5 Anime That Fell Off Just as They Were Getting Good,"
There are plenty of anime that fall in quality over time, but it&#8217;s especially disappointing when that happens just as they&#8217;re getting good. Momentum is an important part of keeping viewers invested, and some of the best anime series get better with every release. Strong pacing, well-placed plot twists, and satisfying character moments contribute to [&#8230;]
The post 5 Anime That Fell Off Just as They Were Getting Good appeared first on ComicBook.com.",https://comicbook.com/anime/list/anime-fell-off-quality-after-getting-good/,ComicBook,unknown,"Wed, 19 Nov 2025 23:30:00 +0000",real
Jujutsu Kaisen Sequel Already Has Its Next Best Couple After Yuta and Maki,"Image Courtesy of MAPPA
Warning: This article contains spoilers from the Jujutsu Kaisen Modulo manga! Only a year after the main story&#8217;s ending, Gege Akutami returns with a new sequel manga titled Jujutsu Kaisen Modulo. Illustrated by Yuji Iwasaki, the story takes place 68 years after the Culling Game and the defeat of Ryomen Sukuna, the King of the [&#8230;]
The post Jujutsu Kaisen Sequel Already Has Its Next Best Couple After Yuta and Maki appeared first on ComicBook.com.",https://comicbook.com/anime/feature/jujutsu-kaisen-sequel-already-has-its-next-best-couple-after-yuta-and-maki/,ComicBook,Jujutsu Kaisen,"Wed, 19 Nov 2025 22:50:00 +0000",real
7 Underrated Comfort Anime You Need to Watch This Fall Season,"Image Courtesy of MAPPA/Brain's Base
Just like any other anime season, Fall 2025 has no shortage of flashy, action shows that immediately grab the viewers&#8217; eyes. This is especially true for the number of sequels to famous series released each year. However, sometimes series are filled with gentle humor, wholesome characters, and heart-warming stories that make everyday moments feel extraordinary. As [&#8230;]
The post 7 Underrated Comfort Anime You Need to Watch This Fall Season appeared first on ComicBook.com.",https://comicbook.com/anime/news/7-underrated-comfort-anime-you-need-to-watch-this-fall-season/,ComicBook,unknown,"Wed, 19 Nov 2025 22:00:06 +0000",real
"30 Years Ago Today, The Simpsons Gave Fans Its Saddest Ending of All Time (With a Heartbreaking Goodbye)","Courtesy of 20th Television Animation
30 years ago today, The Simpsons debuted an episode that broke fans hearts with the saddest ending in the series to date, and it&#8217;s a goodbye that has still left an impact all these decades later. The Simpsons is no stranger to heartbreaking moments as the long running adult animated series has ran through a [&#8230;]
The post 30 Years Ago Today, The Simpsons Gave Fans Its Saddest Ending of All Time (With a Heartbreaking Goodbye) appeared first on ComicBook.com.",https://comicbook.com/tv-shows/feature/30-years-ago-today-the-simpsons-gave-fans-its-saddest-ending-of-all-time-with-a-heartbreaking-goodbye/,ComicBook,DB,"Wed, 19 Nov 2025 21:00:00 +0000",real
Godzilla Destroys The Marvel Universe Ends With The King of The Monsters Teaming Up With Major Comic Villain,"Marvel &amp; Toho
Godzilla might be tearing his way through the silver screen thanks to offerings like Godzilla Minus One and Godzilla x Kong: The New Empire, along with the small screen thanks to Monarch: Legacy of Monsters, but the King of the Monsters has also been hitting the comics hard. With the titular IDW series taking a [&#8230;]
The post Godzilla Destroys The Marvel Universe Ends With The King of The Monsters Teaming Up With Major Comic Villain appeared first on ComicBook.com.",https://comicbook.com/anime/news/godzilla-destroys-the-marvel-universe-ends-with-the-king-of-the-monsters-teaming-up-with-major-comic-villain/,ComicBook,unknown,"Wed, 19 Nov 2025 20:46:18 +0000",real
New Look at Adult Aang From Avatar: The Last Airbender’s First Movie Finds Its Way Online,"Paramount
Avatar: The Last Airbender is a franchise that refuses to die, with Paramount creating &#8220;Avatar Studios&#8221; to not only create a new television series, but feature-length films as well. Before we witness Avatar: Seven Havens hit the small screen, Aang and the gang are set to return in October of next year, thanks to The [&#8230;]
The post New Look at Adult Aang From Avatar: The Last Airbender&#8217;s First Movie Finds Its Way Online appeared first on ComicBook.com.",https://comicbook.com/anime/news/new-look-at-adult-aang-from-avatar-the-last-airbenders-first-movie-finds-its-way-online/,ComicBook,unknown,"Wed, 19 Nov 2025 19:01:37 +0000",real
Cancelled Shonen Jump Creator to Return With New Series in 2026,"Shueisha
One cancelled Shonen Jump creator is coming back for a new series next year according to a recent update from Shueisha. Shueisha&#8217;s Weekly Shonen Jump magazine is one of the most competitive Shonen franchises running today. Not only do creators need to release a new chapter every week, but they also need to make waves [&#8230;]
The post Cancelled Shonen Jump Creator to Return With New Series in 2026 appeared first on ComicBook.com.",https://comicbook.com/anime/news/cancelled-shonen-jump-creator-to-return-with-new-series-in-2026/,ComicBook,unknown,"Wed, 19 Nov 2025 18:00:00 +0000",real
Hazbin Hotel Secretly Suggests Vox Helped Create One of the Most Infamous Cults in History,"
The breadcrumbs are there, woven into seemingly throwaway lines and visuals, waiting to be pieced together into an even more sinister backstory for the former murderous TV personality. 
The post Hazbin Hotel Secretly Suggests Vox Helped Create One of the Most Infamous Cults in History appeared first on ComicBook.com.",https://comicbook.com/tv-shows/news/hazbin-hotel-secretly-suggests-vox-helped-create-one-of-the-most-infamous-cults-in-history/,ComicBook,unknown,"Wed, 19 Nov 2025 18:00:00 +0000",real
Jujutsu Kaisen Unveils First Look At Season 3’s Most Crucial Character,"Image Courtesy of MAPPA
Warning: This article contains spoilers from the Jujutsu Kaisen manga! After its massive success at the theaters with the latest film, Jujutsu Kaisen: The Execution, the series is all set for its Season 3 premiere in January 2026. While the latest film features a compilation of the Shibuya Incident Arc and the first two episodes [&#8230;]
The post Jujutsu Kaisen Unveils First Look At Season 3&#8217;s Most Crucial Character appeared first on ComicBook.com.",https://comicbook.com/anime/news/jujutsu-kaisen-unveils-first-look-at-season-3s-most-crucial-character/,ComicBook,Jujutsu Kaisen,"Wed, 19 Nov 2025 17:30:07 +0000",real
Cartoon Network Fan Favorite Series Announces New Season For Hulu,"Warner Bros
While Cartoon Network might still be a cable television network, this doesn&#8217;t mean that the Warner Bros channel isn&#8217;t getting with the times. Many of its series don&#8217;t just find homes in the world of streaming; there have been some animated shows that completely bypass the airwaves to arrive on streaming services. In recent memory, [&#8230;]
The post Cartoon Network Fan Favorite Series Announces New Season For Hulu appeared first on ComicBook.com.",https://comicbook.com/anime/news/cartoon-network-fan-favorite-series-announces-new-season-for-hulu/,ComicBook,unknown,"Wed, 19 Nov 2025 17:29:30 +0000",real
Funko Drops New Kaiju No. 8 Pops With a Super-Sized Uncontrolled and Kikoru Axe Slam,"
The anime and manga series Kaiju No. 8 has one of the Funko spotlights today, as they’ve released a second wave of Pop figures inspired by the show. It&#8217;s a huge wave, and many characters make an appearance here, including Aoi, Haruichi, Iharu, Isao, Kikaro, and a Kaiju No. 8 (Uncontrolled), which comes as a [&#8230;]
The post Funko Drops New Kaiju No. 8 Pops With a Super-Sized Uncontrolled and Kikoru Axe Slam appeared first on ComicBook.com.",https://comicbook.com/gear/product-news/funko-drops-new-kaiju-no-8-pops-with-a-super-sized-uncontrolled-and-kikoru-axe-slam/,ComicBook,OP,"Wed, 19 Nov 2025 17:11:12 +0000",real
MANGA REVIEW: Isekai Metaller Is a Hard Rocking Fantasy Adventure,"Ever think the current wave of reincarnation isekai could be more&#8230; well&#8230; metal? Good news: now there&#8217;s one that is! Kasuga Ryo&#8217;s Isekai Metaller is coming from Titan Manga next month, bringing with it an unlikely fantasy hero. But don&#8217;t let his grim appearance fool you. His goal is to help everyone feel heard and understood. Join us...",https://otakuusamagazine.com/manga-review-isekai-metaller-volume-1/,OtakuUSA,unknown,"Tue, 02 Sep 2025 11:00:22 +0000",real
Three Powerful Back-to-School Anime,"It&#8217;s back-to-school time again! And we could hit you with the usual school-centric anime series to get you back in the mindset. But we&#8217;re pretty sure you&#8217;ve all caught up to My Hero Academia and MASHLE: MAGIC &#38; MUSCLES by now. (And if you haven&#8217;t, you really should!) So we&#8217;re diving backward to find some classics, as well...",https://otakuusamagazine.com/back-to-school-anime-2025/,OtakuUSA,My Hero Academia,"Sun, 31 Aug 2025 11:00:59 +0000",real
Classic Japanese TRPG Wares Bade is Now Live on Kickstarter,"Love tabletop RPGs, but wish they had a little more mecha in them? The solution is on its way! Classic Japanese TRPG Wares Blade is coming soon from LionWing, and a crowdfunding campaign is now underway. With your support, the company can bring this vintage title to the West in a faithful, playable format. But who...",https://otakuusamagazine.com/wares-blade-lionwing-kickstarter/,OtakuUSA,OP,"Fri, 29 Aug 2025 11:00:45 +0000",real
Interview with KAF of KAMITSUBAKI CITY UNDER CONSTRUCTION,"After our interview in October 2024, Otaku USA caught up with KAF about the airing of the new KAMITSUBAKI CITY UNDER CONSTRUCTION anime on Crunchyroll. Read the full interview with KAF to learn more about her creative process and experience on her first anime credit. ©KAMITSUBAKI STUDIO/SINKA ANIMATION PROJECT Congratulations on the airing of KAMITSUBAKI...",https://otakuusamagazine.com/kaf-interview-kamitsuki-city-under-construction/,OtakuUSA,unknown,"Thu, 28 Aug 2025 21:26:42 +0000",real
"Plus-Sized Misadventures in Love! Anime Shares New Trailer, Adds to Cast","More details have arrived for the Plus-Sized Misadventures in Love! anime, which kicks off its adaptation of mamakari’s manga on October 6. In addition to a new trailer and visual, the staff behind the series announced more cast members and theme song info. GANG PARADE is on the opening song, “Happy Yummy Lucky Yummy,” and...",https://otakuusamagazine.com/plus-sized-misadventures-in-love-anime-shares-new-trailer-adds-to-cast/,OtakuUSA,OP,"Thu, 28 Aug 2025 09:55:00 +0000",real
"I Want Your Mother to Be with Me! Is a Laid-back, Slice-of-Life Love Story","In I Want Your Mother to Be with Me!, Ryo is working part-time while trying to pass his accounting exam. He’s also head over heels in love with his coworker, Yuzuki, though she doesn’t know that yet. Yuzuki is a single mom whose husband died shortly after she had her baby. Ryo thinks everything about...",https://otakuusamagazine.com/i-want-your-mother-to-be-with-me-is-a-laid-back-slice-of-life-love-story/,OtakuUSA,unknown,"Thu, 28 Aug 2025 09:43:52 +0000",real
Manga’s Disaster “Prediction” Might Still Be Affecting Japanese Tourism,"Japan saw a drop in tourism — most specifically from Hong Kong — due to the prediction of a manga creator whom some people believe to be psychic. Ryo Tatsuki, the mangaka, rose to fame after her dream book allegedly predicted the 2011 earthquake. When she published another book saying there would be a terrible...",https://otakuusamagazine.com/mangas-disaster-prediction-might-still-be-affecting-japanese-tourism/,OtakuUSA,OP,"Thu, 28 Aug 2025 09:41:28 +0000",real
"Room of Guilty Pleasure Anime Shows Off Trailer After Revealing Early, Uncensored Release","The manga Room of Guilty Pleasure (a.k.a. Guilty Hole: Oshiego Shika Shimei Dekinai Mise for the original Japanese title) is getting an anime adaptation from AnimeFesta. It’s debuting on Japanese TV on October 5, but will get an early (and uncensored) release on September 12 on the streaming outlet OceanVeil. This trailer also dropped for...",https://otakuusamagazine.com/room-of-guilty-pleasure-anime-shows-off-trailer-after-revealing-early-uncensored-release/,OtakuUSA,OP,"Wed, 27 Aug 2025 18:47:42 +0000",real
Kaiju No. 8 Season 2 Trailer Looks Ahead to Next Arc,"A new arc is about to kick off in Kaiju No. 8 season 2, which continues to adapt the Shonen Jump manga by Naoya Matsumoto. Next up for the series is the Bungui-toge Subjugation Operation arc, which begins in episode 19. Check out a preview in the trailer below. Kaiju No. 8 Bungui-toge Subjugation Operation...",https://otakuusamagazine.com/kaiju-no-8-season-2-trailer-looks-ahead-to-next-arc/,OtakuUSA,OP,"Wed, 27 Aug 2025 18:41:14 +0000",real
MANGA REVIEW: City Hunter and Cat’s Eye Omnibus Editions,"Between the new City Hunter movie on Netflix and an upcoming Cat&#8217;s Eye anime adaptation, it&#8217;s a big couple of years for Tsukasa Hojo fans. His two biggest series have always been popular, but they&#8217;re getting more attention than ever lately. So it feels like the perfect time to dive back into the manga that started it all&#8230;...",https://otakuusamagazine.com/manga-review-city-hunter-and-cats-eye-omnibus-editions/,OtakuUSA,OP,"Wed, 27 Aug 2025 11:00:36 +0000",real
Translator Yuki Tejima Talks With Anime Herald,"""The brilliant bookstores, big and small, were how I familiarized myself with Tokyo when I first moved to the city, as they took me to neighborhoods I would never know about otherwise.""
Translator Yuki Tejima Talks With Anime Herald - Seth Burn",https://www.animeherald.com/2025/11/20/translator-yuki-tejima-talks-with-anime-herald/?utm_source=rss&utm_medium=rss&utm_campaign=translator-yuki-tejima-talks-with-anime-herald,Anime Herald,unknown,"Thu, 20 Nov 2025 23:15:58 +0000",real
A Pair of Conversations With Studio Trigger,"""For twenty to thirty minutes, I want fans to laugh like an idiot and then forget what they’ve watched. I hope it can be that fun time each week they get to do that.""
A Pair of Conversations With Studio Trigger - Seth Burn",https://www.animeherald.com/2025/11/19/a-pair-of-conversations-with-studio-trigger/?utm_source=rss&utm_medium=rss&utm_campaign=a-pair-of-conversations-with-studio-trigger,Anime Herald,OP,"Wed, 19 Nov 2025 16:00:00 +0000",real
Kenjiro Tsuda Talks Yu-Gi-Oh! At Anime NYC 2025,"Anime Corner: The rivalry between Seto Kaiba and Yugi is one of the most iconic in modern anime. How do you approach the scenes whenever they clash? Kenjiro Tsuda: Kaiba is a character with strong mental fortitude. Sometimes, he’ll be driven into a corner in battle, but he never gives up. That’s the mindset that [&#8230;]
Kenjiro Tsuda Talks Yu-Gi-Oh! At Anime NYC 2025 - Seth Burn",https://www.animeherald.com/2025/11/15/kenjiro-tsuda-talks-yu-gi-oh-at-anime-nyc-2025/?utm_source=rss&utm_medium=rss&utm_campaign=kenjiro-tsuda-talks-yu-gi-oh-at-anime-nyc-2025,Anime Herald,unknown,"Sat, 15 Nov 2025 20:39:41 +0000",real
Yoko Takahashi Talks With Anime Herald,"Unidentified Gaming Magazine: Over your entire career, you’ve sang jazz, pop, and rock. How have you trained your voice to do so many genres and maintain your voice? Yoko Takahashi: When I was growing up, I was in a chorus group for ten years. A lot of the training that I learned during that time [&#8230;]
Yoko Takahashi Talks With Anime Herald - Seth Burn",https://www.animeherald.com/2025/11/08/yoko-takahashi-talks-with-anime-herald/?utm_source=rss&utm_medium=rss&utm_campaign=yoko-takahashi-talks-with-anime-herald,Anime Herald,OP,"Sun, 09 Nov 2025 02:40:56 +0000",real
A Conversation With Spy x Family’s Kenichirō Matsuda and Emiri Katō,"""I think being nervous is actually important. You don’t need to overcome it. You need to accept that part of yourself. That makes me feel more serious about this role. I am becoming friends with my nervousness.""
A Conversation With Spy x Family&#8217;s Kenichirō Matsuda and Emiri Katō - Seth Burn",https://www.animeherald.com/2025/11/01/a-conversation-with-spy-x-familys-kenichiro-matsuda-and-emiri-kato/?utm_source=rss&utm_medium=rss&utm_campaign=a-conversation-with-spy-x-familys-kenichiro-matsuda-and-emiri-kato,Anime Herald,Spy x Family,"Sat, 01 Nov 2025 23:33:18 +0000",real
A Brief Preview of Anime Herald Magazine,"Good evening, everybody. I&#8217;m excited to announce that the design phase for Anime Herald Magazine is nearly complete. With November just a few days away, we&#8217;re all hard at work to bring you the best publication possible. I have a surprise to share with you today, though, as we received preview pages for our reprint [&#8230;]
A Brief Preview of Anime Herald Magazine - Samantha Ferreira",https://www.animeherald.com/2025/10/29/a-brief-preview-of-anime-herald-magazine/?utm_source=rss&utm_medium=rss&utm_campaign=a-brief-preview-of-anime-herald-magazine,Anime Herald,unknown,"Thu, 30 Oct 2025 00:46:03 +0000",real
A Conversation With 100 Meters Director Kenji Iwaisawa,"""Personally, I don’t like to include violence in my work unless it is necessary, and it is usually not. Even though a fight is about to break out, it’s not going to actually. That’s a conscious decision I make, because I don’t want to depict it.""
A Conversation With 100 Meters Director Kenji Iwaisawa - Seth Burn",https://www.animeherald.com/2025/10/28/a-conversation-with-100-meters-director-kenji-iwaisawa/?utm_source=rss&utm_medium=rss&utm_campaign=a-conversation-with-100-meters-director-kenji-iwaisawa,Anime Herald,unknown,"Wed, 29 Oct 2025 01:01:06 +0000",real
Miss Kobayashi’s Dragon Maid’s Cast Talks With Anime Herald,"""I feel like in the movie, there are a lot more scenes where, for Kanna’s lines, I am tearing up. Of course, there are a lot of very serious scenes throughout the movie.""
Miss Kobayashi&#8217;s Dragon Maid&#8217;s Cast Talks With Anime Herald - Seth Burn",https://www.animeherald.com/2025/10/27/miss-kobayashis-dragon-maids-cast-talks-with-anime-herald/?utm_source=rss&utm_medium=rss&utm_campaign=miss-kobayashis-dragon-maids-cast-talks-with-anime-herald,Anime Herald,unknown,"Tue, 28 Oct 2025 02:01:13 +0000",real
The Unseen Art of Anime Storyboarding,"While flashy animation and iconic voice acting steal the spotlight, it’s the storyboard that quietly shapes every episode’s identity. These humble sketches are where an anime breathes its first breath—where action scenes come to life and emotional moments find their framing.
The Unseen Art of Anime Storyboarding - Rohan",https://www.animeherald.com/2025/10/25/the-unseen-art-of-anime-storyboarding/?utm_source=rss&utm_medium=rss&utm_campaign=the-unseen-art-of-anime-storyboarding,Anime Herald,unknown,"Sat, 25 Oct 2025 23:53:27 +0000",real
The Call of the Night Dub Cast Talks With Anime Herald,"Anime Herald: For my first question, I need to make it clear that I knew the two of you would be here (Natalie Rial, Gabriel Regojo), but I did not know you would be here (Shannon D. Reed). You will understand how that is very relevant to the question. Natalie Rial: I’m excited. Anime Herald: [&#8230;]
The Call of the Night Dub Cast Talks With Anime Herald - Seth Burn",https://www.animeherald.com/2025/10/23/the-call-of-the-night-dub-cast-talks-with-anime-herald/?utm_source=rss&utm_medium=rss&utm_campaign=the-call-of-the-night-dub-cast-talks-with-anime-herald,Anime Herald,unknown,"Fri, 24 Oct 2025 02:26:43 +0000",real
