title,text,label
Blue Giant Movie Arriving in September at Netflix,,rumor
Kenjaku vs Takaba || Jujutsu Kaisen Leaks Chapter 242,,rumor
"TV Anime ""Tokyo Revengers: Tenjiku Arc"" (Season 3) will begin broadcasting October 3, 2023.",,rumor
"""Tower Of God Season 2"" is going to consist of three cours and is getting directed by Masashi Kudo",[removed],rumor
"""Tower Of God Season 2"" is going to consist of three cours and is getting directed by Masashi Kudo",https://x.com/deja_nimu/status/1691815544767254784?s=46&amp;t=LSYamQgj_nfO7DoA0G_18A,rumor
:))),[removed],rumor
Genshin impact trailer new anime #genshinimpact #genshin #selenagomez #wolves,,rumor
Anime leaks in to real life,,rumor
"Does ""bgette0"" have any reliability? In January, ""SUGOIlite"" claimed Trigun Stampede will only have 12 episodes, now ""bgette0"" claims it'll be 24.",,rumor
will reZ s3 happen ?,[removed],rumor
"""Attack on Titan: The Final Season Part 3"" The movie is split into 03 episodes for streaming services",[deleted],rumor
"""Attack on Titan: The Final Season Part 3"" Episode 1 and 2 titles",[deleted],rumor
"""Attack on Titan: The Final Season Part 3"" opening theme ""Under the Tree"" by SIM leaked",[deleted],rumor
"""Attack on Titan: The Final Season Part 3"" Episode 1 title: Rumbling – Episode 2 title: Sinners",[deleted],rumor
20 Upcoming Anime Titles Coming Next Month + Anime Live Count Down,[removed],rumor
"""In/Spectre"" (Kyokou Suiri) Season 2 TV Anime has total 12 episodes",,rumor
"""Tosochu: Great Mission (The Great Mission)"" TV Anime – Produced by Toei Animation for Spring 2023",,rumor
"""Attack on Titan: The Final Season Part 3"" TV Anime – New information on February 2023",,rumor
"""Tokyo Revengers: Christmas Showdown"" TV Anime has 13 episodes",,rumor
"""Ayakashi Triangle"" TV Anime has 12 episodes",,rumor
"""The Reincarnation of the Strongest Onmyouji in Another World"" TV Anime has 13 episodes",,rumor
"""The Angel Next Door Spoils Me Rotten"" TV Anime – New Year-themed Special Image Visual",,rumor
"""Insomniacs After School"" (Kimi wa Houkago Insomnia) TV Anime – Broadcast April 2023",,rumor
"""BLUE LOCK"" TV Anime - Key Visual for Second Selection Arc",,rumor
"""Stranger Things Tokyo"" anime series spin-off planned by Netflix",,rumor
"""NieR:Automata Ver1.1a"" has 12 episodes",,rumor
"""The Legend of Heroes: Trails of Cold Steel - Northern War"" has 12 episodes",,rumor
"""The Magical Revolution of the Reincarnated Princess and the Genius Young Lady"" has total 12 episodes",,rumor
"""Kaina of the Great Snow Sea"", ""Bungou Stray Dogs 4th Season"", ""The Tale of Outcasts"", ""Sugar Apple Fairy Tale"", ""Malevolent Spirits: Mononogatari"", ""Me &amp; Roboco"" TV Anime – Episode count: 11, 13, 13, 24 (split), 24 (split), 28",,rumor
"""High Card"", ""Spy Classroom"" &amp; ""UniteUp!"" TV Anime – Broadcast in Split Cours",,rumor
"""The Angel Next Door Spoils Me Rotten"" TV Anime – Christmas-themed Special Image Visual",,rumor
"""The Girl I Like Forgot Her Glasses"" is getting a TV anime adaptation",,rumor
"""Kaguya-sama: Love Is War"" (Kaguya-sama wa Kokurasetai) TV Anime Season 4 production decision",,rumor
"""Trapped in a Dating Sim: The World of Otome Games Is Tough for Mobs"" (Otome Game Sekai wa Mob ni Kibishii Sekai desu) TV Anime Season 2 production decision",,rumor
"""Handyman Saitou in Another World"" (Benriya Saitou-san, Isekai ni Iku) TV Anime has total 12 episodes",,rumor
"""Sugar Apple Fairy Tale"" TV Anime has total 12 episodes",,rumor
"""Kubo Won't Let Me Be Invisible"" TV Anime has total 12 episodes",,rumor
"""The Misfit of Demon King Academy Season 2"" – Cour 1 TV Anime has total 12 episodes",,rumor
"""Whisper Me a Love Song"" (Sasayaku You ni Koi wo Utau) – TV Anime Adaptation Project decision",,rumor
"""Doraemon: Nobita's Sky Utopia"" (Doraemon: Nobita to Sora no Utopia) Anime Movie – Total runtime: 1 hour 48 minutes",,rumor
"""BLUE GIANT"" Anime Movie ‒ Yuki Yamada, Shotaro Mamiya, and Amane Okayama as Voice Actors for lead roles",,rumor
"""Zom 100: Bucket List of the Dead"" is getting a TV anime adaptation",,rumor
"""Sasuke Retsuden"" is getting an anime adaptation in ""Boruto"" TV Anime",,rumor
"""Sasuke Retsuden"" is getting an anime adaptation in Boruto TV Anime",[deleted],rumor
"""Hell's Paradise: Jigokuraku"" TV Anime – Broadcast April 2023",,rumor
"""Reincarnated as a Sword"" (Tensei Shitara Ken Deshita) TV Anime Season 2 production decision",,rumor
"""SAND LAND"" – Anime Adaptation Project decision",,rumor
"""Tying the Knot with an Amagami Sister"" is getting a TV anime adaptation",,rumor
"""Spy Room"" (Spy Kyoushitsu) TV Anime ‒ New Key Visual",,rumor
"""Megumi no Daigo - Kyuukoku no Orange"" is getting an anime adaptation",,rumor
"""The Seven Deadly Sins: Grudge of Edinburgh - Part 1"" Anime Movie – Key Visual",[deleted],rumor
"""My Charms Are Wasted On Kuroiwa Medaka"" will be receiving an anime adaptation",[deleted],rumor
"""2.5 Dimensional Seduction"" (2.5-Jigen no Ririsa) – Anime Adaptation Project decision",,rumor
"""One Punch Man"" Season 3 TV Anime – Studio: MAPPA",,rumor
"""AI no Idenshi"" TV Anime Adaptation – Director Yuzo Sato helms the project at MADHOUSE studio",,rumor
"""Buta no Liver wa Kanetsu Shiro"" TV Anime – Production: Aniplex",,rumor
"""Ippon Again!"" (Mou Ippon!) – Broadcast begins January 8, 2023",,rumor
"""Sasaki to Miyano: Sotsugyou-hen"" Anime Movie – Total runtime: 59 minutes",,rumor
"""Kaguya-sama: Love is War - The First Kiss That Never Ends"" Anime Film – Total runtime: 1 hour 30 minutes",,rumor
"""Chainsaw Man"" TV Anime – Eighth ED: ""First Death"" by TK",,rumor
"""Heavenly Delusion"" (Tengoku Daimakyou) TV Anime – Teaser Trailer (Stills)",,rumor
"""Lonely Castle in the Mirror"" (Kagami no Kojou) Anime Film – Total runtime: 1 hour 56 minutes",,rumor
"""The Angel Next Door Spoils Me Rotten"" TV Anime – New Image Visual",,rumor
"""Chainsaw Man"" TV Anime – Seventh ED: ""ALL KINDS OF KISSES"" by ano",,rumor
"""Night Patrol Cat"" (Yomawari Neko) – TV Anime Adaptation decision",,rumor
"""LUPIN ZERO"" Web Anime – Character Visuals for Young Lupin (CV: Tasuku Hatanaka) &amp; Young Jigen (CV: Shunsuke Takeuchi)",,rumor
"""The Vexations of a Shut-In Vampire Princess"" is getting a TV anime adaptation",,rumor
"""TONIKAWA: Over the Moon For You"" (Tonikaku Kawaii) Season 2 – Broadcast in 2023",,rumor
"""Vampeerz, My Peer Vampires"" is getting an anime adaptation",,rumor
"""In/Spectre"" (Kyokou Suiri) Season 2 TV Anime ‒ Main Trailer (Stills)",,rumor
"""Malevolent Spirits: Mononogatari"" TV Anime ‒ Broadcast begins January 9, 2023",,rumor
"""Chainsaw Man"" TV Anime – Sixth ED: ""Rendezvous"" by Kanaria",,rumor
"""My Clueless First Friend"" (Jijou wo Shiranai Tenkousei ga Guigui Kuru) is getting an anime adaptation",,rumor
"""Princess Principal: Crown Handler – Chapter 3"" Anime Film – New Visual Poster",,rumor
"""Ron Kamonohashi: Deranged Detective"" is getting a TV anime adaptation",,rumor
"""Ron Kamonohashi: Deranged Detective"" is getting a TV anime adaptation",[deleted],rumor
"""Unnamed Memory"" ‒ Anime Adaptation Project decision",,rumor
"""That Time I Got Reincarnated as a Slime Season 3"" TV Anime – Key Visual",[deleted],rumor
"""Chainsaw Man"" TV Anime – Fifth ED: ""In the Back Room"" by syudou",,rumor
"""Chainsaw Man"" TV Anime – Fifth ED: ""In the Back Room"" by syudou",[deleted],rumor
"""The Ice Guy and His Cool Female Colleague"" TV Anime has total 12 episodes",[deleted],rumor
"""TenPuru: No One Can Live on Loneliness"" – TV Anime Adaptation Project decision",,rumor
"""I'm in Love with the Villainess"" is getting a TV anime adaptation",,rumor
"""Tales of Wedding Rings"" is getting a TV anime adaptation",,rumor
"""Dead Mount Death Play"" – TV Anime Adaptation decision",,rumor
"""Kuma Kuma Kuma Bear Season 2"" TV Anime – Broadcast April 2023",,rumor
"""A Bouquet for an Ugly Girl"" (Busu ni Hanataba wo.) – Anime Adaptation Project decision",,rumor
"""Chainsaw Man"" TV Anime – Fourth ED: ""Jōzai"" by TOOBOE",,rumor
"""Alya Sometimes Hides Her Feelings in Russian"" will be getting an Anime Adaptation",,rumor
"""Tokyo Revengers"" Season 2 TV Anime – Key Visual",,rumor
"""The Angel Next Door Spoils Me Rotten"" TV Anime – Halloween's Special Image Visual",,rumor
"""THE FIRST SLAM DUNK"" Anime Movie – Total runtime: 2 hours 4 minutes",,rumor
"""Rokudou no Onna-tachi"" is receiving an anime adaptation",,rumor
"""Go, Go, Loser Ranger!"" (Sentai Daishikkaku) – TV Anime Adaptation decision – Broadcast 2023",,rumor
Denji Vs. The Bat Devil「Chainsaw Man AMV」| War Of Hearts 💔,,rumor
"""Dandadan"" is receiving an anime adaptation",,rumor
"""Dandadan"" is receiving an anime adaptation",[deleted],rumor
"""Chainsaw Man"" TV Anime – ED3: ""2-hundred-million-centimeter-long blades"" by Maximum the Hormone",,rumor
"""Chainsaw Man"" TV Anime – ED3: "" 2-hundred-million-centimeter-long blades"" by Maximum the Hormone",[deleted],rumor
"""Lupin the 3rd"" - Production decision of Anime Prequel Project titled ""LUPIN ZERO"" - Director Daisuke Sakou helms the new project at Telecom Animation Film studio - Teaser Visual",,rumor
"""Chainsaw Man"" TV Anime - ED3 Stills",,rumor
"""Bartender"" is getting a new Anime",[deleted],rumor
"""Bartender"" will be getting a new Anime",[deleted],rumor
"""Buddy Daddies"" Original TV Anime Project by Aniplex, P.A. Works – Broadcast January 2023 – Director: Yoshiyuki Asai – Teaser Visual",,rumor
"""Buddy Daddies"" Original TV Anime Project by Aniplex, P.A Works – Broadcast January 2023 – Director: Yoshiyuki Asai – Teaser Visual",[deleted],rumor
"""Chainsaw Man"" TV Anime – Third ED: ""200 Million Centimeters on the Edge"" by Maximum the Hormone",,rumor
"""Chainsaw Man"" TV Anime – Third ED: ""200 Million Centimetre Long Blades"" by Maximum the Hormone",[deleted],rumor
"""That Time I Got Reincarnated as a Slime the Movie: Scarlet Bond"" Anime Film – Total runtime: 1 hour 48 minutes",,rumor
"""Acro Trip"" by Yone Sawata is getting a TV anime adaptation",,rumor
"""Dragon Ball"" Weekly Anime is currently slated to be announced in late November/early December 2022",,rumor
"""The Weakest Tamer Began a Journey to Pick Up Trash"" is getting a TV anime adaptation",,rumor
"""Gold Kingdom and Water Kingdom"" (Kin no Kuni Mizu no Kuni) Anime Movie – Total runtime: 1 hour 56 minutes",,rumor
"""Heavenly Delusion"" (Tengoku Daimakyou) TV Anime Adaptation Teaser Visual – Broadcast begins Early 2023",,rumor
"""Bleach: Thousand-Year Blood War"" TV Anime – OP: ""Scar"" by Tatsuya Kitani (TV Size [Audio])",,rumor
"""Bleach: Thousand-Year Blood War"" TV Anime – ED: ""Saihate"" by Sennarin (Short Version [Audio])",,rumor
"""Bleach: Thousand-Year Blood War"" TV Anime – ED: Saihate by Sennarin (Short Version [Audio])",[deleted],rumor
"""Berserk of Gluttony"" is getting a TV anime adaptation",,rumor
"""THE FIRST SLAM DUNK"" Anime Movie – New Visual Poster",,rumor
"""Tsuyokute New Saga"" – Anime Adaptation",,rumor
"""The other world doesn't stand a chance against the power of instant death"" is getting an anime adaptation",,rumor
"""Chainsaw Man"" TV Anime – Bat Demon Fight",,rumor
"""Chainsaw Man"" TV Anime – Second ED: ""Time Left"" by Zutomayo",,rumor
"""Chainsaw Man"" TV Anime – Second ED: ""Time Left"" by Zutomayo",[deleted],rumor
"""Suzume no Tojimari"" Anime Movie – Total runtime: 1 hour 55 minutes",,rumor
"""Heavenly Delusion"" (Tengoku Daimakyou) – TV Anime Adaptation in Production – Broadcast Early 2023",[deleted],rumor
"""I Was Reincarnated as the 7th Prince so I Can Take My Time Perfecting My Magical Ability"" ‒ Production decision of TV Anime Adaptation",,rumor
"""Sword Art Online the Movie -Progressive- Scherzo of Deep Night"" Anime Film – Total runtime: 1 hour 40 minutes",,rumor
"""Chainsaw Man"" TV Anime ED1 - ""CHAINSAW BLOOD"" by Vaundy (TV Size [Audio])",,rumor
"""Chainsaw Man"" TV Anime OP - ""KICK BACK"" by Kenshi Yonezu (Audio)",,rumor
"""Bleach: Thousand-Year Blood War"" TV Anime – First Episode has been leaked",Currently out on a certain [popular anime torrent website](https://i.pinimg.com/originals/6a/ad/70/6aad70c925361b30d451dbe8c7ecfd59.gif).,rumor
"""Bleach: Thousand-Year Blood War"" TV Anime has a total of 52 episodes",,rumor
"""Bleach: Thousand-Year Blood War"" has a total of 52 episodes",[deleted],rumor
"""Love Flops"" (Renai Flops) TV Anime has total 12 episodes",,rumor
"""The Tale of the Outcasts"" (Nokemono-tachi no Yoru) TV Anime New Key Visual",,rumor
"""Akiba Maid War"" (Akiba Maid Sensou) TV Anime has total 12 episodes",,rumor
"""Black Clover: Sword of the Wizard King"" Anime Movie – Premieres in Japanese Theaters &amp; Netflix on March 31, 2023 – Teaser Visual",,rumor
"""Hoshikuzu Telepath"" - TV Anime Adaptation production decision",,rumor
"""Yumemiru Danshi wa Genjitsushugisha"" is getting a TV anime adaptation – Production: Pony Canyon",,rumor
"""Mob Psycho III"" (Season 3) TV Anime has total 12 episodes",,rumor
"""SHY"" TV Anime Key Visual — Studio: 8 Bit",,rumor
"""Watashi ni Tenshi ga Maiorita! Precious Friends"" Anime Film – Total runtime: 1 hour 7 minutes",[deleted],rumor
"""Golden Kamuy Season 4"" TV Anime has total 13 episodes",,rumor
"""Mobile Suit Gundam: The Witch from Mercury"" TV Anime has total 25 episodes &amp; Broadcast in 2 split cour",,rumor
"""I've Somehow Gotten Stronger When I Improved My Farm-Related Skills"" TV Anime has total 12 episodes",,rumor
"""Chainsaw Man"" TV Anime - First ED: CHAINSAW BLOOD by Vaundy",,rumor
"""Chainsaw Man"" TV Anime - Denji's Transformation (LQ)",,rumor
"""Yowamushi Pedal: LIMIT BREAK"" (Season 5) TV Anime – Broadcast in 2 consecutive cours with total 25 episodes",,rumor
"""Beast Tamer"" (Yuusha Party wo Tsuihou sareta Beast Tamer, Saikyoushu no Nekomimi Shoujo to Deau) TV Anime has total 13 episodes",,rumor
"""My Master Has No Tail"" (Uchi no Shishou wa Shippo ga Nai) TV Anime has total of 13 episodes",,rumor
"""The Devil is a Part-Timer!"" (Hataraku Maou-sama!) – New Sequel Anime Project Decision - Broadcast 2023 - Announcement Visual",,rumor
"""Raven of the Inner Palace"" (Koukyuu no Karasu) TV Anime has total 13 episodes",,rumor
"""My Home Hero"" TV Anime – Broadcast April 2023",,rumor
"""Management of Novice Alchemist"" (Shinmai Renkinjutsushi no Tenpo Keiei) TV Anime has total 12 episodes",,rumor
"""Reincarnated as a Sword"" (Tensei shitara Ken Deshita) First Episode has been leaked",Currently out on a certain [popular anime torrent website](https://i.pinimg.com/originals/6a/ad/70/6aad70c925361b30d451dbe8c7ecfd59.gif).,rumor
"""Bibliophile Princess"" (Mushikaburi-hime) TV Anime has total 12 episodes",,rumor
"""I'm the Villainess, So I'm Taming the Final Boss"" TV Anime has total 12 episodes",,rumor
"""Engage Kiss"" 2nd Cour — Broadcast begins 2023",,rumor
"""Me &amp; Roboco"" Short TV Anime – Studio: Gallop - Broadcast begins December 4, 2022",,rumor
"""My Hero Academia Season 6"" TV Anime – Broadcast in 2 Consecutive Cours with total 25 episodes (Cour 1: 13 episodes &amp; Cour 2: 12 episodes)",,rumor
"""DanMachi: Is It Wrong to Try to Pick Up Girls in a Dungeon? IV"" (2nd Cour) TV Anime subtitled ""Deep Chapter: Calamity Arc"" — Broadcast begins January 2023",,rumor
"""Fate/strange Fake"" – Anime Adaptation - Production: Aniplex",,rumor
Romantic Killer Anime New PV!,,rumor
"""SYNDUALITY: NOIR"" TV Anime – Main Character Designs &amp; Teaser PV (Stills)",,rumor
"""Rent-A-Girlfriend"" (Kanojo, Okarishimasu) Season 3 TV Anime in production",,rumor
"""Onna no Sono no Hoshi"" Original Anime BD Episode – Teaser Visual",,rumor
"""Romantic Killer"" Anime — Key Visual",,rumor
"""The Saint's Magic Power is Omnipotent"" Season 2 TV Anime – Teaser Visual - Broadcast begins 2023",,rumor
"""Girlfriend, Girlfriend"" (Kanojo mo Kanojo) Season 2 TV Anime production decision",,rumor
"""Kanojo mo Kanojo"" (Girlfriend, Girlfriend) Season 2 TV Anime production decision",[deleted],rumor
"""The Saint's Magic Power is Omnipotent"" Season 2 TV Anime – Broadcast 2023",[deleted],rumor
"""SHY"" is getting a TV anime adaptation",,rumor
"""Bleach: Thousand-Year Blood War"" TV Anime - OP: ""Scar"" by Tatsuya Kitani [TV Version (Audio)]",,rumor
"""Kubo Won't Let Me Be Invisible"" (Kubo-san wa Mob wo Yurusanai) TV Anime – Broadcast January 2023",,rumor
"""Kubo Won't Let Me Be Invisible"" (Kubo-san wa Mob wo Yurusanai"" TV Anime – Broadcast January 2023",[deleted],rumor
"""Kubo-san wa Mob wo Yurusanai"" (Kubo Won't Let Me Be Invisible) TV Anime – Broadcast January 2023",[deleted],rumor
"""ATRI: My Dear Moments"" Visual Novel – Anime Adaptation - Production: Aniplex",,rumor
"""Loving Yamada at Lv999!"" (Yamada-kun to Lv999 no Koi wo suru) – TV Anime Adaptation - Broadcast 2023 - Production: Aniplex",,rumor
"""Blue Lock"" TV Anime - Additional Cast &amp; Character Designs",,rumor
"""Our Dating Story: The Experienced You and The Inexperienced Me"" – TV Anime Adaptation scheduled for 2023 - Teaser Visual",,rumor
"""The Angel Next Door Spoils Me Rotten"" TV Anime – Fall Season's Image Visual",,rumor
"""Arifureta: From Commonplace To World's Strongest"" TV Anime Season 3 in production — Announcement Visual",,rumor
"""Call of the Night"" (Yofukashi no Uta) TV Anime – Story Climax Trailer (Stills) &amp; Anko Uguisu's Character Design",,rumor
"""Mix: Meisei Story Season 2"" TV Anime — Broadcast April 2023 - Director Tomohiro Kamitani helms the sequel at OLM Studio",,rumor
"""Four People and Their Respective Lies"" TV Anime – Broadcast begins October 15, 2022",,rumor
"""Four People and Their Respective Lies"" – Broadcast begins October 15, 2022",[deleted],rumor
"""Four People and Their Respective Lies"" TV Anime – Broadcast begins October 15, 2022",[deleted],rumor
"""Bleach: Thousand-Year Blood War"" TV Anime – Broadcast begins October 10, 2022",,rumor
"""The Eminence in Shadow"" TV Anime – Broadcast in 2 cours",,rumor
"""Chainsaw Man"" TV Anime – Broadcast begins October 11, 2022",,rumor
"""The Rose of Versailles"" (Versailles no Bara) – New Anime Film Project – Teaser Visual",[deleted],rumor
"""Blue Lock"" TV Anime – Broadcast in 2 cours",,rumor
Aniplex Inc. will announce 2 Original Projects for Online Fest 2022,,rumor
"""Am I Actually the Strongest?"" (Jitsu wa Ore, Saikyou deshita?) – TV Anime Adaptation",[deleted],rumor
"""Tearmoon Empire"" (Tearmoon Teikoku Monogatari) – TV Anime Adaptation",,rumor
"""Ayakashi Triangle"" TV Anime – Broadcast January 2023",,rumor
"""A Girl &amp; Her Guard Dog"" (Ojou to Banken-kun) – Anime Adaptation - Production: Pony Canyon",,rumor
"""Bleach: Thousand-Year Blood War"" TV Anime is not getting a simulcast",,rumor
"""Detective Conan: The Culprit Hanazawa"" TV Anime - Teaser PV (Stills)",,rumor
"Wakanim has been breached and 6.7 million users have been impacted, the database is currently being sold",,rumor
"""Mission: Yozakura Family"" (Yozakura-san Chi no Daisakusen) – TV Anime Adaptation",,rumor
"""Mission: Yozakura Family"" (Yozakura-san Chi no Daisakusen — TV Anime Adaptation",[deleted],rumor
"""Sousou no Frieren"" anime announcement will be made around the publication of Chapter 100",,rumor
"""Farming Life in Another World"" (Isekai Nonbiri Nouka) — Broadcast January 2023 - Animation Production: Zero-G",,rumor
"""Bokura No Yoake"" (Break of Dawn) Anime Film – Key Visual - Premiere October 21, 2022 - Theme Song: ""Itsushika"" performed by Daichi Miura",,rumor
"""Undead Unluck"" TV Anime Key Visual — Broadcast 2023",,rumor
"""Am I Actually the Strongest?"" is getting a TV anime adaptation",,rumor
"""Dragon Ball"" has 2 anime projects in production",,rumor
"""Heavenly Delusion"" (Tengoku Daimakyou) — Anime Adaptation - Studio: Production I.G",,rumor
"""Romantic Killer"" – Anime Adaptation's Teaser PV (Stills) - Streaming on Netflix from October 27, 2022",,rumor
"""Sacrificial Princess and the King of Beasts"" (Niehime to Kemono no Ou) TV Anime – Key Visual",,rumor
"""DanMachi: Is It Wrong to Try to Pick Up Girls in a Dungeon? IV"" Episode 6 [Raw] has been leaked",Currently out on a certain [popular anime torrent website](https://i.pinimg.com/originals/6a/ad/70/6aad70c925361b30d451dbe8c7ecfd59.gif).,rumor
"""I Got a Cheat Skill in Another World and Became Unrivaled in The Real World, Too"" – TV Anime Adaptation",,rumor
"""The Witch and the Beast"" (Majo to Yajuu) – Anime Adaptation",,rumor
"""Edens Zero"" (Season 2) TV Anime – Key Visual",,rumor
"""Psycho-Pass: Providence"" Anime Film - Teaser Visual",[deleted],rumor
"""Loving Yamada at LV999"" (Yamada-kun to Lv999 no Koi o Suru) is receiving an anime adaptation",,rumor
"""Fate/strange Fake"" is getting an anime adaptation",,rumor
"""Isekai Shoukan wa Nidome desu"" TV Anime – Teaser Visual",,rumor
"""ATRI -My Dear Moments-"" Visual Novel is getting an anime adaptation",,rumor
"""Delicious in Dungeon"" (Dungeon Meshi) Anime Adaptation - Teaser Visual",,rumor
"""The Magical Revolution of the Reincarnated Princess and the Genius Young Lady"" – TV Anime Adaptation",,rumor
"""Ousama Ranking"" (Ranking of Kings) TV Anime – New ""Gaiden"" Special Anime Project in production",,rumor
"""Sugar Apple Fairy Tale"" TV Anime - Broadcast 2023 - Studio: J.C Staff",,rumor
"""Tower of God 2nd Season"" TV Anime Key Visual",,rumor
"""The Tale of Outcasts"" (Nokemono-tachi no Yoru) TV Anime – Broadcast January 2023",,rumor
"""Mix: Meisei Story"" Season 2 TV Anime in production",,rumor
"""Chainsaw Man"" TV Anime - New Trailer (Stills)",,rumor
"""Chainsaw Man"" TV Anime - New Trailer (Stills)",[deleted],rumor
"""Campfire Cooking in Another World with My Absurd Skill"" (Tondemo Skill de Isekai Hourou Meshi) – TV Anime Adaptation - Production: MAPPA",,rumor
"""The Tunnel to Summer, the Exit of Goodbye"" (Natsu e no Tunnel, Sayonara no Deguchi) Anime Movie - Total runtime: 1 hour 23 minutes",[deleted],rumor
"""Onna no Sono no Hoshi"" Award-Winning Manga by Yama Wayama – Anime Adaptation",,rumor
"""Psycho Pass"" is receiving a new anime project",,rumor
"""Chainsaw Man"" Anime will be holding a Special Secret event on September 19th to reveal Top-Secret Information, only 10 people will be invited",,rumor
"""Haikyuu!!"" Season 5 will be announced this month",[deleted],rumor
"""Blue Box"" is getting an anime adaptation",,rumor
"""SAKAMOTO DAYS"" – Anime Adaptation in production",,rumor
"""The Dangers in My Heart"" (Boku no Kokoro no Yabai Yatsu) is getting a TV anime adaptation",,rumor
"""Yojohan Time Machine Blues"" Theatrical Anime – Total runtime: 1 hour 33 minutes",,rumor
"""Undead Unluck"" is getting a TV Anime adaptation",,rumor
"""Handyman Saitou In Another World"" TV Anime – Director Toshiyuki Kubooka helms at C2C studio - Broadcast January 2023",,rumor
"""My Hero Academia"" Season 6 TV Anime - New Key Visual (LQ) - Broadcast begins October 1st",,rumor
"""Saving 80,000 Gold in Another World for my Retirement"" – TV Anime Adaptation in production",,rumor
"""Engage Kiss"" TV Anime will run for 26 episodes split into two 13 cour seasons",,rumor
"""Kaiko sareta Ankoku Heishi (30-Dai) no Slow na Second Life"" - TV Anime Adaptation",,rumor
"""Tsurune the Movie: Hajimari no Issha"" Anime Film – Total runtime: 1 hour 42 minutes",,rumor
"""Isekai Shikkaku"" (No Longer Human...In Another World) is getting an anime adaptation",,rumor
"""The Rose of Versailles -Lady Oscar-"" by Ikeda Riyoko is getting a new animation project in celebration of its 50th anniversary",,rumor
"""Bleach: Thousand-Year Blood War"" TV Anime will be streaming on Disney Plus",,rumor
"""Bleach: Thousand-Year Blood War"" will be streaming on Disney Plus",[deleted],rumor
"""Me &amp; Roboco"" TV Anime - Broadcast Winter 2023",,rumor
"""Shangri-La Frontier"" TV Anime will be streaming on Crunchyroll",,rumor
"""Dr. Stone: New World"" (Season 3) TV Anime - Broadcast Spring 2023",,rumor
"""Kaguya-sama: Love is War"" The First Kiss Never Ends Arc - Movie in Production",,rumor
"""Kaguya-sama: Love is War"" The First Kiss Never Ends Arc Movie in Production",[deleted],rumor
"""Mashle: Magic and Muscles"" TV Anime – Studio: A-1 Pictures",,rumor
"""Witch Hat Atelier"" (Tongari Boushi no Atelier) TV Anime will be streaming on Crunchyroll",,rumor
"""Dark Gathering"" - TV anime adaptation - Production: Pony Canyon",,rumor
"""Mob Psycho 100 III"" OP - ""ONE"" by Mob Choir",,rumor
"""Bokura no Yoake"" (Break of Dawn) Anime Film – Main Visual Poster - Japanese Premiere on October 2022 - Main Cast: Hana Sugisaki, Yuki Aoi",,rumor
"""Tomo-chan is a Girl!"" (Tomo-chan wa Onnanoko!) – TV Anime Adaptation in production with January 2023 premiere - Teaser Visual",,rumor
"""Mushoku Tensei: Jobless Reincarnation"" Season 2 TV Anime – First Look from Teaser PV - Broadcast begins 2023",,rumor
"""Mushoku Tensei: Jobless Reincarnation"" Season 2 TV Anime– First Look from Teaser PV - Broadcast begins 2023",[deleted],rumor
"""Solo Leveling"" – Anime Adaptation - Teaser Visual",,rumor
"""Mashle: Magic and Muscles"" TV Anime – Teaser Visual - Broadcast 2023 - Production: Aniplex",,rumor
"""BLEACH: Thousand-Year Blood War"" TV Anime – New Trailer (Stills)",,rumor
"""BLEACH: Thousand-Year Blood War"" – New Trailer (Stills)",[deleted],rumor
"""Rent-A-Girlfriend"" (Kanojo, Okarishimasu) Season 2 TV Anime has total 12 episodes",[deleted],rumor
"""Rent-A-Girlfriend"" (Kanojo, Okarishimasu) TV Anime Season 2 has total 12 episodes",[deleted],rumor
"""When Will Ayumu Make His Move?"" (Soredemo Ayumu wa Yosetekuru) TV Anime has total 12 episodes",[deleted],rumor
"""Phantom of the Idol"" (Kami Kuzu ☆ Idol) TV Anime has 10 episodes",,rumor
"""Prima Doll"" TV Anime has total 12 episodes",[deleted],rumor
"""Don't Toy With Me, Miss Nagatoro: 2nd Attack"" TV Anime - Teaser Visual",,rumor
"""One Piece Film: Red"" Anime Film - Total runtime: 2 hours",,rumor
"""Shangri-La Frontier"" by Ryosuke Fuji, Katarina will get an anime adaptation",,rumor
"""Bleach: Thousand-Year Blood War"" TV Anime - New Key Visual",,rumor
"""Legend of Mana: The Teardrop Crystal"" TV Anime - Broadcast October 2022 - New Updated Key Visual",,rumor
"""Call of the Night"" (Yofukashi no Uta) TV Anime has total 13 episodes",,rumor
"""Dr. Stone: Ryusui"" Special TV Anime – New Trailer (Stills) - Theme Song Artist: Burnout Syndromes",[deleted],rumor
"""Ao Ashi"" TV Anime – 2nd Cour Key Visual",,rumor
"""Sword Art Online The Movie -Progressive- Scherzo of Deep Night"" Anime Film – Theme Song: ""Shinzo"" - Performed by Eir Aoi",,rumor
"""Chi - Chikyuu no Undou ni Tsuite"" – Anime Adaptation - Animation Production: Madhouse",,rumor
"""Date A Live"" TV Anime Season 5 in production",,rumor
"""Kin no Kuni Mizu no Kuni"" Manga by Nao Iwamoto - Anime Film Adaptation in production - Teaser Visual Poster with Spring 2023 premiere",,rumor
"""Shinobi no Ittoki"" Original TV Anime by DMM Pictures, TROYCA – New Visual - Additional Cast: Aoi Yuki, Hitomi Sekine, Miyu Tomita",,rumor
"""Mashle: Magic and Muscles"" is getting an anime adaptation",,rumor
"""BLUE GIANT"" Anime Movie – Teaser Visual Poster - Premieres in Japan on February 17, 2023 - Director Tachikawa Yuzuru helming the adaptation at NUT studio with script writer Number 8",,rumor
Blue Giant Movie Announced For February And Studio Is Nuts,,rumor
"""Lycoris Recoil"" Original TV Anime – Opening Theme Song: ""Alive"" - Performed by ClariS",,rumor
"""Ranking of Kings"" (Ousama Ranking) is getting a new anime project",,rumor
"""Rent-A-Girlfriend"" (Kanojo, Okarishimasu) Season 2 TV Anime – New Key Visual",,rumor
"""Rent-A-Girlfriend"" (Kanojo, Okarishimasu) TV Anime Season 2 – New Key Visual",[deleted],rumor
"""Tokyo Revengers: Christmas Showdown"" (Season 2) TV Anime – Broadcast January 2023 - Masaya Fukunishi replaces Tatsuhisa Suzuki as Draken's new VA",,rumor
"""The Maid I Hired Recently Is Mysterious"" (Saikin Yatotta Maid ga Ayashii) TV Anime – Broadcast begins July 23, 2022",,rumor
"""The Maid I Hired Recently Is Mysterious"" TV Anime (Saikin Yatotta Maid ga Ayashii) – Broadcast begins July 23, 2022",[deleted],rumor
"""My Home Hero"" Manga by Naoki Yamakawa, Masashi Asaki – TV Anime Adaptation",,rumor
"""BASTARD!! -Heavy Metal, Dark Fantasy-"" – New Trailer (Stills)",,rumor
"""Play It Cool, Guys"" (Cool Doji Danshi) TV Anime - Hayate Ichikura Character Visual",,rumor
"""DanMachi: Is It Wrong to Try to Pick Up Girls in a Dungeon? IV"" (Season 4) TV Anime – Broadcast in 2 cours with total 22 episodes",,rumor
"""Dr. Stone: Ryusui"" Special TV Anime – New Key Visual",,rumor
"""Katekyo Hitman Reborn!"" is getting a new anime adaptation",,rumor
"""Blue Lock"" TV Anime - Shouei Barou Character Visual (CV: Junichi Suwabe)",,rumor
"""Oshi no Ko"" TV Anime - Teaser Visual",,rumor
"""Dr.Stone: Ryusui"" Special TV Anime - Broadcast July 10, 2022",,rumor
Linden Films And Mappa Are Working On A Collab Anime Project...,,rumor
"TV Anime ""Call of the Night"" (Yofukashi no Uta) – New Trailer (Stills).",,rumor
"""Vinland Saga Season 2"" TV Anime – Key Visual",,rumor
"""Trigun"" is getting a new anime adaptation",,rumor
"""Kimi wa Houkago Insomnia"" (Insomniacs After School) TV Anime – Teaser Visual &amp; Main Character Designs",,rumor
"""Blue Giant"" Anime Film — Studio: MAPPA",[deleted],rumor
"""The Devil is a Part-Timer!!"" (Season 2) TV Anime – Broadcast begins July 14, 2022",,rumor
"""Call of the Night"" (Yofukashi no Uta) TV Anime – Broadcast begins July 7, 2022",,rumor
"""Yuusha Party wo Tsuihou sareta Beast Tamer, Saikyoushu no Nekomimi Shoujo to Deau"" TV Anime – Broadcast October 2022 – Atsushi Nigorikawa directs at EMT Squared studio",,rumor
"""Insomniacs After School"" (Kimi wa Houkago Insomnia) TV Anime - Production: Pony Canyon",,rumor
"""Solo Leveling"" will be getting an anime adaptation (Aniplex x Crunchyroll) - Studio: A-1 Pictures",,rumor
"TV Anime ""My Isekai Life"" (Tensei Kenja no Isekai Life) – New Key Visual. And Trailer Stills.",,rumor
"""Fire Punch"" by Tatsuki Fujimoto is getting an anime adaptation",,rumor
"""Kakegurui Twin"" Anime Adaptation by Netflix, MAPPA – Streaming worldwide from August 4, 2022 - New Key Visual",,rumor
"""Shadows House 2nd Season"" TV Anime – Key Visual - Theme song artist: ReoNa",,rumor
"""Shadows House 2nd Season"" – Key Visual - Theme song artist: ReoNa",[deleted],rumor
"""Shiro Seijo to Kuro Bokushi"" (Saint Cecilia and Pastor Lawrence) Manga by Hazano Kazutake – TV Anime Adaptation",,rumor
"""Arifureta: From Commonplace to World's Strongest Season 2 OVA"" – Key Visual",,rumor
"""Dragon Ball Super: Super Hero"" Anime Film – Total runtime: 1 hour 40 minutes",,rumor
"""My Stepmom's Daughter Is My Ex"" (Mamahaha no Tsurego ga Motokano datta) TV Anime – Broadcast begins July 6, 2022",,rumor
"""Mushikaburi Hime"" (Bibliophile Princess) TV Anime Adaptation by Studio Madhouse - Broadcast October 2022 - Teaser Visual",,rumor
"""Rent-A-Girlfriend"" (Kanojo, Okarishimasu) TV Anime Season 2 – Mami Nanami Character Visual",,rumor
"""Phantom of the Idol"" (Kami Kuzu ☆ Idol) TV Anime – New Key Visual",,rumor
"""Teasing Master Takagi-san the Movie"" – Total runtime: 1 hour 13 minutes",,rumor
"""Shinobi no Ittoki"" Original TV Anime by DMM Pictures, TROYCA – New Key Visual - Broadcast October 2022",[deleted],rumor
"""Shinobi no Ittoki"" Original TV Anime by DMM Pictures, TROYCA – New Key Visual",[deleted],rumor
"""Rent-A-Girlfriend"" (Kanojo, Okarishimasu) TV Anime Season 2 – Ruka Sarashina Character Visual",,rumor
"""DanMachi: Is It Wrong to Try to Pick Up Girls in a Dungeon? IV - New Chapter: The Labyrinth Arc"" (Season 4) TV Anime – Broadcast begins July 22",,rumor
"""DanMachi: Is It Wrong to Try to Pick Up Girls in a Dungeon? IV - The Labyrinth Arc"" (Season 4) TV Anime – Opening Theme: ""Tentou"" performed by sajou no hana",[deleted],rumor
"""Spriggan"" – New Visual Poster",,rumor
"""Me &amp; Roboko"" by Shuhei Miyazaki is getting a short anime adaptation",,rumor
"""Orient: The Battle of Awaji Island"" (Cour 2) TV Anime – New Key Visual",[deleted],rumor
"""Zom 100: Bucket List of the Dead"" by Haro Aso, Kotaro Takata is getting an Anime Adaption",,rumor
"""Re:Zero"" Season 3 is in Production",,rumor
"""The Duke of Death and His Maid"" (Shinigami Bocchan to Kuro Maid) 2nd Season - Airing in 2023",,rumor
"""The Duke of Death and His Maid"" (Shinigami Bocchan to Kuro Maid) 2nd Season - Airing in 2023",[deleted],rumor
"""Mononogatari"" anime adaptation - Produced by SHOPRO",,rumor
"""Rent-A-Girlfriend"" Season 2 TV Anime will start broadcasting July 1st",,rumor
"""Yuri Is My Job!"" (Watashi no Yuri wa Oshigoto Desu!) TV Anime – Teaser Visual",,rumor
"""The Demon Girl Next Door Season 2"" (Machikado Mazoku 2-Choume) TV Anime – New Updated Key Visual",,rumor
"""The Angel Next Door Spoils Me Rotten"" TV Anime – Broadcast 2023",,rumor
"""The Angel Next Door Spoils Me Rotten"" – Broadcast 2023",[deleted],rumor
"""Mr. Osomatsu: The Hipipo Tribe and the Glistening Fruit"" Anime Film – New Key Visual",,rumor
"""Hellsing"" will receive a new anime",,rumor
"""Tokyo Aliens"" Manga by NAOE – TV Anime Adaptation in production",,rumor
"The Seven Deadly Sins Sequel Manga ""Four Knights of the Apocalypse"" by Nakaba Suzuki - TV Anime Adaptation in production",,rumor
"The Seven Deadly Sins Sequel Manga ""Four Knights of the Apocalypse"" by Nakaba Suzuki - TV Anime Adaptation in production",[deleted],rumor
"""Drifting Home"" (Ame wo Tsugeru Hyouryuu Danchi) Original Anime Film by Studio Colorido - Total runtime: 2 hours",,rumor
"""Fire Force"" (Enen no Shouboutai) TV Anime Season 3 in production",,rumor
"""The Quintessential Quintuplets the Movie"" Anime Film – Total runtime: 2 hour 16 minutes",,rumor
"""The Quintessential Quintuplets the Movie"" – Total runtime: 2 hour 16 minutes",[deleted],rumor
"""MF Ghost"" TV Anime – Tomohito Naka returns to Initial D franchise as Series Director - Animation Production: Felix Film.",,rumor
"""NEXTON"" 30th Anniversary Project - New Anime",,rumor
"""NEXTON"" is getting a new anime project in celebration of its 30th Anniversary",[deleted],rumor
"""Mobile Suit Gundam: Cucuruz Doan's Island"" Anime Film – Total runtime: 1 hour 48 minutes",,rumor
"""Legend of Mana: The Teardrop Crystal"" (Seiken Densetsu Legend of Mana: The Teardrop Crystal) TV Anime – Key Visual",,rumor
"""Call of the Night"" (Yofukashi no Uta) – Seri Kikiyou Character Visual (CV: Haruka Tomatsu)",,rumor
"""Drifting Home"" (Ame wo Tsugeru Hyouryuu Danchi) Original Anime Film by Studio Colorido - New Teaser Visual Poster ; Theatrical screening on 2022",,rumor
"""Mou Ippon!"" TV Anime – Broadcast January 2023",,rumor
"""Yoru wa Neko to Issho"" Manga by KyuryuZ – TV Anime Adaptation; Broadcast Summer 2022",,rumor
"""Tower of God"" Season 2 TV Anime is in Production",,rumor
"""The Masterful Cat Is Depressed Again Today"" (Dekiru Neko wa Kyou mo Yuuutsu) Manga by Hitsuzi Yamada - TV Anime Adaptation",,rumor
"""The Masterful Cat Is Depressed Again Today"" (Dekiru Neko wa Kyou mo Yuuutsu) Manga by Hitsuzi Yamada - TV Anime Adaptation",[deleted],rumor
“My Hero Academia: THE MOVIE” 4 is in production,,rumor
"""JoJo's Bizarre Adventure: Stone Ocean"" – Anime Netflix worldwide distribution of Part 2 (episodes 13 - 24) on September 1, 2022",,rumor
"""Mononoke"" is getting a new anime project in celebration of its 15th Anniversary",,rumor
"""Legend of the Galactic Heroes: Die Neue These - Collision Chapter 3"" (Part 3 of 3) Anime Film – Total runtime: 1 hour 32 minutes",,rumor
"""The Unwanted Undead Adventurer"" (Nozomanu Fushi no Boukensha) Light Novel – Anime Adaptation",,rumor
"""Kubo-san wa boku o yurusanai"" by Yukimori Nene will get an Anime Adaption",,rumor
"""Kubo-san wa Mob wo Yurusanai"" (Kubo Won’t Let Me Be Invisible) by Nene Yukimori is getting a TV anime adaptation",[deleted],rumor
"""Yuri Is My Job!"" (Watashi no Yuri wa Oshigoto Desu!) Manga by Miman – TV Anime Adaptation",,rumor
"""Yuri Is My Job!"" (Watashi no Yuri wa Oshigoto Desu!) Manga by Miman– TV Anime Adaptation",[deleted],rumor
"""Dance Dance Danseur"" TV Anime has total 11 episodes",,rumor
"""Free! The Final Stroke Part 2"" Anime Film – Total runtime: 1 hour 46 minutes - Part 1: 1 hour 26 minutes",,rumor
"""Toku: Touken Ranbu - Hanamaru - Setsugetsuka: Yuki no Maki"" (Part 1 of 3) Anime Film – Total runtime: 1 hour 13 minutes",,rumor
"""Detective Conan"" Anime Movie #26 – Theatrical screening 2023 in Japan ; features relationship between Gin and Sherry / Ai Haibara",,rumor
"""Kaminaki Sekai no Kamisama Katsudou"" Manga – Anime Adaptation",,rumor
"""SPY×FAMILY"" anime adaption 2nd Cour coming to Crunchyroll in October",,rumor
"""Kaiju No. 8"" is receiving an anime adaptation - Production: TOHO",,rumor
"""Onipan!"" Original TV Anime by Wit Studio has 12 episodes",,rumor
"""Shikimori's Not Just a Cutie"" (Kawaii dake ja Nai Shikimori-San) TV Anime has total 12 episodes",,rumor
"""Miss Shachiku and the Little Baby Ghost"" (Shachiku-san wa Youjo Yuurei ni Iyasaretai) TV Anime has 12 episodes",[deleted],rumor
"""The Dawn of the Witch"" (Mahoutsukai Reimeiki) TV Anime has 12 episodes",[deleted],rumor
"""Ya Boy Kongming!"" (Paripi Koumei) TV Anime has 12 episodes",[deleted],rumor
"""One Punch Man"" &amp; ""Fire Force"" will receive a Season 3",,rumor
"""Attack on Titan"" anime series to be concluded with a 2023 release date TV broadcast, alliance on rumbling footstep is featured as promotional visual",,rumor
"""Witch Hat Atelier"" by Kamome Shirahama - Anime Adaptation",,rumor
"""The Executioner and Her Way of Life"" (Shokei Shoujo no Virgin Road) TV Anime has 12 episodes",,rumor
"""TONIKAWA: Over The Moon For You"" (Tonikaku Kawaii) TV Anime – Brand-new Episode coming August 2022",,rumor
"""Four People and Their Respective Lies"" anime adaptation scheduled for 2022",,rumor
"""Trapped in a Dating Sim: The World of Otome Games is Tough for Mobs"" is listed with 12 episodes",[deleted],rumor
Trapped in a Dating Sim is listed with 12 episodes,[deleted],rumor
“Welcome to Demon School! Iruma-kun” 3rd Season has been listed for 21 Episodes,[deleted],rumor
“To Your Eternity” 2nd Season has been listed with 20 Episodes and is scheduled for October 2022 on Crunchyroll,[deleted],rumor
"""My Next Life as a Villainess: All Routes Lead to Doom!"" Anime Film – Teaser Visual - Theatrical screening in 2023",,rumor
"""Re:cycle of PENGUINDRUM Part 1: Kimi no Ressha wa Seizon Senryaku"" Anime Compilation Film - Total runtime: 2 hours 5 minutes",,rumor
"""Call of the Night"" Character Visual (LQ) Akira Asai (VA: Hanamori Yumiri​)",,rumor
"""Call of the Night"" - Character Visual (LQ) Akira Asai (VA: Hanamori Yumiri​ )",[deleted],rumor
"""Golden Kamuy Season 4"" TV Anime – Broadcast October 2022",,rumor
"""4-nin wa Sorezore Uso wo Tsuku"" by Madoka Kashihara – TV Anime Adaptation",,rumor
"""JoJo's Bizarre Adventure Part 6: Stone Ocean"" Part 2 Trailer",,rumor
JoJo's Bizarre Adventure Part 6: Stone Ocean Part 2 Trailer,[deleted],rumor
"""Prima Doll"" TV Anime – Broadcast July 2022",,rumor
"""Isekai Meikyuu de Harem wo"" TV Anime Adaptation – Broadcast July 2022",,rumor
"""Isekai Meikyuu de Harem wo"" – Broadcast July 2022",[deleted],rumor
"""RWBY: Hyousetsu Teikoku"" (RWBY: Ice Queendom) ; Toshimasa Suzuki directs at Shaft studio; Broadcast 2022",,rumor
"""Yowamushi Pedal: LIMIT BREAK"" 5th Season PV on March 27th, 2022 at Anime Japan 2022",[deleted],rumor
"""Yowamushi Pedal: LIMIT BREAK"" 5th Season is in production scheduled for October 2022 release - PV on March 27th, 2022 at Anime Japan 2022",[deleted],rumor
"""Soso no Frieren"" anime adaptation - Production: Toho Animation",,rumor
"""Isekai Quartet the Movie: Another World"" Anime Film – Total runtime: 1 hour 50 minutes",,rumor
"""CHAINSAW MAN"" anime adaptation scheduled for October 2022 and will be split 2 cour season (around 24 or so episodes) - Streaming on Crunchyroll",,rumor
"""CHAINSAW MAN"" anime adaptation scheduled for October 2022 and will be split 2 cour season (Around 24 or so Episodes) Streaming on Crunchyroll",[deleted],rumor
"""Oshi no Ko"" by Aka Akasaka and Mengo Yokoyari will have an anime adaptation",,rumor
"""Oshi no Ko"" made by Aka Akasaka and Mengo Yokoyari will have an anime adaptation",[deleted],rumor
Dead Dead Demon's Dededede Destruction by Inio Asano is getting an anime adaptation,,rumor
"""Baki Hanma: Son of Ogre"" Anime Season 2 in production",,rumor
"""Legend of the Galactic Heroes: Die Neue These - Clash Chapter 2"" Anime Film – Total runtime: 1 hour 35 minutes - Chapter 1: 1 hour 43 minutes",,rumor
"""ODDTAXI: In The Woods"" Anime Movie – Total runtime: 2 hours 8 minutes",,rumor
"""Delicious in Dungeon"" (Dungeon Meshi) by Ryoko Kui – Anime Adaptation Project in production",,rumor
"""Detective Conan: The Bride of Halloween"" Anime Film – Total runtime: 1 hour 50 minutes",,rumor
"""Mangaka-san to Assistant-san to"" by Hiroyuki (Kanojo mo kanojo) will have an announcement tomorrow, March 11, 2022",[deleted],rumor
"""Futoku no Guild"" by Taichi Kawazoe - TV Anime Adaptation - Production Label: Kadokawa",,rumor
"""Futoku no Guild"" by Taichi Kawazoe - TV Anime Adaptation. Production Label: Kadokawa",[deleted],rumor
"""Kaginado Season 2"" TV Anime – Broadcast April 12",,rumor
"""Ascendance of a Bookworm"" (Honzuki no Gekokujou) TV Anime Season 3 has 10 episodes, It adapts the rest of Part 2 ""Apprentice Shrine Maiden""",[deleted],rumor
"""Fanfare of Adolescence"" Original TV Anime has 13 episodes – Broadcast begins April 2 &amp; New Key Visual",,rumor
"""Attack on Titan: The Final Season Part 2"" Episode 11 title",,rumor
"""The Demon Girl Next Door Season 2"" (Machikado Mazoku 2-Choume) TV Anime has 12 episodes",,rumor
"""Mushoku Tensei: Jobless Reincarnation"" TV Anime Seasons 2 &amp; 3 are currently in production",,rumor
"""Kyokou Suiri"" (In/Spectre) TV Anime Season 2 – Key Visual - Broadcast October 2022",,rumor
"""Attack on Titan: The Final Season Part 2"" Episode 10 title",,rumor
"""Chillin' in Another World with Level 2 Super Cheat Powers"" by Miya Kinojo – TV Anime Adaptation",,rumor
"""Warau, Ars Notoria"" – TV Anime Project - Production Label: Aniplex",,rumor
"Web domains for fantasy manga ""Sousou no Frieren"" by Abe Tsukasa, Yamada Kanehito indicate a possible anime adaption",,rumor
"""Komi Can't Communicate Season 2"" TV Anime – Key Visual – Broadcast begins April 6",,rumor
"""NieR:Automata"" TV Anime - Studio: A-1 Pictures",,rumor
"""Classroom of the Elite"" by Shougo Kinugasa, Tomose Shunsaku will have a TV Anime sequel",,rumor
"""Classroom of the Elite"" by Shougo Kinugasa, Tomose Shunsaku will have a sequel",[deleted],rumor
"""7th Time Loop: The Villainess Enjoys a Carefree Life Married to Her Worst Enemy!"" by Touko Amekawa – Anime Adaptation Project",,rumor
"""Ragna Crimson"" by Kobayashi Daiki will get an anime adaptation",,rumor
"""Failure Frame: I Became the Strongest and Annihilated Everything With Low-Level Spells"" by Shinozaki Kaoru, KWKM, Uyoshi Shou, Uchiuchi Keyaki gets an anime",,rumor
[deleted by user],[removed],rumor
"""Futoku no Guild"" will be receiving an anime adaptation",,rumor
"""Kinsou no Vermeil: Gakeppuchi Majutsushi wa Saikyou no Yakusai to Mahou Sekai wo Tsukisusumu"" – TV Anime Adaptation",,rumor
"""Ashita, Watashi wa Dareka no Kanojo"" (Tomorrow I Will Be Someone's Girlfriend) by Hinao Wono - Anime Adaptation Project in production",,rumor
"""Detective Conan: Zero's Tea Time"" Anime Adaptation – Key Visual",,rumor
"""Ensemble Stars!! -Road to Show!!-"" Anime Film – Total runtime: 1 hour 12 minutes",,rumor
"""Vinland Saga"" Season 2 Animation Production: MAPPA",,rumor
"""Legend of the Galactic Heroes: Die Neue These - Clash Chapter 1"" Anime Film – Total runtime: 1 hour 43 minutes",,rumor
"""Attack on Titan: The Final Season Part 2"" Episode 8 title",,rumor
"""Arknights: Prelude to Dawn"" (Season 1) TV Anime has approximately 08 episodes",,rumor
EDENS ZERO Season 2 Announcement Visual,,rumor
"""Edens Zero"" TV Anime Season 2 in production",[deleted],rumor
"""Attack on Titan: The Final Season Part 2"" Episode 7 title",,rumor
NieR:Automata will be receiving an anime adaptation,,rumor
"""My Happy Marriage"" (Watashi no Shiawase na Kekkon) Light Novel Series by Akumi Agitogi – Anime Adaptation Project in Production",,rumor
"""Spy Classroom"" (Spy Kyoushitsu) Light Novel by Takemachi – TV Anime Adaptation - Production Label: Kadokawa",,rumor
"""Girls Band Cry"" - A brand-new music-themed Original Project - Produced by Toei Animation",,rumor
WSM Issue #11 with LCP for EDENS ZERO will come with info on the Anime and Game.,,rumor
"""Attack on Titan: The Final Season Part 2"" Episode 6 title",,rumor
"""Fruits Basket: Prelude"" Anime Film - Total screening time: 1 hour 28 minutes",,rumor
"""Detective Conan: The Bride of Halloween"" Anime Film - Main Visual",,rumor
"""Detective Conan: The Bride of Halloween"" Anime Film - Main Visual.",[deleted],rumor
"""My Stepmom's Daughter Is My Ex"" TV Anime - Teaser Visual",,rumor
"""Blue Thermal"" Anime Film - Total screening time: 1 hour 43 minutes.",,rumor
"""Bakuten!!"" (Backflip!!) Anime Film - Total screening time: 1 hour 30 minutes",,rumor
"""Attack on Titan: The Final Season Part 2"" Episode 5 title",,rumor
"""A Couple of Cuckoos"" TV Anime - Broadcast begins April 2022.",,rumor
"""Attack on Titan: The Final Season Part 2"" Episode 4 title",,rumor
"""Uchuu Senkan Yamato 2205: Aratanaru Tabidachi - Koushou: Stasha"" (Part 2 of 2) Anime Film - Total screening time: 1 hour 42 minutes. Part 1 ""Zenshou: Take Off"" is 1 hour 43 minutes long.",,rumor
"""The Orbital Children"" Anime Film - Total screening time of Part 1: 1 hour 40 minutes &amp; Part 2: 1 hour 30 minutes.",,rumor
"""Bottom-tier Character Tomozaki"" TV Anime in production.",,rumor
"""Bottom-tier Character Tomozaki"" TV Anime production.",[deleted],rumor
"""Attack on Titan: The Final Season Part 2"" OP Pictures",,rumor
"""My Stepmom's Daughter Is My Ex"" TV Anime - Production Label: ABC Animation.",[deleted],rumor
"""Akebi's Sailor Uniform"" TV Anime has 12 episodes.",,rumor
"""Attack on Titan: The Final Season Part 2"" Episode 3 title",,rumor
"""Attack on Titan: The Final Season Part 2"" Episode 1 Preview",,rumor
"""In the Heart of Kunoichi Tsubaki"" TV Anime - Broadcast April 2022 - Additional Main Cast: Sazanka - CV: Suzuki Kyoka Asagao - CV: Sayumi Suzushiro",,rumor
"""Requiem of the Rose King"" TV Anime has total 24 episodes; 12 episodes for each cour.",,rumor
"""Girls' Frontline"" (Dolls' Frontline) TV Anime has 12 episodes.",,rumor
"""Girls' Frontline"" (Dolls' Frontline) TV Anime has 12 episodes.",[deleted],rumor
The Angel Next Door Spoils Me Rotten Anime Announced With Teaser Trailer,,rumor
"""Arifureta: From Commonplace to World's Strongest Season 2"" TV Anime has 13 episodes.",,rumor
"""Hakozume: Police in a Pod"" TV Anime has 13 episodes.",,rumor
"""The Executioner and Her Way of Life"" TV Anime - Broadcast Spring 2022.",,rumor
"The band ""SiM"" will be performing the opening theme song of ""Attack on Titan: The Final Season Part 2"". Opening Title: The Rumbling.",,rumor
"Any Recommendations Fantasy,Action Anime?",,rumor
What Y’all Top 5 Anime?,,rumor
What Y’all Top 5 Anime?,[deleted],rumor
r/AnimeRumors Lounge,[deleted],rumor
"Where It All Started: Demon Slayer to Stream Free on YouTube Every Day, English Version Unconfirmed",,rumor
"On Solo Leveling Season 3: ‘I’m Sure There Will Be More Content in Future,' Says Crunchyroll Senior VP",,rumor
McDonald's Updates Anime Fans on New Happy Meal Toys Promotion Amid Reports of Scalpers,,rumor
"Toei Animation Responds After Backlash to AI Plans: Denies Current Use, but Still Expects To Introduce It",,rumor
All Episodes on Major AnimeHeaven Piracy Site Nuked After ‘Crunchyroll’ DMCA Action,,rumor
'Death Note: The Musical' Confirms New Run in November,,rumor
"MangaDex Says It’s Not Shutting Down in Official Response After ‘Approximately 7,000 Titles’ Hit by DMCA Takedowns",,rumor
Dragon Ball DAIMA Earns Best Anime Series of 2025 Nomination,,rumor
Reaper Scans Shuts Down Following Legal Action from Kakao Entertainment,,rumor
Top J-Pop Duo YOASOBI's 'Idol' Becomes Only 5th Song in History To Achieve Back-to-Back JASRAC Gold Awards,,rumor
Mashle Season 2 Is Coming to Hulu,,rumor
Over 700 Series Affected: Massive Manga Site MangaDex Hit With One of Its Biggest DMCA Takedown Actions Yet,,rumor
"KADOKAWA Is ‘Actively Investing’ in AI for Anime Production, CEO Reveals How &amp; Why",,rumor
Voice of Goku Passed Out 3 Times Recording Dragon Ball DAIMA Final Battle &amp; Super Saiyan 4 Transformation,,rumor
Toei Animation to Apply AI to 'Various Processes of Animation Production' In The Future,,rumor
"Persona5: The Phantom X Mobile, PC Game Launches on June 26",,rumor
"After the Movie's Abrupt Cancelation, 'Yuri!!! on ICE' Is Coming to Hulu This Summer",,rumor
Relive Yuri on Ice Season 1 Anime on Hulu This June,,rumor
DAN DA DAN Season 2 Gets Longest Reveal Yet in New EVIL EYE Anime Trailer,,rumor
The Apothecary Diaries &amp; Raku Spa Launch New Merch and Treats Collaboration,,rumor
"Akira Animator From ‘That’ Famous Arm Mutation Scene Returns This Winter To Direct Azuki’s Enter the Garden Episode 3, First Visual Released",,rumor
Major Webtoon Website Reaper Scans Shuts Down After Kakao Entertainment Cease &amp; Desist,,rumor
"Unannounced Shueisha &amp; REMOW Anime Revealed To Adapt Weekly Shonen Jump Manga From Over 15 Years Ago: ‘Among the Top Fan-Requested,’ 'High Profile'",,rumor
The Devil Is a Part-Timer! Manga Ends With 24th Volume,,rumor
2025's Biggest Anime Hit With Over 6 Billion Views Didn't Come From Crunchyroll or Netflix,,rumor
"One Piece Staff Internally Discuss 'Anti-Sanji Bias' Allegations at Toei Animation: 'We've Been Like, 'Is There Something We Should Do Differently…?''",,rumor
'Dragon Ball Z: Kakarot's 'Dragon Ball Daima' Part 2 Sets Early 2026 Launch Date,,rumor
Sakamoto Days Finally Gets Major Anime Return Update in New Netflix Reveal,,rumor
The Apothecary Diaries is heading on a short hiatus,,rumor
'It's Truly Something Incredible': Demon Slayer Star Reveals Major Production Update on Infinity Castle Arc Anime Movies,,rumor
"Netflix’s One Piece Live-Action Season 3 To Begin Filming This Year, Reveals Mr. 0’s Joe Manganiello",,rumor
Toho on Anime Streaming Platform Exclusives: ‘Content Won’t Spread and Will Only Be Seen by Those Subscribers if It’s Monopolised by One Platform’,,rumor
Tamagotchi Inducted into 2025 Video Game Hall of Fame,,rumor
Crunchyroll’s Gloomy Bear Gets Wicked Makeover in New Limited Edition Release,,rumor
Demon Slayer Issues Legal Warning After Infinity Castle Trailer Leak,,rumor
"The Argument for Cutting Off Internet for Repeated Piracy: Sony Music &amp; More Say the Law’s Clear, No Supreme Court Intervention Necessary",,rumor
"Wait, disney going to acquire kadokawa, like, seriously?","Yes, there is evidence that a deleted twitter post was showing it. I thought that was nothing, but do we need to worry about disney owning too much?",rumor
Dragon Ball Manga Set Marks 40th Anniversary With Variant Covers by 42 Jump Legends,,rumor
"Bandai Namco Entertainment America Sued For Allegedly Exposing Customer Viewing &amp; Buying Habits Without Consent, Follows Dismissed Case Against Ubisoft",,rumor
My Dress-Up Darling Season 2 Reveals Opening Song Preview in New Trailer,,rumor
"DRAGON BALL Breaks Revenue Records, Topping GUNDAM And ONE PIECE In 2024",,rumor
Dragon Ball Smashes Records; Leads Bandai Namco's Record IP Sales Year With Gundam &amp; One Piece,,rumor
"We make anime styled game about hikka girl and her vtuber. In the game you have to save her from a depressive routine, if you can.",,rumor
Dragon Ball Breaks Massive Worldwide Record,,rumor
"Jujutsu Kaisen Returns With GKIDS Trailer, Official North America Release Date for Hidden Inventory / Premature Death – The Movie",,rumor
Sony &amp; Bandai Namco Invest 10 Billion Yen In Gaudiy Following MyAnimeList's Acquisition,,rumor
Is Japanese anime the next global IP gold mine?,This article discusses the business aspect of anime and how it might impact the Japanese economy. I consider it an interesting read so I thought I’d share it with the community ,rumor
Canada Considers National Age Restriction on Anime Streaming – Cites ‘Sexualized Teens’,,rumor
Crunchyroll to Stream Onmyō Kaiten Re:verse Anime,,rumor
MyAnimeList acquired by blockchain &amp; AI technology company Gaudiy Inc.,,rumor
Dandadan Gets First-Look Reveal for Anime's Season 2 English Dub,,rumor
Crunchyroll to stream new isekai action anime Onmyou Kaiten Re:Birth Verse (JoJo's Bizarre Adventure studio &amp; director),,rumor
Fan-Favorite Harem Anime The Quintessential Quintuplets Gets 'Magical' New Fantasy Release This September,,rumor
"John Wick’s director breaks down how he got to design action on Lazarus, ‘the funnest job’ he’s ever done",,rumor
Why have Studio Ghibli films become so popular lately?,,rumor
"""It Will Destroy Anime"": As the U.S. Explores Foreign Film Tariffs, the Anime Industry Is Bracing For a Major Hit",,rumor
"'One-Eyed Flashback' Passes 10-Billion Mark in Less than 20 Days, On Course for New Franchise Record",,rumor
New Dan Da Dan Season 2 Fight Scenes Revealed in Action-Packed New Evil Eye French Trailer,,rumor
What Anime Stream For Free This May in 'Biggest' Pluto TV Content Refresh Ever,,rumor
The Most Popular Anime of The Winter 2025 Season in the U.S.,,rumor
‘Some Generations Within Our Industry That View Anime As P*rnography’: Former Crunchyroll Producer Gives Insight Into Hollywood Perceptions on Anime,,rumor
project; VIRAI: DOOMER’s LIFE ESCAPE Demo Trailer,"Imagine if Needy Girl Overdose merged with Omori!
Step into the depressive life of a slavic hikikomori girl.
Manage her virtual idol to gain fame and change her fate.
Can you save her or will you break her completely?
Play the free playtest. Wishlist now!",rumor
Crunchyroll confirms official sneak peek of new Demon Slayer Infinity Castle anime movie,,rumor
White House Issues Update Less Than 24 Hours After Trump's Tariff Plan on Foreign Films: 'No Final Decisions Have Been Made',,rumor
MAPPA's sister anime studio (GRIZZLY) closes,,rumor
Trump Seeks '100%' Tariffs on All Movies Produced Outside U.S.,,rumor
Trump’s 100% Tariff on Foreign Films Could Raise Anime Movie Ticket Prices in the U.S.,,rumor
"Keiso, Kenta Yuzuriha's Outreijō Manga to End in 37th Chapter",,rumor
‘We Want Movies Made in America’: Donald Trump Announces 100% Tariff Plans on Foreign-Produced Films,,rumor
"'Ah, They Took It Away Again!': Former Crunchyroll Producer Reveals They Tried to Produce Splinter Cell &amp; Captain Laserhawk, But Netflix Outbid Them Both Times",,rumor
Europe's First Naruto Theme Park Zone Nears 2026 Launch in New Construction Image,,rumor
Kazutaka Kodaka Reveals Whether We'll See 'The Hundred Line: Last Defense Academy' Ported To Other Consoles,,rumor
Voice Actress Rie Takahashi Resumes Work After Vocal Cord Surgery,,rumor
"Crunchyroll President Hints A-1 May Be Too Busy for SOLO LEVELING Season 3, Teases DEMON SLAYER Movie Updates",,rumor
Crunchyroll: More Fans Watch Anime Unsubbed Than Subbed,,rumor
"Toei Animation (Dragon Ball, One Piece) invests in AI company to ""improve operational efficiency"" alongside Kodansha, Tokyo Broadcasting System",,rumor
"NEW — Solo Leveling Producer Says He’d Like To Wait Until 2028 for Season 3 Prospects, but Says It’s More up to A-1 Pictures",,rumor
"NEW: Solo Leveling Producer Says He’d Like To Wait Until 2028 for Season 3 Talk, but Says It’s More up to A-1 Pictures",[deleted],rumor
"NEW: Solo Leveling Producer Says He’d Like To Wait Until 2028 for Season 3 Talk, but Says It’s More up to A-1 Pictures",,rumor
'Jujutsu Kaisen: Phantom Parade' Global Celebrates Anniversary With Free Gacha Pulls &amp; Exclusive Skin,,rumor
Solo Leveling's Popularity in Japan,,rumor
Solo Leveling Season 3 Gets Support From Crunchyroll CEO: ‘We Have To Find the Right Time To Get Started’,,rumor
"Pluto TV just launched a 24/7 channel for Inuyasha, and it's completely free &amp; legal",,rumor
'mono' Anime Reveals English Dub Cast and Confirms Early May Premiere,,rumor
'The Apothecary Diaries' Season 2 Reveals Kyō-u's Voice Actress,,rumor
"Satelight (Fairy Tail, Macross F, Black Summoner) anime studio president talks 'resisting the system' to fairly reward show creators, not just sponsors",,rumor
"The Crunchyroll president, when asked about Solo Leveling Season 3, said ~ "" We hope so .The [series] creators want to work on lot of shows. Anime is really popular, so there’s a lot of demand, and so we have to find the right time to get started on the next season. ”",,rumor
Akira Toriyama's 'Sand Land' Will Get TV Broadcast in Japan This Summer,,rumor
Crunchyroll President 'Ghost Of Tsushima' Anime &amp; Upcoming 'Demon Slayer' Movie Trilogy,,rumor
Crunchyroll President Teases Potential ‘Solo Leveling’ Season 3,,rumor
"30 Years After Its Close, One of Toonami's Classic Anime Series Is Gearing Up For a Comeback",,rumor
"Toei Animation, Kodansha Invest In Preferred Networks Inc. To Explore AI-Driven Content Creation",,rumor
Shinichirō Watanabe’s New Anime Is Already Borrowing From Cowboy Bebop in a Major Way,,rumor
Solo Leveling producers ask for fan support to get Season 3,,rumor
"After Almost 30 Years, 'Hell Teacher: Jigoku Sensei Nube' Is Back with a New Anime Series This Summer",,rumor
"'Detective Conan: One-eyed Flashback' Reigns at the Box Office During Second Weekend, Live-Action 'Ya Boy Kongming!' Debuts as #2 Among Manga-Related FIlms",,rumor
MyAnimeList CEO Says Solo Leveling's Success Has Little to Do With Webtoon Format,,rumor
Overseas Market Overtakes Japan As Anime Industry Records Highest YOY Growth,,rumor
Slice of life/drama anime with a lot of general/mundane conversation recs,"Now that I'm pretty confident in my reading, I've been doing a lot of speaking with natives so I want to watch a boat load of Japanese Drama and Anime that pertain more towards real life, in order to improve my listening and speech in general.

I'm trying to have a lot of content downloaded so I can keep mixing it up between dramas, streamers etc to keep me going for longer sessions. 

I don't want to just watch fluff and fall asleep though, recommend anything with some drama, nice art or anything that makes the show worth watching that fits these genres, thank you!",rumor
The Perfect List.,,rumor
Rediscovering anime. Looking for recommendations.,"Watched some anime in the 80s/90s and wanted to get some recommendations from the community on newer animes.
If anything, is there something like ""Guyver"" out there (or better)?  ",rumor
"A father and daughter dance, dreaming of Nika (One Piece 1129)",,rumor
give me a more underrated gem I'll wait,,rumor
Trying to find a anime show,"i’m trying to remember a show that i watched a few years ago that was on netflix. I think it got removed but idk. I think it was a show with little to no dialogue and there was like animals that didn’t make noise or if they did, it was like a little noise. I remember a scene and it was in a flea market, i think an asian one and there was a lake by it with rocks. there was also a cherry blossom like tree too. There might be a swing there too but i forget. I was a anime with a beautiful landscape and it was relaxing and i think it was pg-13 or R. 

Please help me out!! i’m going insane😭😭 ",rumor
Where do I watch anime,"I would like an app but I wanted to use aniyomi app which is kinda secure i did ask ai too here is what it gave 
Ai generated:
Aniyomi is generally considered a safe and trustworthy application by its user base. Here's a breakdown of why:
 * Open Source: Aniyomi is an open-source project. This means its code is publicly available for anyone to review, inspect, and verify. This transparency helps ensure that there is no malicious or hidden code within the application.
 * Based on Tachiyomi Mihon: Aniyomi is a fork of Tachiyomi Mihon, which itself was a popular and trusted open-source manga reader. This heritage provides a foundation of trust and community familiarity.
 * No Built-in Sources: Aniyomi, by itself, does not host or provide any content. Instead, it relies on user-installed extensions to access manga and anime from various online sources. This separation of the app from the content sources adds a layer of security, as the app itself isn't directly involved in content hosting.",rumor
I have a New debate,[removed],rumor
Tomodachi no Imouto ga Ore ni Dake Uzai/Imouza/My Friend's Little Sister Has It In for Me! Kohinata Iroha Character Visual,[Sauce](https://x.com/imouza_PR/status/1924389566204805211),rumor
Does Anyone know,[removed],rumor
Does anyone know if there is a anime video gamws thats freeroam that's just filled with History and Classic cars and anything that's old.,[removed],rumor
I have a question,Can someone tell me simply how this uh...because my post got removed so I want understand how it works And stuff.,rumor
Hi Pirate2002Admiral I'm new here nice to meet you all.,[removed],rumor
What shonen anime should a shonen hater watch ?,[removed],rumor
I've watched 370 of the top 6000 anime and no anime is watchable anymore.,"I recently started using MyAnimeList and went throught the top 6000 anime and found out I've spent at least 150 days of my waking hours watching anime. I've checked 6000/26000. Anime just doesn't hit anymore, but I would be open to insanely good recommendations.

[https://myanimelist.net/profile/AdollaR](https://myanimelist.net/profile/AdollaR)",rumor
Final destination/anime,[removed],rumor
Who is smarter out of the two Lelouch or Light,[removed],rumor
Who is smarter out of the two Lelouch or Light?,[removed],rumor
What is up with comparisons????,[removed],rumor
They are releasing JJK movie after it was already aired as anime episodes. Why?,[removed],rumor
please help me. i feel empty,"i have been searching for weeks for an anime that will fulfill me. nothing i try out interests me. please give recommendations. my favorite anime of all time is attack on titan but i know there will never be another like it again. some of my other favorites are hxh, vinland saga, fmab, re:zero, mushoku tensei, and jjba. please i just need something.",rumor
Any anime recommendations rn?,"I really need anime recommendations so far I have watched Daily of a immortal king Misfit of the demon academy Naruto One piece Rising of the shield hero Black clover Beyblade burst Beyblade burst god Yugioh Wakfu Opm (one punch man) Frieren Demon slayer My hero academia Seven deadly sins Pokemon Mashle Mob psycho 100 Beyblade burst quaddrive Beyblade buest turbo Beyblade burst rise Devilman crybaby Solo leveling The eminence in shadow and more. I really like naruto, beyblade and eminence in the shadow.",rumor
Sailor Moon Universe Chat and Projectanime.com,[removed],rumor
highschool time travel anime," guys i need help, I'm trying to find an anime i watched a long time ago!!!
the story is kinda confusing, it's about a place where people have like different levels of power and there's this girl who's the main character that meets a boy (i think he was important or very powerful, i can't remember) and the first 5 or 6 chapters are very different from the rest of the anime (even kinda filler episodes), i remember they help a girl build a plane and at some point two other people join them (a guy and a girl) and they have a cooking battle? but then somehow they end up time traveling to a highschool (i'm not sure if they can remember each other) 
ik it sounds very strange and confusing but i'm sure it exists, i watched that anime like 4 years ago and never finished it, now i can't find it anywhere and i don't remember its name helpppp",rumor
Alguém me ajuda a achar esse manga,"lembro de uma cena que esta numa especie de galpao e por algum motivo ele vai ter que vencer varias pessoas no braço de ferro, se eu nao me engano sao 100 pessoas.

Essa é toda informação que tenho kkk ",rumor
recommendations,[removed],rumor
What's your Goat anime ending song ?,"Me personally it's Naruto Shippudden Ending 25 : Sayonara Memory , that shit is fiiiiire ! Let me know yours and thnx ",rumor
Witch anime is this,[removed],rumor
When It’s 3AM but You Keep Scrolling 😵📱 | Heart &amp; Brain,,rumor
I need help finding this,"I need help finding an old cartoon I watched for a bit when I was a kid.
It’s either an anime dubbed in English or an American cartoon with anime-esque art and animation
It centers around four highschool teens who secretly pilot large samurai mechs, doing the whole classic crime fighting gag. The mechs are blocky and angular, kind of like the old transformers designs or like gundams, but not as extravagant. The mechs aren’t huge, they’re like 10 feet tall maximum.
The only other thing I can remember is a female character introduced at some later point in the series who pilots a pink mech with backward facing samurai swords, one in each hand.
I think this show was around in the early to late 2000s or early 2010s, and sadly that’s really all I can remember about it

If anyone else watched this and somehow remembered it I would please like be informed of what it was called",rumor
Anime Peruano [APUKUNAPA KUTIMUYNIN ] AMV,,rumor
Random tracks,[removed],rumor
Super Beast Machine God Dancouga Rewatch - Episode 19 Discussion,"#Episode 19: Bizarre! The Army Razed By Demons

[← Previous Episode](https://old.reddit.com/r/anime/comments/1kpwyxz/super_beast_machine_god_dancouga_rewatch_episode/) | [Index](https://old.reddit.com/r/anime/comments/1jxtyr5/super_beast_machine_god_dancouga_rewatch_official/) | Next Episode →

---

[MAL](https://myanimelist.net/anime/2255/Choujuu_Kishin_Dancougar) | [Anilist](https://anilist.co/anime/2255/Choujuu-Kishin-Dancougar) | [Kitsu](https://kitsu.io/anime/choujuu-kishin-dancougar) | [AniDB](https://anidb.net/anime/1692) | [ANN](https://www.animenewsnetwork.com/encyclopedia/anime.php?id=570)
		
---

***Too bad I'm not logical, like a computer!.***
			
Hello everybody, time for the Comment of the Day, courtesy of u/The_Draigg for [a wonderful Norio impression:](https://old.reddit.com/r/anime/comments/1kpwyxz/super_beast_machine_god_dancouga_rewatch_episode/mt16n2u/)

&gt;Shapiro: “Gildorome, why the fuck are you deepfaking my voice?”

[](#nottodisushittoagen)

---

1) What's the",rumor
"Help identifying anime scene: boy helps girl escape through fence, then lickes the back of her legs in an abandoned wooden shed pretending to be a dog","
Hi everyone,
I'm trying to find an older anime scene I saw years ago on YouTube. I don’t remember the name of the anime or how the characters looked, but here’s what I remember:

It’s not an isekai

The scene takes place near a school

A boy helps a girl escape through a small hole at the bottom of a fence

Behind the fence is a park or nature area

They go into an abandoned small wooden shed

Inside, the boy pretends to be a dog and licks the girl’s legs from behind

I think it was part of a comedy or ecchi scene

Does anyone know what anime this is? Even close guesses or similar scenes are welcome!",rumor
Gintama : worth watching or not ?,"weebs and otakus of reddit , is ginatama worth watching cuz it's so long and i don't really wanna waste my time but i don't wanna miss on a classic too",rumor
Do I need more peak?,[removed],rumor
What to watch next,[removed],rumor
Gintama ...,[removed],rumor
Redo The Super Cube Dub,[removed],rumor
short anime with good fights,"ok so I'm doing it in reverse

i've been playing anime gacha games for years and now I'm thinking, watching an anime with cool fight animations like what you'd see in those games would be really dope

I just want something short that I can finish quickly with good fighting scenes. that's it.

drop your recommendations and ty in advance",rumor
Need a good new anime,"Hi!
It’s been a while now since I saw a good anime. The last one I watched was Pluto, and it was perfect. But recently, it feels like all the new anime coming out are either the same recycled tropes or just another rinsed isekai.

I used to look forward to watching AOT, Chainsaw Man, and My Hero Academia every week, but now it feels like there’s nothing fresh or exciting.

Does anyone have recommendations for something more grounded, thought-provoking, or just different from the usual shonen/isekai/ slice of life stuff?",rumor
[Rewatch] 35th Anniversary Nadia: The Secret of Blue Water Rewatch: Episode 37,"#Nadia: The Secret of Blue Water Episode 37: [Emperor Neo / ネオ皇帝]( https://i.imgur.com/JhkaltP.png)    

| ← [Episode 36]( https://old.reddit.com/r/anime/comments/1kpuc55/rewatch_35th_anniversary_nadia_the_secret_of_blue/) | [Index](https://old.reddit.com/r/anime/comments/1jnmjx3/rewatch_35th_anniversary_nadia_the_secret_of_blue/) | Episode 38 → |
:--:|:--:|:--:|

___

#Watch Information

* **Streaming**: [Retrocrush](https://www.retrocrush.tv/details/1000000009651/Nadia:-The-Secret-of-Blue-Water-(Original-Japanese) | [Retrocrush (Dub)](https://www.retrocrush.tv/details/1000000009652/Nadia:-The-Secret-of-Blue-Water-(English-Dubbed) | [Apple TV+](https://tv.apple.com/us/show/nadia-the-secret-of-blue-water/umc.cmc.38ivx563kkodjuzhc8ldocsow).
* **Databases**: [MAL](https://myanimelist.net/anime/1251/Fushigi_no_Umi_no_Nadia?q=nadia&amp;cat=anime) | [Anilist](https://anilist.co/anime/1251/Fushigi-no-Umi-no-Nadia/) | [ANN](https://www.animenewsnetwork.com/encyclopedia/anime.php?id=48) | [ani",rumor
"Dragon Ball DAIMA, Solo Leveling Season 2 and More Nominated for 2025 Astra Awards - Crunchyroll News",,rumor
"I don't understand the plot of Neon Genesis Evangelion, can anyone explain it to me? I don't understand the plot of Neon Genesis Evangelion, can anyone explain it to me?",[removed],rumor
So I'm finally up to date on One Piece...what now?,"I've finally caught up to One Piece. What do I watch now?  
(If it's in the mainstream there's a 95% chance I've watched it)",rumor
https://youtube.com/shorts/WB53zeTLnm0?si=GdnJCWUXkO8PoXVB,[removed],rumor
Como puedo descargar anime de crunchyroll a mi galeria?,**Como puedo descargar anime de crunchyroll a mi galeria?**,rumor
OP main character fan sharing favorite animes with y'all,"We're all different so I'm just gonna list them all in random order. Hope you find a show or 2 you didn't watch yet. I only watch DUBBED anime so english spoken. Let's begin....

  
I Was Reincarnated as the 7th Prince so I Can Take My Time Perfecting My Magical Ability

Tsukimichi -Moonlit Fantasy

Overlord

Eminence in Shadow

Shikkakumon no Saikyou Kenja

# My Instant Death Ability is So Overpowered, No One in This Other World Stands a Chance Against Me!

Chillin' in Another World with Level 2 Super Cheat Powers

The Unaware Atelier Master

She professed herself the pupil of the wise man

I Parry Everything

Skeleton Knight in Another World

My Isekai Life: I Gained a Second Character Class and Became the Strongest Sage in the World

# The Brilliant Healer's New Life in the Shadows

# I've Been Killing Slimes for 300 Years and Maxed Out My Level (only liked season 1)

# Magic Maker: How to Make Magic in Another World

# Possibly the Greatest Alchemist of All Time

# Dr. Stone

# Sol",rumor
let’s build meowtopia! 🐾,"let’s make a purr-fect world filled with adorable anime catgirls! post your cutest nekos below and let’s build meowtopia together~!

nyaa~ let the meow-vasion begin!!! ",rumor
let’s build meowtopia! &gt;.&lt;,[removed],rumor
We're a small team creating our own dark fantasy manga—would love your support.,[removed],rumor
Anime introduction,[removed],rumor
Cyberpunk Edgerunners Rebecca Compilation,[removed],rumor
I want anime with this artstyle,,rumor
Looking for a good anime to watch however ...,"Hey y'all. I'm not much of a lurker on this sub or really watch a whole lot of anime these days. I'm looking for something that can help me start watching again. Anime that I used to watch were Naruto, bleach, one piece, samurai champloo, monster, death note, tri gun, berserk, one punch man, shinchan, HXH and Vinland saga. I could list more but I feel that the list would be long. Do y'all have any anime you have been into or can suggest something similar to any of these? I'm not a fan of Isekai many of my friends and coworkers have tried to get me into it but I just don't find them entertaining. Sorry if this is hard to work with,but please help a brother out, thanks.",rumor
"Where can I watch ""A Silent Voice"" in Japanese with English subtitles?","Ithe site where I watch anime, this film is abailable only in English... ",rumor
New idea about No-Face,"No-Face, the popular character from Spirited Away, is a blobby gender queer drag clown made from spectral black goo and other important Japanese symbols. “He’s Miyazaki’s alter ego,” someone from the studio said. “I think there’s a bit of No-Face in all of us,” Miyazaki replies.

This abjection incarnating phantom wears a mask inspired by Noh theater and a body inspired by silkworms and Bunraku puppeteers. This makes him a repository or complex hieroglyph indexing Japanese arts, sericulture, and the possibility for transformation. The purple hairband comes from threads that No-Face spun. Silkworms are also historically tied to women.

Layered like a musical chord, these higher notes are rooted by a bass note of repressed postwar Japanese anxieties; the faceless ‘demon’ becomes possessed by a rampaging, insecure, greedy child embodying US imperialism and, as Ayumi Suzuki puts it, the nightmare of capitalism. People run from No-Face like he is Godzilla; in both we see echoes of Hiroshima",rumor
🔥 Is One Piece the Greatest Story Ever Told in Fiction? Let’s Talk. 🔥,[removed],rumor
Viking barbie,[removed],rumor
Me in an exam be like,[removed],rumor
Patrio no moriarty is underrated,[removed],rumor
Look,[removed],rumor
Patriot no moriarty,[removed],rumor
[Winter 2025] Best Seiyuu of the Season - VOTING (Quarter Final)!,"Vote here:

* [Female Category](https://animebracket.com/r-anime-best-female-seiyuu-of-winter-2025/vote)
* [Male Category](https://animebracket.com/r-anime-best-male-seiyuu-of-winter-2025/vote)

Today is the quarter final. Vote for your favorites so that they can reach the semi final!

Previous Winners:

* [Winter 2021](https://www.reddit.com/r/anime/comments/n7oqzh/top_seiyuu_of_winter_2021_results/) \- [Yuuki Aoi](https://myanimelist.net/people/6686/Aoi_Yuuki) , [Sugita Tomokazu](https://myanimelist.net/people/2/Tomokazu_Sugita)
* [Spring 2021](https://www.reddit.com/r/anime/comments/ovu4jt/spring_2021_best_seiyuu_voice_actorvoice/) \- [Yuuki Aoi](https://myanimelist.net/people/6686/Aoi_Yuuki), [Kuroda Takuya](https://myanimelist.net/people/1122/Takaya_Kuroda)
* [Summer 2021](https://www.reddit.com/r/anime/comments/qettlg/summer_2021_best_seiyuu_voice_actorvoice/) \- [Sakura Ayane](https://myanimelist.net/people/11622/Ayane_Sakura), [Hanae Natsuki](https://myanimelist.net/people/1663",rumor
Comment you're fav anime I'll rate it,[removed],rumor
"Anime logic: “Women can’t be stronger than men, that’s unrealistic!” Also anime: a 12-year-old just wiped out a whole gang of 16-year-olds and adults.",[removed],rumor
One piece episode 1129 I cried!😭,[removed],rumor
Cause I've not seen a thread like this in a good while - what show has an opening or ending that's waaaaaaay to good for the show itself?,[removed],rumor
This AMV was insane!,[removed],rumor
At tunsaa🤧✨,,rumor
Describe Your Favourite Anime,[removed],rumor
Suggestions of animes where the villain has reasonable motives behind his actions,Suggestions of animes where the villain has reasonable motives behind his actions. No villains who are evil just for the sake of being evil. I want villains with motives that I can emphasise with. Thanks to all in advance.,rumor
"If an anime already has previous seasons made, is there usually a period of time before the new seasons get’s dubbed?",For example all of the shows coming in July with already made seasons. If I want I watch it dubbed would they be out on release or would I have to wait longer. ,rumor
Need some (Story-Heavy) Recommendations.,"Greetings &amp; Good day ✨️

I recently finished watching Solo Leveling and I need something to binge watch. Something story-lore heavy ideally. My favorite of all time is Attack on Titans. So, would appreciate something that is more in leagues with AOT or SL in terms of story telling and world building. 

I love animes but I'm not a veteran watcher by any means. I don't know if it is allowed to share MAL profile links (I can share mine), if it helps to give better recommendations and it's allowed.

Thank you.",rumor
Why is there so different view on fictional anime depicting minors between Japan and Western countries?,[removed],rumor
need recommendations,[removed],rumor
Need some anime suggestions,Hey everyone! Please suggest me some good anime cuz I have no idea what to watch and don't know much about recently released animes. It has been quite a while since I last saw anime . You can suggest both movies and series . The last anime that I watched was jujutsu kaisen and Dr.stone . Please leave your comments below if you have some suggestion. ,rumor
Anime Ranked,[removed],rumor
Once again looking for recommendations,Hi all so I've recently finished watching freezing an saw it was discontinued. So on this note I'm look for something to watch that is like it pls and ty,rumor
Anime/characters that look like Monika from DDLC,I know it isn’t technically an anime more so of a visual novel but I also want to get into anime so what are your picks?,rumor
Anime like 2.5 Dimensional Seduction,"just finished this anime earlier and ending is 
so good cause of their character development. I need more anime like this.",rumor
Mugetsu or Vaste Lorde,[removed],rumor
"Looking for anime shows similar to solo leveling, fairy tail, black butler, my hero academia, naruto, attack on titan","Most of the animes released today have a male lead with 2 or 3 girls as their sidekick. Their storyline is great, but I'm not into animes where females immediately want to be with the male lead.

  
In fairy tail's case, Lucy was hesitant to be with Natsu because she thinks she's not as strong as him, and she's always hesitant whether it's right for her to be with erza, gray, and natsu, and this happened in the first few episodes of season 1 which was realistic enough to me.

  
Solo leveling, Jinwoo (is the name correct?) didn't recruit anyone, they let them be willing to join him.

  
Black butler, the butler-male lead relationship was understandable from the start.

  
My hero academia, all the people around the male lead weren't forced, they were willing to volunteer.

  
Naruto, he start with no friends and eventually have friends which was a great story line.

  
Attack on titan, they were friends and their relationship is already understandable enough with each other.

  
Do you",rumor
Check this out. Saw this video on TIkTOk guy says he lost weight cause of Luffy,[removed],rumor
The Last Chrysanthemum - Series,[removed],rumor
The Last Chrysanthemum- Series,[removed],rumor
Is A Real-Life Hunter Association Possible?,[removed],rumor
"Gorilla God's Go-To Girl, episode 7. They're celebrating Christmas, so I guess Jesus existed in their world?",[removed],rumor
Understanding emmince in shadow,I dont really understand the end of s2 emmince in shadow. Does he get teleported into his old world? I googled it and it dosent give very much information. I would hate if cid got teleported into another world because I just NEED to see everyones reactions when shadow reveals his identity. (I hope theres a s3 😭),rumor
My review of FLCL (Season 1),"**TLDR: I would give it a 4.5 out of 5**



**Positives:**

\---Haruko is obviously a lot of fun to watch

\---The style is just really nice to look at visually

\---The scene composition is really good.

\---The fight scenes are really good

\---The music is great!

\---The dub is excellent

  


**Negatives:**

\---The undertones and not so subtle message of themes of growing up and maturing coulda worked...but they shoe horned in *so so* *so* much sexual innuendo that it kinda dampens the themes by not taking itself seriously and quite frankly...being kind of uncomfortable to watch with how thick they lay it on when you consider the main character is a literal kid...

  


\---I really wasn't a fan of the first half of episode 5 at all. The animation / style just wasn't my thing and it just looked so so goofy and it's not until they got to the cool robot fight that I was invested in the episode at all. ",rumor
Summer Pockets New Key Visual,[deleted],rumor
Gorilla lovers episode 6 (spoilers),[removed],rumor
Designs,[removed],rumor
My little doodle of Dazai,,rumor
Quick let’s spot the main character of this anime!,[removed],rumor
The cozy economics,,rumor
The Peak of Journalism,,rumor
She a 69 dog,,rumor
The hard way,,rumor
Werking Figueroa Kat,,rumor
Me Writing a Letter to My Mom for Mother's Day,,rumor
Tom Lady,,rumor
Bite,,rumor
Hood Katz,,rumor
Iykyk 😤😶‍🌫️,,rumor
Can't...,,rumor
Dancin',,rumor
Watamote irl,,rumor
ChatGPT waifu,,rumor
Furries eh?!,,rumor
Do the Homie,,rumor
Money bag's,,rumor
Anime_irl,,rumor
All Potential With No Direction,,rumor
Alcohol Cougar hell yeah🫡👀 lol,,rumor
"Thank you, Japan.",,rumor
There's no way that gorilla can beat 100 ninas,,rumor
Squid Game Challenge:,,rumor
I assure you dear viewer not putting music is also part of the plan,,rumor
Just get good bro!! xddd,,rumor
Watched the dub on cable before I knew what it would be about,,rumor
This is why I don't open up to other people,,rumor
What manga do you think the author dosent even try to disguise their fetish?,,rumor
Legends say it helps,,rumor
Finger lickin good,,rumor
Someone actually made this 😭💀,,rumor
Just cute girls doing cute girl things,,rumor
Education: School of Hard... Knocks.,,rumor
/LeavesChat,,rumor
Double The Training,,rumor
The Japanese must be stopped!,,rumor
We having PTSD with this one 🥀💔,,rumor
"Chat, is this true?!",,rumor
humanity has lost!!!,,rumor
Close call,,rumor
"BUT IT WAS ME, DIO!",,rumor
skill issues,,rumor
Double-slit experiment,,rumor
Hit the pose,,rumor
Chat is this Confirmed?,,rumor
To be a shut-in that no one understands...!,,rumor
I do not accept this,,rumor
How missing is the torso you should have?,,rumor
Classic move,,rumor
The greatest conman to ever exist,,rumor
She always got the blame at the start of a war,,rumor
Ayanokoji,,rumor
Who is your favorite red head?,,rumor
Tf why are jotaro and josuke in MHA,,rumor
"Nah, I'd rim",,rumor
Legend spotted..,,rumor
Best gender fr fr🤞🏾🤞🏾,,rumor
NARUTO,,rumor
"""I'm convinced that's the sole reason why RWBY exists """,,rumor
"RWBY X DMC "" Qrow as Uncle Dante and Vergil as Raven Branwen"" Crossover meme",,rumor
"When the first opening plays, that's how you know you're beyond cooked",,rumor
"""Dragon Ball Super Hero if it was actually good:""  by oliviaquefl7789",,rumor
RWBY Ruby understands the limitations of the flesh.,,rumor
RWBY Weiss Cream and multiverse of lonely rich kids,,rumor
Update for world,,rumor
I feel ya,,rumor
We just passed by....,,rumor
(Rent a Girlfriend) No longer renting,,rumor
(Rent a Girlfriend) No longer rented,,rumor
The uncanny valley 😨,,rumor
Literally a mood,,rumor
New Isekai Subgenre just Dropped,,rumor
📕 + 💪,,rumor
Justice for Shakugan no Shana,,rumor
Shinji adventure is honestly the best Netflix original anime no question,,rumor
I love all the bonding,,rumor
Thanks i need it,,rumor
Goku will catch him soon,,rumor
Anime younger siblings,,rumor
Muscle Girl lifts Heavy Object,,rumor
Double life,,rumor
GPT knows,,rumor
Oh crud,,rumor
anime_irl,,rumor
You can only choose one,,rumor
What's the first thing that catches yall's eyes,,rumor
Hey... this looks like:,,rumor
It always will be,,rumor
Red or blue!,,rumor
I fucking hate Dance in the Vampire Bund,,rumor
Don't forget that they also cost as much as a Boeing wing,,rumor
Half empty,,rumor
This is painful.,,rumor
It's not a bullying if you're best friends,,rumor
Chibiusa talks about the 31st century,,rumor
Bro code has limits,,rumor
what's your weirdest anime crossover ship you have seen?,,rumor
weirdest anime crossover ship you have seen?,,rumor
"Hot, fresh, and warm.",,rumor
Need a fantasy / dark fantasy recommendation,"Basically looking for something that has established really good characters / surrounding world, overlord or geass (although different genre) being a good example. I know majority of isekais that are worth watching, so I'd love to get some more dark fantasy after watching more light hearted things. If the anime has one thing that carries it until the end (fe. Hellsing), that's also fine. Listing up my top 5 so you can have a better look at what I might like
1. No game no life
2. Made in Abyss
3. Code Geass
4. Mushoku tensei
5. Noragami
Honorable mentions: Grimgar, Elfen Lied",rumor
"An anime with a strong core team, like Unit 8 in Fire Force or Black Bulls in Black Clover?",Just a team of misfits and different character archetypes that work together ,rumor
Good Food Based Shows,"We all know that a lot of anime cooking can be very satisfying (Studio Ghibli), but it wasn’t until I watched Kakuriyo: Bed and Breakfast for Spirits that I started researching Japanese food and developed a fondness for anime cooking. 
This fondness was ramping up with the additions of True Cooking Master Boy and Campfire Cooking in Another World with My Absurd Skill and then part of my research got extra in depth with Ms. Koizumi Loves Ramen Noodles. But I’m looking for more.

Name me a good cooking/mukbang anime, preferably something on Crunchyroll or even HiDive. 

(Please refrain from naming Food Wars. I’m well aware of the show, I just haven’t watched it yet)",rumor
What is a anime with a lot of fanservice but a modern artstyle?,"So not like prison school or highschool dxd, those have pretty dated artstyles. I’m more talking like interspecies reviewers, monster mosume, peter grill and fairy tail",rumor
I want to like anime so bad but I’m picky as hell—need something actually good,[removed],rumor
Similar relationship dynamic like Love of Kill(Koroshi Ai) or Maid Sama,"Yes, those are very different shows but the dynamic of the creepy yet cute guy and cold girl is entertaining for me.

Anything similar? ",rumor
Are there other anime with a prideful MC like Escanor,"Are there other anime with an MC that is comically prideful like Escanor?

But like Escanor I would love if they are prideful but jolly with no hot temper or desire to prove it. If anyone denies their superiority they don't get angry or confrontational at the insult but take it in stride as the statement of a naïve child. ",rumor
"What should I watch next? Death Note, JJK, or something else?",[removed],rumor
Looking for anime or manga with monster girl Yuri,Want some Yuri with Monster Girls. Can be safe like a Slice of Life or CGDCT or lean more ecchi. I recently ready the BL “The Wise Wise Beasts of The wizarding wisdoms by Nagabe” and was wandering if there was something like that but GL.,rumor
Mangas in which the mc is creating something piece by piece?,"I'd like something where they pay attention mostly to the character making something over time, often isekais or slice of life. Where they start building out their base, or they are a blacksmith making things, or like how rimuru is slowly making a bigger city etc. Even something like adding new people to their crew/team/harem w/e could count, but is maybe a bit too wide of a criteria. Nsfw is fine as long as the point stands.  
Feel like I've exhausted what I could find and even adjacent things that tend to focus on something like a job e.g. dragon, hero, courier. See if anything worthwhile is floating around that was missed.",rumor
What manga/manhua have you read and reread? What makes it so good?,"I was just catching up on Kaiju No 8 (wasn't sure at the beginning, but absolutely loved it) when I thought back to Solo Leveling. I have fully read SL four times already and this made me wonder what about the rest of y'all...

What do you keep going back to? And why?",rumor
I need some advice!,"Hello! I’m fairly new to anime and I started with Spy x Family. I watched all of the episodes on Hulu, but I couldn’t watch the movie because I don’t have Crunchyroll. I loved Spy x Family so much that I was scared to start a new anime. However, I started watching The Apothecary Diaries and it’s also so so good! I watched all of season one but now I can’t watch season two because it’s only on Crunchyroll! Also, I tried watching Death Note in between Spy x Family and The Apothecary Diaries, but it didn’t spark my interest. So, here’s question: Do I buy Crunchyroll, just get the free trial of Crunchyroll, or give up on the Spy x Family movie &amp; The Apothecary Diaries season 2 and watch something else (maybe retry Death Note)?",rumor
Anime with prophecy,"I'm looking for anime, which start with prediction of future. Like: In 10 years the world will end or you'll die etc. It can start with it or be a reason for characters to do some new things. Any ideas? ",rumor
Suggest me some long battle shonen animes to lift my mood up,"Long means at least more than 100 eps.
Yeah, thanks in advance.",rumor
What's a character everyone mistakenly hates. Or people hate and you love. Can be anime or non anime &lt;3,"Basically what the title says. I am the other way round, for example I think snape's a dick cause books you know. And some people melt to jaime lannister kinda forgetting everytthing he did xD

But I'm wondering who's someone you love and people usually hate and why. Or someone who is mistakenly hated due to a particularly reason.",rumor
Could you help me find an anime?,"Recently I've come across an anime that I think was basically about the joys of parenting, and part of an episode was a father laying on the ground with his daughter trying to wake him up, so her mom asks her what she's doing and the kid says that she told her father she loved him, and the end of this part was with the mom asking how was the dad's face and the kid saying the father was smiling.

I think the name had ""-Logs"" in the end, but I can't confirm since I don't remember the name.",rumor
Romance anime where guy is more special/takes most of the attention of viewers?,"What i mean is that most romance animes nowadays, the guy is quite plain and shy while the girl is unique, for example My dress up darling, dont toy with me miss nagatoro, darling in the franxx, and etc. Its one reason i liked love is war, where both chracters felt equally special and both took the attention of the viewers. But i want to see what would happen if it was the guy instead that took the attetion, if that makes sense. Any recommendations?",rumor
Very Dark Action Anime,I'm looking for very dark and edgy action anime with good fight scenes (a lot of fight scenes).,rumor
Anime where a girl foghts demons(?) and does using colour guard techniques?,"I've been hunting for this anime for ages. I'm fighting for my life trying to remember what it was called. All I can really remember is a scene where this girl had a rifle and she was fighting... something. Demons? Monsters? Vampires? Ionno, but she was using a bayonet colour guard style. With the spinning and the flipping and the positions between tricks. If anyone has any idea that'd be so helpful. I saw it when I was smol so like...early 2000s? Maybe on Adult Swim maybe on G4TV? I don't remember. It's been driving me insane though.",rumor
Fun watches similar to FLCL?,"Hi everyone. I just finished FLCL for the first time. The first two episodes were a bit hard to get into, but then episode 3 hit and suddenly it clicked and I loved it. I know they came out with additional seasons in the past few years, but I was wondering if anyone could recommend anything else with a similar goofy/weird tone? The art style/animation was maybe my favorite part of watching. Something about it just hooks me in. So anything with a similar visual would be awesome. Thanks for any help. ",rumor
Tanx hernia,[removed],rumor
Drop some mecha anime suggestions.,[deleted],rumor
Suggest a post-apocalypse anime I haven't watched,I've watched a lot of anime over the years (https://myanimelist.net/profile/Loupes) but this particular genre is one of my favourites. Have I missed a 'must watch' series?,rumor
Mission: Yozakura Family - How did i overlook this for an ENTIRE YEAR,[removed],rumor
What should I watch from my planning list?,[removed],rumor
What anime had the best come back?,"Is there an anime you can think of that started off really terrible wether that be crappy animation or terrible story or unlikeable characters whatever but then it came back new and improved and went on to become a very good anime?
",rumor
give me anime recs!!,"hey there, i haven't seen a lot of animes (i dont think) and i wanna watch some more. my favorite animes are bleach, mha, naruto, chainsaw man, jjk, wind breaker, death parade, and a couple more.

if you guys have any death game animes, please send them my way. thats like my favorite genre. (ex. danganronpa, king's game)",rumor
Any Anime Where the MC Gets Set Up/Manipulated,[deleted],rumor
Light Hearted Mecha Anime,Looking for a fun and a light hearted mecha anime. I haven't seen many mecha animes but of the ones I've seen Gurren Lagann is definitely my favorite one so something along those lines would be great.,rumor
Looking for anime with unique viewing order,"Looking for an anime which could be watched differently than the normal viewing order. For example, Haruhi could be watched both scrambled and in chronological order. So if you could suggest anime, where i could first watch, for example, the second season, then the first, i'd be grateful, since i never got to expierence inconventional order first.",rumor
Please give me your favourite horror suggestions.,"I've seen all the popular stuff (e.g., Higurashi, Shiki, Madoka Magica, Another), but nothing since has had the same impact where I genuinely felt disturbed by what I had just watched. What can you suggest? ",rumor
Best fighting series?,[deleted],rumor
Need help of finding the name of the anime I watched years ago,"What anime is that there's a magic school, a male high school protagonist with a small female fairy-like friend on his side, I only remember he has a schoolmate, a black long hair girl with powers that whenever she opened her mouth, monsters/yokai/ghosts(?) are getting sucked in to be her sustain food and forgotten the others but one episode I remember is the fairy decided to become human human like the mc to attend the school with him too AND I forgotten all the rest, I tried searching online but couldn't find it, pls help 😭🙏",rumor
looking for anime recommendations!,"my all time favs are free!, heavenly delusion, death parade, haikyuu, apothecary diaries, wind breaker 

  
please recommend me some animes that you really love! I'm not really interested in watching romance related animes rn tho  ",rumor
Why is Mushoku Tensei so hated?,"I recently ended up in a discussion with a group of people recently talking about some of our favorite anime’s. I brought up that MT was in my top 10 and a one of the people in the group started berating me telling me that the show was trash and I was trash for liking it so much. The argument went on for quite some time. I want to bring up some of the points of the discussion and see what other peoples take on it is.

1: Their argument: The person mentioned that Rudeus was nothing but a pedo because when he died he was 34 (they didn’t know his age but I filled it in) and because of that, when he fell for people in his new life, he was a disgusting pedo perv.

My argument: It’s a common trope in this genre of anime. Examples; By the Grace of the Gods- MC was in his 30’s when he died and fell for an 8 year old. World’s finest assassin- MC was in his 60’s and fell for an 12 year old. Aristocrat’s otherworldly adventure-MC was 18 and was engaged to 2 10 year olds. Many more examples are al",rumor
sleeping on bench,"I know this might not be a lot to work off of but the scene I remember was a little boy sleeping all by himself on this bench and then there was this girl who approached him the scene was during a sunset/golden hour 

All help is much appreciated; ps I’m also currently looking for it too sorry I’m suffering with you till I find it",rumor
Help me pick a few new anime to watch,"Hey guys,

Was wondering if you can recommend some more anime based on my watch list. Thanks in advance

- [x] Hunter x hunter 10/10
- [x] Attack on titan 10/10
- [x] Jujutsu kaisen 9/10
- [x] Demon slayer 10/10
- [x] Made in abyss 9/10
- [ ] Gintama(watching)
- [x] Fire force 9/10
- [x] Bezerk 10/10
- [x] Psycho pass 8/10
- [x] Death parade 10/10
- [x] Fate/zero 8/10
- [x] Dead man wonderland 8/10
- [x] Code Geass 9/10
- [x] Saga of Tanya the evil 9/10
- [x] Mushok tensei jobless reincarnation 9.5/10
- [x] That time I got reincarnated as slime 8/10
- [x] Rise of the shield hero 8/10
- [x] Elfenlied 8/10
- [x] 86 20/10
- [x] Chainsaw man 9/10
- [x] My Hero Academia 9/10
- [x] Hells paradise 9.5/10
- [x] Kill la kill 8/10
- [x] Dr stone 8/10
- [x] Rouroni kenshin 8/10
- [x] Frieren 10/10
- [x] To your eternity 20/10
- [x] Kaiju 8 10/10
- [x] Blue lock 9.5/10
- [x] Dandadan 10/10
- [x] Wind breaker 10/10 (second season kinda dragging)
- [x] Link click 9/10
- [x] Shangri-La 9.5/10
- [x] E",rumor
An anime with the shortest skirts? Any recommendations?,An anime where characters have really short skirts and there is a real focus on the skirt aspect. Not Miru tights tho ,rumor
Are there any other philosophical Anime where Villian tries to implement their ideologies. Or something similar to that.,"Best example is Psycho-Pass. If not, Then Just Philosophical and Mystery is fine. 

",rumor
Anime where this girl reveals she’s actually a guy,The scene I remember is that it was night time and the girl said that they couldn’t be together because she has the same lower part as him. What anime is this? ,rumor
Anime like Vinland Saga / Monster / Berserk,"Hey Everyone! I need suggestions on which anime i should watch.  
Animes i've watched and loved: Vinland Saga, Berserk, Monster, Great Teacher Onizuka and FMA ( 2003).

Animes which i watched but didn't enjoy and had to stop: Jujutsu Jaisen and FMA Brotherhood (the main reason for not able to enjoy these was that the comedy felt very cringe and forced).

Here's a list of anime i've noted down that might be good, based on different posts: Orb ( 2024), Parasyte, Psycho Pass, Stein's Gate, Pluto, Hellsing, Neon Genesis Evangelion, Re:zero. ",rumor
Looking for romance anime with specific conditions,"Hello! I'll get right to business. I'm looking for a romance anime that:

1. has actual romance progression, I'm tired of the last episode of the anime being where they get together. 

2. DOES NOT have a rival, or has a minor rival that is VERY short lived. I have to skip through that every time and it's not what I'm up for right now. I'm here to see the main couple, not mina the man stealer.

3. please no harem animes. the amount of romance animes that somehow turn into harem animes is killing me right now.

4. does not take long breaks from the romance. again, I'm here for the romance and relationship, not finding out how great the fmc's little brother is at swimming or whatever.

5. Is complete. I'm not up for waiting a year for a new season of anything despite some of the great animes coming out right now, so please only list complete animes if possible.

besides those points anything else is great, but there's no way to filter for that on sites so... any suggestions? please?",rumor
Best Underrated Anime Gems You Haven’t Seen Yet – Top 5 Hidden Masterpieces,[removed],rumor
Anime recommendations,What are some good anime recommendations you all have that are kind konosuba and how to not summon a demon lord?  I have recently finished both animes and I am trying to find something that has the same kind of comedy and action. Also if it has more than 3 seasons that would also be great!! ,rumor
Give me some great Isekai animes to watch,"I want to watch some good isekai rn. Isekai anime I have already watched:

Tensei Slime",rumor
Romance Anime About Adults?,"I’m looking for a romance anime about adulting falling in love. Now that I’m in college, I can’t relate to the normal ones that are popular. Plus, the romance and relationship dynamics with younger characters makes no sense to me. I already know of a couple like Wotakoi, Kowloon Generic Romance, and I Have a Crush at Work, so suggest something other than these please.

Thanks!",rumor
Racing anime?,"I've seen initial d and mf ghost, but it's left me craving another racing anime. I haven't heard good things about wangan midnight, so not that either. You guys are always a massive help, I'm counting on ya!

*Also* I should probably mention it doesn't necessarily have to be cars. That's primarily what I'm looking for, but I love me some damn good machines period, and of course the good characters that bring them to life.",rumor
Shows like the apothecary diaries?,Something to do with both romance and mystery is what I’m looking for,rumor
Looking for a suggestion,"Hi, I am looking for a suggestion for a new anime.  We just finished Is it Wrong to Pick Up Girls in a Dungeon and are looking for something new.  Ideally, looking for something on the shorter side, like 1, MAYBE 2 seasons max.  Something funny with some fan service but not TOO much fan service, think on par with High School of the Dead, but not as far as say Monster Musume.  Thank you!",rumor
I need an non-traditional anime to watch..,[removed],rumor
I need an non-traditional anime..,[removed],rumor
Looking for an anime with a Ranged specialist,"I'd love to watch an anime with a protagonist that is a ranged fighter using arrows, guns, spells or traps to fight their opponents at a distance and avoid a close quarters fight.

Hand to hand combat is something they could improve but I'd prefer if it never stops being a weakness and they find other ways to avoid or circumvent a melee. ",rumor
Anime with a brooding bad boy,"I'm looking for an anime with a stereotypical brooding bad boy (wearing dark clothes, leather jackets, motorcycles or sports cars), etc.",rumor
Any fast-paced comedy anime?,"I just finished prison school, and although the ecchi scenes sometimes went too far and made me uncomfortable, the comedy scenes were hilarious. I really liked the fast pace and the absurd animation that it had. Any recommendations for something similar?",rumor
Fantasy anime with an early/mid 2010s Light Novel feel,"Pretty much anime in the same vein as SukaSuka, Bastard Magic lnstructor, Alderamin on The Sky, Sky Wizard Academy.
I don't know any other way to describe what i am looking for sorry but that was the only way i could phrase it. Something similar in terms of the world, characters and overall vibe i guess you could say.
I know it's a peculiar thing to ask but Thanks in Advance for any help!!",rumor
Completed Anime with darker / serious tones and nostalgic vibes,[deleted],rumor
An anime with an interesting concept about its power or how the world revolves?,"So far I've really loved the idea of undead unluck where everyone has this power to negate a rule in their world. Its so simple yet effective for a ""power system"".

I also liked what they did with chainsaw man, I thought its just about devils and that felt like so common. Until I've realized their power depends on how much this phenomenon/material is feared by humans. 

These animes were fun to watch because I ended up guessing what might their powers be. I dont wish for anything complex power system tho like world trigger. Just an interesting power system for you.

",rumor
Looking for an anime where the MC has superspeed and remains the fastest.,"I'd love to watch an anime where the MC has superspeed and it consistently remains their greatest advantage throughout the series. Maybe they encounter enemies who could match his speed but never exceed it. 

",rumor
Hunter x hunter or Bleach what should I watch first ?,[removed],rumor
Romcom Anime,Please I feel like I dont have any romcom anime letf to watch kindly suggest a good romcom anime. Thank you,rumor
looking for a good romance anime,I'm looking for a deep high school slice of life romance anime that has very deep moments in some episodes. Also I want the couples to be together in a relationship either at the start of the anime or before ep 6. Preferred if the animation is recent but clannad animation is good too.,rumor
"Anime like ""the big o""","I loved the noir style, as well as the mystery elements and want to find more like it 







",rumor
"Visually jaw dropping anime, showing architectural beauty and/or natural landscapes, something that captures the essence of imagination and life","Studio Ghibli movies such as Spirited Away and Howl's Moving Castle is exactly what I'm talking about, but if anyone can suggest me more to scratch this itch, I'd appreciate it.",rumor
Suggestions of fantasy or isekai light novels and mangas where the main character has a real harem where he end with all the girls,[removed],rumor
Suggestions of fantasy or isekai animes where the main character has a real harem where he end with all the girls,[removed],rumor
"Anime like Solo Leveling, Tower of God, Kaiju No. 8","Basically fast paced good battle shonen with a portion of mystery and high production values. I didn't watch ToG's 2nd season as I just switched to the manga, but season 1 was absolutely that.

Edit: the recommendations couldn’t have been more generic if you guys tried. Surprised nobody recommended Dragon Ball Z tbh.  

Does anyone have anything outside MAL’s top 100 most popular anime?",rumor
Looking for a Mystery!,[deleted],rumor
Suggest me some mangas.,"Here are some of the mangas that I am reading rn or have read in the past week . 
1.you are a four leaf clover 
2.tbate
3.kagurabachi
4.sakamoto days
5.chainsaw man 
6.one piece
7. Blue lock
8.orv
9.black clover 
10.mushishi
11. Punpun 
12.onani master kurosawa

Yeah so after the long list what I wanted to ask was to give Me something like this 
If possible can u give me something comman to onani master kurosawa, mc their really changed my perspective on life, the character development was crazy and something horror if possible
So yeah, I would love some suggestions thanks ",rumor
Anime that goes straight to the point?,"I haven't watch an anime in a long time, big manga reader but don't really enjoy anime that much.  
I'm looking for an anime that hits action fast and gets u hooked, better if it's action or adventure.  
If it's Harem or sth like that imma break sth. So no commercial anime plz :)",rumor
"Unique, character-driven anime that aren't just action","Some of my favourites i've watched are:
revolutionairy girl utena, nana, evangelion, jojo's, devilman crybaby, paradise kiss, rose of versailles and cowboy bebop. 
I've watched madoka magica, serial experiments lain and banana fish but didn't like those very much.

I like character driven stories with unique art styles, and absurdist humor. I don't care for action, but if it's funny or mainly exists to further the character's development it's fine.

Recommendations?",rumor
"Evangelion, Lain, Black Lagoon, Grave of the fireflies, Akira... What to watch next ?","I loved Evangelion and Cyberpunk Edgerunners 

liked Black Lagoon

confused by Lain

Disappointed by Akira (i think it would've been a top tier series tho, the movie format didn't felt right for that one)

And Grave of the fireflies is not only my favorite movie but probably my favorite artwork overall, i'll never watch it again

So i don't mind if it's a series or a movie, and i also don't mind if it's in 4:3 format, i'm just not into visual novel that's all

PS: and i liked death note too, that was my first anime, almost forgot about it",rumor
Anime in which more than one person gets Isekai'd,"So, we all know the typical Isekai anime is normally just one person in a new world, I don't want that. What I want is either A, a group of people get Isekai'd at once or B, a world in which Isekai is known to happen (aka MC finds out they are not the only one that has gotten Isekai'd to this new world)

Going to leave what I have watched empty, maybe a recommendation will get me interested in a rewatch

PS: no harem or ecchi (I don't mind a little fan service, hard to avoid, just don't want full on ecchi or excessive fan service crap)",rumor
early 2000s anime series that got proper Blu-ray full remaster releases instead of upscales?,"* Yu-Gi-Oh! Duel Monsters
* Samurai Champloo
* Ghost in the Shell Stand Alone Complex

I've noticed they don't really look that great and apparently it's because as the industry transitioned from Film (which can be scanned at much higher resolutions than 480p), early 2000s anime were digitally painted and composited in Standard Definition (SD)**,** usually 480p or even lower meaning the Blu-rays are limited by this original low-res digital source.

Final image of these upscaled Blu-rays often looks blurry with a soft/flat look that occurs from various filters/effects applied.

So the question is what series from that period of time was either shot on Film and later scanned at 1080p (or better) or was originally animated in high-res digital?",rumor
Psychological Horror recommendations anyone?,"For reference, I just finished ""Another"" and it was a 10/10 for me.

I might watch the anime for ""Monster"" but I've already its Manga, so I'm thinking I should watch something else before.",rumor
Looking for an anime with an MC like Deidara(Naruto),"Deidara is one of my favourite Naruto characters due to his unique powers, his tactically minded fighting style and his insane obsession with ""art"". 

Is there an anime with an MC that also fights with explosive and does it at range like Deidara? Throwing bombs at the enemy, baiting them into traps with land mines and preparing contingencies to avoid a melee fight. ",rumor
Any anime that isn't about saving the world but helping the locals?,"I'm looking for a fantasy or supernatural anime where the main character helps the local community—dealing with scammers, troublemakers, maybe even the bullies. Not the kind where they’re saving the world, but more about using their powers to help with everyday problems. ",rumor
Visiting parents grave,"The scene I remember was that they were a couple and they visited the girl’s parents grave. All of a sudden it started to snow and it touched one of their hands. 

What anime is this from? Any and all help is greatly appreciated! ",rumor
Anime with smart and capable protagonists (like Code Geass or Death Note),"I recently watched Hajime no Ippo and Gurren Lagann, and while I respect the underdog journeys, I realized I’m more drawn to protagonists who are already sharp, competent, and strategic from the start, like Lelouch in Code Geass or Light in Death Note. I’m not as into the “wimpy becomes strong” trope.

Can anyone recommend anime where the main character is smart, decisive, and maybe even morally gray? I'm annoyed of the wimpy archetype.",rumor
Can I get some good anime tv shows based on around the medieval period?,I'm really enjoying anime based on around this period of time so what are some good ones? I really like action and adventure.,rumor
Naruto or One Piece,[deleted],rumor
Why so many?,"Hey anime community, I was looking at what released recently on one of my 🏴‍☠️ sites and saw that there’s 2 18+ new anime’s being released this season every Sunday 🤦‍♂️. My question is that y r there so many 18+ or NSFW anime’s being released into the normal anime category. Why r they not sent to the H category. I don’t want to see sus stuff bro let me be.

Enlighten me pls im just stupid",rumor
Recommendations based on my MAL?,"MAL: https://myanimelist.net/animelist/Vibes8126?view=tile

I mostly like you serialized shows with a developing plot throughout the show",rumor
Preparing for summer anime season 2025,What ongoing shows to watch to prepare for the upcoming season,rumor
Isekai manga but slice of life,Looking for manga specifically similar to **Kakure Tensei** where my is isekaid as a kid (Only 12 chapters if don’t mind taking a peek) b/c love the wholesomeness of this guy having to deal with this villages kids. Doesn’t have to be completely slice of life but the same concept like **Mushoku tensei.**,rumor
Isekai manga but slice of life,Looking for manga specifically similar to **Kakure Tensei** where my is isekaid as a kid (Only 12 chapters if don’t mind taking a peek) b/c love the wholesomeness of this guy having to deal with this villages kids. Doesn’t have to be completely slice of life but the same concept like **Mushoku tensei**.,rumor
Suddenly serious anime with giant robots piloted by children,Trying to remember an anime I saw probably 10 years ago? I remember it started out as a fun “kids sign up to pilot giant robots and save the world!” But (spoiler?) then they find out the OTHER giant robot is always piloted by alternate earth kids and the loser’s entire world is destroyed? And (spoiler?) after the first fight the pilot kid and other kids are standing on top of the robot and one kid playfully *jokingly* pushes the pilot kid and the kid falls off the robot and DIES. At first it’s “wtf he killed him?!” Then they find out the kid that pilots the robot uses their entire life force to do it so if they win the earth is saved but they die. So kid was dead before he was pushed. That’s all I remember and I think that was just the first or second episode. Anyone know what the heck I’m talking about? ,rumor
What's a good anime to play in the background when crafting or doing a hobby/chore?,Title says it all. I'm looking for something that I can watch/listen to while crafting or cleaning up. Something I can watch in English so I don't need to read subtitles.,rumor
I need help finding an anime I've already watched,"I didn't know what subreddit to post this on. 

So I may be wrong but I think I might've watched it during 2020 and I think that's the time it came out. The only things I can remember about it is that it was this girl, she lived alone and her dad might've died, I'm not exactly sure. And there were these 4 guys, one was an idol, one was a business man and I can't remember the other 2. 

I have no idea what it was about and I think it had a game. I tried to search for it before but couldn't find anything. That's all I remember sorry.",rumor
Any thing like bloody monday manga.,"Something hacking/tech related but not super sci-fi , preferably older like early 2000s , idk why but the only other manga which gave me similar vibe was 20th century boys even though it is not super tech focused.",rumor
Remembering a 90s anime please help,"Hi there,

Details will be very limited on this as I was very young and watching the TV from the top of stairs in my uncles room. UK based but uncle had access to cable. Pretty sure it was a movie.

Watched this in mid 90s - 2000 I think, story consisted of humans being near extinction; hiding in the last mega city surrounded by desert. 

Protagonist was male, vaguely recall long blonde hair but could be misremembering. Initially was on the side of the humans in the city, went on some sort of expedition into a cavern filled with bats. 

At some point the protagonist was in some sort of liquid filled pod, setting was an open sky section of the cavern with small moat and greenery. Being talked at by someone else (no idea)

In the end the protagonist switched sides I believe and was trying to destroy the mega city. From poor memory I feel he was in some sort of mech / suit

For the life of me I can't remember any other enemies but assume aliens/mutants

I will take no offence , these deta",rumor
Animes that don't oversexualise its characters (females especially),"I watched anime a bit from 8yrs old then through highschool until probably 15/16yo? My interest dropped off a lot when so ain't animes I was recommended or were popular just always had SOME sort of fanservice put in regardless.

I'm down for any genre, currently watching madoka rn which I'm really liking. As I haven't found anything fanservicey in it, and I like the cute designs, multimedia style and also the intensity that comes in contrast. ",rumor
What are great anime shows and movies to watch after My Neighbor Totoro?,"I like wholesome and relaxing and comfy anime movies like my neighbor totoro.

I am starting to like studio ghibli as its my first time watching one of their movies

What are other movies or anime shows to enjoy that have the same comfy warm relaxing feeling?",rumor
I am looking for a mysterious action anime,[removed],rumor
Need an anime to watch?,[removed],rumor
Detective/Mystery Anime??,"I loved Deathnote, and I love HBO’s True Detective. 

Any other anime out there with a really good story that has something to do with a strange case, and a detective or someone trying to solve it or catch a person?",rumor
any good yokai romance?,"i noticed i really like romance that has either a subplot about yokai or the main plot

I've watched Kamisama Kiss, Fruits Basket, The Demon Prince at Momochi House, Kakuriyo: Bed and Spirits for Spirits, Inu x Boku ss, but I wasn't a huge fan, Meiji Tokyo Renka, My Happy Marriage, etc.

my absolute favorites out of those is kamisama and kakuriyo \^",rumor
What can i watch on crunchyroll,[deleted],rumor
Anime that takes place in India,[deleted],rumor
Anime where characters take a trip to India or is set in India,[removed],rumor
News Anime Trusted From Indonesian,"Channel Whatsapp, Nongki Wibu Greyrat.",rumor
In the Clear Moonlit Dusk (うるわしの宵の月) – Anime Adaptation News,,rumor
🔥 Anime News Update! 🔥,,rumor
🎬 If You Could Live in Any Anime World…? 🌍✨,,rumor
Yu-Gi-Oh! GX is Coming Back with a Remastered Version! 🎉🔥,,rumor
Latest Anime Updates: ‘Dragon Ball DAIMA’ Finale and Pokémon’s New Short Film,[removed],rumor
"Solo Leveling Season 2 Episode 7 Countdown : Release Date, Time, and Where to Watch – Phinix",,rumor
Judgment.,"The death sentence has been confirmed for Shinji Aoba, the perpetrator of the Kyoto Animation attack that killed 36 people and injured 32 others in 2019. He has withdrawn his appeal against the death sentence.",rumor
 Seirei Gensouki: Spirit Chronicles Season 2 Unveils New Trailer for October 7th Release Date ,,rumor
A Terrified Teacher at Ghoul School unveiled a new trailer with theme songs,,rumor
Wistoria: Wand and Sword Unveils Episode 10 Trailer,,rumor
CygamesPictures and CyberAgent Announcement of Apocalypse Hotel Original Anime for 2025,,rumor
Seirei Gensouki: Spirit Chronicles Season 2 Uncovers Liselotte Cretia Visual,,rumor
"A Terrified Teacher at Ghoul School Anime Receives Two Consecutive Cours From October 8, New Visual",,rumor
" Danjo no Yujo wa Seiritsu suru? (Iya, Shinai!!) Release Date and Teaser Image Announced for 2025 ",,rumor
Aharen-san Season 2 Announced,,rumor
MILF Hunting In Another World Chapter 58 Release Date (official),,rumor
Top 10 Strongest Pokemon in the Johto Region ( Excluding Legendaries),,rumor
Top 10 Summer 2024 animes to watch out for!!!,,rumor
Top 10 Strongest Pokemon in the Kanto Region( excluding Legendaries),,rumor
" VTuber Legend Anime releases the main image, and cast member Hareru Asagiri ",,rumor
The Café Terrace and Its Goddesses Season 2 Trailer and key visual for July 4th release,,rumor
Ace of the Diamond Act II Anime Sequel formally declared,,rumor
Roshidere Anime reveals the opening theme song and new trailer.,,rumor
The announcement of Hana-Kimi: For You in Full Blossom anime,,rumor
Key visual and theme song details are revealed by I Parry Everything Anime.,,rumor
July Release Date and New Key Visual for My Wife Has No Emotion Anime Revealed,,rumor
New Trailer and Visuals for Murai in Love Anime,,rumor
Manga Kujima Utaeba Ie Hororo to Become an Anime,,rumor
"Anime Weekly News Rundown ( June 23 - June 30, 2024) - Demon Slayer, Kaiju No.8, Jobless Reincarnation, Wind Breaker, Black Clover and much more to discuss this week.","||
||
|🌸 A**ll Spring Anime with Confirmed Sequels**|
||
|With the Spring season ending, many anime have confirmed their next sequel projects. Here is a quick rundown of the announced sequels and key details:|
|**Kaiju No. 8**: Sequel announced, format and release TBA, Studio IG Productions **Jobless Reincarnation** Season 3: Release TBA, Studio Bind . **Go Go Loser Ranger** Season 2: Releasing in 2025, Yostar Pictures **The Irregular at Magic High School: Yotsuba Succession Arc**: Film adaptation announced, release TBA  **Wind Breaker** Season 2: Announced for 2025, Studio CloverWorks **Unnamed Memory** Season 2: January 2025 **TSUKIMICHI -Moonlight Fantasy-** Season 3: In production **As a Reincarnated Aristocrat, I'll Use My Appraisal Skill to Rise in the World** Season 2: Fall 2024|
|**🎬 Demon Slayer: Infinity Castle Arc Anime Trilogy Announced**|
|[](https://www.youtube.com/watch?v=wyiZWYMilgk&amp;pp=ygUgZGVtb24gc2xheWVyIGluZmluaXR5IGNhc3RsZSBhcmM%3D&amp;utm_source=animenewsandfac",rumor
Sound Euphonium Season 3 Has New Visuals to Kick Off Auditions,,rumor
Wistoria: Wand and Sword Anime Releases Serfort Action Visual,,rumor
A 2025 anime adaptation of Kakushite Makina-san has been announced.,,rumor
Code Geass: Z of the Recapture : Unveils Act 2 Trailer and Key Visual,,rumor
"July 5th marks the premiere of 2.5 Dimensional Seduction, which announces two consecutive courses.",,rumor
Suicide Squad ISEKAI Unveils the Character Trailer for Harley Quinn,,rumor
 A Light Novel Adapted for Animation Based on Possibly the Greatest Alchemist of All Time ,,rumor
One-hour premiere plans and new key visuals are revealed in Sword of the Demon Hunter.,,rumor
Why Does Nobody Remember Me? Anime Releases Kai's Character Trailer and New Key Visual,,rumor
"With a new key visual, Quality Assurance in Another World confirms the July premiere",,rumor
Yo???,,rumor
Jujutsu Kaisen Chapter 262: What to Expect - Zumaki,,rumor
Zoro and Sanji on the magazine cover of One Piece; a prequel novel is revealed,,rumor
"In a new trailer, Monogatari: Off Season &amp; Monster Season Unveils Theme Song",[deleted],rumor
"In a new trailer, Monogatari: Off Season &amp; Monster Season Unveils Theme Song",,rumor
October 2024 is the planned release date for Blue Lock Season 2.,,rumor
Season 2 of Kakuriyo: Bed &amp; Breakfast for Spirits,,rumor
"Mononoke : Karakasa reveals Key Visual and Trailer, Premieres in July!!!",,rumor
After Finale Quintessential Quintuplets Gets New Anime Project,,rumor
First Trailer for Season 3 of Arknights Anime Released,,rumor
Season 7 of My Hero Academia Reveals the Star and Stripe Visual,,rumor
Key visual and trailer for Steeplechase Chapter Arc revealed in The Irregular at Magic High School Season 3,,rumor
Studio GoHands Revealed Momentary Lily Original Anime,,rumor
Anime Double Feature,Selective Theaters,rumor
Delicious In Dungeon Episode 6 Release Date And What To Expect,,rumor
"""Millennium Actress"" by Satoshi Kon is coming back to Japanese theaters on January 19, 2024",,rumor
Jujutsu Kaisen Beats One Piece!,,rumor
Turn this one or crunchiroll is going to send your data to mata,Crunchiroll,rumor
Rurouni Kenshin's Episode 13 Release Date: OUT NOW!,,rumor
Naruto Fans Receive A Wave Of Shock: Delay Update On The Series’ Return!,,rumor
Who else is excited for Sastina’s Dream,"Based off Fuerreta Dordatoo’s Sastina’s Dream (1997), Sastina’s Road (1998), Sastina’s Wonderland (1999), Sastina’s Destiny 2000 (2000), Sastina’s Star (2001) Sastina’s Journey: Part 1 (2002), Sastina’s Journey: Part 2 (2003) and it’s 2008 prequel Sastina. Original manga Sastina’s Dream book art by Hastuka Jordonoi on page 2.",rumor
SIMKL.com - The Best Anime Tracking Site 2023,,rumor
THIS Woman has cancelled Anime! It was a good run fellas...,,rumor
Sacrificial Princess And The King Of Beasts Episode 12: Release Date &amp; Update,,rumor
Birdie Wing Season 2 Episode 13 Or Season 2: Is It Happening?,,rumor
Media Blasters' upcoming hentai anime releases in summer 2023,[deleted],rumor
Media Blasters to release new English dub of Final Examination Kujira OVA,[removed],rumor
News: MyAnimeList Database Got Hacked Website Down,[deleted],rumor
Gosu manhwa gets anime adaptation by toei animation and studio n,"Toei Animation and Naver Webtoons' subsidiary Studio N (live-action Sweet Home, Yumi's Cells) announced on Monday that they are producing a Japanese-South Korean animated adaptation of Giun Ryu and Mun Jeong Hoo's Gosu webtoon comic.

Source: animenewsnetwork",rumor
Collar x Macile Anime film revealed first teaser and key visuals,,rumor
Minato Is Getting a New Manga!,,rumor
Junji Ito's New Live Action Adaptation,,rumor
[NEWS] Redo The Healer Season 2 is set to premiere sometime in the summer of 2023,,rumor
Dragon Ball Super RETURNING?? (Debunking NEW Rumors And Leaks),,rumor
"Activists are not real activists, they’re traitors - Fighting a 'hellish situation': Japan's new law to stop adult video exploitation praised",,rumor
"Bleach Thousand Year Blood War Director &amp; Producer Interview ""Taguchi"" REACTION By An Animator","[Bleach Thousand Year Blood War Director &amp; Producer Interview ""Taguchi"" REACTION By An Animator](https://youtu.be/BmtwEdgG83A)

In this video ""Bleach Thousand Year Blood War Director &amp; Producer Interview ""Taguchi"" REACTION By An Animator"" Tomohisa Taguchi a famous japanese director and Yoshihiro Tominaga a famous japanese producer are the latest tag team to get to work on the upcoming bleach thousand year blood war animè series. They reveal the state of current developments and processes behind production and elaborate on their involvement and where they are looking to take the series next in terms of story, visuals, music and so much more in the upcoming TYBW arc! plenty of juicy details for fans of the series that's for sure!

So sit back, Relax and Let's Go!

Enjoy!",rumor
"Bleach Thousand Year Blood War ""Tite Kubo"" Interview REACTION By An Animator/Artist","[Bleach Thousand Year Blood War ""Tite Kubo"" Interview REACTION By An Animator/Artist](https://youtu.be/IAflRR2XbXY)

In this video ""Bleach Thousand Year Blood War Tite Kubo Interview REACTION By An Animator/Artist"" Tite Kubo the GOAT and the creator of the BLEACH anime gives us a to the point in understanding into the current development process and involvement in the production of the upcoming TYBW arc and even more juicy details for fans of the series alike!

So sit back, Relax and Let's Go!

Enjoy!",rumor
Solo leveling is finally getting an anime!! How yall feel about this?,,rumor
test,test,rumor
Serena returns in Pokemon Journeys after 6 long years and makes a wonderful comeback!!,,rumor
Is Ash Ketchum Leaving the Pokemon anime? Is Ash leaving pokemon 2022!! Is Ash leaving pokemon 2023!! Ash leaving pokemon.,[deleted],rumor
Is Ash Ketchum Leaving the Pokemon anime? Is Ash leaving pokemon 2022!! Is Ash leaving pokemon 2023!! Ash leaving pokemon.,,rumor
"What do you know about Spy X Family Anime? Spy X Family Anime Release date,Info,news&amp;Blog!!",,rumor
Official Age of Adulthood in Japan Lowered to 18,,rumor
Legal adult age in Japan now 18,"Even anime characters that are 18 or 19 years old in old and new animations are officially adults too in Japan.

www.nippon.com/en/japan-data/h01285/amp/

The age of adulthood in Japan was lowered from 20 to 18 on April 1, 2022. This makes it possible for 18- or 19-year-olds to sign a smartphone contract or take out a loan without parental consent, but also means that they need to take responsibility for such decisions.

The age of adulthood was long defined as starting from 20 in Japan, as first stipulated in an 1876 proclamation. From April 1, 2022, however, through a revision in the Civil Code, it has been lowered to 18. As defined in the Civil Code, this is the age at which a person may enter a contract on their own and is no longer subject to parental authority.

This means that 18-year-olds will be able to sign a contract for a smartphone or credit card, lease an apartment, or enter an expensive loan contract for an automobile or English conversation school, without parental cons",rumor
Will Attack On Titan (Shingeki No Kyojin) anime get a season 5 or A movie? Is there a possibility of a season 6 of the Attack On Titan Anime?,,rumor
The wait is over! Mushoku Tensei: Jobless Reincarnation is getting a season 2!!,,rumor
Finally!! Classroom of the Elite Gets TV Anime Sequel After Over 4 Years!! Classroom of the Elite Season 2 TV Anime Officially Announced,,rumor
"New Anime This Week (DVD, Bluray - February 13th-19th)",,rumor
Regarding your jjl season two announcment,"*jjk

Do your research first before posting any art. Simply tagging the artist few days after u get so many likes compared to the original artist post sickens me. Stop this disgusting behaviour.",rumor
Media Blasters in big (legal) trouble [cancelled] again after announcing upcoming title while showing illegal streaming/download websites,,rumor
APRIL OF SHOWER OF SPRING TITLES! (Media Blasters 25th Anniversary),,rumor
Edens Zero Anime has Announced Season 2!!!,,rumor
Insomniacs After School TV Anime and Live-Action Movie Announcement is confirmed!,,rumor
Bottom-tier Character Tomozaki New Anime Project Announcement!,,rumor
Rent a girlfriend season 2 is coming in July 2022!,,rumor
Will May return in Pokemon Journeys? What are the chances for May to make a comeback in Pokemon Journeys!!,,rumor
Will Serena return in Pokemon Journeys in Season 24? Will Serena return in Pokemon Journeys in 2022?,,rumor
Laid-Back Camp Movie Reveals New Commerical and Nadeshiko Visual,,rumor
"Shadows House Season 2 Reveals Teaser Visual, July Release Date",,rumor
Shikimori’s Not Just a Cutie Gets New Visual and April 2 Release Date,,rumor
"MF Ghost Anime Set for 2023 Release, Teaser Revealed",,rumor
I’ve Been Killing Slimes for 300 Years Season 2 Announced,,rumor
DanMachi Season 4 Reveals Teaser Trailer and Visual,,rumor
Rumiko Takahashi’s Urusei Yatsura Gets New Anime in 2022,,rumor
Ramayana: The Legend of Prince Rama Anime Movie Gets 4K Remaster In 2022,[deleted],rumor
"The Orbital Children Reveals Trailer, Visual, and January 28 Release Date",,rumor
Lycoris Recoil Original Anime by A-1 Pictures Announced for 2022,,rumor
The Irregular at Magic High School Anime Sequel Announced,,rumor
Katsugeki/Touken Ranbu Trailer Teases Upcoming Anime Movie,,rumor
"The Quintessential Quintuplets Movie to Premiere May 20, Reveals Trailer and Visual",,rumor
"Girls’ Frontline Anime Gets New Trailer, January 7 Premiere",,rumor
"Police in a Pod Reveals New Trailer, January 5 Premiere",,rumor
To Become Real Heroine Gets Trailer and Key Visual,,rumor
Fafner in the Azure: Behind the Line Spin-Off Announced,,rumor
Fanfare of Adolescence Gets First Trailer,,rumor
Ufotable Announces Mahoutsukai no Yoru Movie With a Teaser Trailer,,rumor
Pop Team Epic has Season 2 Coming in 2022!!!,,rumor
ODDTAXI Anime Film Set for April 2022,,rumor
Free PSN Codes for anime games,,rumor
CloverWorks’ Tokyo 24th Ward Anime Gets New Trailer,,rumor
Uncle From Another World Reveals 2022 Release Date and Key Visual,,rumor
Ranking of Kings Episode 12 and Cour 2 Premiere on January 6,,rumor
The Faraway Paladin Season 2 Announced,,rumor
"Ryman’s Club Badminton Anime Gets New Trailer, Begins January 22, 2022",,rumor
The Case Study of Vanitas Part 2 Reveals Main Trailer,,rumor
Will the fans get Another season of Takt Op Destiny? Info about the Takt Op Destiny anime &amp; game!!!,,rumor
Komi Can’t Communicate Season 2 Planned for 2022 | Komi Cant Communicate!!!,,rumor
Reborn to Master the Blade Anime Announced,,rumor
Demon Slayer Entertainment District Arc Gets New Trailer,,rumor
Shaman King Anime Reveals New Visual &amp; Cast for the Five Warriors Arc,,rumor
"Arifureta Season 2 to Premiere on January 13, New Key Visual and Cast Revealed",,rumor
"Trapped in a Dating Sim Anime Release Date, Trailer and Key Visual Revealed",,rumor
"Utawarerumono: Mask of Truth Gets July 2022 Release, PV and Visual",,rumor
Slow Loop Reveals New Trailer and Key Visual,,rumor
Skip and Loafer Anime Announced!!!,,rumor
"Fuufu Ijou, Koibito Miman Anime Adaptation Announced",,rumor
One Piece Shanks Movie: The Red-Hair Will Move in 2022!!!,,rumor
Made in Abyss Season 2 Reveals Trailer and New Visual!!!,,rumor
The Daily Life of the Immortal King Season 3 Announced,,rumor
"Genius Prince Set for January 11 Release Date, Reveals New Key Visual",,rumor
Even fans caught Media Blasters in 4k being a hypocrite (accessing illegal streaming sites),[deleted],rumor
How a Realist Hero Rebuilt the Kingdom Part 2 Gets a Trailer,,rumor
The Executioner and Her Way of Life Gets First Anime Trailer,,rumor
"The Girl from the Other Side: Siúil, a Rún Reveals Trailer",,rumor
Akame ga Kill! Author’s Mato Seihei no Slave Gets an Anime,,rumor
"Link Click Season 2 Gets New Key Visual, More Information Expected Soon",,rumor
"A Couple of Cuckoos Reveals New Trailer, Visual &amp; Cast Member",,rumor
Girls und Panzer 10th Anniversary Project Announced,,rumor
Fanfare of Adolescence Reveals Character Visual for Aki Kyouriki,,rumor
Attack on Titan: Final Season Part 2 Reveals New Key Visual,,rumor
Yuki Yuna is a Hero: The Great Mankai Chapter Reveals New Trailer,,rumor
Shachiku-san wa Youjo Yuurei ni Iyasaretai Anime Reveals First Trailer and Visual!!,,rumor
Peter Grill and the Philosopher’s Time Season 2 Announced,,rumor
"JoJo: STONE OCEAN Will Release 12 Episodes on December 1st, Gets 4 New Trailers!!",,rumor
Kunoichi Tsubaki TV Anime By CloverWorks Announced!!!,,rumor
Kakegurui Twin Spin-Off Anime by MAPPA Announced for August 2022!!!,,rumor
New Seven Deadly Sins: Grudge of Edinburgh Part 1 Movie Announced,,rumor
Sword Art Online: Progressive Gets Another Trailer and New Visual,,rumor
Vampire in the Garden Anime by WIT Studio Announced for 2022,,rumor
"Love of Kill to Air in January 2022, Reveals New Trailer and Visual",,rumor
Bungo Stray Dogs Season 4 Officially Announced!!!,,rumor
"Futsal Boys Anime Reveals January 2022 Release Date, Official Trailer",,rumor
Tonikaku Kawaii Season 2 Officially Announced!!!,,rumor
"In/Spectre Season 2 Reveals 2022 Release Date, Key Visual and Trailer",,rumor
Seirei Gensouki: Spirit Chronicles Season 2 Announced,,rumor
"Shield Hero Gets Raphtalia Trailer, Season 2 Premieres April 2022",,rumor
Jujutsu Kaisen 0 Movie Trailer Released,,rumor
Miss KUROITSU Anime Reveals New Key Visual and Ending Theme Song,,rumor
"Requiem of the Rose King Reveals Additional Cast, Premieres January 9",,rumor
Tomodachi Game Anime Set For April 2022!!!,,rumor
Sword Art Online: Progressive Sequel Anime Movie Announced for 2022,,rumor
[Tonikawa: Over the Moon for You] Season 2 official trailer and more – phinix,,rumor
Fate/Stay Night: Heaven’s Feel Releases Visual Guide!!!,,rumor
"The Strongest Sage with the Weakest Crest Reveals Trailer, January 2022 Release Date",,rumor
"Spy x Family Anime Officially Gets 2022 Release Date, By WIT Studio &amp; CloverWorks",,rumor
"Soccer Anime Aoashi Reveals Trailer, April 2022 Release Date",,rumor
"Fruits Basket Prequel Episode Gets Visual, Release Date and Tohru x Kyo Epilogue",,rumor
The Dawn of the Witch Release Date Set for April 2022,,rumor
SHAMAN KING Reveals Visual and Trailer for the New Arc!!!,,rumor
"RPG Real Estate Anime Reveals First Trailer, 2022 Release!!!",,rumor
The Eminence in Shadow Anime Reveals Teaser Trailer and Visual!!!,,rumor
"The Quintessential Quintuplets Movie Release Date Set For Summer 2022, Gets New Visual!!!",,rumor
My Dress-Up Darling Reveals New PV and Cast,,rumor
TV Anime CUE! Premieres January 2022. AnimeBlogwith THS 2021,,rumor
Classroom of the Elite Year 2 Gets Manga Adaptation,,rumor
Arknights Anime Adaptation Announced,,rumor
Love Live Superstar Season 2 and Live Tour Announced,,rumor
"Girls’ Frontline Anime Reveals New Trailer, Visual, January 2022 Premiere!!! AnimeBlogwith THS",,rumor
CloverWorks’ Tokyo Twenty Fourth Ward Anime Coming in 2022!!! AnimeBlogwithTHS,,rumor
"Netflix Reveals Super Crooks Additional Cast, Main Trailer",,rumor
Maid to Please (Oshiete Re: Maid) hentai anime US Bluray/DVD coming soon,,rumor
"Don’t Toy With Me, Miss Nagatoro Season 2 Announced!!!",,rumor
"Science Fell In Love, So I Tried To Prove It Anime Season 2 to premiere in April 2022, New Visual and Trailer!!!",,rumor
Jazz-themed Manga 'Blue Giant'to Receive Anime Film!!! AnimeBlogwith THS,,rumor
Ryman’s Club Original Badminton Anime Announced!!!,,rumor
The Demon Sword Master of Excalibur Academy Anime Project in Progress,,rumor
"Kaguya-Sama Season 3 Release Date Set for April 2022, Gets New Visual and Trailer!!!",,rumor
Mob Psycho 100 Season 3 Officially Announced!! mob psycho 100 season 3 2021!!mob psycho 100 season 3,,rumor
"I’m Quitting Heroing to Receive Anime Adaptation!!! I'm Quitting Heroing anime trailer!!! yuusha, yamemasu",,rumor
Demon Slayer Hinokami Chronicles Tanjiro vs Sabito HD 2021,,rumor
How to make Billie Eilish Jump Force Cac HD 2021,,rumor
love the MHA music playing,,rumor
Demon Slayer Hinokami Chronicles Chapter 3 Death Match in Asakusa Walkthrough HD 2021,,rumor
Tanjiro Has The Easiest 100% TOUCH OF DEATH Combo In Demon Slayer Hinokami Chronicles,,rumor
Boruto in Skyrim Episode #14 2021 HD Battle,,rumor
Yami vs Haru Glory Anime Mash up Battle,,rumor
The Most INSANE COMEBACK With Shinobu Kocho In Ranked,,rumor
Demon Slayer Hinokami Chronicles Inosuke vs Murata HD 2021,,rumor
How to make Kisame Jump Force Cac HD 2021,,rumor
Gotta Love the MHA music in this!,,rumor
Demon Slayer Hinokami Chronicles Chapter 2 The Swamp Demon Walkthrough HD 2021,,rumor
Boruto in Skyrim Episode #13 2021 HD,,rumor
Alice vs Asuna Anime Mash up Battle,,rumor
Demon Slayer Hinokami Chronicles Rengoku vs Giyu HD 2021,,rumor
Demon Slayer Hinokami Chronicles Chapter 1 Final Selection Walkthrough HD 2021,,rumor
How to make Akatsuki Zabuza Jump Force Cac HD 2021,,rumor
Love the MHA music in this!,,rumor
Demon Slayer Hinokami Chronicles - Rui &amp; Akaza DLC Gameplay Trailer,,rumor
Rengoku Adverge Motion Bandai Opening Review Demon Slayer 2021 HD,,rumor
Boruto in Skyrim Episode #12 2021 HD,,rumor
Yuuki vs Asuna Anime Mash up Battle,,rumor
Love the Naruto/FairyTail music in this!,,rumor
Demon Slayer Hinokami Chronicles Tanjiro vs Zenitsu HD 2021,,rumor
Demon Slayer Hinokami Chronicles Prologue Prerelease Walkthrough HD 2021,,rumor
Attack on Titan Season 4 part 2 trailer reveals the release date -phinix,,rumor
Rui And Akaza Are Playable! First Confirmed Demon Slayer DLC,,rumor
Itachi Uchiha Has Entered The Battle?!!,,rumor
"Really big non-spoiler news, needs fact checking tho?",,rumor
Will Serena return in Pokemon Journeys?When will Serena Return In Pokemon Journeys!! Serena Pokemon 2021!!!,,rumor
New Konosuba Anime Project Announced!!!,,rumor
Vinland Saga Season 2 - Teaser Trailer | English Sub,,rumor
Pokemon Journeys gives fan a huge surprise as Dawn Returns!!!,,rumor
"Things you need to Know Abot the ""Chainsaw man""Anime!!! Chainsaw man Info &amp; Facts!!!",,rumor
Hige wo Soru. Soshite Joshikousei wo Hirou Anime Review!!! Higehiro Anime!!!,,rumor
The Saint's Magic Power is Omnipotent Anime review!!!,,rumor
Combatants Will Be Dispatched Anime Review and Updates on season 2!!!,,rumor
Exciting times to come for Pokemon Journeys as Project Mew starts!!!,,rumor
The Case Study of Vanitas : Two Buddy Edition [OFFICIAL TEASER] English Sub,,rumor
How did My Hero Academia Class 1-A vs Class 1-B go in Season 5?,,rumor
Twitter Is Trying To Cancel Anime ?!,,rumor
DBS Manga Chapter 73 Is set for some epic clashes and Battles!!!,,rumor
Pokemon Journeys Brought Nostalgic Reunion &amp; Epic clashes!!! Pokemon Journeys Episode 68,,rumor
Mushoku Tensei manga is ready to unite Rudeus and Sylphy in chapter 73!!!,,rumor
Dawn's Return in Pokemon Journeys is becoming ever so strong!!!,,rumor
Goh Realeases his Pokemon? Pokemon Journeys episode 66 Review!!!,,rumor
[NO SPOILERS] DRAGON BALL SUPER SEASON 2 AND A NEW MOVIE CONFIRMED,,rumor
Pokemon Journeys Hint to bring back more Past Rival &amp; characters!!! Who are they?,,rumor
What if My Hero Academia Students had Pokemon as Partners!!!,,rumor
2 Reasons why Serena Yvonne is going to return in Pokemon Journeys!!!,,rumor
Arifureta: From Commonplace to World's Strongest Anime Season 2 has been announced!!!,,rumor
Pokemon Journeys new preview is exciting as It brings Ash Old mons and New story Arcs!!!,,rumor
The New Sequel for the Quintessential Quintuplets Anime is announced to be a Movie!!!,,rumor
Pokemon Journeys Problem!!! + episode 61 &amp; 62 review!!!,,rumor
Romance in the Anime World in 2021!!!,,rumor
Pokemon Journeys Anime's Unpredictability is Amazing!!! But is something lacking?,,rumor
The Rising of the shield hero anime season 2 Released date has been announced!!!,,rumor
My 5 Hopes for the Rent-a-Girlfriend Anime Season 2!!!,,rumor
Iris is set to return after 8 years in Pokemon Journeys!!!,,rumor
Attack On Titan Anime is full of surprises!!!,,rumor
Are you okay with Season 3 of Quintessential Quintuplets Anime?,,rumor
Horimiya Anime facts &amp; review!!!,,rumor
Few reasons why Goh from Pokemon Journeys is being hated!!!,,rumor
Mushoku Tensei episode 11 review + Part 2 Updates!!!,,rumor
gogoanimeweb,,rumor
Galarian Farfetch'ed evolves into Sirfetch'd!!! Pokemon Journeys episode 60!!!,,rumor
Rudeus From Mushoku Tensei has to solve all the problems!!!,,rumor
The Devil is a Part-Timer! Anime season 2 facts!!!,,rumor
Tidak Akan Ada Sekuel Untuk Kimetsu no Yaiba Ungkap Koyoharu Gotouge,,rumor
[SPOILER] SOLO LEVELING CHAPTER 138 FULL REVIEW,,rumor
"Mushoku Tensei: Kisah Paul Akan Diceritakan Dalam Video Game , Kisah latar belakang Paul Greyrat, ayah dari Rudeus Greyrat, protagonis dari waralaba anime Mushoku Tensei: Jobless Reincarnation , akan diimplementasikan dalam video game berikutnya dalam waralaba tersebut, yang akan berjudul Mushoku Te",,rumor
Top 20 RomCom Light novel [Update 01/2021],,rumor
Kage no Jitsuryokusha ni Naritakute! (The Eminence in Shadow) Volume 4,,rumor
"Spoiler Kelanjutan Anime Tokyo Raven: Teroris Harutora, Kebangkitan Natsume",,rumor
Ending Light Novel Chuuko Demo Koi ga Shitai!,,rumor
"Tantei wa Mou, Shindeiru light novel will have an announcement on January 20 #tanteiwamoushindeiru #TheDetectiveisAlreadyDead #探偵はもう死んでいる",,rumor
The Grand Blue Manga will be on hiatus for an unknown time,,rumor
Komi-san wa Komyushou desu Will Get Anime Adaptation,,rumor
Manga Soredemo Ayumu wa Yosetekuru Dapatkan Adaptasi Anime,,rumor
Adaptasi Anime Chainsaw Man Akan Tayang Perdana di Netflix,,rumor
Black Clover chapter 273 raw scans and spoilers are out,,rumor
Anime Sequel Series 2021,,rumor
Izumi Matsumoto Passes Away | News,,rumor
Anime Series on Netflix,,rumor
My Hero Academia Season 5 Will Premiere in Spring 2021. New Trailer and Key Visual Previewing 1A Vs 1B Also Revealed.,,rumor
Black Clover Chapter 266 raw scans and Spoilers are out.,,rumor
Black Clover Chapter 266 has been delayed,,rumor
Oregairu Season 3 Episode 5,,rumor
Oregairu Season 3 Episode 3,,rumor
Tower of God Episode 13,,rumor
Will there be a Kakushigoto Season 2?,,rumor
Top 100 Hottest Manga Everyone Is Following At The Moment In...,,rumor
"My Next Life As A Villainess Episode 11: Release Date, Preview teaser",,rumor
"Kaguya-Sama Season 2 Episode 10: Release Date, Preview Images, Summary, Watch Online",,rumor
The Promised Neverland Live-Action TV Series Is Reportedly In Works,[deleted],rumor
Oregairu Season 3 Release Date Confirmed In New Visual &amp; Teaser,,rumor
Dokyuu Hentai HxEros Ecchi Anime Release Date Announced,,rumor
To Love Ru Artist Kentaro Yabuki To Launch A New Manga “Ayakashi Triangle” In Weekly Shonen Jump,,rumor
"Time Paradox Ghostwriter Chapter 4: Release Date, Spoilers, Read Online",,rumor
"Arte Episode 10 Release Date, Preview, Watch Online",,rumor
"My Next Life As A Villainess Episode 10: Release Date, Preview",,rumor
No Guns Life Part 2 Release Date Has Been Announced After Being Delayed In April,,rumor
"Tower of God Episode 10 Release Date, Preview Images, Summary, Watch Online",,rumor
"Is Mappa A Good Choice For Attack On Titan Season 4, MAPPA Takes Over Shingeki No Kyojin: Final Season Production From WIT",,rumor
Attack On Titan Season 4 trailer and visual,,rumor
Dragon Quest: The Adventure Of Dai Anime Release Date And Staff announced,,rumor
Fire Punch Anime Reportedly In Development,,rumor
"Edens Zero Anime Adaptation Reportedly In Work: Release Date, Trailer, Plot, Characters &amp; Other Details",,rumor
"Visit AnimeNewsAndFacts for Latest Updates on Your Anime, Manga and Webtoons",,rumor
Visit AnimeNewsAndFacts m,[deleted],rumor
Black Clover Chapter 252 Release Date,,rumor
"My Next Life As A Villainess Episode 6 Release Date, Preview,...",,rumor
Arte Episode 6 Release date,,rumor
Vampire Dies In No Time Anime Release date,,rumor
Talentless Nana Release date,,rumor
Great Pretender anime Release date,,rumor
Tower of God Episode 6 Release Date,,rumor
"Digimon Adventure 2020 Episode 2 Official Preview Images, Synopsis, Release Date",,rumor
The 8th son? Are you kidding me? Episode 3 Release date,,rumor
"Kakushigoto Episode 3 Release date, Spoilers,",,rumor
Japanese Fans Choose Top 50 Manga Of All Times 2020,,rumor
"Listeners Episode 3 Release Date, Preview, Spoilers",,rumor
"Wave, Listen to Me! Episode 3 Release date",,rumor
Shokugeki No Souma: Gou no Sara episode 2 Release date,,rumor
"Tower of God Episode 3 Release date, Official Preview Images, Synopsis",,rumor
The Promised Neverland Manga On 4 Week Break,,rumor
"Cells At Work! Code Black Anime announced, Release Date",,rumor
"Arte Episode 3 Release date, Spoilers and Streaming Details",,rumor
Netflix orders Zombie-Horror Series Based On Webtoon Now At Our School,,rumor
"Digimon Adventure 2020 Episode 3 Release Date, Preview, Spoilers",,rumor
"Sword Art Online: Alicization- War of Underworld Part 2 Delayed, New Release date",,rumor
"Fruits Basket Season 2 Episode Release Schedule, Fruits Basket season 2 Episode 1-25",,rumor
"Black Clover Episode 131, 132, 133 Titles and Release Date",,rumor
My Hero Academia Season 5 officially confirmed with new key Visual,,rumor
Best 12 Webtoon Like Solo Leveling,,rumor
Detective Conan: The Scarlet Bullet 2020 Movie Delayed Due To COVID-19,,rumor
"Tower Of God Episode Release Schedule, Kami no Tou Episode 1-13",,rumor
The 8th Son? Are You kidding Me? Episode 2 Release date,,rumor
Boku no Hero Academia Episode 87 shares Preview Stills,,rumor
"Kakushigoto Episode 1 Release date, Official Preview Images, Synopsis",,rumor
"To Your Eternity Release Date, First Anime Promo Trailer",,rumor
Maiko-san Chi no Makanai-san Anime Adaptation Announced,,rumor
Isekai Quartet Season 3 Announced,,rumor
The 8th Son? Are You kidding me? Mobile Game Announced,,rumor
Light Novel ‘Konosuba’ ends with Volume 17 on May 1,,rumor
"Sorcerous Stabber Orphen Season 2 Announced, Release Date",,rumor
"Hypnosis Mic -Division Rap Battle- Rhyme Anima Release Date, Promo Trailer, Visual, Studio",,rumor
"‘The 8th Son? Are You Kidding Me? Episode Release Schedule,Staff Details",,rumor
Goblin Slayer: Goblin’s Crown Blu-ray DVD Release Date announced,,rumor
Top 10 Masaaki Yuassa Anime,,rumor
My Hero Academia: Heroes Rising Blu-ray DVD Release Date Announced,,rumor
Tales Of Demons And Gods Chapter 268.5 Release Date And Where to read,,rumor
"Arte Episode 1 Release Date, Official Preview Images and Synopsis",,rumor
The 8th Son? Are You Kidding Me? Episode 1 Release date,,rumor
"“Umibe no Étranger” Anime Film Release Date, New Visual Poster revealed",,rumor
"New 'Re: Zero' Mobile Game in development, Releases in 2020",,rumor
"'Demon Slayer: Blood-Stench Blade Royale' Mobile Game, 'Kimetsu no Yaiba: Hinokami Kepputan' PS4 debuts Game Trailers",,rumor
"'Demon Slayer: Infinity Train' will reveal a new Trailer, Visual on April 10",,rumor
Mob Psycho 100 Director’s New Original TV Anime Deca-Dence Broadcast Date Revealed,,rumor
"New ""Bleach"" Rumour Confirms Bleach Thousand-Year Blood War Arc Anime Adaptation",,rumor
Bleach Creator Tite Kubo's Burn The Witch Anime Adaptation Announced for October 2020,,rumor
"""Bleach"" Thousand year blood war Anime Announced for 2021 Release",,rumor
BOFURI Collabs With Rising Of The Shield Hero in latest visual,,rumor
Visit Animenewsandfacts for latest anime and manga news updates and for interesting facts about your favorite anime franchise,,rumor
Ukraine: Two Hungarians detained over alleged spy plot,,rumor
China's Xi stands beside Putin at Russia's Victory Day parade,,rumor
Trump no longer demanding Saudis recognize Israel for nuclear deal with US — sources,,rumor
"Exclusive: Under Trump, Saudi civil nuclear talks delinked from Israel recognition, sources say",,rumor
German government denies reports of plan to declare state of emergency to tackle migration,,rumor
'Utterly shameful': Irish MEPs slam EU offer to assist Israel in replacing Gaza aid agencies,,rumor
Summertime saga best,[removed],rumor
"Israeli plan to initially only feed 60% of Gazans, as they endure 'extreme deprivation'",,rumor
Trump Cuts Ties with Netanyahu Amid Deepening Rift over Middle East Strategy - Watan,[removed],rumor
UN appoints Miguel Angel Moratinos special envoy to combat Islamophobia,,rumor
"Panama president says he will not renegotiate security deal with US, despite protests",,rumor
Busco anime!!,[removed],rumor
"Trump 'losing patience' with Netanyahu, advances US plans without Israeli involvement: Report",,rumor
"X Says Modi Government Has Asked It to Block Over 8,000 Accounts in India",[removed],rumor
LEO XIV NAMED FIRST AMERICAN POPE,,rumor
"Germany to reject undocumented migrants at border, interior minister says",,rumor
"Pope Leo XIV: Robert Prevost, from Peru missionary to first Amerіcan pontiff",,rumor
"Pope Leo XIV: Robert Prevost, from Peru missionary to first American pontiff",,rumor
How RSF is adopting Israel’s ‘template for genocide’ in Sudan,,rumor
"Controversial Ukrainian diplomat appointed UN envoy, prompting international criticism",,rumor
German office calls out KMT chair for 'troubling' Nazi comments,,rumor
"The Huge, Under-the-Radar Shift Happening in the West Bank",,rumor
Cardinal Prevost elected Pope Leo XIV,,rumor
Live updates: Conclave elects Cardinal Robert Prevost to be Pope | CNN,,rumor
Live updates: Robert Prevost of the United States is named Pope Leo XIV,,rumor
Robert Prevost has been elected as the new Pope; the first American pope in history,,rumor
Robert Prevost becomes the new Pope; the first American pope in history,,rumor
Turkey moves to silence jailed Erdogan rival by blocking account on X,,rumor
"The next pope may be African—or not. Either way, Africa is at the forefront of today’s Roman Catholic Church.",,rumor
"""Thank God we have China"" - Brazilian President Lula in response to CNN interview about USA tariffs",,rumor
White Smoke Above The Vatican: A New Pope Elected By Conclave,,rumor
"Two-thirds of global heating caused by richest 10%, study suggests","###Paper in Nature Climate Change journal reveals major role wealthy emitters play in driving climate extremes

The world’s wealthiest 10% are responsible for two-thirds of global heating since 1990, driving droughts and heatwaves in the poorest parts of the world, according to a study.

While researchers have previously shown that higher income groups emit disproportionately large amounts of greenhouse gases, the latest survey is the first to try to pin down how that inequality translates into responsibility for climate breakdown. It offers a powerful argument for climate finance and wealth taxes by attempting to give an evidential basis for how many people in the developed world – including more than 50% of full-time employees in the UK – bear a heightened responsibility for the climate disasters affecting people who can least afford it.

“We found that wealthy emitters play a major role in driving climate extremes, which provides strong support for climate policies that target the r",rumor
Habemus Papam,,rumor
Live updates: Conclave elects new Pope | CNN,[removed],rumor
Cardinal conclave selects new pope,,rumor
Live updates: Conclave elects new Pope | CNN,,rumor
Habemus Papam,[removed],rumor
India and Pakistan blame each other for escalating military tensions - live updates,,rumor
"Series: ""India, Pakistan: Kashmir – A History of Genocide, Repression, Resistance, and Nuclear Powers in Six Parts.",[removed],rumor
Merz visits Poland on first day as new German chancellor,"Germany’s new chancellor, Friedrich Merz, has visited Poland on his first full day in office for talks with Polish Prime Minister Donald Tusk, who declared a “new beginning in Polish-German relations”.

The pair discussed bolstering security (including extending the presence of German Patriot missiles in Poland) and preventing illegal immigration, as well as war reparations (with both suggesting the issue is closed) and infrastructure investment (especially plans to launch high-speed rail connections between Poland and Germany).



Merz arrived in Warsaw on Wednesday afternoon, making Poland the second country he has visited as chancellor after going to Paris for talks with Emmanuel Macron earlier in the day.

Speaking alongside his German counterpart, Tusk said that, “as a veteran of Polish-German-French work, I am convinced that the future of Europe really depends to a large extent on how this Weimar Triangle will work”, referring to the [formal name of the alliance between the three",rumor
Aid group shuts down its soup kitchens across Gaza because of Israel's blockade,,rumor
"In Milei's Argentina 'economic miracle', not everyone's a winner",,rumor
Zelenskyy urges U.S. to revoke visas for lawmakers who oppose mineral deal,[removed],rumor
"Bank of England cuts rates, surprise vote split sends pound, yields higher",,rumor
Russia building major new explosives facility as Ukraine war drags on,,rumor
Waltz angered Trump over conversations with Israel,,rumor
Ukraine's parliament unanimously ratifies minerals deal,,rumor
India neutralised Pakistan's Chinese-made HQ-9 air defence system: Ministry of Defence,,rumor
Syria holds indirect talks with Israel to prevent escalation,,rumor
Syria holds indirect talks with Israel to prevent escalation | Africanews,[deleted],rumor
ICJ dismisses Sudan’s genocide case alleging UAE backing of RSF rebels,,rumor
Top UN court dismisses Sudan’s genocide case against UAE | CNN,,rumor
"More explosions rock Port Sudan, army says it intercepted drones |",,rumor
EU Parliament votes to freeze Palestinian funding over incitement in textbooks,,rumor
"Video: LeT terrorist, Pak army attend funeral after India's strike on terror camps",[removed],rumor
Xi Jinping arrives in Moscow as Putin’s ‘guest of honor’ ahead of Victory Day military parade,,rumor
North Korea fires short-range missiles possibly in performance test for export,,rumor
Canada's foreign minister says they have been 'over reliant on the US for too long',,rumor
Netherlands urges review of EU-Israel trade deal over ‘catastrophic’ Gaza aid block,,rumor
[MEGATHREAD] 2025 India–Pakistan standoff,[removed],rumor
"""In Gaza, whoever doesn't die by bombing, wastes away from hunger… as if death is an inescapable fate—whether by the sound of bombs or the silence of starvation.""",,rumor
"US, Israel discuss possible US-led administration for Gaza, sources say",,rumor
Israeli minister says 'Gaza will be entirely destroyed',,rumor
French official says Pakistan downed Rafale jet as officials examine possible further losses,,rumor
Lammy confirms UK and France in talks over Palestine recognition,,rumor
"NHS worker likened to Darth Vader awarded £29,000 at tribunal",,rumor
How Israel’s ‘plan’ for Gaza could turbocharge ethnic cleansing,,rumor
"Pro-Palestinian protesters cause $1M in damage to UW engineering building, equipment",,rumor
Second fighter jet lost in Red Sea after going overboard during landing,,rumor
Who will be the next pope? Key candidates in an unpredictable process,,rumor
Operation Sindoor: Pakistan shuts airspace for 48 hours; several Asian airlines avoid route after military missile strikes targeting nine terrorist locations in Pakistan and Pakistan-occupied Kashmir,,rumor
"Pakistan leader vows to avenge India's ""act of war"" after missile strikes",,rumor
"Pakistan claims to have downed Indian warplanes, vows response to strikes",[removed],rumor
Deadly Syria clashes continue for second day outside Damascus,,rumor
"Trump plans to announce that the US will call the Persian Gulf the Arabian Gulf, officials say.",,rumor
Bilateral tension: India reduces the flow of a river supplying Pakistan by 90%,,rumor
"India launches Operation Sindoor, exchanges heavy fire with Pakistan",,rumor
India Launches Missile Strikes Into Pakistan—Islamabad Calls It ‘Act Of War’,,rumor
"Live updates: India's ""Operation Sindoor"" strikes hit Pakistan, Pakistan says it has shot down jets",,rumor
"Live updates: India's ""Operation Sindoor"" strikes hit Pakistan, Pakistan says it has shot down jets",[removed],rumor
"India launches strikes deep inside Pakistan and Pakistan claims 5 Indian jets shot down, in major escalation",,rumor
"India launches strikes deep inside Pakistan and Pakistan claims 5 Indian jets shot down, in major escalation",[removed],rumor
"India launches ‘Operation Sindoor’, missiles hit several sites in Pakistan",[removed],rumor
"India launches strikes deep inside Pakistan and Pakistan claims Indian jets shot down, in major escalation",,rumor
"India launches strikes deep inside Pakistan and Pakistan claims Indian jets shot down, in major escalation",[removed],rumor
India-Pakistan crisis: what we know so far | missile strikes on Pakistan and Pakistan-controlled Kashmir mark dramatic escalation in long-simmering conflict,,rumor
India-Pakistan crisis: what we know so far | missile strikes on Pakistan and Pakistan-controlled Kashmir mark dramatic escalation in long-simmering conflict,[removed],rumor
"Vent (Mega Man ZX, ref included)",,rumor
doodle,,rumor
My aketch of the Arena,[deleted],rumor
"sketch shanks, made by me",,rumor
Hi! I'm still learning digital art this is a drawing of Teto i made i’d love any feedback,,rumor
Hi! I'm still learning digital art this is a drawing of Teto i made i’d love any feedback,[removed],rumor
Looks better then I thought,,rumor
No comment ✋😗🤚,,rumor
Arona from blue archive,[removed],rumor
Yinlin rkgk,,rumor
Tried to make a small animation,"It was my first time, and I didn't exactly know how to link up frames, but I tried",rumor
recent practice doodles,learning to draw pretty lashes,rumor
Random OCs,[deleted],rumor
Random OCs,[removed],rumor
My first try on sketching anime,"I don't sketch allot, and I usually copy other people's work. Since I have a daughter she asked me to draw with her and I copied this sketch from the internet. 

I like to sketch, but I cannot sketch without seeing another work :(

I hope you like it and you can provide some feedback",rumor
Raphtalia &amp; Filo,[removed],rumor
ede,[removed],rumor
Just a sketch from ref,,rumor
Morrigan Aensland,Had a blast painting this one! I've loved her design ever since she was my main when I played Marvel vs. Capcom at the arcade as a kid. She’s such an iconic character!,rumor
Drew : Luffy GEAR5,~ just an random fre-hnad drawing ,rumor
"The Sandworm and thhe Beduine, my new drawing 17.05.25, SeN Art",[removed],rumor
"I drew ""the"" dress.",[removed],rumor
Most recent art of this char vs oldest,,rumor
Never offer dwarven ale to an elven girl,"Young elven girls love dwarven ale for its unique taste, but they simply cannot handle it. Just a few sips, and they become chatty and bothersome—so much that you'll regret knowing them.  ",rumor
My attempt at a Nurarihyon from Monster Girl Encyclopedia,,rumor
something (NSFW!!),[deleted],rumor
"Aile (Mega Man ZX, ref included)",,rumor
Tech-Adepts of the Adeptus Mechanicus - WH40K,"Her: a Skitarii Vanguard  
Him: a Tech-Priest",rumor
Atena Saotome,[removed],rumor
Hakari art,,rumor
Guess the character without going to the next image ..!!,[deleted],rumor
Makima doodle ( by me),[removed],rumor
So maybe I like anime elfs,,rumor
Makima art I drew,[removed],rumor
An odd couple of mercenaries,"Guys, sorry if I messed up posting today, but it was my first time and I got a bit lost. Now I've got the hang of it, I promise I won't mess it up again! u\_u",rumor
An odd couple of mercenaries,"No more spam for today, I promise! u\_u",rumor
Adepta Soror - Warhammer 40K,,rumor
"The elf of the party, every time you're about to leave the dungeon","I'll try again! If I made a mistake, I sincerely apologize.",rumor
🖌️ Hello r/AnimeSketch ! Sharing My New YouTube Channel – SS Draw Simple (Easy Anime Drawing Tutorials) 🎥,[removed],rumor
"The elf of the party, every time you're about to leave the dungeon","First drawing I'm publishing, I hope I didn't mess anything up.
",rumor
"Drew her for mermay, colors are inspired by a sea slug",[deleted],rumor
Dandadadadan,Sketch for today,rumor
OC piece,,rumor
"Otacon (Metal Gear Solid, ref included)",,rumor
"I scanned in and colored, fun doodles c:",,rumor
Haruhara Haruko // FLCL fanart,,rumor
"Hi everyone! I’m CKNoSekai, an aspiring mangaka sharing my anime-style art journey 🎨✨",[removed],rumor
Baseball throwing animation practice [OC],[deleted],rumor
Baseball throwing animation practice,[deleted],rumor
“Holly Holly” by me !!,[deleted],rumor
Frieren,,rumor
Sakura fanart Naruto,,rumor
Random OC,,rumor
Practice,,rumor
"Raiden (Metal Gear Solid 2, ref included)",,rumor
A lazy art of mine,,rumor
summer,"the background took a while to do, turned out pretty  good i think",rumor
Loomis method,[removed],rumor
Hatsune Miku (ref included),,rumor
Nami (OP),,rumor
Some panels from my webtoon story,[deleted],rumor
ITACHI UCHIHA,[deleted],rumor
it finishes me first🥔,[deleted],rumor
Custom stamps 🌸,[deleted],rumor
morning doodles,,rumor
Hagino Senkouji,[removed],rumor
Animated comm,[deleted],rumor
Basketball,,rumor
Aisha Clanclan - Outlaw Star fanart,,rumor
Freedom (OC: Houmin - 2023),I was searching through old folders and remembered this drawing.,rumor
Tried making my first OC,[deleted],rumor
Pretty new to drawing. Tried making my first OC in a manga style,[deleted],rumor
Amphibian girl oc,[deleted],rumor
Little Devil ~,[removed],rumor
Shikamaru Nara (ref included),,rumor
Xiao yu by Axeilden,[deleted],rumor
"OC ""Cassia"" - Fountain ink and alcohol markers",,rumor
.,[removed],rumor
1 Week Progression,[deleted],rumor
Tatsumaki,[deleted],rumor
Perfect cell,[deleted],rumor
Quick sketch,,rumor
Me when gojo,[deleted],rumor
Erza Fanart,[removed],rumor
Happy Mothers' Day! Let's celebrate it with ONEverse's best mommy,,rumor
Illumi Zoldyck fanart Hunter x Hunter,,rumor
"Tonight's character creation... ""Jewel Jo May""",,rumor
double trouble,,rumor
[R]KGK - Valch,[removed],rumor
Teen Titans Jinx,,rumor
What do you guys think,[deleted],rumor
Original Character,[removed],rumor
Todays Drawing without using a reference,,rumor
Spicy No Reference Sketching,,rumor
webhook,,rumor
Winning since day 1,,rumor
The artist is a cultured man.,,rumor
"""What in Neptune’s name is a Spirit Bomb?""",,rumor
That’s so real,,rumor
Literal,,rumor
It’s better to feel the breeze,[deleted],rumor
The type of game I assume a typical subscriber of this sub would enjoy.,,rumor
Google tweaking,I saved this from my other post because it didn’t allow me to post memes,rumor
Who would be your wife base on your birth month,,rumor
The Promise Neverland's Downfall,,rumor
This is how I picture a typical subscriber of this sub.,,rumor
Which tailed beast is your favorite and why?,[deleted],rumor
Totally the same conversation,[deleted],rumor
Is that right,[deleted],rumor
Anyone wanna try ?,Attack on titan in my pants . Anyone wanna attack that colossal titan ?,rumor
Literally Satan,,rumor
This make sense lol,,rumor
Lmao,[deleted],rumor
Who is your favorite introverted anime character?,[deleted],rumor
What jutsu do you think made power creep get out of hand?,[deleted],rumor
Got my MOMMY in NTE's new PV,NTE plzzzzzzzz tell me who is she???? Cannot wait anymore!!!!!!!,rumor
Challenge your eyes! How many melons can you see in this pic?,,rumor
"What is your preference, left or right?",[deleted],rumor
A NeverEnding Dream,[deleted],rumor
Evolution of taste throughout life... What level are you at?,,rumor
What's your Favourite Fight in Anime?,[deleted],rumor
What do you think about this evolution?,[deleted],rumor
HUH,,rumor
2 sides of the coin,,rumor
In the end she became frieren the grandma,,rumor
This is so messed up,,rumor
Anyone else seeing it of is it just me?,,rumor
training regime looking kinda different in the live action...,[removed],rumor
Your birthmonth character = One night stand!,[deleted],rumor
Normal or vegan milk?,[deleted],rumor
I produttori di Attack on Titan,[deleted],rumor
Is This a JoJo reference??,"&amp;#x200B;

https://preview.redd.it/1hq83ioiylo61.jpg?width=1280&amp;format=pjpg&amp;auto=webp&amp;s=8fe46343f6c7c37c609ed392c9f259d9a0f460f7",rumor
43 membri yeeee,Lelouch VI Britannia vi ordina condividete il subreddit con altra gente che ora come ora fa davvero schifo e c'è un post ogni 2 mesi.,rumor
Grosso problema,Mi sono accorto dopo 2 mesi che la foto del gruppo è ancora quella di natale rip,rumor
Non so dove postarlo,,rumor
Asta prima vs asta dopo,,rumor
Misato best gir,,rumor
Repost da r/animemes post originale di u/APickledGherkin,,rumor
Tecnicamente non anime ma c'è anche un anime quindi lo posto,,rumor
(OC) un'animeme in italiano,,rumor
Hideiki anno ha detto che Misato é basata su sailor moon,,rumor
Ciro gets pranked,,rumor
F per il pipistrello,,rumor
"Nuova pic del subreddit, rigorosamente rubata a qualcuno che non so neanche chi sia e senza a dargli i diritti e quindi potrei benissimo essere denunciato ma va bene così",,rumor
È la verità e non puoi non dirlo,,rumor
Speciale 30 membri,Ormai faccio uno speciale a caso ogni volta che si aggiunge un membro ma va bene comunque. Almeno adesso è un numero tondo.,rumor
Aiutatemi,,rumor
Ridere,,rumor
Il mio nome è kira yoshikage e odio i numeri dispari,[deleted],rumor
Iunnaited sttettos ov semashhhhhh,,rumor
NARUTO FORMA DEUS PELA PRIMEIRA VEZ USA O SUSANOO - BORUTO,,rumor
E chi non lo ha mai fatto,,rumor
E chi non lo ha mai fatto,[deleted],rumor
É importante,,rumor
27 membri,Avevo semplicemente voglia di postare qualcosa,rumor
Per chi ha visto gleipnir,,rumor
Oh mukatte kuro no ka?,,rumor
i see no difference,,rumor
20 membri,"Oggi abbiamo raggiunto 20 membri, una cifra grandissimissima (anche troppo), vi ringrazio tutti per il supporto.",rumor
È bello questo subreddit. Perchè è cosí vuoto?,,rumor
Ogni JoJo fan. [ Uzaki ],,rumor
Best Anime quote,,rumor
È diversissima,,rumor
Urla troppo,,rumor
Chidori,,rumor
Verissimo,,rumor
Modestia,,rumor
Netflix non sa fare gli adattamenti,,rumor
20/05/2020,Oggi è stato fondato questo subreddit.,rumor
r/AnimemesIta Lounge,[deleted],rumor
